transaction_id,user_id,amount,merchant,location,device_id,timestamp,hour,previous_transactions,is_new_device,distance_from_previous,is_night,is_high_amount,is_large_distance,is_low_history,is_fraud
TXN000001,USER01127,299.25,Netflix,Mumbai,DEVICE_A,2026-11-16 15:45:00,15,0,0,7.96,0,0,0,1,0
TXN000002,USER01460,5593.88,Walmart,Delhi,DEVICE_E,2026-01-14 03:19:00,3,19,1,18.2,1,0,0,0,0
TXN000003,USER00861,316.1,Paytm,Hyderabad,DEVICE_E,2026-03-04 13:38:00,13,27,0,25.14,0,0,0,0,0
TXN000004,USER01295,618.31,Swiggy,Ahmedabad,DEVICE_E,2026-05-27 23:57:00,23,30,0,28.16,0,0,0,0,0
TXN000005,USER01131,1076.71,Uber,Ahmedabad,DEVICE_A,2026-12-22 12:51:00,12,23,0,10.07,0,0,0,0,0
TXN000006,USER01096,168.32,Amazon,Ahmedabad,DEVICE_C,2026-01-31 16:40:00,16,44,0,45.81,0,0,0,0,0
TXN000007,USER01725,2223.55,Zomato,Hyderabad,DEVICE_A,2026-07-26 11:07:00,11,6,1,56.87,0,0,0,0,0
TXN000008,USER01045,583.68,Flipkart,Bangalore,DEVICE_E,2026-11-07 13:49:00,13,1,0,4.36,0,0,0,1,0
TXN000009,USER01639,437.84,Netflix,Hyderabad,DEVICE_C,2026-07-27 01:55:00,1,8,0,48.44,1,0,0,0,1
TXN000010,USER00122,2519.84,Myntra,Chennai,DEVICE_C,2026-09-17 15:51:00,15,18,0,24.94,0,0,0,0,0
TXN000011,USER00467,329.55,Zomato,Mumbai,DEVICE_B,2026-11-05 12:36:00,12,40,1,43.81,0,0,0,0,0
TXN000012,USER01239,1640.69,Flipkart,Mumbai,DEVICE_D,2026-08-24 00:49:00,0,48,0,11.06,1,0,0,0,0
TXN000013,USER00331,1120.13,Myntra,Chennai,DEVICE_E,2026-12-23 19:04:00,19,24,0,21.65,0,0,0,0,0
TXN000014,USER01483,1154.66,Netflix,Kolkata,DEVICE_D,2026-01-18 11:56:00,11,22,0,5.37,0,0,0,0,0
TXN000015,USER00088,1042.36,Paytm,Hyderabad,DEVICE_B,2026-01-29 02:14:00,2,49,0,27.81,1,0,0,0,0
TXN000016,USER01397,1231.2,Uber,Pune,DEVICE_D,2026-07-06 04:15:00,4,9,0,17.43,1,0,0,0,0
TXN000017,USER01124,141.26,Walmart,Delhi,DEVICE_E,2026-05-14 08:27:00,8,22,0,13.11,0,0,0,0,0
TXN000018,USER00872,499.29,Walmart,Ahmedabad,DEVICE_B,2026-01-19 02:49:00,2,32,0,23.6,1,0,0,0,0
TXN000019,USER01688,482.06,Paytm,Hyderabad,DEVICE_D,2026-09-09 22:21:00,22,42,0,16.07,0,0,0,0,0
TXN000020,USER00131,2971.32,Zomato,Mumbai,DEVICE_A,2026-06-22 12:04:00,12,18,0,28.99,0,0,0,0,0
TXN000021,USER01686,1264.91,Paytm,Delhi,DEVICE_C,2026-12-06 09:39:00,9,33,1,39.1,0,0,0,0,0
TXN000022,USER01333,1107.89,Paytm,Pune,DEVICE_B,2026-06-04 12:05:00,12,36,0,32.25,0,0,0,0,0
TXN000023,USER00770,5825.92,Flipkart,Kolkata,DEVICE_A,2026-11-12 06:06:00,6,2,0,7.35,0,0,0,0,0
TXN000024,USER00344,177.32,Flipkart,Bangalore,DEVICE_E,2026-04-13 02:21:00,2,44,0,74.69,1,0,0,0,0
TXN000025,USER01516,3916.82,Netflix,Bangalore,DEVICE_C,2026-07-01 14:50:00,14,6,1,20.98,0,0,0,0,0
TXN000026,USER01438,1108.34,Uber,Pune,DEVICE_B,2026-06-17 06:09:00,6,42,0,7.82,0,0,0,0,0
TXN000027,USER00806,555.77,Flipkart,Hyderabad,DEVICE_C,2026-08-15 20:25:00,20,48,0,0.87,0,0,0,0,0
TXN000028,USER00386,678.01,Netflix,Hyderabad,DEVICE_B,2026-02-13 22:13:00,22,0,0,88.62,0,0,0,1,0
TXN000029,USER01216,700.4,Swiggy,Delhi,DEVICE_B,2026-09-29 01:13:00,1,35,1,18.28,1,0,0,0,0
TXN000030,USER00956,4230.48,Paytm,Delhi,DEVICE_D,2026-06-28 08:15:00,8,0,0,5.16,0,0,0,1,0
TXN000031,USER00277,1360.04,Paytm,Kolkata,DEVICE_C,2026-01-22 15:51:00,15,40,0,13.51,0,0,0,0,0
TXN000032,USER01185,2034.11,Zomato,Hyderabad,DEVICE_C,2026-08-22 03:12:00,3,29,0,10.13,1,0,0,0,0
TXN000033,USER00460,562.31,Swiggy,Mumbai,DEVICE_A,2026-11-09 16:57:00,16,49,0,60.47,0,0,0,0,0
TXN000034,USER01338,1212.03,Zomato,Bangalore,DEVICE_E,2026-07-06 04:22:00,4,31,0,13.57,1,0,0,0,0
TXN000035,USER00022,2485.84,Myntra,Kolkata,DEVICE_A,2026-12-16 10:31:00,10,48,0,13.26,0,0,0,0,0
TXN000036,USER00253,3021.62,Netflix,Ahmedabad,DEVICE_D,2026-11-09 07:38:00,7,18,0,31.66,0,0,0,0,0
TXN000037,USER00748,328.4,Netflix,Delhi,DEVICE_B,2026-02-11 00:11:00,0,46,0,9.92,1,0,0,0,0
TXN000038,USER00857,2270.41,Paytm,Ahmedabad,DEVICE_D,2026-11-06 06:59:00,6,9,0,4.38,0,0,0,0,0
TXN000039,USER01585,961.72,Apple,Mumbai,DEVICE_D,2026-07-31 23:49:00,23,43,1,29.25,0,0,0,0,0
TXN000040,USER00475,1523.61,Myntra,Hyderabad,DEVICE_A,2026-03-07 20:17:00,20,47,0,48.18,0,0,0,0,0
TXN000041,USER01083,681.84,Netflix,Chennai,DEVICE_B,2026-02-04 21:29:00,21,43,0,0.94,0,0,0,0,0
TXN000042,USER00511,4329.6,Flipkart,Delhi,DEVICE_E,2026-04-10 13:56:00,13,32,0,39.31,0,0,0,0,0
TXN000043,USER01706,1385.98,Paytm,Kolkata,DEVICE_D,2026-10-09 02:49:00,2,44,0,11.52,1,0,0,0,0
TXN000044,USER01500,646.0,Zomato,Chennai,DEVICE_E,2026-11-01 11:38:00,11,3,0,6.83,0,0,0,0,0
TXN000045,USER00700,706.25,Swiggy,Mumbai,DEVICE_B,2026-02-11 13:30:00,13,19,0,0.8,0,0,0,0,0
TXN000046,USER00976,2376.7,Zomato,Ahmedabad,DEVICE_B,2026-07-09 20:14:00,20,43,0,4.6,0,0,0,0,0
TXN000047,USER01807,2099.33,Walmart,Pune,DEVICE_A,2026-09-03 03:53:00,3,14,0,8.1,1,0,0,0,0
TXN000048,USER00190,1179.11,Apple,Bangalore,DEVICE_C,2026-10-12 06:02:00,6,40,0,1.47,0,0,0,0,0
TXN000049,USER00958,774.23,Netflix,Pune,DEVICE_A,2026-02-26 01:41:00,1,29,0,4.18,1,0,0,0,0
TXN000050,USER00687,2590.52,Uber,Pune,DEVICE_E,2026-02-10 17:56:00,17,6,0,26.7,0,0,0,0,0
TXN000051,USER00958,682.97,Amazon,Pune,DEVICE_A,2026-06-10 07:05:00,7,37,0,23.22,0,0,0,0,0
TXN000052,USER00563,652.74,Apple,Mumbai,DEVICE_B,2026-08-01 21:27:00,21,40,0,29.38,0,0,0,0,0
TXN000053,USER01900,10651.7,Paytm,Bangalore,DEVICE_D,2026-07-17 04:58:00,4,17,0,3.61,1,1,0,0,0
TXN000054,USER01591,1541.99,Netflix,Mumbai,DEVICE_C,2026-12-06 09:54:00,9,29,0,0.88,0,0,0,0,0
TXN000055,USER01268,1018.41,Swiggy,Pune,DEVICE_B,2026-03-24 12:54:00,12,7,0,12.64,0,0,0,0,0
TXN000056,USER00832,735.17,Netflix,Delhi,DEVICE_D,2026-04-17 06:19:00,6,20,0,8.39,0,0,0,0,0
TXN000057,USER01529,907.56,Amazon,Pune,DEVICE_E,2026-05-24 17:56:00,17,49,0,29.99,0,0,0,0,0
TXN000058,USER01155,3371.38,Swiggy,Delhi,DEVICE_E,2026-01-13 09:24:00,9,44,0,15.48,0,0,0,0,0
TXN000059,USER01509,2311.66,Zomato,Kolkata,DEVICE_E,2026-09-12 01:09:00,1,6,0,53.53,1,0,0,0,0
TXN000060,USER01843,611.53,Swiggy,Pune,DEVICE_A,2026-12-06 15:39:00,15,43,0,1.26,0,0,0,0,0
TXN000061,USER00647,814.81,Apple,Chennai,DEVICE_E,2026-06-15 22:28:00,22,4,0,9.04,0,0,0,0,0
TXN000062,USER00021,335.66,Zomato,Mumbai,DEVICE_E,2026-06-14 15:26:00,15,31,0,10.39,0,0,0,0,0
TXN000063,USER00841,1389.74,Netflix,Pune,DEVICE_A,2026-11-14 16:40:00,16,15,0,2.69,0,0,0,0,0
TXN000064,USER00167,30.85,Paytm,Mumbai,DEVICE_D,2026-03-26 00:26:00,0,39,0,17.49,1,0,0,0,0
TXN000065,USER01298,273.97,Myntra,Ahmedabad,DEVICE_B,2026-12-13 06:12:00,6,25,0,0.82,0,0,0,0,0
TXN000066,USER00388,1191.62,Paytm,Pune,DEVICE_C,2026-07-11 01:52:00,1,26,0,24.95,1,0,0,0,0
TXN000067,USER00601,103.33,Netflix,Chennai,DEVICE_E,2026-09-19 09:54:00,9,38,0,0.76,0,0,0,0,1
TXN000068,USER00316,8567.82,Amazon,Pune,DEVICE_E,2026-04-25 12:55:00,12,27,0,41.35,0,0,0,0,0
TXN000069,USER00014,493.74,Myntra,Hyderabad,DEVICE_E,2026-12-27 08:24:00,8,32,0,1.34,0,0,0,0,0
TXN000070,USER00242,1694.96,Netflix,Kolkata,DEVICE_A,2026-02-15 09:01:00,9,1,0,12.19,0,0,0,1,0
TXN000071,USER00777,3432.37,Uber,Ahmedabad,DEVICE_A,2026-01-08 16:25:00,16,40,1,3.38,0,0,0,0,0
TXN000072,USER01370,1396.47,Apple,Mumbai,DEVICE_A,2026-11-24 05:02:00,5,14,0,2.86,1,0,0,0,0
TXN000073,USER00565,1091.59,Uber,Ahmedabad,DEVICE_C,2026-02-15 03:27:00,3,38,0,25.55,1,0,0,0,0
TXN000074,USER00898,657.87,Zomato,Kolkata,DEVICE_B,2026-05-12 16:02:00,16,6,0,29.77,0,0,0,0,0
TXN000075,USER01364,334.87,Walmart,Mumbai,DEVICE_E,2026-02-06 11:10:00,11,19,0,26.88,0,0,0,0,0
TXN000076,USER00092,714.76,Netflix,Mumbai,DEVICE_D,2026-11-26 18:01:00,18,12,0,10.35,0,0,0,0,0
TXN000077,USER01391,1203.19,Flipkart,Hyderabad,DEVICE_E,2026-10-16 05:43:00,5,31,0,93.74,1,0,0,0,1
TXN000078,USER00956,1071.32,Flipkart,Pune,DEVICE_E,2026-01-12 06:42:00,6,28,1,8.31,0,0,0,0,1
TXN000079,USER01479,464.32,Swiggy,Delhi,DEVICE_E,2026-10-20 10:36:00,10,3,0,5.63,0,0,0,0,0
TXN000080,USER01452,2855.77,Paytm,Kolkata,DEVICE_E,2026-04-08 04:49:00,4,18,0,113.13,1,0,0,0,0
TXN000081,USER00509,302.63,Paytm,Chennai,DEVICE_B,2026-10-15 03:20:00,3,9,0,75.69,1,0,0,0,0
TXN000082,USER00776,1873.23,Paytm,Kolkata,DEVICE_D,2026-11-06 04:57:00,4,35,0,17.92,1,0,0,0,0
TXN000083,USER01967,2358.15,Uber,Pune,DEVICE_A,2026-07-31 13:13:00,13,11,0,4.69,0,0,0,0,0
TXN000084,USER00035,1358.61,Apple,Hyderabad,DEVICE_D,2026-09-25 04:33:00,4,21,0,5.45,1,0,0,0,0
TXN000085,USER00206,4902.49,Netflix,Bangalore,DEVICE_E,2026-08-21 20:38:00,20,26,0,14.72,0,0,0,0,0
TXN000086,USER01105,1579.74,Amazon,Ahmedabad,DEVICE_D,2026-04-07 04:48:00,4,34,1,29.93,1,0,0,0,0
TXN000087,USER01956,3792.91,Swiggy,Bangalore,DEVICE_E,2026-08-25 12:27:00,12,39,0,1.61,0,0,0,0,0
TXN000088,USER01586,99.47,Zomato,Hyderabad,DEVICE_D,2026-11-25 21:56:00,21,16,0,23.27,0,0,0,0,0
TXN000089,USER01896,2550.76,Myntra,Ahmedabad,DEVICE_C,2026-11-12 15:23:00,15,5,0,2.18,0,0,0,0,0
TXN000090,USER01412,1857.73,Zomato,Pune,DEVICE_D,2026-11-16 20:40:00,20,44,0,37.17,0,0,0,0,0
TXN000091,USER01026,1774.67,Netflix,Hyderabad,DEVICE_A,2026-07-27 06:48:00,6,49,0,15.19,0,0,0,0,0
TXN000092,USER01022,1911.16,Walmart,Delhi,DEVICE_A,2026-05-21 14:37:00,14,47,0,91.5,0,0,0,0,0
TXN000093,USER01414,711.23,Paytm,Kolkata,DEVICE_D,2026-04-09 12:30:00,12,42,0,27.97,0,0,0,0,0
TXN000094,USER00566,2171.1,Myntra,Pune,DEVICE_D,2026-02-15 18:00:00,18,13,1,13.75,0,0,0,0,0
TXN000095,USER01130,5449.31,Uber,Ahmedabad,DEVICE_B,2026-10-26 17:16:00,17,32,0,3.04,0,0,0,0,0
TXN000096,USER01796,202.34,Netflix,Kolkata,DEVICE_D,2026-08-23 01:15:00,1,43,0,15.64,1,0,0,0,0
TXN000097,USER01846,3200.14,Walmart,Bangalore,DEVICE_A,2026-01-31 15:59:00,15,27,0,2.43,0,0,0,0,0
TXN000098,USER01501,976.59,Uber,Pune,DEVICE_C,2026-04-16 21:24:00,21,37,0,47.11,0,0,0,0,0
TXN000099,USER00703,605.7,Walmart,Chennai,DEVICE_A,2026-05-23 17:53:00,17,6,0,5.23,0,0,0,0,0
TXN000100,USER00402,368.89,Paytm,Kolkata,DEVICE_B,2026-12-08 01:58:00,1,10,0,40.1,1,0,0,0,0
TXN000101,USER00730,1543.56,Uber,Mumbai,DEVICE_D,2026-09-29 17:54:00,17,32,0,7.25,0,0,0,0,0
TXN000102,USER01580,4556.44,Apple,Ahmedabad,DEVICE_C,2026-04-10 14:26:00,14,2,0,5.02,0,0,0,0,0
TXN000103,USER00162,772.76,Flipkart,Mumbai,DEVICE_A,2026-05-09 07:51:00,7,21,0,7.25,0,0,0,0,0
TXN000104,USER00202,1998.23,Zomato,Delhi,DEVICE_C,2026-05-26 01:39:00,1,12,0,24.59,1,0,0,0,0
TXN000105,USER01982,1086.33,Apple,Ahmedabad,DEVICE_E,2026-10-15 11:11:00,11,28,0,14.9,0,0,0,0,0
TXN000106,USER00996,249.85,Myntra,Pune,DEVICE_A,2026-10-31 16:02:00,16,5,0,2.27,0,0,0,0,0
TXN000107,USER00270,933.18,Swiggy,Ahmedabad,DEVICE_E,2026-12-30 01:14:00,1,41,0,2.95,1,0,0,0,0
TXN000108,USER01887,602.92,Flipkart,Delhi,DEVICE_C,2026-12-30 17:30:00,17,38,0,9.51,0,0,0,0,0
TXN000109,USER00816,440.48,Apple,Ahmedabad,DEVICE_D,2026-12-26 17:02:00,17,42,0,8.27,0,0,0,0,0
TXN000110,USER01295,744.49,Netflix,Pune,DEVICE_D,2026-02-12 21:22:00,21,27,0,38.18,0,0,0,0,0
TXN000111,USER00456,823.43,Walmart,Bangalore,DEVICE_D,2026-11-13 01:08:00,1,14,0,16.98,1,0,0,0,0
TXN000112,USER01486,2713.27,Myntra,Chennai,DEVICE_E,2026-10-31 12:44:00,12,23,0,4.13,0,0,0,0,0
TXN000113,USER01751,1120.15,Netflix,Chennai,DEVICE_D,2026-03-25 22:43:00,22,42,0,0.58,0,0,0,0,0
TXN000114,USER01276,309.71,Flipkart,Hyderabad,DEVICE_B,2026-02-03 01:52:00,1,49,0,2.16,1,0,0,0,0
TXN000115,USER01017,3248.41,Walmart,Delhi,DEVICE_A,2026-11-19 15:30:00,15,25,0,24.11,0,0,0,0,0
TXN000116,USER01726,1550.91,Myntra,Pune,DEVICE_A,2026-07-20 01:11:00,1,0,0,37.56,1,0,0,1,0
TXN000117,USER00296,1412.09,Swiggy,Kolkata,DEVICE_C,2026-06-20 23:15:00,23,25,0,30.51,0,0,0,0,0
TXN000118,USER01749,2407.09,Flipkart,Mumbai,DEVICE_E,2026-05-31 08:02:00,8,45,0,31.2,0,0,0,0,0
TXN000119,USER00720,1075.52,Myntra,Kolkata,DEVICE_A,2026-10-20 21:39:00,21,30,0,6.05,0,0,0,0,0
TXN000120,USER01773,676.71,Apple,Mumbai,DEVICE_E,2026-10-15 21:04:00,21,22,1,90.35,0,0,0,0,0
TXN000121,USER00338,1498.04,Myntra,Bangalore,DEVICE_C,2026-11-06 04:28:00,4,31,0,1.81,1,0,0,0,0
TXN000122,USER00879,1921.07,Flipkart,Mumbai,DEVICE_D,2026-03-25 08:05:00,8,43,0,34.42,0,0,0,0,0
TXN000123,USER01077,1545.78,Paytm,Kolkata,DEVICE_C,2026-10-24 02:00:00,2,0,1,2.04,1,0,0,1,0
TXN000124,USER00792,2275.41,Apple,Ahmedabad,DEVICE_B,2026-12-10 03:13:00,3,17,0,6.23,1,0,0,0,0
TXN000125,USER01946,1200.4,Netflix,Kolkata,DEVICE_D,2026-05-29 05:07:00,5,16,0,13.68,1,0,0,0,0
TXN000126,USER00217,447.63,Flipkart,Chennai,DEVICE_D,2026-10-18 20:12:00,20,45,1,1.1,0,0,0,0,0
TXN000127,USER00764,622.5,Paytm,Pune,DEVICE_D,2026-03-12 07:23:00,7,43,0,10.02,0,0,0,0,0
TXN000128,USER00188,3771.95,Amazon,Chennai,DEVICE_C,2026-06-08 12:26:00,12,27,0,8.62,0,0,0,0,0
TXN000129,USER00380,1129.42,Swiggy,Delhi,DEVICE_B,2026-07-30 04:15:00,4,0,0,20.84,1,0,0,1,0
TXN000130,USER00493,397.52,Paytm,Ahmedabad,DEVICE_E,2026-03-10 06:08:00,6,35,0,25.32,0,0,0,0,0
TXN000131,USER01065,365.16,Amazon,Kolkata,DEVICE_C,2026-02-21 04:38:00,4,4,0,1.9,1,0,0,0,0
TXN000132,USER01181,328.63,Zomato,Ahmedabad,DEVICE_A,2026-02-24 23:28:00,23,4,0,0.78,0,0,0,0,0
TXN000133,USER00015,2301.85,Walmart,Ahmedabad,DEVICE_A,2026-03-07 14:36:00,14,1,0,29.91,0,0,0,1,1
TXN000134,USER01837,1449.23,Paytm,Pune,DEVICE_C,2026-06-23 04:23:00,4,10,0,15.02,1,0,0,0,0
TXN000135,USER00065,5769.03,Uber,Bangalore,DEVICE_E,2026-03-11 19:11:00,19,34,0,15.3,0,0,0,0,0
TXN000136,USER01881,1841.86,Swiggy,Mumbai,DEVICE_A,2026-03-20 10:42:00,10,29,0,78.97,0,0,0,0,0
TXN000137,USER01863,1944.31,Paytm,Delhi,DEVICE_E,2026-03-30 21:33:00,21,31,0,11.52,0,0,0,0,0
TXN000138,USER00521,6573.89,Amazon,Hyderabad,DEVICE_D,2026-11-05 15:41:00,15,7,0,4.37,0,0,0,0,0
TXN000139,USER01368,458.56,Uber,Ahmedabad,DEVICE_C,2026-07-26 13:08:00,13,1,0,22.83,0,0,0,1,0
TXN000140,USER01153,284.23,Swiggy,Hyderabad,DEVICE_D,2026-11-30 18:26:00,18,35,0,33.82,0,0,0,0,0
TXN000141,USER00648,1803.71,Uber,Pune,DEVICE_A,2026-06-18 20:26:00,20,38,0,13.96,0,0,0,0,0
TXN000142,USER01496,880.37,Apple,Mumbai,DEVICE_E,2026-12-29 19:38:00,19,24,0,23.54,0,0,0,0,0
TXN000143,USER01087,1433.37,Amazon,Mumbai,DEVICE_D,2026-04-28 07:39:00,7,18,0,14.43,0,0,0,0,0
TXN000144,USER01163,3302.01,Myntra,Pune,DEVICE_A,2026-09-05 10:02:00,10,6,0,10.46,0,0,0,0,0
TXN000145,USER01523,2176.35,Apple,Mumbai,DEVICE_B,2026-09-09 02:32:00,2,39,0,0.7,1,0,0,0,0
TXN000146,USER00593,4293.55,Swiggy,Chennai,DEVICE_D,2026-07-04 03:12:00,3,13,0,3.82,1,0,0,0,0
TXN000147,USER00392,484.31,Swiggy,Mumbai,DEVICE_B,2026-01-26 06:37:00,6,3,0,13.07,0,0,0,0,0
TXN000148,USER01699,2459.31,Flipkart,Hyderabad,DEVICE_B,2026-12-02 04:01:00,4,45,0,10.1,1,0,0,0,0
TXN000149,USER00419,547.16,Amazon,Mumbai,DEVICE_A,2026-01-16 21:48:00,21,32,0,37.02,0,0,0,0,0
TXN000150,USER00289,4924.81,Zomato,Kolkata,DEVICE_C,2026-12-05 21:09:00,21,36,0,2.3,0,0,0,0,0
TXN000151,USER00379,1641.41,Zomato,Pune,DEVICE_E,2026-12-24 22:59:00,22,42,0,1.03,0,0,0,0,0
TXN000152,USER01797,1730.54,Swiggy,Bangalore,DEVICE_A,2026-02-03 02:29:00,2,29,0,1.82,1,0,0,0,0
TXN000153,USER01514,649.5,Zomato,Hyderabad,DEVICE_D,2026-09-01 04:09:00,4,46,0,22.67,1,0,0,0,0
TXN000154,USER00231,679.78,Walmart,Bangalore,DEVICE_E,2026-11-15 00:09:00,0,19,1,18.05,1,0,0,0,1
TXN000155,USER01018,1579.33,Flipkart,Hyderabad,DEVICE_C,2026-12-28 10:07:00,10,13,0,20.01,0,0,0,0,0
TXN000156,USER00041,5289.28,Swiggy,Ahmedabad,DEVICE_A,2026-04-14 20:56:00,20,26,0,3.41,0,0,0,0,0
TXN000157,USER01052,4555.75,Zomato,Delhi,DEVICE_C,2026-05-13 10:02:00,10,12,0,14.53,0,0,0,0,0
TXN000158,USER00135,1514.18,Amazon,Kolkata,DEVICE_D,2026-10-19 03:28:00,3,6,0,29.19,1,0,0,0,0
TXN000159,USER00201,750.57,Paytm,Hyderabad,DEVICE_A,2026-12-14 13:46:00,13,17,0,23.03,0,0,0,0,0
TXN000160,USER01864,1836.5,Myntra,Ahmedabad,DEVICE_D,2026-03-22 09:51:00,9,37,0,11.55,0,0,0,0,0
TXN000161,USER00780,3391.47,Apple,Kolkata,DEVICE_E,2026-12-11 05:47:00,5,38,1,2.19,1,0,0,0,0
TXN000162,USER00930,1326.92,Apple,Hyderabad,DEVICE_E,2026-04-15 04:35:00,4,8,1,40.9,1,0,0,0,0
TXN000163,USER01057,773.9,Walmart,Bangalore,DEVICE_C,2026-01-13 20:34:00,20,22,1,14.94,0,0,0,0,0
TXN000164,USER01072,2020.73,Uber,Bangalore,DEVICE_C,2026-10-11 18:49:00,18,30,0,44.08,0,0,0,0,0
TXN000165,USER00503,883.85,Amazon,Pune,DEVICE_E,2026-03-30 11:05:00,11,1,1,11.55,0,0,0,1,1
TXN000166,USER00407,796.64,Uber,Hyderabad,DEVICE_B,2026-03-01 15:02:00,15,39,0,5.41,0,0,0,0,0
TXN000167,USER01598,1042.6,Flipkart,Hyderabad,DEVICE_E,2026-10-15 09:59:00,9,37,1,7.35,0,0,0,0,1
TXN000168,USER01752,1998.08,Myntra,Chennai,DEVICE_A,2026-10-11 10:09:00,10,40,0,10.83,0,0,0,0,0
TXN000169,USER00805,897.6,Flipkart,Kolkata,DEVICE_D,2026-10-02 22:48:00,22,38,0,19.05,0,0,0,0,0
TXN000170,USER00099,1060.51,Swiggy,Kolkata,DEVICE_E,2026-11-04 10:52:00,10,4,0,29.3,0,0,0,0,0
TXN000171,USER00684,1247.77,Amazon,Kolkata,DEVICE_E,2026-05-05 10:54:00,10,22,0,5.56,0,0,0,0,0
TXN000172,USER01896,777.72,Swiggy,Kolkata,DEVICE_D,2026-01-09 16:17:00,16,48,0,4.16,0,0,0,0,0
TXN000173,USER00726,4423.11,Netflix,Delhi,DEVICE_D,2026-09-07 22:18:00,22,31,0,4.53,0,0,0,0,0
TXN000174,USER01571,5759.58,Zomato,Delhi,DEVICE_A,2026-02-24 10:57:00,10,38,0,54.51,0,0,0,0,0
TXN000175,USER00961,835.03,Apple,Ahmedabad,DEVICE_D,2026-03-24 04:22:00,4,15,0,3.58,1,0,0,0,0
TXN000176,USER01763,534.94,Paytm,Mumbai,DEVICE_C,2026-10-04 19:52:00,19,10,0,8.49,0,0,0,0,0
TXN000177,USER00613,722.28,Swiggy,Hyderabad,DEVICE_E,2026-05-04 06:53:00,6,13,0,13.31,0,0,0,0,0
TXN000178,USER01967,1638.01,Uber,Hyderabad,DEVICE_D,2026-05-26 08:59:00,8,2,0,16.25,0,0,0,0,0
TXN000179,USER01486,1014.95,Netflix,Hyderabad,DEVICE_A,2026-06-05 11:55:00,11,7,0,39.05,0,0,0,0,0
TXN000180,USER00643,346.91,Apple,Hyderabad,DEVICE_D,2026-01-02 09:05:00,9,14,1,2.4,0,0,0,0,0
TXN000181,USER01793,953.14,Swiggy,Kolkata,DEVICE_E,2026-07-24 05:37:00,5,8,0,2.29,1,0,0,0,0
TXN000182,USER01029,1581.86,Netflix,Kolkata,DEVICE_B,2026-12-27 03:57:00,3,15,0,7.61,1,0,0,0,0
TXN000183,USER01242,2660.25,Netflix,Delhi,DEVICE_D,2026-08-25 08:37:00,8,25,0,10.66,0,0,0,0,0
TXN000184,USER00503,5330.6,Amazon,Bangalore,DEVICE_C,2026-03-28 19:10:00,19,31,1,9.36,0,0,0,0,1
TXN000185,USER00767,732.69,Flipkart,Chennai,DEVICE_E,2026-03-30 02:05:00,2,17,0,9.95,1,0,0,0,0
TXN000186,USER00398,625.73,Netflix,Kolkata,DEVICE_A,2026-01-04 00:20:00,0,7,0,38.14,1,0,0,0,0
TXN000187,USER00871,875.25,Walmart,Kolkata,DEVICE_E,2026-09-24 01:40:00,1,38,0,36.24,1,0,0,0,0
TXN000188,USER00795,468.25,Flipkart,Pune,DEVICE_B,2026-10-09 11:00:00,11,31,0,32.75,0,0,0,0,0
TXN000189,USER00393,583.93,Apple,Kolkata,DEVICE_A,2026-03-24 11:38:00,11,9,1,28.15,0,0,0,0,0
TXN000190,USER00207,587.07,Apple,Bangalore,DEVICE_B,2026-06-30 11:33:00,11,11,0,0.82,0,0,0,0,0
TXN000191,USER01039,1471.76,Apple,Bangalore,DEVICE_B,2026-03-22 13:48:00,13,11,0,3.24,0,0,0,0,0
TXN000192,USER01882,518.24,Apple,Delhi,DEVICE_C,2026-09-08 00:32:00,0,9,0,26.35,1,0,0,0,0
TXN000193,USER01578,2303.6,Walmart,Kolkata,DEVICE_D,2026-09-17 01:00:00,1,33,0,18.07,1,0,0,0,0
TXN000194,USER00892,3084.72,Swiggy,Ahmedabad,DEVICE_C,2026-02-26 07:44:00,7,29,0,22.41,0,0,0,0,0
TXN000195,USER01485,398.12,Myntra,Pune,DEVICE_C,2026-05-03 09:22:00,9,43,0,25.24,0,0,0,0,0
TXN000196,USER01715,338.84,Netflix,Chennai,DEVICE_C,2026-10-24 08:16:00,8,30,0,48.46,0,0,0,0,0
TXN000197,USER01599,676.98,Apple,Hyderabad,DEVICE_A,2026-09-03 23:07:00,23,37,0,20.16,0,0,0,0,0
TXN000198,USER00864,764.18,Flipkart,Kolkata,DEVICE_D,2026-06-25 13:17:00,13,24,0,6.45,0,0,0,0,0
TXN000199,USER00743,3427.05,Flipkart,Delhi,DEVICE_D,2026-03-29 02:33:00,2,23,0,1.73,1,0,0,0,0
TXN000200,USER01265,1048.06,Netflix,Delhi,DEVICE_A,2026-05-11 06:35:00,6,32,0,11.32,0,0,0,0,0
TXN000201,USER00564,1599.97,Swiggy,Ahmedabad,DEVICE_C,2026-05-11 17:27:00,17,8,0,24.75,0,0,0,0,0
TXN000202,USER01021,1597.32,Paytm,Chennai,DEVICE_C,2026-01-28 22:24:00,22,24,0,6.62,0,0,0,0,0
TXN000203,USER00096,496.44,Paytm,Pune,DEVICE_B,2026-07-16 16:05:00,16,19,0,2.56,0,0,0,0,0
TXN000204,USER01924,875.13,Myntra,Mumbai,DEVICE_B,2026-08-26 20:16:00,20,47,0,133.57,0,0,0,0,0
TXN000205,USER01758,1084.07,Swiggy,Delhi,DEVICE_E,2026-08-07 07:33:00,7,16,1,10.86,0,0,0,0,0
TXN000206,USER00485,1540.45,Netflix,Bangalore,DEVICE_B,2026-12-28 18:42:00,18,5,0,4.87,0,0,0,0,0
TXN000207,USER01431,301.62,Paytm,Bangalore,DEVICE_D,2026-06-18 15:08:00,15,35,0,3.6,0,0,0,0,0
TXN000208,USER00231,642.18,Paytm,Hyderabad,DEVICE_A,2026-05-04 12:04:00,12,40,1,39.72,0,0,0,0,0
TXN000209,USER00749,1108.05,Paytm,Delhi,DEVICE_C,2026-02-08 01:50:00,1,19,0,34.25,1,0,0,0,0
TXN000210,USER01679,738.29,Uber,Pune,DEVICE_E,2026-08-21 23:35:00,23,25,0,19.0,0,0,0,0,0
TXN000211,USER01195,310.46,Walmart,Hyderabad,DEVICE_B,2026-12-18 13:38:00,13,39,0,15.85,0,0,0,0,0
TXN000212,USER00541,572.36,Netflix,Delhi,DEVICE_E,2026-02-08 04:25:00,4,49,0,60.5,1,0,0,0,0
TXN000213,USER01060,313.18,Zomato,Chennai,DEVICE_A,2026-11-21 06:55:00,6,11,1,5.18,0,0,0,0,0
TXN000214,USER00525,3800.36,Amazon,Kolkata,DEVICE_A,2026-10-12 06:44:00,6,6,0,10.74,0,0,0,0,0
TXN000215,USER01184,822.48,Amazon,Pune,DEVICE_E,2026-06-28 04:42:00,4,39,0,0.5,1,0,0,0,0
TXN000216,USER01863,1033.85,Swiggy,Delhi,DEVICE_E,2026-08-27 10:17:00,10,29,0,10.85,0,0,0,0,0
TXN000217,USER01723,454.4,Netflix,Pune,DEVICE_E,2026-07-26 05:54:00,5,21,0,9.7,1,0,0,0,0
TXN000218,USER01267,1349.7,Netflix,Mumbai,DEVICE_C,2026-10-03 19:45:00,19,41,0,59.71,0,0,0,0,0
TXN000219,USER01110,2049.93,Amazon,Pune,DEVICE_D,2026-04-28 11:39:00,11,28,0,8.87,0,0,0,0,0
TXN000220,USER01820,480.78,Myntra,Pune,DEVICE_B,2026-04-17 09:13:00,9,21,0,36.01,0,0,0,0,0
TXN000221,USER00578,490.61,Amazon,Bangalore,DEVICE_B,2026-02-28 12:59:00,12,23,0,29.1,0,0,0,0,0
TXN000222,USER00682,702.02,Netflix,Chennai,DEVICE_B,2026-08-10 03:39:00,3,2,0,3.19,1,0,0,0,0
TXN000223,USER00557,311.04,Paytm,Kolkata,DEVICE_E,2026-05-04 01:23:00,1,49,0,65.78,1,0,0,0,1
TXN000224,USER01598,1544.11,Myntra,Kolkata,DEVICE_E,2026-06-13 16:19:00,16,40,0,19.94,0,0,0,0,0
TXN000225,USER01977,2171.34,Apple,Bangalore,DEVICE_E,2026-07-16 09:10:00,9,23,0,18.15,0,0,0,0,0
TXN000226,USER01013,302.08,Zomato,Pune,DEVICE_C,2026-05-16 23:54:00,23,25,0,0.24,0,0,0,0,0
TXN000227,USER00646,2423.3,Uber,Kolkata,DEVICE_C,2026-12-28 06:18:00,6,4,0,24.03,0,0,0,0,0
TXN000228,USER00796,2424.92,Walmart,Hyderabad,DEVICE_C,2026-11-09 23:17:00,23,12,0,1.14,0,0,0,0,0
TXN000229,USER01052,85.05,Apple,Chennai,DEVICE_C,2026-08-06 20:15:00,20,36,1,4.1,0,0,0,0,0
TXN000230,USER01644,406.12,Flipkart,Mumbai,DEVICE_A,2026-03-10 11:40:00,11,21,0,2.08,0,0,0,0,0
TXN000231,USER01580,635.3,Amazon,Bangalore,DEVICE_C,2026-05-09 23:45:00,23,33,0,9.5,0,0,0,0,0
TXN000232,USER01364,1829.05,Zomato,Delhi,DEVICE_C,2026-05-28 00:18:00,0,38,0,31.76,1,0,0,0,0
TXN000233,USER01822,1626.5,Amazon,Delhi,DEVICE_C,2026-06-28 20:32:00,20,2,0,24.58,0,0,0,0,0
TXN000234,USER01982,477.03,Amazon,Delhi,DEVICE_B,2026-09-26 02:23:00,2,31,0,2.26,1,0,0,0,0
TXN000235,USER01355,4732.11,Apple,Ahmedabad,DEVICE_B,2026-06-30 13:12:00,13,23,1,32.04,0,0,0,0,0
TXN000236,USER01664,584.02,Paytm,Chennai,DEVICE_B,2026-03-12 21:20:00,21,8,0,12.36,0,0,0,0,0
TXN000237,USER01530,517.12,Paytm,Mumbai,DEVICE_D,2026-01-02 10:21:00,10,2,0,0.66,0,0,0,0,0
TXN000238,USER01372,385.76,Uber,Kolkata,DEVICE_A,2026-01-30 09:31:00,9,21,0,5.07,0,0,0,0,0
TXN000239,USER01497,933.82,Myntra,Mumbai,DEVICE_E,2026-09-14 06:06:00,6,23,0,30.76,0,0,0,0,0
TXN000240,USER01255,2474.39,Amazon,Mumbai,DEVICE_C,2026-05-03 11:15:00,11,37,1,26.43,0,0,0,0,0
TXN000241,USER00190,487.28,Swiggy,Bangalore,DEVICE_B,2026-11-02 01:14:00,1,9,0,4.17,1,0,0,0,0
TXN000242,USER01249,1322.9,Paytm,Chennai,DEVICE_A,2026-04-10 05:16:00,5,34,0,0.77,1,0,0,0,0
TXN000243,USER01409,1316.88,Netflix,Delhi,DEVICE_C,2026-04-01 16:27:00,16,19,1,7.0,0,0,0,0,0
TXN000244,USER01401,1066.02,Zomato,Bangalore,DEVICE_D,2026-06-11 16:52:00,16,40,0,31.69,0,0,0,0,0
TXN000245,USER01307,1465.42,Swiggy,Kolkata,DEVICE_E,2026-11-25 22:05:00,22,43,0,55.74,0,0,0,0,0
TXN000246,USER01982,2478.68,Apple,Mumbai,DEVICE_C,2026-02-04 17:38:00,17,11,0,17.01,0,0,0,0,0
TXN000247,USER00633,1402.04,Apple,Pune,DEVICE_E,2026-01-29 21:39:00,21,47,0,1.91,0,0,0,0,0
TXN000248,USER00628,2813.25,Uber,Delhi,DEVICE_C,2026-02-09 05:09:00,5,42,0,13.95,1,0,0,0,0
TXN000249,USER00973,407.46,Uber,Ahmedabad,DEVICE_D,2026-10-19 10:11:00,10,11,0,134.37,0,0,0,0,0
TXN000250,USER01769,736.57,Myntra,Chennai,DEVICE_A,2026-02-20 05:35:00,5,16,0,55.83,1,0,0,0,0
TXN000251,USER01283,407.91,Netflix,Hyderabad,DEVICE_E,2026-08-31 22:44:00,22,3,0,99.85,0,0,0,0,0
TXN000252,USER01383,1795.62,Zomato,Ahmedabad,DEVICE_E,2026-04-12 02:19:00,2,41,1,24.04,1,0,0,0,0
TXN000253,USER00710,3293.31,Netflix,Mumbai,DEVICE_A,2026-10-25 11:09:00,11,48,0,11.11,0,0,0,0,0
TXN000254,USER01480,829.9,Flipkart,Mumbai,DEVICE_E,2026-10-15 00:52:00,0,7,0,44.72,1,0,0,0,0
TXN000255,USER01435,1412.88,Uber,Mumbai,DEVICE_B,2026-10-24 03:52:00,3,6,0,45.11,1,0,0,0,0
TXN000256,USER00649,285.69,Myntra,Mumbai,DEVICE_A,2026-10-21 10:18:00,10,17,0,3.12,0,0,0,0,0
TXN000257,USER00318,1118.11,Walmart,Delhi,DEVICE_D,2026-05-07 12:43:00,12,25,0,29.87,0,0,0,0,0
TXN000258,USER01701,243.27,Amazon,Chennai,DEVICE_C,2026-08-03 10:12:00,10,30,0,50.34,0,0,0,0,0
TXN000259,USER01249,1158.14,Amazon,Ahmedabad,DEVICE_C,2026-12-21 05:15:00,5,7,0,45.76,1,0,0,0,0
TXN000260,USER01843,194.22,Walmart,Bangalore,DEVICE_A,2026-07-24 06:45:00,6,33,0,24.54,0,0,0,0,0
TXN000261,USER01258,5039.34,Paytm,Delhi,DEVICE_B,2026-01-29 22:25:00,22,45,0,15.42,0,0,0,0,0
TXN000262,USER00684,1047.77,Netflix,Chennai,DEVICE_D,2026-02-26 11:22:00,11,15,0,29.99,0,0,0,0,0
TXN000263,USER00664,1011.46,Walmart,Ahmedabad,DEVICE_C,2026-11-07 08:42:00,8,19,0,14.52,0,0,0,0,0
TXN000264,USER01999,6108.91,Myntra,Bangalore,DEVICE_C,2026-12-02 07:16:00,7,9,1,7.75,0,0,0,0,0
TXN000265,USER01851,1163.81,Zomato,Mumbai,DEVICE_B,2026-11-21 04:48:00,4,49,0,5.99,1,0,0,0,0
TXN000266,USER01398,257.61,Walmart,Chennai,DEVICE_E,2026-12-02 10:56:00,10,4,0,15.56,0,0,0,0,0
TXN000267,USER01696,744.17,Myntra,Mumbai,DEVICE_A,2026-08-19 20:52:00,20,47,1,12.17,0,0,0,0,0
TXN000268,USER01632,6314.84,Uber,Pune,DEVICE_B,2026-03-18 17:34:00,17,10,0,14.87,0,0,0,0,0
TXN000269,USER01496,489.94,Swiggy,Chennai,DEVICE_B,2026-12-02 18:25:00,18,37,1,6.04,0,0,0,0,0
TXN000270,USER01257,737.68,Apple,Kolkata,DEVICE_B,2026-09-13 16:05:00,16,38,1,17.86,0,0,0,0,0
TXN000271,USER01716,4411.8,Apple,Hyderabad,DEVICE_B,2026-12-26 08:14:00,8,21,0,21.7,0,0,0,0,0
TXN000272,USER01137,547.9,Flipkart,Mumbai,DEVICE_E,2026-10-10 10:13:00,10,10,0,32.89,0,0,0,0,0
TXN000273,USER01854,1006.39,Netflix,Mumbai,DEVICE_D,2026-02-07 08:23:00,8,17,0,17.83,0,0,0,0,0
TXN000274,USER01521,3697.49,Zomato,Mumbai,DEVICE_B,2026-12-19 13:58:00,13,17,0,28.22,0,0,0,0,0
TXN000275,USER00442,654.33,Swiggy,Kolkata,DEVICE_B,2026-03-19 06:21:00,6,30,1,3.71,0,0,0,0,0
TXN000276,USER00564,534.48,Swiggy,Delhi,DEVICE_A,2026-08-03 03:16:00,3,19,1,2.58,1,0,0,0,1
TXN000277,USER01292,208.78,Uber,Bangalore,DEVICE_C,2026-04-07 02:58:00,2,22,0,3.96,1,0,0,0,0
TXN000278,USER01534,406.41,Walmart,Mumbai,DEVICE_E,2026-04-29 00:41:00,0,39,0,37.45,1,0,0,0,0
TXN000279,USER01831,495.18,Netflix,Mumbai,DEVICE_B,2026-08-19 23:18:00,23,9,0,16.25,0,0,0,0,0
TXN000280,USER01410,790.91,Amazon,Ahmedabad,DEVICE_D,2026-08-04 21:38:00,21,16,0,12.15,0,0,0,0,0
TXN000281,USER01411,1512.56,Swiggy,Ahmedabad,DEVICE_D,2026-08-24 14:52:00,14,40,0,28.72,0,0,0,0,0
TXN000282,USER01137,1053.46,Myntra,Delhi,DEVICE_D,2026-11-15 02:51:00,2,44,1,2.65,1,0,0,0,1
TXN000283,USER01637,361.99,Amazon,Delhi,DEVICE_A,2026-05-05 12:02:00,12,7,0,0.12,0,0,0,0,0
TXN000284,USER01649,3730.93,Flipkart,Hyderabad,DEVICE_D,2026-09-02 01:50:00,1,30,0,7.45,1,0,0,0,1
TXN000285,USER00952,406.74,Walmart,Chennai,DEVICE_A,2026-07-12 07:24:00,7,48,0,5.72,0,0,0,0,0
TXN000286,USER01105,5559.64,Walmart,Mumbai,DEVICE_E,2026-02-27 15:29:00,15,47,0,7.34,0,0,0,0,0
TXN000287,USER00699,1256.58,Zomato,Chennai,DEVICE_D,2026-01-25 00:35:00,0,47,0,72.66,1,0,0,0,1
TXN000288,USER00113,2809.69,Swiggy,Pune,DEVICE_C,2026-05-01 14:11:00,14,39,0,16.77,0,0,0,0,0
TXN000289,USER00002,1766.74,Uber,Delhi,DEVICE_B,2026-06-02 18:51:00,18,25,0,17.79,0,0,0,0,0
TXN000290,USER00642,4252.12,Paytm,Delhi,DEVICE_E,2026-01-04 11:56:00,11,41,0,21.32,0,0,0,0,0
TXN000291,USER00220,1054.66,Paytm,Hyderabad,DEVICE_C,2026-01-10 16:03:00,16,43,0,10.14,0,0,0,0,0
TXN000292,USER01590,862.72,Apple,Bangalore,DEVICE_E,2026-10-04 19:57:00,19,49,0,77.24,0,0,0,0,0
TXN000293,USER00855,1442.66,Myntra,Kolkata,DEVICE_D,2026-08-17 02:25:00,2,8,0,72.43,1,0,0,0,0
TXN000294,USER01760,855.97,Amazon,Kolkata,DEVICE_E,2026-08-07 21:52:00,21,31,0,29.33,0,0,0,0,0
TXN000295,USER01249,1649.48,Flipkart,Kolkata,DEVICE_E,2026-03-14 22:31:00,22,22,0,4.76,0,0,0,0,0
TXN000296,USER00385,4424.11,Apple,Delhi,DEVICE_E,2026-10-29 06:37:00,6,31,0,42.44,0,0,0,0,0
TXN000297,USER01427,239.5,Walmart,Mumbai,DEVICE_A,2026-10-22 09:19:00,9,35,0,2.13,0,0,0,0,0
TXN000298,USER01662,1024.11,Amazon,Ahmedabad,DEVICE_C,2026-10-06 18:24:00,18,4,0,19.88,0,0,0,0,0
TXN000299,USER01154,7946.88,Netflix,Hyderabad,DEVICE_D,2026-05-14 17:18:00,17,47,0,12.22,0,0,0,0,0
TXN000300,USER01077,771.8,Swiggy,Bangalore,DEVICE_B,2026-03-14 13:17:00,13,0,0,0.8,0,0,0,1,0
TXN000301,USER01708,2730.81,Flipkart,Pune,DEVICE_D,2026-02-01 13:27:00,13,49,0,46.85,0,0,0,0,0
TXN000302,USER00730,2400.81,Netflix,Kolkata,DEVICE_D,2026-12-30 20:54:00,20,49,0,64.93,0,0,0,0,0
TXN000303,USER01696,300.65,Uber,Hyderabad,DEVICE_A,2026-02-04 18:27:00,18,30,0,47.59,0,0,0,0,0
TXN000304,USER01734,1432.43,Swiggy,Ahmedabad,DEVICE_A,2026-08-17 17:31:00,17,30,0,4.28,0,0,0,0,0
TXN000305,USER01440,1336.37,Amazon,Ahmedabad,DEVICE_E,2026-04-24 15:43:00,15,8,0,8.1,0,0,0,0,0
TXN000306,USER00247,19228.34,Swiggy,Delhi,DEVICE_D,2026-10-15 23:43:00,23,32,1,62.35,0,1,0,0,1
TXN000307,USER00836,103.19,Apple,Kolkata,DEVICE_C,2026-06-23 00:41:00,0,34,0,2.25,1,0,0,0,0
TXN000308,USER01463,255.06,Zomato,Bangalore,DEVICE_A,2026-01-11 16:23:00,16,25,0,17.51,0,0,0,0,0
TXN000309,USER00203,892.62,Apple,Pune,DEVICE_A,2026-10-13 04:28:00,4,1,0,13.29,1,0,0,1,1
TXN000310,USER01208,794.84,Uber,Chennai,DEVICE_C,2026-04-29 13:45:00,13,33,0,3.3,0,0,0,0,0
TXN000311,USER00123,495.15,Myntra,Ahmedabad,DEVICE_A,2026-03-25 23:19:00,23,16,0,43.53,0,0,0,0,0
TXN000312,USER00401,524.4,Netflix,Ahmedabad,DEVICE_C,2026-11-01 07:51:00,7,5,0,2.88,0,0,0,0,0
TXN000313,USER00767,2030.11,Apple,Pune,DEVICE_B,2026-06-16 17:10:00,17,36,0,17.96,0,0,0,0,0
TXN000314,USER00294,514.82,Zomato,Ahmedabad,DEVICE_C,2026-08-19 18:37:00,18,30,0,7.66,0,0,0,0,0
TXN000315,USER00280,673.86,Myntra,Bangalore,DEVICE_B,2026-10-04 20:55:00,20,27,0,10.83,0,0,0,0,0
TXN000316,USER01861,2690.03,Apple,Pune,DEVICE_E,2026-08-08 17:42:00,17,20,1,4.75,0,0,0,0,0
TXN000317,USER00884,2342.13,Walmart,Mumbai,DEVICE_E,2026-12-11 15:34:00,15,10,0,19.6,0,0,0,0,0
TXN000318,USER01634,713.5,Zomato,Kolkata,DEVICE_A,2026-12-08 14:35:00,14,40,1,89.62,0,0,0,0,0
TXN000319,USER00198,293.23,Netflix,Kolkata,DEVICE_C,2026-07-13 19:07:00,19,35,0,35.86,0,0,0,0,0
TXN000320,USER00982,2419.59,Flipkart,Chennai,DEVICE_A,2026-02-27 16:50:00,16,38,0,22.99,0,0,0,0,0
TXN000321,USER01931,470.66,Paytm,Pune,DEVICE_C,2026-02-16 10:03:00,10,44,0,28.24,0,0,0,0,0
TXN000322,USER01535,3507.52,Myntra,Chennai,DEVICE_A,2026-11-26 07:30:00,7,47,0,36.56,0,0,0,0,0
TXN000323,USER00752,1599.5,Walmart,Pune,DEVICE_E,2026-08-18 11:17:00,11,26,0,12.79,0,0,0,0,0
TXN000324,USER00144,921.55,Flipkart,Kolkata,DEVICE_E,2026-09-30 10:58:00,10,19,0,16.74,0,0,0,0,0
TXN000325,USER00609,1627.23,Amazon,Mumbai,DEVICE_A,2026-01-30 01:24:00,1,48,0,45.17,1,0,0,0,0
TXN000326,USER01225,189.27,Zomato,Ahmedabad,DEVICE_C,2026-04-28 06:00:00,6,19,0,23.81,0,0,0,0,0
TXN000327,USER01148,4155.58,Walmart,Pune,DEVICE_D,2026-11-21 14:46:00,14,1,0,2.92,0,0,0,1,0
TXN000328,USER00187,908.44,Swiggy,Chennai,DEVICE_C,2026-04-10 14:09:00,14,36,0,30.24,0,0,0,0,0
TXN000329,USER01350,1274.44,Amazon,Delhi,DEVICE_A,2026-02-12 07:37:00,7,26,0,0.46,0,0,0,0,0
TXN000330,USER00464,652.75,Amazon,Ahmedabad,DEVICE_C,2026-01-08 05:41:00,5,17,0,37.62,1,0,0,0,0
TXN000331,USER01373,940.41,Myntra,Kolkata,DEVICE_B,2026-10-09 03:19:00,3,12,0,31.05,1,0,0,0,0
TXN000332,USER01795,4620.21,Zomato,Bangalore,DEVICE_C,2026-07-26 20:47:00,20,17,0,35.53,0,0,0,0,0
TXN000333,USER00660,860.04,Walmart,Bangalore,DEVICE_E,2026-10-09 18:18:00,18,10,1,0.48,0,0,0,0,0
TXN000334,USER00764,753.04,Uber,Ahmedabad,DEVICE_E,2026-04-07 05:25:00,5,13,0,71.83,1,0,0,0,0
TXN000335,USER00955,2028.13,Walmart,Mumbai,DEVICE_B,2026-07-20 03:30:00,3,43,0,19.05,1,0,0,0,0
TXN000336,USER01956,1450.08,Apple,Delhi,DEVICE_C,2026-06-03 04:46:00,4,3,0,32.19,1,0,0,0,0
TXN000337,USER00403,4439.92,Amazon,Chennai,DEVICE_D,2026-07-16 18:50:00,18,38,0,16.72,0,0,0,0,0
TXN000338,USER01370,178.65,Netflix,Pune,DEVICE_C,2026-05-02 06:25:00,6,12,0,8.3,0,0,0,0,0
TXN000339,USER01987,724.55,Amazon,Kolkata,DEVICE_E,2026-02-12 16:42:00,16,18,0,7.02,0,0,0,0,0
TXN000340,USER01535,304.19,Amazon,Bangalore,DEVICE_E,2026-04-02 19:48:00,19,42,1,1.45,0,0,0,0,0
TXN000341,USER00147,3321.72,Paytm,Bangalore,DEVICE_A,2026-07-10 14:45:00,14,38,0,15.64,0,0,0,0,0
TXN000342,USER01172,342.75,Swiggy,Bangalore,DEVICE_E,2026-05-29 00:09:00,0,24,0,3.1,1,0,0,0,0
TXN000343,USER00864,1475.57,Uber,Bangalore,DEVICE_A,2026-08-16 22:12:00,22,14,0,16.76,0,0,0,0,0
TXN000344,USER01735,338.25,Flipkart,Hyderabad,DEVICE_E,2026-02-17 20:29:00,20,19,0,19.61,0,0,0,0,0
TXN000345,USER01844,699.65,Flipkart,Mumbai,DEVICE_E,2026-01-05 15:15:00,15,16,0,11.67,0,0,0,0,0
TXN000346,USER00489,447.75,Swiggy,Chennai,DEVICE_D,2026-01-22 06:49:00,6,0,0,3.4,0,0,0,1,1
TXN000347,USER00929,1089.86,Amazon,Kolkata,DEVICE_A,2026-06-29 14:16:00,14,28,0,11.34,0,0,0,0,0
TXN000348,USER01960,6803.84,Flipkart,Kolkata,DEVICE_A,2026-03-01 18:44:00,18,43,0,42.19,0,0,0,0,0
TXN000349,USER01664,304.02,Zomato,Kolkata,DEVICE_E,2026-10-13 06:15:00,6,18,0,12.25,0,0,0,0,0
TXN000350,USER00551,393.92,Uber,Chennai,DEVICE_A,2026-12-20 05:03:00,5,29,0,8.39,1,0,0,0,0
TXN000351,USER00338,1876.72,Flipkart,Mumbai,DEVICE_E,2026-11-01 11:39:00,11,24,0,19.87,0,0,0,0,0
TXN000352,USER00872,955.71,Swiggy,Ahmedabad,DEVICE_E,2026-03-05 17:58:00,17,27,0,19.29,0,0,0,0,0
TXN000353,USER00641,348.85,Apple,Ahmedabad,DEVICE_C,2026-05-20 00:19:00,0,36,0,1.9,1,0,0,0,0
TXN000354,USER01803,717.71,Flipkart,Delhi,DEVICE_A,2026-03-10 06:31:00,6,41,0,5.4,0,0,0,0,0
TXN000355,USER01977,280.82,Uber,Pune,DEVICE_B,2026-11-08 05:04:00,5,10,1,13.64,1,0,0,0,0
TXN000356,USER00473,705.46,Myntra,Ahmedabad,DEVICE_A,2026-02-11 05:06:00,5,15,0,9.12,1,0,0,0,0
TXN000357,USER01970,457.31,Myntra,Pune,DEVICE_A,2026-03-03 00:35:00,0,17,0,7.71,1,0,0,0,1
TXN000358,USER00151,1450.75,Zomato,Mumbai,DEVICE_D,2026-03-07 15:11:00,15,40,0,11.8,0,0,0,0,0
TXN000359,USER01439,1956.32,Walmart,Bangalore,DEVICE_B,2026-12-02 03:23:00,3,8,0,6.86,1,0,0,0,0
TXN000360,USER01322,100.63,Walmart,Pune,DEVICE_B,2026-11-07 09:34:00,9,27,0,8.54,0,0,0,0,0
TXN000361,USER01635,1207.56,Flipkart,Bangalore,DEVICE_D,2026-11-20 10:36:00,10,26,0,29.71,0,0,0,0,0
TXN000362,USER00263,137.98,Netflix,Mumbai,DEVICE_D,2026-02-19 10:28:00,10,45,1,14.28,0,0,0,0,0
TXN000363,USER01788,1102.88,Apple,Mumbai,DEVICE_A,2026-02-24 13:03:00,13,37,0,41.25,0,0,0,0,0
TXN000364,USER00144,4593.38,Swiggy,Chennai,DEVICE_C,2026-11-30 10:18:00,10,43,0,59.35,0,0,0,0,0
TXN000365,USER00346,801.49,Apple,Chennai,DEVICE_D,2026-05-16 04:42:00,4,22,0,51.04,1,0,0,0,0
TXN000366,USER00624,1380.66,Myntra,Hyderabad,DEVICE_B,2026-02-03 16:33:00,16,42,0,5.85,0,0,0,0,0
TXN000367,USER01017,2129.51,Flipkart,Kolkata,DEVICE_B,2026-09-19 23:08:00,23,21,0,12.81,0,0,0,0,0
TXN000368,USER01596,2199.76,Uber,Hyderabad,DEVICE_A,2026-01-05 16:16:00,16,3,1,15.32,0,0,0,0,0
TXN000369,USER00881,2323.88,Swiggy,Kolkata,DEVICE_C,2026-05-09 03:35:00,3,31,0,38.24,1,0,0,0,0
TXN000370,USER00002,1622.38,Apple,Bangalore,DEVICE_E,2026-01-06 12:36:00,12,23,0,16.38,0,0,0,0,0
TXN000371,USER00897,556.5,Uber,Hyderabad,DEVICE_D,2026-09-02 00:15:00,0,37,0,5.83,1,0,0,0,1
TXN000372,USER01328,1958.6,Swiggy,Hyderabad,DEVICE_D,2026-03-22 09:47:00,9,49,1,15.86,0,0,0,0,0
TXN000373,USER00254,4192.0,Apple,Delhi,DEVICE_A,2026-10-14 21:51:00,21,27,1,0.91,0,0,0,0,0
TXN000374,USER01676,1696.72,Zomato,Mumbai,DEVICE_C,2026-05-25 01:51:00,1,5,0,35.93,1,0,0,0,0
TXN000375,USER00453,1301.32,Myntra,Chennai,DEVICE_B,2026-04-02 13:13:00,13,32,0,16.69,0,0,0,0,0
TXN000376,USER01061,242.89,Amazon,Hyderabad,DEVICE_B,2026-02-25 18:57:00,18,30,0,21.09,0,0,0,0,0
TXN000377,USER01184,421.24,Swiggy,Chennai,DEVICE_E,2026-07-30 02:09:00,2,9,1,4.49,1,0,0,0,0
TXN000378,USER01015,574.28,Myntra,Kolkata,DEVICE_B,2026-01-06 18:07:00,18,11,0,16.33,0,0,0,0,0
TXN000379,USER00009,407.97,Paytm,Hyderabad,DEVICE_D,2026-09-18 10:59:00,10,6,0,15.13,0,0,0,0,0
TXN000380,USER01257,945.85,Netflix,Kolkata,DEVICE_E,2026-11-14 16:52:00,16,23,1,19.33,0,0,0,0,0
TXN000381,USER01123,475.46,Flipkart,Ahmedabad,DEVICE_C,2026-04-23 21:55:00,21,27,0,37.6,0,0,0,0,0
TXN000382,USER01683,2391.41,Paytm,Ahmedabad,DEVICE_E,2026-12-02 19:54:00,19,10,0,28.92,0,0,0,0,0
TXN000383,USER00816,765.96,Uber,Hyderabad,DEVICE_C,2026-06-10 01:37:00,1,31,0,15.83,1,0,0,0,0
TXN000384,USER00208,401.78,Swiggy,Ahmedabad,DEVICE_B,2026-03-14 23:53:00,23,19,0,44.77,0,0,0,0,0
TXN000385,USER01155,477.97,Flipkart,Pune,DEVICE_A,2026-02-24 23:22:00,23,27,0,8.88,0,0,0,0,0
TXN000386,USER00404,1166.28,Flipkart,Bangalore,DEVICE_E,2026-01-03 05:25:00,5,0,0,13.57,1,0,0,1,1
TXN000387,USER00152,850.7,Paytm,Delhi,DEVICE_E,2026-11-07 10:18:00,10,26,0,20.96,0,0,0,0,0
TXN000388,USER00054,1138.64,Paytm,Kolkata,DEVICE_D,2026-11-11 23:25:00,23,15,0,11.62,0,0,0,0,0
TXN000389,USER01144,878.39,Amazon,Mumbai,DEVICE_D,2026-09-13 19:11:00,19,35,0,8.97,0,0,0,0,0
TXN000390,USER01697,5147.11,Apple,Mumbai,DEVICE_C,2026-01-07 20:04:00,20,5,1,2.38,0,0,0,0,0
TXN000391,USER01944,2370.7,Swiggy,Bangalore,DEVICE_A,2026-10-21 08:45:00,8,9,0,20.21,0,0,0,0,0
TXN000392,USER00628,505.69,Myntra,Ahmedabad,DEVICE_D,2026-05-26 12:56:00,12,38,0,4.28,0,0,0,0,0
TXN000393,USER00587,190.35,Walmart,Bangalore,DEVICE_D,2026-01-27 09:48:00,9,43,0,2.98,0,0,0,0,0
TXN000394,USER01649,793.16,Swiggy,Ahmedabad,DEVICE_B,2026-05-02 03:49:00,3,18,0,4.02,1,0,0,0,0
TXN000395,USER01992,394.11,Swiggy,Pune,DEVICE_B,2026-05-02 09:25:00,9,9,1,23.33,0,0,0,0,1
TXN000396,USER01444,231.45,Swiggy,Mumbai,DEVICE_D,2026-09-28 17:36:00,17,25,0,2.98,0,0,0,0,0
TXN000397,USER01446,1948.08,Flipkart,Kolkata,DEVICE_C,2026-02-26 02:11:00,2,33,0,74.79,1,0,0,0,1
TXN000398,USER00104,1086.46,Uber,Mumbai,DEVICE_A,2026-06-20 10:25:00,10,40,1,28.42,0,0,0,0,1
TXN000399,USER01876,3011.79,Flipkart,Delhi,DEVICE_D,2026-09-15 20:18:00,20,0,0,9.98,0,0,0,1,0
TXN000400,USER00254,1026.05,Uber,Hyderabad,DEVICE_C,2026-04-03 23:54:00,23,9,0,17.99,0,0,0,0,0
TXN000401,USER01251,900.8,Paytm,Ahmedabad,DEVICE_C,2026-04-06 16:25:00,16,32,1,0.15,0,0,0,0,0
TXN000402,USER01136,348.24,Walmart,Delhi,DEVICE_D,2026-05-07 18:04:00,18,25,0,37.23,0,0,0,0,0
TXN000403,USER00510,624.28,Flipkart,Pune,DEVICE_C,2026-05-30 02:38:00,2,33,0,6.33,1,0,0,0,0
TXN000404,USER01497,218.13,Uber,Pune,DEVICE_E,2026-06-19 19:08:00,19,36,0,1.49,0,0,0,0,0
TXN000405,USER00099,2793.47,Flipkart,Ahmedabad,DEVICE_C,2026-05-24 08:26:00,8,48,1,28.39,0,0,0,0,0
TXN000406,USER00153,335.24,Netflix,Ahmedabad,DEVICE_D,2026-09-06 20:25:00,20,12,0,8.0,0,0,0,0,0
TXN000407,USER01885,1337.62,Flipkart,Mumbai,DEVICE_C,2026-07-15 16:49:00,16,37,0,16.77,0,0,0,0,0
TXN000408,USER00914,878.29,Walmart,Hyderabad,DEVICE_D,2026-05-23 00:37:00,0,29,1,37.16,1,0,0,0,1
TXN000409,USER01920,1555.88,Walmart,Mumbai,DEVICE_B,2026-09-12 09:32:00,9,23,0,29.92,0,0,0,0,0
TXN000410,USER00878,1131.18,Uber,Delhi,DEVICE_D,2026-03-31 09:54:00,9,41,0,8.21,0,0,0,0,0
TXN000411,USER00338,333.46,Uber,Delhi,DEVICE_C,2026-02-11 16:26:00,16,33,0,40.6,0,0,0,0,0
TXN000412,USER01730,812.88,Paytm,Ahmedabad,DEVICE_D,2026-08-24 20:05:00,20,36,0,9.85,0,0,0,0,0
TXN000413,USER00822,3429.25,Walmart,Kolkata,DEVICE_A,2026-06-21 04:31:00,4,18,0,13.86,1,0,0,0,0
TXN000414,USER01187,522.78,Walmart,Kolkata,DEVICE_D,2026-08-17 11:36:00,11,1,1,18.96,0,0,0,1,1
TXN000415,USER01744,3107.98,Amazon,Delhi,DEVICE_D,2026-10-30 09:57:00,9,29,0,1.47,0,0,0,0,1
TXN000416,USER00957,1989.15,Swiggy,Hyderabad,DEVICE_A,2026-08-08 05:53:00,5,21,0,18.18,1,0,0,0,0
TXN000417,USER01705,1243.11,Zomato,Ahmedabad,DEVICE_A,2026-11-16 22:32:00,22,31,0,17.23,0,0,0,0,0
TXN000418,USER00161,563.77,Flipkart,Pune,DEVICE_A,2026-12-22 22:34:00,22,32,0,41.35,0,0,0,0,0
TXN000419,USER01604,1401.4,Apple,Kolkata,DEVICE_E,2026-04-02 00:33:00,0,39,0,8.73,1,0,0,0,0
TXN000420,USER00801,692.79,Paytm,Kolkata,DEVICE_D,2026-11-04 00:07:00,0,14,0,5.55,1,0,0,0,0
TXN000421,USER00398,2963.58,Swiggy,Chennai,DEVICE_A,2026-12-04 18:47:00,18,5,0,12.94,0,0,0,0,0
TXN000422,USER01301,344.24,Zomato,Chennai,DEVICE_A,2026-12-13 14:59:00,14,35,1,23.25,0,0,0,0,0
TXN000423,USER00816,1446.93,Amazon,Kolkata,DEVICE_B,2026-12-10 20:01:00,20,43,0,16.51,0,0,0,0,0
TXN000424,USER01940,1125.39,Apple,Mumbai,DEVICE_E,2026-12-16 22:10:00,22,15,0,2.97,0,0,0,0,0
TXN000425,USER01528,1473.91,Uber,Hyderabad,DEVICE_D,2026-08-22 23:05:00,23,20,0,8.55,0,0,0,0,0
TXN000426,USER01920,2092.25,Walmart,Bangalore,DEVICE_C,2026-12-10 20:22:00,20,33,0,1.32,0,0,0,0,0
TXN000427,USER01416,493.03,Netflix,Kolkata,DEVICE_E,2026-12-16 01:09:00,1,39,1,26.89,1,0,0,0,1
TXN000428,USER01159,492.64,Paytm,Chennai,DEVICE_E,2026-11-07 06:24:00,6,37,0,42.9,0,0,0,0,0
TXN000429,USER01219,1331.19,Myntra,Hyderabad,DEVICE_B,2026-01-23 11:48:00,11,34,0,0.93,0,0,0,0,0
TXN000430,USER00401,2612.79,Walmart,Hyderabad,DEVICE_D,2026-09-26 14:42:00,14,32,0,14.91,0,0,0,0,0
TXN000431,USER00640,876.31,Netflix,Chennai,DEVICE_D,2026-01-03 00:46:00,0,7,0,16.69,1,0,0,0,0
TXN000432,USER01057,4000.22,Zomato,Ahmedabad,DEVICE_A,2026-04-22 20:09:00,20,11,0,11.55,0,0,0,0,0
TXN000433,USER00688,837.18,Uber,Hyderabad,DEVICE_A,2026-12-28 00:13:00,0,38,0,13.97,1,0,0,0,0
TXN000434,USER00460,578.0,Apple,Ahmedabad,DEVICE_E,2026-07-05 23:26:00,23,48,0,24.78,0,0,0,0,0
TXN000435,USER00955,1650.49,Zomato,Hyderabad,DEVICE_B,2026-01-27 19:50:00,19,44,0,13.22,0,0,0,0,0
TXN000436,USER01907,670.79,Walmart,Chennai,DEVICE_D,2026-02-22 02:24:00,2,17,0,50.43,1,0,0,0,0
TXN000437,USER00470,678.36,Walmart,Delhi,DEVICE_B,2026-12-17 02:56:00,2,47,0,15.57,1,0,0,0,0
TXN000438,USER01399,1385.76,Apple,Kolkata,DEVICE_C,2026-11-15 21:43:00,21,39,0,1.49,0,0,0,0,0
TXN000439,USER01046,2536.87,Myntra,Mumbai,DEVICE_D,2026-02-09 16:59:00,16,20,0,61.29,0,0,0,0,0
TXN000440,USER00750,1439.58,Netflix,Ahmedabad,DEVICE_A,2026-12-11 18:54:00,18,26,0,3.18,0,0,0,0,0
TXN000441,USER01694,1208.91,Zomato,Bangalore,DEVICE_E,2026-04-22 13:52:00,13,11,0,30.69,0,0,0,0,0
TXN000442,USER00038,6193.3,Uber,Mumbai,DEVICE_B,2026-12-14 16:55:00,16,5,0,14.97,0,0,0,0,0
TXN000443,USER00230,2052.49,Walmart,Delhi,DEVICE_A,2026-06-20 06:34:00,6,30,0,27.01,0,0,0,0,0
TXN000444,USER01389,808.64,Zomato,Pune,DEVICE_E,2026-11-30 05:59:00,5,33,0,14.41,1,0,0,0,1
TXN000445,USER00563,2958.49,Myntra,Delhi,DEVICE_A,2026-08-29 18:34:00,18,6,1,1.22,0,0,0,0,0
TXN000446,USER00438,883.98,Zomato,Hyderabad,DEVICE_D,2026-04-09 12:18:00,12,30,1,9.4,0,0,0,0,1
TXN000447,USER01800,1887.86,Apple,Mumbai,DEVICE_B,2026-12-18 02:05:00,2,3,0,19.39,1,0,0,0,1
TXN000448,USER01307,1783.13,Uber,Ahmedabad,DEVICE_C,2026-11-02 20:01:00,20,47,0,19.82,0,0,0,0,0
TXN000449,USER00027,1099.27,Amazon,Ahmedabad,DEVICE_A,2026-08-04 17:12:00,17,16,0,72.27,0,0,0,0,0
TXN000450,USER00226,571.5,Apple,Delhi,DEVICE_B,2026-07-02 19:08:00,19,28,0,18.64,0,0,0,0,0
TXN000451,USER01301,1069.77,Zomato,Mumbai,DEVICE_D,2026-03-18 01:23:00,1,2,0,6.75,1,0,0,0,1
TXN000452,USER00798,715.74,Amazon,Delhi,DEVICE_A,2026-11-27 14:57:00,14,23,0,0.89,0,0,0,0,0
TXN000453,USER01633,1389.89,Walmart,Bangalore,DEVICE_D,2026-08-28 11:01:00,11,2,0,31.06,0,0,0,0,0
TXN000454,USER00284,1603.97,Amazon,Delhi,DEVICE_C,2026-08-11 10:59:00,10,45,1,44.02,0,0,0,0,1
TXN000455,USER00879,186.13,Myntra,Mumbai,DEVICE_C,2026-11-21 04:40:00,4,45,1,19.02,1,0,0,0,0
TXN000456,USER00960,1486.07,Flipkart,Hyderabad,DEVICE_E,2026-09-25 23:26:00,23,38,0,13.17,0,0,0,0,0
TXN000457,USER01505,15256.37,Myntra,Mumbai,DEVICE_E,2026-04-03 15:38:00,15,26,0,39.46,0,1,0,0,0
TXN000458,USER00453,824.62,Apple,Chennai,DEVICE_E,2026-09-20 04:19:00,4,0,0,5.5,1,0,0,1,0
TXN000459,USER01020,2670.52,Flipkart,Mumbai,DEVICE_D,2026-08-18 10:35:00,10,14,0,10.17,0,0,0,0,0
TXN000460,USER01853,2138.31,Apple,Bangalore,DEVICE_E,2026-03-05 05:11:00,5,13,0,14.17,1,0,0,0,0
TXN000461,USER00816,250.12,Paytm,Kolkata,DEVICE_B,2026-11-02 11:46:00,11,3,0,1.01,0,0,0,0,0
TXN000462,USER00659,1716.31,Uber,Bangalore,DEVICE_D,2026-04-07 10:44:00,10,3,0,23.33,0,0,0,0,0
TXN000463,USER01540,514.62,Swiggy,Bangalore,DEVICE_D,2026-07-31 15:38:00,15,24,0,4.18,0,0,0,0,0
TXN000464,USER00547,918.04,Walmart,Delhi,DEVICE_E,2026-06-28 22:44:00,22,10,0,8.1,0,0,0,0,0
TXN000465,USER01216,294.9,Walmart,Bangalore,DEVICE_E,2026-11-15 21:51:00,21,32,1,10.71,0,0,0,0,0
TXN000466,USER01073,1632.8,Paytm,Mumbai,DEVICE_D,2026-08-14 14:28:00,14,10,0,20.35,0,0,0,0,0
TXN000467,USER01536,806.8,Zomato,Ahmedabad,DEVICE_C,2026-06-16 23:01:00,23,11,0,1.35,0,0,0,0,0
TXN000468,USER00017,3680.35,Netflix,Kolkata,DEVICE_C,2026-02-04 21:51:00,21,14,0,8.34,0,0,0,0,0
TXN000469,USER01196,322.59,Apple,Ahmedabad,DEVICE_E,2026-07-08 17:13:00,17,25,0,6.41,0,0,0,0,0
TXN000470,USER01244,2484.5,Swiggy,Pune,DEVICE_C,2026-08-31 03:23:00,3,23,1,0.03,1,0,0,0,0
TXN000471,USER00158,1602.33,Swiggy,Hyderabad,DEVICE_B,2026-06-29 21:26:00,21,46,0,23.53,0,0,0,0,0
TXN000472,USER00477,506.49,Myntra,Pune,DEVICE_B,2026-11-10 04:01:00,4,25,0,5.38,1,0,0,0,1
TXN000473,USER01070,272.86,Myntra,Bangalore,DEVICE_B,2026-11-16 14:46:00,14,26,0,3.64,0,0,0,0,0
TXN000474,USER01397,844.78,Netflix,Ahmedabad,DEVICE_D,2026-11-17 10:51:00,10,35,1,31.99,0,0,0,0,0
TXN000475,USER00518,1356.94,Zomato,Mumbai,DEVICE_D,2026-06-20 03:42:00,3,26,0,0.8,1,0,0,0,0
TXN000476,USER00099,420.31,Paytm,Delhi,DEVICE_D,2026-07-04 17:14:00,17,37,0,46.1,0,0,0,0,0
TXN000477,USER01916,466.79,Amazon,Delhi,DEVICE_D,2026-06-25 03:06:00,3,1,0,23.22,1,0,0,1,1
TXN000478,USER01769,2674.21,Myntra,Hyderabad,DEVICE_D,2026-10-05 20:41:00,20,22,0,3.77,0,0,0,0,0
TXN000479,USER01061,542.76,Zomato,Hyderabad,DEVICE_E,2026-06-06 05:02:00,5,8,0,8.62,1,0,0,0,0
TXN000480,USER00280,1848.11,Uber,Mumbai,DEVICE_C,2026-11-17 18:20:00,18,7,0,59.91,0,0,0,0,0
TXN000481,USER01373,3284.51,Walmart,Hyderabad,DEVICE_E,2026-12-25 04:56:00,4,39,0,19.29,1,0,0,0,0
TXN000482,USER00497,531.75,Walmart,Ahmedabad,DEVICE_C,2026-06-07 17:35:00,17,41,0,18.77,0,0,0,0,0
TXN000483,USER00302,356.18,Zomato,Ahmedabad,DEVICE_E,2026-11-30 23:23:00,23,48,0,21.17,0,0,0,0,0
TXN000484,USER00181,2403.78,Netflix,Hyderabad,DEVICE_B,2026-10-25 04:03:00,4,0,1,12.43,1,0,0,1,0
TXN000485,USER00607,838.04,Paytm,Delhi,DEVICE_A,2026-09-14 16:19:00,16,20,0,3.66,0,0,0,0,0
TXN000486,USER01123,738.84,Swiggy,Mumbai,DEVICE_D,2026-07-05 14:27:00,14,25,0,3.27,0,0,0,0,0
TXN000487,USER00700,3967.04,Netflix,Kolkata,DEVICE_A,2026-05-27 15:17:00,15,14,0,23.25,0,0,0,0,0
TXN000488,USER00993,861.73,Zomato,Hyderabad,DEVICE_A,2026-08-17 02:31:00,2,42,0,43.07,1,0,0,0,0
TXN000489,USER01140,1407.95,Paytm,Mumbai,DEVICE_B,2026-02-28 00:35:00,0,24,0,7.14,1,0,0,0,0
TXN000490,USER00191,257.15,Paytm,Bangalore,DEVICE_A,2026-12-05 06:31:00,6,38,0,14.0,0,0,0,0,0
TXN000491,USER00253,1023.81,Apple,Delhi,DEVICE_A,2026-02-21 20:56:00,20,15,1,97.17,0,0,0,0,0
TXN000492,USER00981,496.14,Flipkart,Kolkata,DEVICE_B,2026-01-24 09:59:00,9,34,0,5.95,0,0,0,0,0
TXN000493,USER00928,694.88,Walmart,Ahmedabad,DEVICE_C,2026-02-03 18:47:00,18,22,0,9.89,0,0,0,0,0
TXN000494,USER01185,659.0,Zomato,Delhi,DEVICE_E,2026-02-08 08:17:00,8,11,0,9.04,0,0,0,0,0
TXN000495,USER01280,3537.77,Swiggy,Delhi,DEVICE_A,2026-04-14 18:30:00,18,47,0,0.66,0,0,0,0,0
TXN000496,USER01347,603.76,Flipkart,Ahmedabad,DEVICE_D,2026-04-01 04:30:00,4,18,0,14.25,1,0,0,0,0
TXN000497,USER00128,677.7,Uber,Chennai,DEVICE_B,2026-04-24 12:20:00,12,33,0,4.68,0,0,0,0,0
TXN000498,USER00018,4363.69,Myntra,Mumbai,DEVICE_A,2026-01-16 04:05:00,4,7,0,2.75,1,0,0,0,0
TXN000499,USER01817,795.41,Apple,Ahmedabad,DEVICE_C,2026-08-09 12:59:00,12,22,1,24.79,0,0,0,0,1
TXN000500,USER01759,627.41,Myntra,Bangalore,DEVICE_C,2026-03-13 19:21:00,19,10,0,29.03,0,0,0,0,0
TXN000501,USER00566,2951.43,Flipkart,Hyderabad,DEVICE_D,2026-08-21 00:07:00,0,42,0,43.94,1,0,0,0,0
TXN000502,USER00570,1112.49,Flipkart,Bangalore,DEVICE_A,2026-12-30 22:50:00,22,33,1,54.4,0,0,0,0,0
TXN000503,USER01347,1186.75,Myntra,Mumbai,DEVICE_D,2026-12-11 11:44:00,11,4,0,40.66,0,0,0,0,0
TXN000504,USER01896,1435.11,Swiggy,Ahmedabad,DEVICE_C,2026-04-29 21:54:00,21,36,1,2.61,0,0,0,0,0
TXN000505,USER00686,3661.59,Swiggy,Delhi,DEVICE_C,2026-04-16 23:50:00,23,24,0,5.06,0,0,0,0,0
TXN000506,USER01816,432.44,Amazon,Ahmedabad,DEVICE_E,2026-11-01 00:40:00,0,23,0,2.61,1,0,0,0,0
TXN000507,USER00626,3071.68,Uber,Chennai,DEVICE_C,2026-11-19 22:11:00,22,23,0,8.72,0,0,0,0,0
TXN000508,USER01312,285.9,Swiggy,Mumbai,DEVICE_B,2026-03-19 11:22:00,11,41,0,2.65,0,0,0,0,0
TXN000509,USER01967,526.46,Uber,Kolkata,DEVICE_E,2026-02-19 07:15:00,7,33,0,21.18,0,0,0,0,0
TXN000510,USER00854,489.33,Uber,Kolkata,DEVICE_D,2026-11-08 16:42:00,16,46,0,25.23,0,0,0,0,0
TXN000511,USER01687,965.9,Flipkart,Mumbai,DEVICE_C,2026-10-15 16:11:00,16,17,0,3.48,0,0,0,0,0
TXN000512,USER00962,558.25,Uber,Hyderabad,DEVICE_B,2026-06-01 14:41:00,14,11,1,19.43,0,0,0,0,1
TXN000513,USER01663,3442.31,Apple,Bangalore,DEVICE_E,2026-12-03 20:37:00,20,41,0,0.47,0,0,0,0,0
TXN000514,USER00155,1751.24,Myntra,Bangalore,DEVICE_B,2026-06-28 07:10:00,7,38,0,11.4,0,0,0,0,0
TXN000515,USER00490,1082.3,Amazon,Hyderabad,DEVICE_E,2026-03-01 01:36:00,1,14,0,6.72,1,0,0,0,0
TXN000516,USER01410,497.52,Zomato,Chennai,DEVICE_E,2026-06-04 05:05:00,5,46,1,129.98,1,0,0,0,0
TXN000517,USER00785,3870.82,Netflix,Delhi,DEVICE_E,2026-09-09 22:29:00,22,11,0,51.22,0,0,0,0,0
TXN000518,USER01128,1198.14,Amazon,Pune,DEVICE_D,2026-05-17 16:28:00,16,28,1,3.19,0,0,0,0,0
TXN000519,USER01953,875.06,Apple,Pune,DEVICE_E,2026-02-08 16:42:00,16,28,0,49.87,0,0,0,0,0
TXN000520,USER01417,970.24,Amazon,Delhi,DEVICE_E,2026-04-28 19:54:00,19,19,0,10.85,0,0,0,0,0
TXN000521,USER01835,898.11,Uber,Kolkata,DEVICE_B,2026-08-25 11:49:00,11,14,0,17.19,0,0,0,0,0
TXN000522,USER00246,2348.43,Flipkart,Chennai,DEVICE_E,2026-12-09 13:47:00,13,2,0,15.26,0,0,0,0,0
TXN000523,USER01200,3033.03,Netflix,Hyderabad,DEVICE_D,2026-12-31 06:47:00,6,15,0,25.9,0,0,0,0,0
TXN000524,USER01063,476.59,Swiggy,Pune,DEVICE_B,2026-03-18 22:10:00,22,18,0,8.16,0,0,0,0,0
TXN000525,USER01501,609.69,Flipkart,Mumbai,DEVICE_E,2026-11-11 10:36:00,10,6,0,1.44,0,0,0,0,0
TXN000526,USER01706,637.68,Uber,Ahmedabad,DEVICE_B,2026-02-19 21:27:00,21,48,1,10.81,0,0,0,0,1
TXN000527,USER00759,1462.46,Uber,Bangalore,DEVICE_D,2026-04-04 13:21:00,13,35,0,15.73,0,0,0,0,0
TXN000528,USER00538,2692.58,Netflix,Ahmedabad,DEVICE_B,2026-05-12 23:46:00,23,21,1,16.19,0,0,0,0,1
TXN000529,USER01891,318.7,Netflix,Mumbai,DEVICE_D,2026-08-15 07:42:00,7,14,0,31.46,0,0,0,0,0
TXN000530,USER01842,427.63,Walmart,Bangalore,DEVICE_C,2026-09-12 07:09:00,7,8,1,0.9,0,0,0,0,1
TXN000531,USER00921,804.94,Paytm,Mumbai,DEVICE_E,2026-01-20 09:07:00,9,16,0,88.61,0,0,0,0,0
TXN000532,USER00408,1772.92,Paytm,Hyderabad,DEVICE_D,2026-06-09 07:19:00,7,32,0,93.27,0,0,0,0,0
TXN000533,USER00525,470.18,Flipkart,Hyderabad,DEVICE_E,2026-01-17 10:05:00,10,1,0,2.09,0,0,0,1,0
TXN000534,USER00828,774.75,Swiggy,Chennai,DEVICE_D,2026-09-16 11:27:00,11,6,0,8.43,0,0,0,0,0
TXN000535,USER01530,572.88,Amazon,Mumbai,DEVICE_A,2026-04-18 18:12:00,18,30,0,17.85,0,0,0,0,0
TXN000536,USER00903,2168.44,Uber,Mumbai,DEVICE_A,2026-03-02 10:29:00,10,13,0,9.35,0,0,0,0,0
TXN000537,USER01849,993.68,Uber,Chennai,DEVICE_A,2026-11-15 09:36:00,9,36,0,13.37,0,0,0,0,0
TXN000538,USER00036,569.16,Walmart,Chennai,DEVICE_D,2026-12-31 22:42:00,22,3,0,7.89,0,0,0,0,0
TXN000539,USER00685,380.43,Flipkart,Ahmedabad,DEVICE_E,2026-02-12 14:09:00,14,44,0,24.91,0,0,0,0,0
TXN000540,USER00020,767.82,Flipkart,Hyderabad,DEVICE_A,2026-05-16 04:42:00,4,9,0,9.05,1,0,0,0,0
TXN000541,USER00321,864.75,Myntra,Ahmedabad,DEVICE_E,2026-02-22 19:41:00,19,44,0,11.24,0,0,0,0,0
TXN000542,USER01800,2350.97,Netflix,Hyderabad,DEVICE_D,2026-07-03 15:15:00,15,21,0,17.16,0,0,0,0,0
TXN000543,USER00512,2741.76,Swiggy,Ahmedabad,DEVICE_E,2026-04-19 14:49:00,14,23,0,69.61,0,0,0,0,0
TXN000544,USER00400,378.13,Netflix,Kolkata,DEVICE_E,2026-09-02 20:15:00,20,43,0,20.53,0,0,0,0,0
TXN000545,USER00654,2660.09,Swiggy,Mumbai,DEVICE_A,2026-08-03 07:18:00,7,17,0,2.04,0,0,0,0,0
TXN000546,USER00972,2082.51,Apple,Ahmedabad,DEVICE_B,2026-04-27 13:12:00,13,10,0,7.68,0,0,0,0,0
TXN000547,USER01907,679.99,Zomato,Ahmedabad,DEVICE_C,2026-08-31 01:52:00,1,49,0,10.88,1,0,0,0,0
TXN000548,USER00471,2169.26,Paytm,Hyderabad,DEVICE_D,2026-03-15 09:46:00,9,43,0,26.95,0,0,0,0,0
TXN000549,USER01167,537.58,Paytm,Pune,DEVICE_D,2026-11-06 17:03:00,17,0,0,11.84,0,0,0,1,0
TXN000550,USER01116,1579.85,Swiggy,Hyderabad,DEVICE_D,2026-06-25 01:46:00,1,31,0,21.52,1,0,0,0,0
TXN000551,USER01378,9727.45,Paytm,Mumbai,DEVICE_C,2026-04-09 23:09:00,23,15,0,36.59,0,0,0,0,0
TXN000552,USER00834,1349.51,Netflix,Chennai,DEVICE_B,2026-02-14 15:48:00,15,13,0,2.2,0,0,0,0,0
TXN000553,USER01824,806.25,Uber,Mumbai,DEVICE_E,2026-11-09 18:43:00,18,32,0,29.03,0,0,0,0,0
TXN000554,USER00727,336.16,Netflix,Pune,DEVICE_D,2026-11-15 11:47:00,11,6,1,27.38,0,0,0,0,1
TXN000555,USER01983,1180.75,Swiggy,Delhi,DEVICE_E,2026-04-12 07:09:00,7,18,0,34.26,0,0,0,0,0
TXN000556,USER00854,2692.2,Flipkart,Mumbai,DEVICE_A,2026-12-31 08:59:00,8,24,0,62.5,0,0,0,0,0
TXN000557,USER00051,579.16,Netflix,Delhi,DEVICE_A,2026-12-31 14:05:00,14,4,0,7.41,0,0,0,0,0
TXN000558,USER01689,1784.43,Paytm,Ahmedabad,DEVICE_A,2026-03-02 16:36:00,16,48,0,11.21,0,0,0,0,0
TXN000559,USER01722,865.25,Walmart,Mumbai,DEVICE_D,2026-04-18 03:09:00,3,9,0,6.09,1,0,0,0,0
TXN000560,USER00575,766.15,Myntra,Pune,DEVICE_C,2026-11-04 16:46:00,16,3,0,7.92,0,0,0,0,0
TXN000561,USER01214,1703.36,Uber,Delhi,DEVICE_D,2026-04-30 03:36:00,3,23,0,8.0,1,0,0,0,0
TXN000562,USER01149,199.56,Paytm,Delhi,DEVICE_A,2026-10-17 19:35:00,19,45,1,40.77,0,0,0,0,0
TXN000563,USER00150,923.14,Walmart,Pune,DEVICE_A,2026-09-07 08:38:00,8,5,1,1.3,0,0,0,0,0
TXN000564,USER00314,2666.05,Swiggy,Mumbai,DEVICE_D,2026-03-27 10:06:00,10,11,0,4.53,0,0,0,0,0
TXN000565,USER00570,928.6,Apple,Kolkata,DEVICE_C,2026-02-10 02:49:00,2,19,0,18.86,1,0,0,0,0
TXN000566,USER01366,1103.58,Walmart,Hyderabad,DEVICE_C,2026-02-09 03:54:00,3,25,0,28.98,1,0,0,0,0
TXN000567,USER00305,973.16,Zomato,Bangalore,DEVICE_E,2026-02-28 12:05:00,12,11,0,23.91,0,0,0,0,0
TXN000568,USER01716,6132.49,Apple,Hyderabad,DEVICE_B,2026-04-15 08:34:00,8,32,0,0.95,0,0,0,0,0
TXN000569,USER00682,1550.54,Amazon,Delhi,DEVICE_A,2026-10-23 04:42:00,4,11,0,12.1,1,0,0,0,0
TXN000570,USER00838,347.77,Uber,Ahmedabad,DEVICE_C,2026-10-08 09:02:00,9,37,1,4.08,0,0,0,0,0
TXN000571,USER01807,503.03,Paytm,Mumbai,DEVICE_A,2026-03-13 20:36:00,20,3,1,88.7,0,0,0,0,0
TXN000572,USER01078,1193.39,Amazon,Mumbai,DEVICE_B,2026-08-11 15:52:00,15,16,0,136.1,0,0,0,0,0
TXN000573,USER01003,3401.85,Netflix,Ahmedabad,DEVICE_A,2026-04-13 08:24:00,8,9,0,1.04,0,0,0,0,0
TXN000574,USER00444,1988.23,Swiggy,Mumbai,DEVICE_C,2026-09-20 22:11:00,22,18,0,22.04,0,0,0,0,0
TXN000575,USER00613,2678.83,Uber,Mumbai,DEVICE_E,2026-10-02 13:07:00,13,42,0,33.54,0,0,0,0,0
TXN000576,USER00993,396.71,Flipkart,Kolkata,DEVICE_D,2026-07-09 18:19:00,18,32,0,7.85,0,0,0,0,0
TXN000577,USER00264,1934.69,Apple,Bangalore,DEVICE_D,2026-03-12 17:00:00,17,36,0,23.66,0,0,0,0,0
TXN000578,USER01077,564.53,Flipkart,Chennai,DEVICE_C,2026-08-31 00:16:00,0,27,0,4.16,1,0,0,0,0
TXN000579,USER01596,984.36,Amazon,Delhi,DEVICE_C,2026-03-10 04:26:00,4,45,0,2.74,1,0,0,0,0
TXN000580,USER01004,2356.86,Walmart,Bangalore,DEVICE_B,2026-02-21 13:24:00,13,44,0,51.89,0,0,0,0,0
TXN000581,USER01644,657.36,Walmart,Hyderabad,DEVICE_A,2026-01-12 10:44:00,10,1,1,20.57,0,0,0,1,1
TXN000582,USER00005,299.99,Swiggy,Chennai,DEVICE_B,2026-07-06 06:04:00,6,45,0,33.96,0,0,0,0,0
TXN000583,USER01127,787.39,Amazon,Chennai,DEVICE_D,2026-09-21 05:32:00,5,37,0,15.22,1,0,0,0,0
TXN000584,USER01220,1222.87,Myntra,Ahmedabad,DEVICE_A,2026-08-03 08:15:00,8,37,0,3.36,0,0,0,0,0
TXN000585,USER00774,2027.63,Uber,Mumbai,DEVICE_B,2026-02-13 10:51:00,10,20,0,9.45,0,0,0,0,0
TXN000586,USER00877,492.66,Apple,Bangalore,DEVICE_D,2026-01-01 00:27:00,0,22,1,42.68,1,0,0,0,1
TXN000587,USER00992,666.01,Walmart,Ahmedabad,DEVICE_A,2026-04-04 21:25:00,21,32,0,0.31,0,0,0,0,0
TXN000588,USER00884,1331.02,Walmart,Hyderabad,DEVICE_E,2026-01-08 22:16:00,22,25,1,4.64,0,0,0,0,0
TXN000589,USER01374,1792.27,Flipkart,Mumbai,DEVICE_E,2026-04-02 01:19:00,1,42,0,5.84,1,0,0,0,1
TXN000590,USER00047,1316.33,Flipkart,Mumbai,DEVICE_B,2026-01-28 15:46:00,15,29,0,6.1,0,0,0,0,0
TXN000591,USER00867,961.14,Paytm,Pune,DEVICE_C,2026-05-25 19:13:00,19,3,0,2.08,0,0,0,0,0
TXN000592,USER00823,563.65,Netflix,Pune,DEVICE_A,2026-11-21 06:29:00,6,5,0,37.71,0,0,0,0,0
TXN000593,USER00936,2436.75,Myntra,Pune,DEVICE_B,2026-01-27 14:21:00,14,33,0,3.48,0,0,0,0,0
TXN000594,USER01844,3268.83,Flipkart,Kolkata,DEVICE_C,2026-08-15 21:16:00,21,19,1,35.4,0,0,0,0,0
TXN000595,USER00656,648.07,Flipkart,Ahmedabad,DEVICE_C,2026-02-21 17:37:00,17,36,0,8.77,0,0,0,0,0
TXN000596,USER00269,715.54,Uber,Delhi,DEVICE_A,2026-12-20 06:40:00,6,14,0,12.22,0,0,0,0,0
TXN000597,USER00370,2029.01,Paytm,Chennai,DEVICE_A,2026-07-02 01:11:00,1,39,0,12.43,1,0,0,0,0
TXN000598,USER00636,1274.82,Flipkart,Hyderabad,DEVICE_C,2026-05-20 22:00:00,22,48,0,24.98,0,0,0,0,0
TXN000599,USER01130,1851.42,Apple,Chennai,DEVICE_D,2026-01-14 03:16:00,3,22,0,26.28,1,0,0,0,0
TXN000600,USER01694,1399.56,Uber,Bangalore,DEVICE_B,2026-10-15 19:55:00,19,41,1,20.47,0,0,0,0,0
TXN000601,USER01683,1543.4,Netflix,Delhi,DEVICE_A,2026-04-24 13:44:00,13,8,0,29.72,0,0,0,0,0
TXN000602,USER00657,760.15,Amazon,Mumbai,DEVICE_C,2026-11-17 06:58:00,6,33,1,0.17,0,0,0,0,0
TXN000603,USER00120,181.6,Uber,Delhi,DEVICE_D,2026-04-24 07:38:00,7,42,0,14.06,0,0,0,0,0
TXN000604,USER00831,1305.05,Amazon,Mumbai,DEVICE_E,2026-05-06 23:38:00,23,33,0,14.85,0,0,0,0,0
TXN000605,USER01811,2040.46,Walmart,Ahmedabad,DEVICE_C,2026-02-17 05:17:00,5,26,0,5.47,1,0,0,0,0
TXN000606,USER01628,1418.34,Paytm,Pune,DEVICE_D,2026-02-12 16:28:00,16,15,0,16.26,0,0,0,0,0
TXN000607,USER01082,560.37,Netflix,Delhi,DEVICE_E,2026-03-18 02:12:00,2,3,0,12.59,1,0,0,0,0
TXN000608,USER01975,651.37,Paytm,Mumbai,DEVICE_D,2026-08-31 22:19:00,22,27,0,12.78,0,0,0,0,0
TXN000609,USER01370,10010.44,Netflix,Chennai,DEVICE_A,2026-05-20 13:03:00,13,16,0,2.52,0,1,0,0,1
TXN000610,USER00741,1505.07,Paytm,Pune,DEVICE_C,2026-01-10 06:40:00,6,40,0,11.43,0,0,0,0,0
TXN000611,USER01498,132.56,Uber,Pune,DEVICE_E,2026-07-23 09:29:00,9,11,0,29.09,0,0,0,0,0
TXN000612,USER00117,654.05,Paytm,Pune,DEVICE_D,2026-12-29 22:53:00,22,4,0,10.55,0,0,0,0,0
TXN000613,USER01854,902.04,Zomato,Chennai,DEVICE_E,2026-03-11 01:05:00,1,34,0,13.37,1,0,0,0,0
TXN000614,USER00791,359.77,Netflix,Chennai,DEVICE_B,2026-06-18 19:39:00,19,37,1,68.54,0,0,0,0,0
TXN000615,USER01151,975.69,Amazon,Chennai,DEVICE_C,2026-11-06 22:53:00,22,38,0,41.08,0,0,0,0,0
TXN000616,USER01417,703.71,Netflix,Pune,DEVICE_A,2026-09-09 04:27:00,4,35,0,52.82,1,0,0,0,0
TXN000617,USER01932,1308.01,Walmart,Delhi,DEVICE_E,2026-05-14 02:56:00,2,29,0,1.62,1,0,0,0,0
TXN000618,USER01013,848.68,Apple,Mumbai,DEVICE_D,2026-07-18 10:00:00,10,13,0,19.28,0,0,0,0,0
TXN000619,USER01665,584.04,Zomato,Chennai,DEVICE_E,2026-08-05 15:00:00,15,13,0,5.06,0,0,0,0,0
TXN000620,USER01082,808.4,Swiggy,Delhi,DEVICE_D,2026-11-22 19:32:00,19,1,0,10.36,0,0,0,1,0
TXN000621,USER00634,2350.43,Netflix,Mumbai,DEVICE_E,2026-08-16 23:16:00,23,27,0,22.77,0,0,0,0,0
TXN000622,USER00513,1161.74,Flipkart,Pune,DEVICE_A,2026-05-21 23:17:00,23,20,0,17.3,0,0,0,0,0
TXN000623,USER01775,903.55,Uber,Delhi,DEVICE_A,2026-06-08 23:02:00,23,14,0,14.09,0,0,0,0,0
TXN000624,USER00802,1504.36,Uber,Pune,DEVICE_C,2026-11-06 03:38:00,3,43,0,33.69,1,0,0,0,0
TXN000625,USER01120,1095.07,Paytm,Kolkata,DEVICE_A,2026-02-18 15:52:00,15,45,0,22.95,0,0,0,0,0
TXN000626,USER01662,405.08,Paytm,Chennai,DEVICE_E,2026-08-28 06:11:00,6,22,0,34.41,0,0,0,0,0
TXN000627,USER01142,2034.26,Uber,Bangalore,DEVICE_E,2026-07-01 20:58:00,20,9,0,53.75,0,0,0,0,0
TXN000628,USER00560,625.21,Myntra,Delhi,DEVICE_A,2026-04-08 09:08:00,9,25,0,24.89,0,0,0,0,0
TXN000629,USER01625,805.69,Zomato,Chennai,DEVICE_B,2026-05-01 14:29:00,14,34,0,10.06,0,0,0,0,0
TXN000630,USER00488,280.84,Zomato,Hyderabad,DEVICE_E,2026-09-07 13:58:00,13,33,0,4.78,0,0,0,0,0
TXN000631,USER01261,2297.91,Amazon,Mumbai,DEVICE_C,2026-08-07 02:42:00,2,1,0,6.32,1,0,0,1,1
TXN000632,USER01909,1226.84,Netflix,Kolkata,DEVICE_B,2026-03-17 21:49:00,21,30,0,10.1,0,0,0,0,0
TXN000633,USER00897,1417.1,Swiggy,Chennai,DEVICE_A,2026-05-30 20:40:00,20,42,0,26.95,0,0,0,0,0
TXN000634,USER01296,2281.13,Uber,Hyderabad,DEVICE_D,2026-06-27 06:16:00,6,43,0,0.82,0,0,0,0,0
TXN000635,USER01213,2298.81,Netflix,Delhi,DEVICE_E,2026-08-27 05:55:00,5,46,0,33.67,1,0,0,0,1
TXN000636,USER00704,581.8,Zomato,Delhi,DEVICE_D,2026-12-07 07:00:00,7,43,0,28.39,0,0,0,0,0
TXN000637,USER01471,1108.66,Walmart,Hyderabad,DEVICE_C,2026-06-09 19:45:00,19,42,0,13.84,0,0,0,0,0
TXN000638,USER00581,1015.09,Uber,Kolkata,DEVICE_B,2026-09-19 00:58:00,0,45,0,10.21,1,0,0,0,0
TXN000639,USER00790,932.11,Netflix,Hyderabad,DEVICE_D,2026-04-04 06:50:00,6,4,1,2.39,0,0,0,0,0
TXN000640,USER00861,531.62,Zomato,Mumbai,DEVICE_C,2026-01-31 02:37:00,2,18,0,6.84,1,0,0,0,0
TXN000641,USER00247,3954.17,Apple,Delhi,DEVICE_D,2026-08-14 04:50:00,4,29,0,2.32,1,0,0,0,0
TXN000642,USER01987,2731.89,Zomato,Hyderabad,DEVICE_D,2026-05-17 13:33:00,13,48,0,34.17,0,0,0,0,0
TXN000643,USER01100,1634.48,Paytm,Bangalore,DEVICE_C,2026-03-10 21:00:00,21,46,0,14.24,0,0,0,0,0
TXN000644,USER00154,3718.67,Flipkart,Bangalore,DEVICE_E,2026-07-19 02:02:00,2,16,0,5.67,1,0,0,0,0
TXN000645,USER01680,1680.74,Myntra,Hyderabad,DEVICE_D,2026-03-28 10:40:00,10,28,0,0.37,0,0,0,0,0
TXN000646,USER01459,834.81,Myntra,Mumbai,DEVICE_C,2026-01-02 13:54:00,13,11,0,14.84,0,0,0,0,0
TXN000647,USER00997,750.45,Paytm,Delhi,DEVICE_D,2026-04-23 21:42:00,21,7,0,27.89,0,0,0,0,0
TXN000648,USER01110,1551.77,Paytm,Bangalore,DEVICE_E,2026-03-08 15:28:00,15,14,1,29.09,0,0,0,0,1
TXN000649,USER00697,317.25,Uber,Hyderabad,DEVICE_C,2026-04-02 09:47:00,9,33,1,4.83,0,0,0,0,0
TXN000650,USER01309,2392.31,Apple,Pune,DEVICE_D,2026-12-03 03:38:00,3,27,0,106.22,1,0,0,0,1
TXN000651,USER01998,253.25,Apple,Hyderabad,DEVICE_A,2026-06-24 00:23:00,0,20,0,16.82,1,0,0,0,0
TXN000652,USER01244,2957.61,Uber,Chennai,DEVICE_E,2026-08-20 17:48:00,17,16,0,8.07,0,0,0,0,0
TXN000653,USER01093,1714.76,Netflix,Hyderabad,DEVICE_D,2026-02-01 22:18:00,22,41,0,9.98,0,0,0,0,0
TXN000654,USER01071,6346.52,Uber,Mumbai,DEVICE_B,2026-06-15 21:07:00,21,17,0,2.66,0,0,0,0,0
TXN000655,USER01009,1289.58,Swiggy,Bangalore,DEVICE_C,2026-12-28 11:58:00,11,23,0,13.6,0,0,0,0,0
TXN000656,USER00094,1979.03,Swiggy,Chennai,DEVICE_D,2026-03-19 05:35:00,5,23,0,27.99,1,0,0,0,0
TXN000657,USER01774,2053.48,Myntra,Bangalore,DEVICE_E,2026-04-01 21:53:00,21,11,1,10.53,0,0,0,0,1
TXN000658,USER00958,494.22,Zomato,Bangalore,DEVICE_E,2026-01-05 04:23:00,4,0,0,40.33,1,0,0,1,0
TXN000659,USER01012,419.63,Uber,Mumbai,DEVICE_B,2026-09-10 20:54:00,20,35,0,12.95,0,0,0,0,0
TXN000660,USER00453,473.24,Uber,Hyderabad,DEVICE_B,2026-08-11 16:58:00,16,31,0,46.17,0,0,0,0,0
TXN000661,USER01228,1064.8,Netflix,Mumbai,DEVICE_D,2026-02-07 02:05:00,2,4,0,24.29,1,0,0,0,0
TXN000662,USER00912,1089.49,Amazon,Hyderabad,DEVICE_A,2026-06-14 17:13:00,17,25,0,1.13,0,0,0,0,0
TXN000663,USER00218,1130.76,Myntra,Chennai,DEVICE_E,2026-04-08 15:38:00,15,2,0,1.39,0,0,0,0,0
TXN000664,USER00474,1710.83,Myntra,Mumbai,DEVICE_A,2026-01-27 22:33:00,22,32,1,32.2,0,0,0,0,0
TXN000665,USER00432,561.97,Myntra,Mumbai,DEVICE_A,2026-08-21 03:27:00,3,38,0,8.83,1,0,0,0,0
TXN000666,USER00341,2333.42,Zomato,Pune,DEVICE_D,2026-10-29 04:57:00,4,19,0,4.2,1,0,0,0,0
TXN000667,USER00551,1615.62,Paytm,Kolkata,DEVICE_C,2026-07-18 07:10:00,7,11,0,40.1,0,0,0,0,0
TXN000668,USER01636,4548.82,Walmart,Delhi,DEVICE_C,2026-01-26 00:35:00,0,37,0,81.85,1,0,0,0,0
TXN000669,USER01313,1616.21,Amazon,Mumbai,DEVICE_C,2026-12-18 18:15:00,18,19,0,33.08,0,0,0,0,0
TXN000670,USER01278,1030.19,Zomato,Kolkata,DEVICE_B,2026-09-24 14:24:00,14,16,0,25.83,0,0,0,0,0
TXN000671,USER01758,7575.95,Swiggy,Ahmedabad,DEVICE_E,2026-10-11 03:58:00,3,42,0,0.02,1,0,0,0,0
TXN000672,USER00357,1016.82,Netflix,Delhi,DEVICE_B,2026-08-20 04:54:00,4,7,0,2.24,1,0,0,0,0
TXN000673,USER00023,1423.05,Paytm,Pune,DEVICE_E,2026-09-15 22:18:00,22,42,0,22.23,0,0,0,0,0
TXN000674,USER01786,1621.47,Swiggy,Hyderabad,DEVICE_E,2026-04-17 18:33:00,18,12,0,10.54,0,0,0,0,0
TXN000675,USER00522,2535.0,Paytm,Ahmedabad,DEVICE_E,2026-07-16 12:10:00,12,8,1,0.39,0,0,0,0,1
TXN000676,USER01782,1184.37,Apple,Hyderabad,DEVICE_D,2026-01-13 17:43:00,17,18,0,27.01,0,0,0,0,0
TXN000677,USER01861,13231.15,Myntra,Hyderabad,DEVICE_C,2026-12-03 17:46:00,17,25,0,10.85,0,1,0,0,0
TXN000678,USER01124,654.61,Paytm,Kolkata,DEVICE_B,2026-09-14 05:49:00,5,4,0,21.51,1,0,0,0,0
TXN000679,USER00802,4190.7,Flipkart,Kolkata,DEVICE_B,2026-02-08 01:47:00,1,41,0,12.63,1,0,0,0,1
TXN000680,USER01204,294.08,Myntra,Delhi,DEVICE_D,2026-10-30 08:57:00,8,44,0,0.54,0,0,0,0,0
TXN000681,USER01247,452.1,Myntra,Hyderabad,DEVICE_E,2026-11-07 22:13:00,22,24,0,20.21,0,0,0,0,0
TXN000682,USER01930,270.26,Netflix,Bangalore,DEVICE_C,2026-11-02 23:52:00,23,4,0,31.03,0,0,0,0,0
TXN000683,USER00762,476.9,Amazon,Ahmedabad,DEVICE_A,2026-02-21 19:23:00,19,22,0,3.39,0,0,0,0,0
TXN000684,USER01683,251.54,Swiggy,Mumbai,DEVICE_A,2026-11-25 08:53:00,8,34,0,44.34,0,0,0,0,0
TXN000685,USER00442,1208.78,Paytm,Kolkata,DEVICE_D,2026-07-13 02:45:00,2,48,0,4.01,1,0,0,0,0
TXN000686,USER01632,490.98,Paytm,Kolkata,DEVICE_C,2026-05-10 04:10:00,4,31,0,10.99,1,0,0,0,1
TXN000687,USER00769,4286.85,Apple,Kolkata,DEVICE_A,2026-06-23 05:41:00,5,41,0,14.98,1,0,0,0,0
TXN000688,USER01016,1724.0,Myntra,Delhi,DEVICE_A,2026-10-26 12:53:00,12,48,0,7.53,0,0,0,0,0
TXN000689,USER01349,1164.42,Uber,Hyderabad,DEVICE_B,2026-02-13 17:29:00,17,5,0,13.88,0,0,0,0,0
TXN000690,USER00516,1392.95,Walmart,Bangalore,DEVICE_C,2026-12-14 04:00:00,4,13,1,25.34,1,0,0,0,0
TXN000691,USER01040,1961.44,Uber,Mumbai,DEVICE_A,2026-08-17 20:44:00,20,40,1,25.07,0,0,0,0,0
TXN000692,USER00792,3208.14,Paytm,Mumbai,DEVICE_B,2026-06-22 03:28:00,3,28,0,51.09,1,0,0,0,0
TXN000693,USER00336,700.98,Uber,Hyderabad,DEVICE_C,2026-04-07 05:29:00,5,36,0,39.62,1,0,0,0,0
TXN000694,USER01783,593.81,Netflix,Bangalore,DEVICE_E,2026-07-07 19:22:00,19,21,0,84.14,0,0,0,0,0
TXN000695,USER00258,1592.89,Flipkart,Delhi,DEVICE_C,2026-10-24 19:29:00,19,19,0,18.1,0,0,0,0,0
TXN000696,USER00497,4500.98,Paytm,Kolkata,DEVICE_D,2026-06-22 03:29:00,3,7,0,10.23,1,0,0,0,0
TXN000697,USER00896,321.91,Paytm,Kolkata,DEVICE_B,2026-11-26 00:19:00,0,26,0,5.49,1,0,0,0,0
TXN000698,USER00160,1570.7,Flipkart,Ahmedabad,DEVICE_E,2026-09-07 01:28:00,1,47,0,5.59,1,0,0,0,0
TXN000699,USER01499,3504.75,Swiggy,Ahmedabad,DEVICE_B,2026-04-16 05:12:00,5,6,0,3.27,1,0,0,0,0
TXN000700,USER00852,1908.51,Flipkart,Ahmedabad,DEVICE_B,2026-11-02 06:21:00,6,33,1,25.94,0,0,0,0,0
TXN000701,USER01688,1478.56,Uber,Pune,DEVICE_A,2026-06-19 20:19:00,20,40,0,21.24,0,0,0,0,0
TXN000702,USER01932,1783.49,Netflix,Hyderabad,DEVICE_C,2026-05-13 14:02:00,14,27,0,6.91,0,0,0,0,0
TXN000703,USER00690,5558.25,Apple,Mumbai,DEVICE_B,2026-01-21 11:06:00,11,30,0,44.54,0,0,0,0,0
TXN000704,USER01699,2242.76,Swiggy,Kolkata,DEVICE_B,2026-12-20 08:15:00,8,20,0,16.07,0,0,0,0,0
TXN000705,USER00380,271.51,Zomato,Pune,DEVICE_D,2026-03-14 11:11:00,11,9,1,1.43,0,0,0,0,0
TXN000706,USER01569,1016.27,Apple,Mumbai,DEVICE_D,2026-10-08 19:40:00,19,35,0,1.27,0,0,0,0,0
TXN000707,USER01953,1186.55,Amazon,Mumbai,DEVICE_D,2026-06-08 01:47:00,1,12,0,3.09,1,0,0,0,0
TXN000708,USER00957,2760.81,Amazon,Hyderabad,DEVICE_B,2026-04-25 01:26:00,1,25,0,4.75,1,0,0,0,0
TXN000709,USER00691,1181.98,Amazon,Chennai,DEVICE_E,2026-08-17 07:11:00,7,33,0,43.68,0,0,0,0,0
TXN000710,USER01451,1112.56,Amazon,Ahmedabad,DEVICE_C,2026-11-01 22:13:00,22,18,0,30.14,0,0,0,0,0
TXN000711,USER01637,1139.58,Netflix,Pune,DEVICE_B,2026-08-14 09:09:00,9,5,0,4.51,0,0,0,0,0
TXN000712,USER01292,1360.86,Apple,Chennai,DEVICE_A,2026-02-05 03:24:00,3,47,0,5.71,1,0,0,0,0
TXN000713,USER01859,1008.22,Myntra,Chennai,DEVICE_E,2026-08-18 15:07:00,15,14,0,20.26,0,0,0,0,0
TXN000714,USER01601,752.03,Walmart,Pune,DEVICE_E,2026-01-29 04:33:00,4,45,0,41.04,1,0,0,0,0
TXN000715,USER01441,960.12,Swiggy,Bangalore,DEVICE_C,2026-01-16 16:24:00,16,44,0,7.62,0,0,0,0,0
TXN000716,USER01192,1443.2,Zomato,Ahmedabad,DEVICE_E,2026-08-26 13:40:00,13,48,0,14.91,0,0,0,0,0
TXN000717,USER01866,1917.16,Uber,Hyderabad,DEVICE_C,2026-08-11 09:50:00,9,17,0,44.21,0,0,0,0,0
TXN000718,USER01067,12871.88,Paytm,Pune,DEVICE_E,2026-12-10 06:00:00,6,19,0,29.45,0,1,0,0,1
TXN000719,USER01580,331.53,Amazon,Mumbai,DEVICE_C,2026-10-04 16:41:00,16,0,0,44.42,0,0,0,1,0
TXN000720,USER00285,1860.24,Zomato,Pune,DEVICE_D,2026-11-18 23:53:00,23,21,0,6.52,0,0,0,0,0
TXN000721,USER00397,4138.95,Paytm,Kolkata,DEVICE_D,2026-07-31 00:27:00,0,35,0,23.48,1,0,0,0,1
TXN000722,USER00012,546.68,Walmart,Pune,DEVICE_E,2026-12-21 17:18:00,17,47,0,2.42,0,0,0,0,0
TXN000723,USER01631,2030.84,Zomato,Bangalore,DEVICE_E,2026-01-26 23:07:00,23,17,0,19.15,0,0,0,0,0
TXN000724,USER01326,789.66,Apple,Ahmedabad,DEVICE_C,2026-05-15 11:26:00,11,9,0,7.25,0,0,0,0,0
TXN000725,USER01922,688.99,Zomato,Ahmedabad,DEVICE_C,2026-01-27 04:54:00,4,19,0,24.18,1,0,0,0,0
TXN000726,USER01277,566.9,Amazon,Chennai,DEVICE_B,2026-01-12 08:22:00,8,39,1,3.06,0,0,0,0,1
TXN000727,USER00499,1010.68,Walmart,Delhi,DEVICE_D,2026-08-30 20:17:00,20,5,0,21.91,0,0,0,0,0
TXN000728,USER00754,977.13,Uber,Ahmedabad,DEVICE_B,2026-01-29 21:53:00,21,48,0,24.66,0,0,0,0,0
TXN000729,USER00035,2160.23,Myntra,Ahmedabad,DEVICE_B,2026-03-13 08:55:00,8,36,0,38.92,0,0,0,0,0
TXN000730,USER00727,298.95,Flipkart,Bangalore,DEVICE_A,2026-03-11 22:52:00,22,21,1,23.24,0,0,0,0,0
TXN000731,USER00849,2356.7,Amazon,Bangalore,DEVICE_C,2026-05-02 12:25:00,12,3,0,14.8,0,0,0,0,0
TXN000732,USER00090,2310.02,Paytm,Hyderabad,DEVICE_A,2026-04-09 07:37:00,7,3,1,30.66,0,0,0,0,0
TXN000733,USER00776,1448.16,Walmart,Kolkata,DEVICE_A,2026-11-13 16:34:00,16,18,1,6.69,0,0,0,0,0
TXN000734,USER00605,8595.83,Apple,Bangalore,DEVICE_B,2026-12-10 20:24:00,20,28,0,22.63,0,0,0,0,0
TXN000735,USER01946,3327.85,Netflix,Pune,DEVICE_A,2026-08-21 16:31:00,16,27,0,25.79,0,0,0,0,0
TXN000736,USER00970,698.68,Walmart,Kolkata,DEVICE_C,2026-10-17 22:47:00,22,40,0,9.97,0,0,0,0,0
TXN000737,USER01626,375.95,Paytm,Hyderabad,DEVICE_B,2026-12-01 00:09:00,0,12,0,90.14,1,0,0,0,0
TXN000738,USER01022,590.49,Flipkart,Pune,DEVICE_C,2026-05-19 08:10:00,8,38,0,8.8,0,0,0,0,0
TXN000739,USER00418,650.08,Flipkart,Ahmedabad,DEVICE_E,2026-01-20 01:03:00,1,27,0,1.77,1,0,0,0,0
TXN000740,USER00115,211.58,Swiggy,Delhi,DEVICE_A,2026-01-09 08:57:00,8,29,0,7.23,0,0,0,0,0
TXN000741,USER00617,1711.02,Myntra,Mumbai,DEVICE_B,2026-07-16 13:11:00,13,21,0,2.09,0,0,0,0,0
TXN000742,USER01927,336.14,Paytm,Mumbai,DEVICE_D,2026-04-03 01:59:00,1,49,0,8.29,1,0,0,0,0
TXN000743,USER01220,1352.51,Flipkart,Chennai,DEVICE_C,2026-03-08 14:45:00,14,22,0,2.74,0,0,0,0,0
TXN000744,USER00826,2550.58,Swiggy,Ahmedabad,DEVICE_A,2026-01-12 20:29:00,20,17,0,11.58,0,0,0,0,0
TXN000745,USER01525,3864.28,Swiggy,Chennai,DEVICE_C,2026-04-24 05:51:00,5,16,0,30.1,1,0,0,0,0
TXN000746,USER01650,874.57,Swiggy,Delhi,DEVICE_C,2026-12-04 08:31:00,8,30,0,1.4,0,0,0,0,0
TXN000747,USER01517,575.56,Walmart,Mumbai,DEVICE_E,2026-09-28 21:20:00,21,27,0,16.56,0,0,0,0,0
TXN000748,USER01099,3651.05,Swiggy,Chennai,DEVICE_C,2026-11-27 13:25:00,13,7,0,0.9,0,0,0,0,0
TXN000749,USER00413,4254.72,Amazon,Ahmedabad,DEVICE_E,2026-11-17 17:09:00,17,31,0,43.19,0,0,0,0,0
TXN000750,USER01400,2027.13,Paytm,Kolkata,DEVICE_E,2026-12-03 23:39:00,23,42,1,50.86,0,0,0,0,1
TXN000751,USER01444,588.33,Amazon,Bangalore,DEVICE_E,2026-04-02 15:36:00,15,5,0,13.56,0,0,0,0,0
TXN000752,USER00729,335.2,Netflix,Hyderabad,DEVICE_A,2026-04-11 12:03:00,12,7,0,29.33,0,0,0,0,0
TXN000753,USER01301,2994.73,Flipkart,Pune,DEVICE_C,2026-09-03 21:46:00,21,21,0,17.97,0,0,0,0,0
TXN000754,USER01021,1037.46,Myntra,Chennai,DEVICE_C,2026-06-10 16:38:00,16,39,0,8.33,0,0,0,0,0
TXN000755,USER00761,3346.95,Swiggy,Delhi,DEVICE_E,2026-11-16 10:34:00,10,46,0,5.62,0,0,0,0,0
TXN000756,USER00676,602.63,Apple,Pune,DEVICE_C,2026-11-17 11:03:00,11,30,1,28.43,0,0,0,0,0
TXN000757,USER01418,2974.5,Apple,Mumbai,DEVICE_C,2026-12-31 23:42:00,23,5,0,11.24,0,0,0,0,0
TXN000758,USER01893,3892.27,Flipkart,Ahmedabad,DEVICE_E,2026-09-15 22:25:00,22,3,1,50.57,0,0,0,0,0
TXN000759,USER00457,881.98,Netflix,Delhi,DEVICE_D,2026-09-16 21:18:00,21,6,1,74.34,0,0,0,0,0
TXN000760,USER00920,1447.71,Apple,Hyderabad,DEVICE_D,2026-03-16 13:19:00,13,33,0,4.72,0,0,0,0,0
TXN000761,USER00192,385.65,Amazon,Hyderabad,DEVICE_E,2026-04-20 20:48:00,20,26,0,16.47,0,0,0,0,0
TXN000762,USER00739,394.49,Zomato,Delhi,DEVICE_A,2026-09-21 06:54:00,6,1,0,15.4,0,0,0,1,0
TXN000763,USER01713,1459.08,Walmart,Chennai,DEVICE_C,2026-05-29 10:08:00,10,13,0,40.51,0,0,0,0,0
TXN000764,USER01123,674.42,Uber,Chennai,DEVICE_C,2026-08-05 17:14:00,17,40,0,23.49,0,0,0,0,0
TXN000765,USER01572,1361.9,Apple,Mumbai,DEVICE_D,2026-09-27 19:46:00,19,28,0,18.7,0,0,0,0,0
TXN000766,USER00978,1270.88,Myntra,Kolkata,DEVICE_E,2026-07-28 15:17:00,15,38,0,22.73,0,0,0,0,0
TXN000767,USER01009,1972.87,Swiggy,Mumbai,DEVICE_A,2026-03-25 16:41:00,16,21,0,9.87,0,0,0,0,0
TXN000768,USER00096,1766.45,Myntra,Bangalore,DEVICE_E,2026-06-18 06:03:00,6,4,0,64.52,0,0,0,0,0
TXN000769,USER01688,2511.15,Paytm,Kolkata,DEVICE_D,2026-06-27 08:06:00,8,43,0,1.19,0,0,0,0,0
TXN000770,USER00663,1345.22,Walmart,Ahmedabad,DEVICE_D,2026-07-22 22:08:00,22,17,1,0.59,0,0,0,0,0
TXN000771,USER01214,1446.02,Amazon,Pune,DEVICE_C,2026-08-10 17:36:00,17,15,0,10.74,0,0,0,0,0
TXN000772,USER01760,1094.59,Netflix,Ahmedabad,DEVICE_B,2026-09-07 02:39:00,2,43,0,3.36,1,0,0,0,0
TXN000773,USER00037,2820.76,Walmart,Bangalore,DEVICE_A,2026-09-06 02:33:00,2,5,0,15.74,1,0,0,0,0
TXN000774,USER01804,5746.6,Uber,Mumbai,DEVICE_A,2026-05-22 06:02:00,6,0,0,0.18,0,0,0,1,0
TXN000775,USER01393,2153.17,Zomato,Kolkata,DEVICE_B,2026-10-23 01:38:00,1,11,1,12.31,1,0,0,0,1
TXN000776,USER01719,1715.94,Apple,Kolkata,DEVICE_D,2026-09-11 14:20:00,14,23,0,6.99,0,0,0,0,0
TXN000777,USER01549,901.79,Netflix,Bangalore,DEVICE_E,2026-09-08 16:09:00,16,10,0,4.52,0,0,0,0,0
TXN000778,USER00279,1364.68,Netflix,Ahmedabad,DEVICE_A,2026-11-18 10:23:00,10,42,0,11.76,0,0,0,0,0
TXN000779,USER00217,768.55,Apple,Delhi,DEVICE_B,2026-10-19 19:27:00,19,40,0,38.56,0,0,0,0,0
TXN000780,USER00867,629.99,Apple,Chennai,DEVICE_C,2026-07-17 20:42:00,20,33,0,21.31,0,0,0,0,0
TXN000781,USER00873,919.12,Apple,Kolkata,DEVICE_C,2026-11-24 15:53:00,15,28,0,3.49,0,0,0,0,0
TXN000782,USER01822,5489.87,Apple,Pune,DEVICE_D,2026-08-02 13:59:00,13,31,0,13.82,0,0,0,0,0
TXN000783,USER01297,1016.1,Apple,Pune,DEVICE_A,2026-02-21 08:38:00,8,20,0,53.67,0,0,0,0,0
TXN000784,USER01905,4727.11,Netflix,Kolkata,DEVICE_E,2026-10-22 06:33:00,6,39,0,11.57,0,0,0,0,0
TXN000785,USER00062,457.18,Flipkart,Bangalore,DEVICE_A,2026-02-09 06:52:00,6,32,0,12.72,0,0,0,0,0
TXN000786,USER00596,1242.73,Flipkart,Kolkata,DEVICE_C,2026-11-13 03:47:00,3,32,0,56.73,1,0,0,0,0
TXN000787,USER01904,2097.77,Myntra,Ahmedabad,DEVICE_A,2026-01-09 02:16:00,2,27,0,2.92,1,0,0,0,0
TXN000788,USER00729,2197.21,Flipkart,Bangalore,DEVICE_C,2026-05-17 21:26:00,21,43,0,26.56,0,0,0,0,0
TXN000789,USER01366,413.77,Uber,Delhi,DEVICE_B,2026-09-14 08:03:00,8,35,0,7.11,0,0,0,0,0
TXN000790,USER00397,367.16,Flipkart,Pune,DEVICE_B,2026-07-09 07:22:00,7,0,0,40.18,0,0,0,1,0
TXN000791,USER00699,1915.02,Netflix,Kolkata,DEVICE_C,2026-01-26 10:19:00,10,11,0,1.12,0,0,0,0,0
TXN000792,USER01043,666.51,Apple,Hyderabad,DEVICE_E,2026-12-28 08:47:00,8,45,0,92.92,0,0,0,0,0
TXN000793,USER00177,1941.09,Swiggy,Mumbai,DEVICE_E,2026-02-26 15:35:00,15,32,0,29.27,0,0,0,0,0
TXN000794,USER01636,3992.68,Swiggy,Pune,DEVICE_A,2026-06-02 02:44:00,2,43,0,6.69,1,0,0,0,0
TXN000795,USER00396,607.6,Uber,Delhi,DEVICE_C,2026-12-09 00:27:00,0,4,0,28.61,1,0,0,0,0
TXN000796,USER00445,685.41,Paytm,Hyderabad,DEVICE_D,2026-01-29 10:55:00,10,1,0,51.27,0,0,0,1,0
TXN000797,USER01257,177.05,Netflix,Pune,DEVICE_E,2026-02-25 20:16:00,20,35,0,2.4,0,0,0,0,0
TXN000798,USER01939,2255.2,Amazon,Delhi,DEVICE_E,2026-05-11 01:56:00,1,23,0,48.97,1,0,0,0,0
TXN000799,USER00076,7460.42,Walmart,Chennai,DEVICE_B,2026-02-22 06:58:00,6,42,0,8.93,0,0,0,0,0
TXN000800,USER00265,357.03,Myntra,Delhi,DEVICE_E,2026-05-04 02:13:00,2,49,0,0.13,1,0,0,0,0
TXN000801,USER00455,3359.56,Amazon,Delhi,DEVICE_E,2026-01-26 19:55:00,19,49,0,2.39,0,0,0,0,0
TXN000802,USER01820,3647.9,Netflix,Chennai,DEVICE_E,2026-07-21 06:08:00,6,46,0,43.22,0,0,0,0,0
TXN000803,USER00718,2220.72,Flipkart,Kolkata,DEVICE_C,2026-07-08 11:00:00,11,20,0,81.1,0,0,0,0,0
TXN000804,USER00735,635.9,Apple,Mumbai,DEVICE_C,2026-04-20 21:31:00,21,29,0,45.15,0,0,0,0,0
TXN000805,USER01408,880.89,Amazon,Ahmedabad,DEVICE_B,2026-09-26 19:39:00,19,14,0,11.65,0,0,0,0,0
TXN000806,USER01588,1802.9,Walmart,Hyderabad,DEVICE_A,2026-04-11 06:48:00,6,8,0,65.1,0,0,0,0,0
TXN000807,USER00851,1756.02,Paytm,Pune,DEVICE_E,2026-07-01 11:20:00,11,31,0,10.45,0,0,0,0,0
TXN000808,USER01530,875.28,Swiggy,Ahmedabad,DEVICE_A,2026-05-27 16:46:00,16,7,0,2.41,0,0,0,0,0
TXN000809,USER01391,1659.65,Paytm,Bangalore,DEVICE_C,2026-06-04 00:36:00,0,22,0,8.34,1,0,0,0,0
TXN000810,USER00144,792.36,Walmart,Mumbai,DEVICE_E,2026-08-16 00:54:00,0,26,0,129.02,1,0,0,0,0
TXN000811,USER00885,990.98,Apple,Ahmedabad,DEVICE_A,2026-06-08 15:06:00,15,41,0,19.67,0,0,0,0,0
TXN000812,USER01093,913.64,Flipkart,Pune,DEVICE_A,2026-05-05 11:44:00,11,7,0,8.31,0,0,0,0,0
TXN000813,USER01123,2937.58,Walmart,Delhi,DEVICE_D,2026-10-29 16:47:00,16,28,0,19.57,0,0,0,0,0
TXN000814,USER00396,303.18,Myntra,Ahmedabad,DEVICE_C,2026-01-20 15:23:00,15,10,0,11.21,0,0,0,0,0
TXN000815,USER01049,1968.26,Walmart,Bangalore,DEVICE_B,2026-08-03 18:06:00,18,20,0,1.02,0,0,0,0,0
TXN000816,USER00948,1515.25,Netflix,Chennai,DEVICE_B,2026-09-30 17:16:00,17,43,0,4.49,0,0,0,0,0
TXN000817,USER00891,142.27,Flipkart,Ahmedabad,DEVICE_D,2026-12-18 23:15:00,23,38,0,0.39,0,0,0,0,0
TXN000818,USER01493,2401.68,Apple,Mumbai,DEVICE_A,2026-01-29 23:17:00,23,29,0,5.88,0,0,0,0,0
TXN000819,USER01508,2687.07,Swiggy,Kolkata,DEVICE_D,2026-04-05 12:08:00,12,32,1,26.91,0,0,0,0,1
TXN000820,USER01589,761.51,Swiggy,Hyderabad,DEVICE_D,2026-07-26 03:54:00,3,2,0,4.3,1,0,0,0,0
TXN000821,USER01175,1696.45,Walmart,Mumbai,DEVICE_C,2026-08-15 05:47:00,5,12,0,15.02,1,0,0,0,0
TXN000822,USER01168,1395.28,Netflix,Mumbai,DEVICE_E,2026-04-04 03:37:00,3,35,0,24.19,1,0,0,0,0
TXN000823,USER00569,8173.95,Amazon,Kolkata,DEVICE_A,2026-04-14 01:04:00,1,22,0,15.91,1,0,0,0,1
TXN000824,USER01063,1723.62,Paytm,Bangalore,DEVICE_B,2026-04-28 13:02:00,13,25,0,0.31,0,0,0,0,0
TXN000825,USER00109,1206.15,Paytm,Chennai,DEVICE_B,2026-11-24 21:41:00,21,9,0,9.03,0,0,0,0,0
TXN000826,USER01717,2937.9,Paytm,Kolkata,DEVICE_D,2026-01-30 21:22:00,21,37,0,11.65,0,0,0,0,0
TXN000827,USER01066,4660.71,Amazon,Pune,DEVICE_D,2026-01-18 23:59:00,23,35,0,8.39,0,0,0,0,0
TXN000828,USER01210,7078.45,Netflix,Chennai,DEVICE_D,2026-08-13 20:41:00,20,22,0,15.8,0,0,0,0,0
TXN000829,USER00935,640.46,Paytm,Kolkata,DEVICE_A,2026-01-30 21:31:00,21,7,0,14.4,0,0,0,0,0
TXN000830,USER00398,1614.53,Myntra,Mumbai,DEVICE_D,2026-04-08 13:01:00,13,13,0,4.15,0,0,0,0,0
TXN000831,USER01247,627.0,Amazon,Chennai,DEVICE_D,2026-06-09 10:13:00,10,23,0,27.88,0,0,0,0,0
TXN000832,USER00634,8857.67,Amazon,Bangalore,DEVICE_E,2026-07-08 07:52:00,7,17,0,3.51,0,0,0,0,0
TXN000833,USER01157,1144.33,Apple,Bangalore,DEVICE_A,2026-03-24 16:45:00,16,39,0,12.29,0,0,0,0,0
TXN000834,USER01187,2595.06,Apple,Hyderabad,DEVICE_C,2026-01-22 21:46:00,21,36,0,28.24,0,0,0,0,0
TXN000835,USER01239,945.0,Flipkart,Chennai,DEVICE_C,2026-02-14 17:37:00,17,45,0,23.9,0,0,0,0,0
TXN000836,USER00733,1718.48,Myntra,Hyderabad,DEVICE_E,2026-06-08 18:55:00,18,24,1,11.32,0,0,0,0,0
TXN000837,USER00235,215.88,Myntra,Pune,DEVICE_B,2026-10-01 15:41:00,15,46,1,31.11,0,0,0,0,0
TXN000838,USER01867,2796.58,Flipkart,Kolkata,DEVICE_C,2026-04-14 14:43:00,14,19,0,25.02,0,0,0,0,0
TXN000839,USER00658,3541.73,Myntra,Delhi,DEVICE_A,2026-10-27 06:29:00,6,24,1,9.71,0,0,0,0,0
TXN000840,USER00751,643.34,Uber,Pune,DEVICE_B,2026-07-02 06:49:00,6,16,0,45.17,0,0,0,0,0
TXN000841,USER00588,215.1,Zomato,Bangalore,DEVICE_D,2026-08-04 20:59:00,20,3,0,3.06,0,0,0,0,0
TXN000842,USER01033,4165.47,Paytm,Mumbai,DEVICE_A,2026-09-12 04:09:00,4,20,0,8.88,1,0,0,0,0
TXN000843,USER01098,3716.05,Apple,Ahmedabad,DEVICE_B,2026-02-12 11:14:00,11,19,0,23.93,0,0,0,0,0
TXN000844,USER00954,2234.83,Flipkart,Bangalore,DEVICE_C,2026-04-23 04:48:00,4,44,0,41.27,1,0,0,0,0
TXN000845,USER00492,928.33,Flipkart,Delhi,DEVICE_D,2026-09-14 02:21:00,2,46,0,7.79,1,0,0,0,0
TXN000846,USER00913,852.31,Myntra,Mumbai,DEVICE_D,2026-02-01 06:09:00,6,40,0,16.48,0,0,0,0,0
TXN000847,USER01277,3643.24,Amazon,Chennai,DEVICE_A,2026-03-24 13:31:00,13,16,0,0.24,0,0,0,0,0
TXN000848,USER01254,821.66,Swiggy,Ahmedabad,DEVICE_D,2026-03-21 11:53:00,11,34,0,9.27,0,0,0,0,0
TXN000849,USER01543,1263.58,Walmart,Chennai,DEVICE_B,2026-05-16 11:36:00,11,40,0,8.04,0,0,0,0,0
TXN000850,USER01198,1091.44,Walmart,Pune,DEVICE_E,2026-12-20 13:56:00,13,22,0,36.96,0,0,0,0,0
TXN000851,USER01677,1473.14,Flipkart,Ahmedabad,DEVICE_C,2026-04-06 22:31:00,22,20,0,1.54,0,0,0,0,0
TXN000852,USER01192,995.64,Paytm,Bangalore,DEVICE_A,2026-07-29 17:41:00,17,42,0,1.28,0,0,0,0,0
TXN000853,USER00170,1106.24,Uber,Mumbai,DEVICE_E,2026-07-12 11:41:00,11,20,0,11.69,0,0,0,0,0
TXN000854,USER01417,5499.22,Paytm,Kolkata,DEVICE_E,2026-11-08 02:48:00,2,23,0,10.46,1,0,0,0,0
TXN000855,USER00946,1758.6,Flipkart,Ahmedabad,DEVICE_A,2026-01-13 14:26:00,14,36,0,3.52,0,0,0,0,0
TXN000856,USER00795,1547.51,Paytm,Mumbai,DEVICE_B,2026-01-22 03:08:00,3,17,0,6.11,1,0,0,0,0
TXN000857,USER00634,2297.55,Apple,Hyderabad,DEVICE_C,2026-02-01 03:48:00,3,43,0,73.14,1,0,0,0,0
TXN000858,USER01218,400.64,Paytm,Delhi,DEVICE_A,2026-12-09 07:48:00,7,18,1,14.4,0,0,0,0,0
TXN000859,USER01541,2740.36,Myntra,Pune,DEVICE_E,2026-03-27 04:53:00,4,4,0,1.84,1,0,0,0,0
TXN000860,USER00029,1440.26,Myntra,Chennai,DEVICE_E,2026-03-22 02:08:00,2,43,0,1.02,1,0,0,0,0
TXN000861,USER01189,629.32,Uber,Bangalore,DEVICE_A,2026-05-21 13:32:00,13,26,0,0.86,0,0,0,0,0
TXN000862,USER01446,1005.64,Apple,Mumbai,DEVICE_E,2026-08-30 01:12:00,1,5,0,9.85,1,0,0,0,0
TXN000863,USER00339,1771.97,Swiggy,Chennai,DEVICE_A,2026-01-11 17:41:00,17,48,0,40.14,0,0,0,0,0
TXN000864,USER01672,1185.09,Amazon,Bangalore,DEVICE_A,2026-10-07 01:58:00,1,13,0,35.79,1,0,0,0,0
TXN000865,USER01520,2914.78,Apple,Ahmedabad,DEVICE_C,2026-01-16 09:43:00,9,2,0,9.17,0,0,0,0,0
TXN000866,USER01389,557.6,Netflix,Chennai,DEVICE_A,2026-11-20 19:55:00,19,0,0,29.78,0,0,0,1,1
TXN000867,USER01857,398.39,Zomato,Bangalore,DEVICE_E,2026-12-07 07:25:00,7,30,1,27.91,0,0,0,0,0
TXN000868,USER01366,552.35,Flipkart,Chennai,DEVICE_D,2026-05-03 17:10:00,17,44,0,13.19,0,0,0,0,0
TXN000869,USER00500,758.47,Netflix,Kolkata,DEVICE_C,2026-12-26 10:33:00,10,49,0,10.36,0,0,0,0,0
TXN000870,USER01681,1237.38,Uber,Hyderabad,DEVICE_E,2026-07-01 02:23:00,2,9,0,3.98,1,0,0,0,0
TXN000871,USER00511,813.78,Netflix,Delhi,DEVICE_E,2026-10-07 22:48:00,22,30,0,6.54,0,0,0,0,0
TXN000872,USER01351,376.75,Myntra,Chennai,DEVICE_C,2026-07-12 09:27:00,9,16,0,8.27,0,0,0,0,0
TXN000873,USER00217,324.49,Paytm,Delhi,DEVICE_C,2026-05-21 00:12:00,0,38,0,33.5,1,0,0,0,0
TXN000874,USER01325,347.04,Amazon,Chennai,DEVICE_E,2026-12-11 07:10:00,7,39,0,16.1,0,0,0,0,0
TXN000875,USER01156,845.97,Walmart,Pune,DEVICE_D,2026-04-10 10:08:00,10,47,0,4.49,0,0,0,0,0
TXN000876,USER01828,528.48,Flipkart,Mumbai,DEVICE_B,2026-10-12 05:53:00,5,15,0,2.01,1,0,0,0,0
TXN000877,USER01094,776.32,Walmart,Hyderabad,DEVICE_E,2026-11-01 23:58:00,23,26,0,13.73,0,0,0,0,0
TXN000878,USER01276,3621.92,Paytm,Pune,DEVICE_C,2026-12-07 08:00:00,8,15,0,21.95,0,0,0,0,0
TXN000879,USER01439,382.72,Myntra,Kolkata,DEVICE_A,2026-07-03 10:54:00,10,40,0,34.17,0,0,0,0,0
TXN000880,USER01811,1436.03,Myntra,Hyderabad,DEVICE_A,2026-04-06 02:11:00,2,44,0,31.92,1,0,0,0,0
TXN000881,USER00445,377.54,Paytm,Delhi,DEVICE_C,2026-03-07 12:52:00,12,3,0,34.76,0,0,0,0,0
TXN000882,USER00876,329.83,Flipkart,Mumbai,DEVICE_C,2026-05-07 16:52:00,16,41,0,11.88,0,0,0,0,0
TXN000883,USER01206,1531.74,Walmart,Bangalore,DEVICE_B,2026-12-17 20:43:00,20,26,0,40.15,0,0,0,0,0
TXN000884,USER00167,2013.12,Apple,Pune,DEVICE_C,2026-06-22 22:24:00,22,8,0,11.76,0,0,0,0,0
TXN000885,USER00091,2230.83,Myntra,Hyderabad,DEVICE_A,2026-09-20 21:26:00,21,24,0,3.68,0,0,0,0,0
TXN000886,USER00714,2980.56,Walmart,Kolkata,DEVICE_D,2026-12-15 00:46:00,0,23,0,10.13,1,0,0,0,0
TXN000887,USER01882,934.91,Swiggy,Pune,DEVICE_C,2026-06-14 23:28:00,23,27,0,8.31,0,0,0,0,0
TXN000888,USER01555,1404.55,Walmart,Mumbai,DEVICE_B,2026-03-26 10:58:00,10,17,1,9.96,0,0,0,0,0
TXN000889,USER00039,775.25,Swiggy,Mumbai,DEVICE_D,2026-12-25 20:22:00,20,43,0,21.5,0,0,0,0,0
TXN000890,USER01150,3510.96,Swiggy,Delhi,DEVICE_B,2026-04-30 02:38:00,2,25,0,21.4,1,0,0,0,0
TXN000891,USER01475,482.9,Myntra,Kolkata,DEVICE_D,2026-03-17 06:04:00,6,9,0,5.1,0,0,0,0,0
TXN000892,USER00173,1721.12,Flipkart,Mumbai,DEVICE_C,2026-04-20 21:51:00,21,48,0,7.59,0,0,0,0,0
TXN000893,USER00653,420.44,Uber,Ahmedabad,DEVICE_A,2026-01-20 09:21:00,9,43,0,18.09,0,0,0,0,0
TXN000894,USER00754,1210.75,Myntra,Mumbai,DEVICE_D,2026-09-20 04:19:00,4,33,1,1.76,1,0,0,0,0
TXN000895,USER01244,258.32,Flipkart,Bangalore,DEVICE_E,2026-09-16 08:35:00,8,45,1,23.34,0,0,0,0,0
TXN000896,USER01662,1344.71,Flipkart,Delhi,DEVICE_B,2026-04-19 12:10:00,12,37,0,3.94,0,0,0,0,0
TXN000897,USER01082,6481.49,Netflix,Delhi,DEVICE_D,2026-11-06 03:59:00,3,10,0,38.04,1,0,0,0,0
TXN000898,USER01684,663.29,Paytm,Kolkata,DEVICE_B,2026-02-18 01:17:00,1,13,0,10.27,1,0,0,0,0
TXN000899,USER00476,881.74,Paytm,Mumbai,DEVICE_A,2026-11-13 06:04:00,6,45,0,4.99,0,0,0,0,0
TXN000900,USER00456,2392.35,Paytm,Bangalore,DEVICE_B,2026-04-10 01:27:00,1,37,0,22.04,1,0,0,0,0
TXN000901,USER00829,1141.55,Zomato,Chennai,DEVICE_B,2026-03-31 00:09:00,0,0,0,16.15,1,0,0,1,0
TXN000902,USER00895,3294.17,Myntra,Hyderabad,DEVICE_E,2026-07-31 23:40:00,23,16,0,3.77,0,0,0,0,0
TXN000903,USER01385,1562.78,Flipkart,Ahmedabad,DEVICE_B,2026-11-01 05:25:00,5,48,0,35.11,1,0,0,0,0
TXN000904,USER01959,2411.43,Netflix,Pune,DEVICE_D,2026-07-20 18:45:00,18,16,0,12.08,0,0,0,0,0
TXN000905,USER01025,184.94,Swiggy,Delhi,DEVICE_B,2026-05-03 15:22:00,15,9,1,3.3,0,0,0,0,1
TXN000906,USER00387,1191.25,Uber,Bangalore,DEVICE_C,2026-07-26 03:42:00,3,29,0,31.81,1,0,0,0,0
TXN000907,USER01997,404.62,Uber,Kolkata,DEVICE_B,2026-12-10 16:18:00,16,41,1,2.86,0,0,0,0,0
TXN000908,USER00348,768.59,Swiggy,Bangalore,DEVICE_C,2026-11-06 20:32:00,20,45,0,68.86,0,0,0,0,0
TXN000909,USER00190,1617.87,Walmart,Mumbai,DEVICE_B,2026-08-01 06:16:00,6,32,0,11.66,0,0,0,0,0
TXN000910,USER00505,891.87,Walmart,Ahmedabad,DEVICE_B,2026-04-29 02:23:00,2,1,0,26.06,1,0,0,1,1
TXN000911,USER01215,541.44,Paytm,Hyderabad,DEVICE_D,2026-03-19 23:39:00,23,49,0,12.03,0,0,0,0,0
TXN000912,USER01532,3390.54,Myntra,Delhi,DEVICE_C,2026-10-02 11:06:00,11,19,0,4.15,0,0,0,0,0
TXN000913,USER01393,2714.87,Zomato,Chennai,DEVICE_C,2026-04-02 08:45:00,8,31,0,28.39,0,0,0,0,0
TXN000914,USER01433,319.03,Netflix,Mumbai,DEVICE_E,2026-08-06 11:07:00,11,2,0,6.83,0,0,0,0,0
TXN000915,USER00824,2178.13,Uber,Delhi,DEVICE_B,2026-03-26 06:15:00,6,35,0,22.94,0,0,0,0,0
TXN000916,USER00929,1278.15,Paytm,Pune,DEVICE_B,2026-10-04 11:59:00,11,4,0,5.95,0,0,0,0,0
TXN000917,USER00934,1355.94,Amazon,Kolkata,DEVICE_D,2026-07-09 05:34:00,5,19,1,5.52,1,0,0,0,0
TXN000918,USER01141,4447.03,Paytm,Delhi,DEVICE_E,2026-05-04 14:13:00,14,2,0,12.23,0,0,0,0,0
TXN000919,USER00134,1260.68,Amazon,Bangalore,DEVICE_E,2026-06-30 06:25:00,6,2,0,33.88,0,0,0,0,0
TXN000920,USER00058,2085.53,Apple,Pune,DEVICE_D,2026-12-08 07:59:00,7,35,1,19.02,0,0,0,0,0
TXN000921,USER01580,1329.6,Flipkart,Hyderabad,DEVICE_C,2026-03-02 02:36:00,2,5,0,1.34,1,0,0,0,1
TXN000922,USER00685,1336.18,Swiggy,Ahmedabad,DEVICE_A,2026-02-14 15:11:00,15,38,0,26.48,0,0,0,0,0
TXN000923,USER00672,476.85,Flipkart,Chennai,DEVICE_D,2026-03-17 13:10:00,13,35,0,17.34,0,0,0,0,0
TXN000924,USER00173,9981.69,Paytm,Hyderabad,DEVICE_C,2026-12-24 09:34:00,9,23,0,19.54,0,0,0,0,0
TXN000925,USER01853,68.85,Flipkart,Bangalore,DEVICE_E,2026-06-01 06:33:00,6,46,1,8.73,0,0,0,0,0
TXN000926,USER00815,570.77,Netflix,Chennai,DEVICE_D,2026-02-12 04:10:00,4,37,0,16.25,1,0,0,0,0
TXN000927,USER01173,706.36,Apple,Chennai,DEVICE_A,2026-10-19 02:50:00,2,36,0,9.3,1,0,0,0,0
TXN000928,USER00080,2483.87,Zomato,Ahmedabad,DEVICE_B,2026-10-10 15:27:00,15,7,1,1.7,0,0,0,0,0
TXN000929,USER00886,308.01,Apple,Mumbai,DEVICE_D,2026-07-11 07:19:00,7,37,0,37.21,0,0,0,0,0
TXN000930,USER01237,936.33,Uber,Chennai,DEVICE_A,2026-10-05 02:07:00,2,48,1,22.67,1,0,0,0,1
TXN000931,USER00203,2226.53,Netflix,Delhi,DEVICE_A,2026-07-21 02:49:00,2,15,0,22.2,1,0,0,0,1
TXN000932,USER00764,366.47,Flipkart,Hyderabad,DEVICE_D,2026-04-19 06:08:00,6,42,0,4.31,0,0,0,0,0
TXN000933,USER01253,969.46,Zomato,Kolkata,DEVICE_C,2026-02-23 05:10:00,5,0,0,21.79,1,0,0,1,0
TXN000934,USER01700,942.7,Flipkart,Kolkata,DEVICE_D,2026-07-03 17:04:00,17,13,1,5.28,0,0,0,0,0
TXN000935,USER01251,640.22,Myntra,Hyderabad,DEVICE_E,2026-06-03 03:09:00,3,44,0,23.27,1,0,0,0,0
TXN000936,USER01683,1133.51,Myntra,Mumbai,DEVICE_A,2026-02-09 21:17:00,21,9,1,8.12,0,0,0,0,0
TXN000937,USER01556,747.72,Walmart,Chennai,DEVICE_A,2026-06-11 15:34:00,15,9,0,3.43,0,0,0,0,0
TXN000938,USER01465,2619.83,Apple,Bangalore,DEVICE_B,2026-09-03 19:59:00,19,21,0,47.35,0,0,0,0,0
TXN000939,USER01426,1765.94,Zomato,Pune,DEVICE_A,2026-01-15 03:54:00,3,39,0,2.21,1,0,0,0,1
TXN000940,USER00047,928.98,Myntra,Pune,DEVICE_B,2026-10-11 19:09:00,19,40,0,28.69,0,0,0,0,0
TXN000941,USER01257,1163.63,Walmart,Delhi,DEVICE_A,2026-02-12 03:45:00,3,30,0,2.15,1,0,0,0,0
TXN000942,USER01329,772.66,Netflix,Mumbai,DEVICE_A,2026-11-14 00:28:00,0,3,1,23.09,1,0,0,0,1
TXN000943,USER01550,3652.22,Zomato,Pune,DEVICE_D,2026-08-29 14:29:00,14,42,0,2.34,0,0,0,0,0
TXN000944,USER01167,1647.47,Walmart,Ahmedabad,DEVICE_D,2026-10-17 18:06:00,18,22,0,14.22,0,0,0,0,0
TXN000945,USER01439,966.84,Swiggy,Ahmedabad,DEVICE_E,2026-04-14 06:51:00,6,40,1,4.16,0,0,0,0,0
TXN000946,USER01537,1627.35,Zomato,Chennai,DEVICE_C,2026-09-17 09:11:00,9,11,0,40.29,0,0,0,0,0
TXN000947,USER01397,6002.32,Paytm,Kolkata,DEVICE_E,2026-12-13 11:00:00,11,44,1,10.27,0,0,0,0,0
TXN000948,USER01590,591.75,Walmart,Bangalore,DEVICE_A,2026-10-28 04:41:00,4,7,0,0.31,1,0,0,0,0
TXN000949,USER01910,2431.1,Flipkart,Chennai,DEVICE_E,2026-10-30 03:31:00,3,44,0,19.79,1,0,0,0,0
TXN000950,USER01283,1592.1,Paytm,Mumbai,DEVICE_D,2026-08-08 22:48:00,22,23,0,11.78,0,0,0,0,0
TXN000951,USER00656,902.78,Swiggy,Ahmedabad,DEVICE_A,2026-01-04 03:36:00,3,0,0,39.29,1,0,0,1,0
TXN000952,USER00471,568.69,Myntra,Bangalore,DEVICE_A,2026-01-22 18:15:00,18,25,0,11.35,0,0,0,0,0
TXN000953,USER01977,2376.19,Amazon,Pune,DEVICE_E,2026-03-12 22:40:00,22,21,1,10.59,0,0,0,0,0
TXN000954,USER00971,1424.69,Walmart,Bangalore,DEVICE_B,2026-09-10 07:52:00,7,42,0,12.11,0,0,0,0,0
TXN000955,USER01036,4021.54,Netflix,Bangalore,DEVICE_C,2026-11-19 17:40:00,17,24,0,39.3,0,0,0,0,0
TXN000956,USER01354,3137.47,Walmart,Bangalore,DEVICE_E,2026-06-30 11:46:00,11,30,1,17.68,0,0,0,0,0
TXN000957,USER00736,1437.13,Amazon,Ahmedabad,DEVICE_E,2026-08-16 05:43:00,5,33,0,22.13,1,0,0,0,0
TXN000958,USER00784,572.6,Swiggy,Pune,DEVICE_C,2026-12-27 10:25:00,10,36,1,25.49,0,0,0,0,0
TXN000959,USER00968,6966.56,Swiggy,Chennai,DEVICE_A,2026-01-30 16:41:00,16,10,0,55.46,0,0,0,0,0
TXN000960,USER00358,628.06,Paytm,Bangalore,DEVICE_A,2026-05-31 13:05:00,13,3,0,36.34,0,0,0,0,0
TXN000961,USER00972,2315.77,Zomato,Chennai,DEVICE_B,2026-02-16 15:56:00,15,7,0,52.42,0,0,0,0,0
TXN000962,USER01432,222.61,Netflix,Bangalore,DEVICE_E,2026-09-13 18:20:00,18,43,0,8.41,0,0,0,0,0
TXN000963,USER00668,4507.94,Paytm,Ahmedabad,DEVICE_C,2026-07-01 18:29:00,18,34,0,4.84,0,0,0,0,0
TXN000964,USER00373,175.83,Netflix,Bangalore,DEVICE_E,2026-11-25 02:24:00,2,24,0,4.55,1,0,0,0,0
TXN000965,USER01032,827.01,Netflix,Mumbai,DEVICE_D,2026-11-28 01:54:00,1,30,0,39.01,1,0,0,0,0
TXN000966,USER01146,421.6,Amazon,Chennai,DEVICE_E,2026-03-10 17:11:00,17,48,0,35.51,0,0,0,0,0
TXN000967,USER01372,3850.5,Paytm,Kolkata,DEVICE_E,2026-11-16 12:01:00,12,22,1,21.02,0,0,0,0,0
TXN000968,USER00676,562.31,Netflix,Ahmedabad,DEVICE_D,2026-12-07 20:47:00,20,39,0,1.3,0,0,0,0,0
TXN000969,USER00090,1765.02,Uber,Chennai,DEVICE_D,2026-08-06 04:32:00,4,37,0,7.66,1,0,0,0,1
TXN000970,USER01672,1394.46,Amazon,Ahmedabad,DEVICE_C,2026-01-02 23:10:00,23,3,0,26.5,0,0,0,0,0
TXN000971,USER00698,298.71,Swiggy,Hyderabad,DEVICE_A,2026-02-21 22:40:00,22,35,0,5.72,0,0,0,0,0
TXN000972,USER01340,2768.54,Amazon,Pune,DEVICE_B,2026-12-22 07:16:00,7,6,0,19.57,0,0,0,0,0
TXN000973,USER01202,1080.97,Flipkart,Kolkata,DEVICE_D,2026-02-20 11:49:00,11,9,0,15.65,0,0,0,0,0
TXN000974,USER00540,4259.38,Flipkart,Mumbai,DEVICE_A,2026-09-17 10:26:00,10,5,0,6.09,0,0,0,0,0
TXN000975,USER00732,1904.83,Netflix,Chennai,DEVICE_C,2026-08-26 11:27:00,11,30,0,54.46,0,0,0,0,0
TXN000976,USER00869,553.34,Paytm,Mumbai,DEVICE_E,2026-06-25 15:42:00,15,3,0,5.93,0,0,0,0,0
TXN000977,USER00041,915.05,Swiggy,Kolkata,DEVICE_C,2026-04-27 23:38:00,23,20,1,45.04,0,0,0,0,1
TXN000978,USER00740,891.87,Amazon,Mumbai,DEVICE_C,2026-11-30 18:38:00,18,41,0,15.57,0,0,0,0,0
TXN000979,USER01728,2208.78,Paytm,Mumbai,DEVICE_D,2026-04-28 14:15:00,14,19,0,1.93,0,0,0,0,0
TXN000980,USER01947,2144.53,Amazon,Delhi,DEVICE_B,2026-12-17 15:05:00,15,16,0,35.87,0,0,0,0,0
TXN000981,USER00502,598.31,Amazon,Chennai,DEVICE_D,2026-02-11 09:02:00,9,5,0,31.35,0,0,0,0,0
TXN000982,USER00959,2572.03,Uber,Mumbai,DEVICE_E,2026-09-20 03:25:00,3,10,0,35.55,1,0,0,0,0
TXN000983,USER01169,1581.19,Flipkart,Delhi,DEVICE_D,2026-06-22 19:49:00,19,17,0,20.33,0,0,0,0,0
TXN000984,USER01225,2003.1,Amazon,Delhi,DEVICE_E,2026-06-21 15:17:00,15,8,0,24.87,0,0,0,0,0
TXN000985,USER00929,1747.68,Uber,Ahmedabad,DEVICE_D,2026-03-11 22:51:00,22,11,0,47.52,0,0,0,0,0
TXN000986,USER01748,2312.58,Flipkart,Bangalore,DEVICE_B,2026-03-12 08:23:00,8,30,0,2.73,0,0,0,0,0
TXN000987,USER00461,473.65,Uber,Bangalore,DEVICE_A,2026-10-20 08:38:00,8,30,0,1.73,0,0,0,0,0
TXN000988,USER00732,1301.25,Paytm,Pune,DEVICE_B,2026-05-14 16:42:00,16,42,0,2.67,0,0,0,0,0
TXN000989,USER00752,2715.35,Zomato,Kolkata,DEVICE_D,2026-09-07 17:45:00,17,49,0,40.82,0,0,0,0,0
TXN000990,USER00925,2993.35,Flipkart,Chennai,DEVICE_C,2026-06-11 00:02:00,0,33,0,16.55,1,0,0,0,0
TXN000991,USER00909,2989.2,Myntra,Bangalore,DEVICE_A,2026-03-09 00:13:00,0,15,0,3.87,1,0,0,0,0
TXN000992,USER01582,494.07,Zomato,Kolkata,DEVICE_C,2026-07-14 00:48:00,0,40,0,3.06,1,0,0,0,0
TXN000993,USER01571,7118.29,Paytm,Chennai,DEVICE_B,2026-12-06 11:47:00,11,47,0,11.79,0,0,0,0,0
TXN000994,USER01277,5369.96,Amazon,Kolkata,DEVICE_A,2026-06-29 07:37:00,7,11,0,33.83,0,0,0,0,0
TXN000995,USER00390,503.22,Swiggy,Pune,DEVICE_D,2026-08-14 19:50:00,19,48,0,32.71,0,0,0,0,0
TXN000996,USER01618,837.88,Paytm,Pune,DEVICE_C,2026-06-05 20:04:00,20,12,0,38.11,0,0,0,0,0
TXN000997,USER00883,2031.71,Uber,Delhi,DEVICE_D,2026-02-08 19:29:00,19,35,0,29.3,0,0,0,0,0
TXN000998,USER00256,572.9,Uber,Delhi,DEVICE_E,2026-12-28 03:54:00,3,12,0,1.27,1,0,0,0,0
TXN000999,USER00709,1851.13,Uber,Chennai,DEVICE_A,2026-03-07 18:49:00,18,43,0,25.47,0,0,0,0,0
TXN001000,USER01839,1326.84,Uber,Kolkata,DEVICE_C,2026-04-28 06:36:00,6,1,0,14.64,0,0,0,1,1
TXN001001,USER01945,3497.57,Paytm,Kolkata,DEVICE_B,2026-04-30 18:31:00,18,48,0,25.92,0,0,0,0,0
TXN001002,USER00450,1614.45,Swiggy,Bangalore,DEVICE_B,2026-05-28 14:53:00,14,14,0,13.24,0,0,0,0,0
TXN001003,USER00010,176.36,Walmart,Bangalore,DEVICE_B,2026-04-06 13:05:00,13,12,0,13.22,0,0,0,0,0
TXN001004,USER00824,2383.64,Uber,Chennai,DEVICE_B,2026-01-20 01:12:00,1,33,0,2.7,1,0,0,0,0
TXN001005,USER00798,3316.5,Walmart,Hyderabad,DEVICE_C,2026-05-29 16:41:00,16,25,0,47.13,0,0,0,0,0
TXN001006,USER01266,1036.11,Swiggy,Bangalore,DEVICE_E,2026-11-30 06:29:00,6,5,0,9.39,0,0,0,0,0
TXN001007,USER01275,1252.74,Swiggy,Mumbai,DEVICE_B,2026-10-23 04:32:00,4,20,0,17.46,1,0,0,0,0
TXN001008,USER00877,1256.36,Zomato,Bangalore,DEVICE_B,2026-08-09 20:09:00,20,43,1,4.64,0,0,0,0,0
TXN001009,USER01029,647.56,Flipkart,Hyderabad,DEVICE_B,2026-01-25 12:15:00,12,32,1,9.21,0,0,0,0,0
TXN001010,USER01143,10122.85,Myntra,Kolkata,DEVICE_E,2026-03-26 12:33:00,12,14,0,40.89,0,1,0,0,1
TXN001011,USER01016,542.31,Netflix,Delhi,DEVICE_A,2026-04-29 07:09:00,7,34,0,4.7,0,0,0,0,0
TXN001012,USER01825,2527.92,Myntra,Ahmedabad,DEVICE_B,2026-05-02 10:18:00,10,27,0,4.62,0,0,0,0,0
TXN001013,USER00374,2517.48,Paytm,Ahmedabad,DEVICE_B,2026-06-30 13:51:00,13,41,0,6.04,0,0,0,0,0
TXN001014,USER01089,726.27,Netflix,Delhi,DEVICE_B,2026-05-30 05:50:00,5,5,0,17.1,1,0,0,0,0
TXN001015,USER00146,472.13,Swiggy,Kolkata,DEVICE_A,2026-04-30 16:50:00,16,36,0,14.71,0,0,0,0,0
TXN001016,USER00224,996.42,Myntra,Delhi,DEVICE_B,2026-07-24 05:03:00,5,39,0,3.86,1,0,0,0,0
TXN001017,USER01263,2054.04,Apple,Bangalore,DEVICE_A,2026-10-17 15:03:00,15,5,1,23.55,0,0,0,0,0
TXN001018,USER00177,1445.35,Flipkart,Pune,DEVICE_A,2026-06-19 07:25:00,7,10,0,47.62,0,0,0,0,0
TXN001019,USER01803,5621.02,Myntra,Delhi,DEVICE_D,2026-10-26 11:37:00,11,13,0,4.43,0,0,0,0,0
TXN001020,USER00853,646.21,Flipkart,Pune,DEVICE_D,2026-07-05 03:14:00,3,20,1,22.35,1,0,0,0,1
TXN001021,USER01306,660.47,Walmart,Hyderabad,DEVICE_B,2026-12-15 10:44:00,10,19,0,17.66,0,0,0,0,0
TXN001022,USER00063,2424.82,Paytm,Pune,DEVICE_C,2026-08-09 04:51:00,4,4,0,7.98,1,0,0,0,0
TXN001023,USER01241,244.33,Flipkart,Hyderabad,DEVICE_D,2026-12-14 07:55:00,7,44,0,19.24,0,0,0,0,0
TXN001024,USER01878,660.63,Walmart,Bangalore,DEVICE_D,2026-10-06 22:54:00,22,8,0,4.71,0,0,0,0,0
TXN001025,USER00827,975.01,Uber,Kolkata,DEVICE_C,2026-07-10 05:44:00,5,29,0,35.91,1,0,0,0,0
TXN001026,USER00795,1082.66,Walmart,Mumbai,DEVICE_E,2026-07-06 19:03:00,19,41,0,0.45,0,0,0,0,0
TXN001027,USER00689,694.42,Paytm,Bangalore,DEVICE_B,2026-12-29 19:36:00,19,42,0,16.74,0,0,0,0,0
TXN001028,USER01485,212.35,Zomato,Delhi,DEVICE_E,2026-05-01 01:20:00,1,37,0,7.68,1,0,0,0,0
TXN001029,USER01953,3917.53,Uber,Bangalore,DEVICE_E,2026-11-27 13:42:00,13,26,0,42.63,0,0,0,0,0
TXN001030,USER01634,3735.92,Swiggy,Ahmedabad,DEVICE_A,2026-01-20 20:57:00,20,4,0,13.84,0,0,0,0,0
TXN001031,USER00105,245.17,Amazon,Ahmedabad,DEVICE_A,2026-10-22 03:45:00,3,4,1,32.44,1,0,0,0,1
TXN001032,USER01123,2011.13,Walmart,Hyderabad,DEVICE_B,2026-10-25 14:30:00,14,47,0,51.49,0,0,0,0,0
TXN001033,USER00511,971.09,Walmart,Bangalore,DEVICE_C,2026-01-09 05:58:00,5,39,0,8.14,1,0,0,0,0
TXN001034,USER00385,1814.41,Flipkart,Bangalore,DEVICE_A,2026-12-15 13:12:00,13,14,0,42.46,0,0,0,0,0
TXN001035,USER00405,1411.69,Swiggy,Mumbai,DEVICE_D,2026-02-16 17:49:00,17,46,0,25.91,0,0,0,0,0
TXN001036,USER00823,295.44,Myntra,Hyderabad,DEVICE_B,2026-03-28 17:47:00,17,8,0,2.29,0,0,0,0,0
TXN001037,USER00518,2257.08,Apple,Chennai,DEVICE_E,2026-06-03 12:43:00,12,46,0,2.19,0,0,0,0,0
TXN001038,USER00476,667.29,Netflix,Chennai,DEVICE_B,2026-07-04 15:37:00,15,24,1,34.0,0,0,0,0,1
TXN001039,USER00709,105.98,Walmart,Hyderabad,DEVICE_A,2026-01-05 14:30:00,14,7,1,12.63,0,0,0,0,0
TXN001040,USER01887,1311.97,Myntra,Chennai,DEVICE_C,2026-02-09 16:05:00,16,13,1,13.67,0,0,0,0,0
TXN001041,USER01669,268.57,Apple,Delhi,DEVICE_E,2026-09-22 21:07:00,21,38,0,44.37,0,0,0,0,0
TXN001042,USER01894,3072.65,Netflix,Chennai,DEVICE_C,2026-01-27 01:32:00,1,31,1,46.83,1,0,0,0,1
TXN001043,USER00771,843.94,Amazon,Ahmedabad,DEVICE_B,2026-12-12 08:47:00,8,30,0,2.39,0,0,0,0,0
TXN001044,USER01461,1177.36,Flipkart,Delhi,DEVICE_C,2026-03-06 18:15:00,18,22,1,9.36,0,0,0,0,0
TXN001045,USER01047,1750.6,Myntra,Hyderabad,DEVICE_C,2026-09-03 09:16:00,9,43,1,45.12,0,0,0,0,0
TXN001046,USER00997,1205.25,Flipkart,Chennai,DEVICE_B,2026-10-23 20:29:00,20,0,1,34.28,0,0,0,1,0
TXN001047,USER01589,644.24,Netflix,Chennai,DEVICE_E,2026-01-14 07:27:00,7,46,0,25.53,0,0,0,0,0
TXN001048,USER00677,3030.92,Zomato,Kolkata,DEVICE_C,2026-09-17 16:54:00,16,30,0,2.15,0,0,0,0,0
TXN001049,USER00714,994.56,Walmart,Pune,DEVICE_C,2026-12-12 14:08:00,14,6,0,19.41,0,0,0,0,0
TXN001050,USER01482,398.71,Uber,Delhi,DEVICE_B,2026-09-12 00:38:00,0,14,0,17.44,1,0,0,0,0
TXN001051,USER00083,1509.15,Apple,Delhi,DEVICE_D,2026-05-23 01:34:00,1,41,0,3.66,1,0,0,0,0
TXN001052,USER01169,1019.98,Swiggy,Bangalore,DEVICE_C,2026-01-11 07:13:00,7,5,0,29.73,0,0,0,0,0
TXN001053,USER01109,1074.21,Paytm,Mumbai,DEVICE_A,2026-05-23 22:30:00,22,15,0,7.48,0,0,0,0,0
TXN001054,USER01102,1228.04,Walmart,Ahmedabad,DEVICE_E,2026-07-13 23:52:00,23,13,0,19.38,0,0,0,0,0
TXN001055,USER00457,1153.3,Uber,Chennai,DEVICE_C,2026-06-13 01:57:00,1,43,0,8.98,1,0,0,0,0
TXN001056,USER01902,4071.38,Paytm,Kolkata,DEVICE_B,2026-11-10 19:03:00,19,16,1,1.76,0,0,0,0,0
TXN001057,USER00001,533.29,Myntra,Mumbai,DEVICE_A,2026-09-27 04:07:00,4,9,0,14.88,1,0,0,0,0
TXN001058,USER00051,168.56,Paytm,Pune,DEVICE_B,2026-05-13 14:34:00,14,28,0,7.32,0,0,0,0,0
TXN001059,USER00685,1097.21,Amazon,Pune,DEVICE_C,2026-02-24 17:09:00,17,41,0,1.48,0,0,0,0,0
TXN001060,USER00717,2318.47,Walmart,Ahmedabad,DEVICE_A,2026-02-17 03:07:00,3,7,0,4.43,1,0,0,0,0
TXN001061,USER01796,268.33,Flipkart,Kolkata,DEVICE_E,2026-03-31 01:03:00,1,10,0,19.29,1,0,0,0,0
TXN001062,USER01470,1522.45,Zomato,Mumbai,DEVICE_E,2026-09-10 23:17:00,23,17,0,2.14,0,0,0,0,0
TXN001063,USER00449,309.21,Swiggy,Ahmedabad,DEVICE_E,2026-06-13 23:27:00,23,44,1,1.83,0,0,0,0,0
TXN001064,USER00881,2343.46,Flipkart,Ahmedabad,DEVICE_D,2026-06-03 23:40:00,23,19,0,57.66,0,0,0,0,0
TXN001065,USER00488,1107.33,Uber,Ahmedabad,DEVICE_B,2026-09-09 18:43:00,18,15,0,2.28,0,0,0,0,0
TXN001066,USER01824,496.77,Walmart,Ahmedabad,DEVICE_C,2026-01-29 11:54:00,11,26,0,9.43,0,0,0,0,0
TXN001067,USER00034,259.0,Zomato,Chennai,DEVICE_A,2026-12-01 02:26:00,2,22,0,2.86,1,0,0,0,1
TXN001068,USER01372,7808.52,Paytm,Pune,DEVICE_B,2026-03-25 19:46:00,19,13,0,56.03,0,0,0,0,0
TXN001069,USER00095,8731.74,Walmart,Ahmedabad,DEVICE_C,2026-06-01 23:53:00,23,11,0,13.12,0,0,0,0,0
TXN001070,USER01096,415.23,Paytm,Kolkata,DEVICE_D,2026-02-18 10:45:00,10,44,0,2.36,0,0,0,0,0
TXN001071,USER01575,406.53,Myntra,Delhi,DEVICE_C,2026-07-18 06:18:00,6,26,0,29.29,0,0,0,0,0
TXN001072,USER00154,1177.53,Amazon,Bangalore,DEVICE_B,2026-08-07 07:46:00,7,12,0,30.35,0,0,0,0,0
TXN001073,USER00250,775.07,Netflix,Kolkata,DEVICE_C,2026-04-09 17:00:00,17,15,0,46.29,0,0,0,0,0
TXN001074,USER00674,817.72,Walmart,Hyderabad,DEVICE_A,2026-05-07 13:35:00,13,32,1,24.46,0,0,0,0,1
TXN001075,USER00438,1415.67,Uber,Pune,DEVICE_D,2026-05-03 08:37:00,8,23,0,1.13,0,0,0,0,0
TXN001076,USER00118,6160.84,Paytm,Ahmedabad,DEVICE_A,2026-07-08 00:49:00,0,11,1,15.98,1,0,0,0,0
TXN001077,USER00771,3736.47,Flipkart,Pune,DEVICE_D,2026-10-24 22:53:00,22,8,0,9.69,0,0,0,0,0
TXN001078,USER01915,822.02,Myntra,Ahmedabad,DEVICE_D,2026-12-06 20:43:00,20,12,0,27.61,0,0,0,0,0
TXN001079,USER01330,2100.44,Uber,Chennai,DEVICE_C,2026-04-13 12:05:00,12,44,0,17.88,0,0,0,0,0
TXN001080,USER00268,208.03,Swiggy,Chennai,DEVICE_A,2026-12-20 11:56:00,11,7,0,25.83,0,0,0,0,0
TXN001081,USER01985,1239.31,Netflix,Hyderabad,DEVICE_D,2026-11-02 08:44:00,8,49,0,3.98,0,0,0,0,0
TXN001082,USER01078,886.26,Myntra,Pune,DEVICE_D,2026-10-21 13:06:00,13,17,0,11.49,0,0,0,0,0
TXN001083,USER00236,2610.01,Amazon,Ahmedabad,DEVICE_C,2026-01-27 00:38:00,0,26,0,11.32,1,0,0,0,0
TXN001084,USER00389,1919.34,Netflix,Mumbai,DEVICE_B,2026-12-08 16:59:00,16,40,0,79.24,0,0,0,0,0
TXN001085,USER00990,1448.08,Paytm,Bangalore,DEVICE_B,2026-10-02 07:57:00,7,32,1,0.39,0,0,0,0,0
TXN001086,USER01758,1659.42,Uber,Mumbai,DEVICE_E,2026-09-18 23:35:00,23,6,1,33.86,0,0,0,0,0
TXN001087,USER00763,742.34,Swiggy,Hyderabad,DEVICE_E,2026-01-29 18:34:00,18,12,0,2.04,0,0,0,0,0
TXN001088,USER01849,2619.87,Apple,Hyderabad,DEVICE_D,2026-10-20 15:36:00,15,14,0,1.68,0,0,0,0,0
TXN001089,USER00401,1659.25,Amazon,Bangalore,DEVICE_B,2026-11-05 23:08:00,23,33,0,7.96,0,0,0,0,0
TXN001090,USER00624,947.64,Zomato,Hyderabad,DEVICE_D,2026-10-08 15:20:00,15,39,0,24.13,0,0,0,0,0
TXN001091,USER00767,1198.55,Paytm,Hyderabad,DEVICE_A,2026-04-26 14:18:00,14,19,0,22.69,0,0,0,0,0
TXN001092,USER01327,2344.16,Apple,Pune,DEVICE_B,2026-03-15 09:16:00,9,36,0,19.77,0,0,0,0,0
TXN001093,USER00919,2552.49,Walmart,Kolkata,DEVICE_B,2026-05-28 10:14:00,10,40,1,29.79,0,0,0,0,0
TXN001094,USER01231,805.92,Swiggy,Ahmedabad,DEVICE_B,2026-01-11 13:39:00,13,16,0,5.29,0,0,0,0,0
TXN001095,USER01253,490.61,Flipkart,Pune,DEVICE_E,2026-04-20 14:04:00,14,28,0,20.09,0,0,0,0,0
TXN001096,USER00853,727.72,Zomato,Bangalore,DEVICE_C,2026-08-08 23:48:00,23,20,0,20.32,0,0,0,0,0
TXN001097,USER01934,762.26,Uber,Chennai,DEVICE_C,2026-01-09 17:25:00,17,13,0,21.25,0,0,0,0,0
TXN001098,USER00578,1225.28,Swiggy,Mumbai,DEVICE_E,2026-06-23 02:02:00,2,28,0,18.05,1,0,0,0,0
TXN001099,USER00075,3221.74,Netflix,Chennai,DEVICE_E,2026-11-02 04:46:00,4,40,0,5.01,1,0,0,0,0
TXN001100,USER00435,718.04,Myntra,Chennai,DEVICE_E,2026-01-31 07:54:00,7,46,0,49.14,0,0,0,0,0
TXN001101,USER00103,1554.98,Netflix,Kolkata,DEVICE_C,2026-04-11 06:44:00,6,21,1,74.6,0,0,0,0,0
TXN001102,USER01446,929.08,Netflix,Mumbai,DEVICE_D,2026-01-22 23:48:00,23,32,0,23.37,0,0,0,0,0
TXN001103,USER01728,1115.66,Walmart,Chennai,DEVICE_E,2026-08-09 04:50:00,4,12,0,11.74,1,0,0,0,0
TXN001104,USER00764,1440.39,Amazon,Ahmedabad,DEVICE_D,2026-02-09 23:53:00,23,41,1,15.41,0,0,0,0,0
TXN001105,USER00738,3233.86,Flipkart,Bangalore,DEVICE_D,2026-12-03 17:53:00,17,30,0,2.29,0,0,0,0,0
TXN001106,USER00806,1370.06,Zomato,Mumbai,DEVICE_A,2026-10-20 12:38:00,12,11,0,9.03,0,0,0,0,0
TXN001107,USER01330,107.4,Amazon,Delhi,DEVICE_C,2026-02-12 09:18:00,9,31,0,74.71,0,0,0,0,0
TXN001108,USER00098,916.71,Swiggy,Kolkata,DEVICE_D,2026-10-25 10:35:00,10,45,1,15.87,0,0,0,0,1
TXN001109,USER01874,4501.62,Netflix,Ahmedabad,DEVICE_C,2026-08-21 07:04:00,7,5,0,16.45,0,0,0,0,0
TXN001110,USER00798,3065.22,Walmart,Chennai,DEVICE_C,2026-05-07 08:28:00,8,10,0,61.57,0,0,0,0,0
TXN001111,USER01359,2234.04,Swiggy,Ahmedabad,DEVICE_A,2026-06-16 07:13:00,7,22,0,43.49,0,0,0,0,0
TXN001112,USER00859,3169.74,Myntra,Ahmedabad,DEVICE_C,2026-01-25 16:40:00,16,6,0,16.82,0,0,0,0,0
TXN001113,USER00435,2302.2,Flipkart,Hyderabad,DEVICE_D,2026-09-01 12:12:00,12,19,0,6.27,0,0,0,0,0
TXN001114,USER00447,3114.91,Zomato,Mumbai,DEVICE_B,2026-06-09 13:52:00,13,3,0,2.49,0,0,0,0,0
TXN001115,USER01332,401.11,Myntra,Delhi,DEVICE_D,2026-03-06 08:50:00,8,20,1,39.85,0,0,0,0,0
TXN001116,USER00249,1039.12,Walmart,Hyderabad,DEVICE_D,2026-04-17 23:41:00,23,43,0,50.54,0,0,0,0,0
TXN001117,USER00166,1252.38,Flipkart,Ahmedabad,DEVICE_C,2026-01-10 08:13:00,8,29,1,13.64,0,0,0,0,1
TXN001118,USER01505,1151.29,Swiggy,Delhi,DEVICE_D,2026-01-14 10:14:00,10,24,0,1.99,0,0,0,0,0
TXN001119,USER00984,652.39,Netflix,Ahmedabad,DEVICE_B,2026-08-25 04:03:00,4,30,0,18.64,1,0,0,0,0
TXN001120,USER01359,1250.99,Netflix,Chennai,DEVICE_C,2026-11-23 12:33:00,12,1,1,9.16,0,0,0,1,0
TXN001121,USER01020,237.41,Paytm,Ahmedabad,DEVICE_E,2026-07-23 09:35:00,9,19,0,3.44,0,0,0,0,0
TXN001122,USER00542,1648.88,Netflix,Hyderabad,DEVICE_D,2026-04-30 16:09:00,16,45,0,50.3,0,0,0,0,0
TXN001123,USER00759,598.0,Apple,Chennai,DEVICE_D,2026-02-17 18:08:00,18,40,0,5.47,0,0,0,0,0
TXN001124,USER01130,154.71,Netflix,Hyderabad,DEVICE_A,2026-06-07 18:30:00,18,13,0,24.84,0,0,0,0,0
TXN001125,USER01587,1113.05,Apple,Mumbai,DEVICE_E,2026-03-12 08:56:00,8,37,0,11.22,0,0,0,0,0
TXN001126,USER00081,4417.39,Uber,Ahmedabad,DEVICE_E,2026-12-19 16:41:00,16,22,0,35.2,0,0,0,0,0
TXN001127,USER00133,198.19,Apple,Pune,DEVICE_B,2026-12-22 23:45:00,23,4,0,24.14,0,0,0,0,0
TXN001128,USER00797,881.18,Flipkart,Bangalore,DEVICE_E,2026-02-14 04:39:00,4,18,0,2.63,1,0,0,0,0
TXN001129,USER00900,254.7,Myntra,Pune,DEVICE_A,2026-06-29 17:22:00,17,49,0,11.94,0,0,0,0,0
TXN001130,USER00138,1382.09,Flipkart,Bangalore,DEVICE_B,2026-07-24 15:04:00,15,6,0,6.02,0,0,0,0,0
TXN001131,USER00184,2401.71,Myntra,Pune,DEVICE_E,2026-05-11 09:07:00,9,20,0,25.01,0,0,0,0,0
TXN001132,USER01425,529.37,Paytm,Delhi,DEVICE_B,2026-11-10 06:15:00,6,32,0,15.74,0,0,0,0,0
TXN001133,USER01354,749.01,Uber,Kolkata,DEVICE_E,2026-06-04 13:21:00,13,19,0,8.32,0,0,0,0,0
TXN001134,USER00785,959.28,Myntra,Hyderabad,DEVICE_E,2026-07-27 08:00:00,8,8,1,7.99,0,0,0,0,0
TXN001135,USER01532,3345.82,Myntra,Chennai,DEVICE_E,2026-09-19 03:37:00,3,30,0,2.43,1,0,0,0,0
TXN001136,USER01876,311.58,Walmart,Kolkata,DEVICE_D,2026-02-15 17:30:00,17,7,0,4.81,0,0,0,0,0
TXN001137,USER00984,728.88,Amazon,Mumbai,DEVICE_E,2026-07-29 03:05:00,3,10,0,25.0,1,0,0,0,0
TXN001138,USER00069,4508.13,Amazon,Mumbai,DEVICE_D,2026-06-21 18:40:00,18,6,0,18.83,0,0,0,0,0
TXN001139,USER00546,569.85,Walmart,Mumbai,DEVICE_C,2026-06-28 13:00:00,13,20,0,8.79,0,0,0,0,0
TXN001140,USER01798,768.89,Netflix,Bangalore,DEVICE_A,2026-08-18 08:57:00,8,48,0,36.17,0,0,0,0,0
TXN001141,USER00053,1289.64,Walmart,Chennai,DEVICE_B,2026-05-06 05:23:00,5,27,0,13.25,1,0,0,0,0
TXN001142,USER01474,8905.77,Myntra,Mumbai,DEVICE_B,2026-08-11 11:38:00,11,14,0,31.64,0,0,0,0,0
TXN001143,USER00205,401.16,Myntra,Mumbai,DEVICE_C,2026-06-15 12:59:00,12,7,0,30.39,0,0,0,0,0
TXN001144,USER00126,2164.24,Walmart,Pune,DEVICE_E,2026-07-22 15:33:00,15,11,0,37.68,0,0,0,0,0
TXN001145,USER01771,376.53,Walmart,Delhi,DEVICE_A,2026-01-30 10:21:00,10,4,0,37.91,0,0,0,0,0
TXN001146,USER00043,442.84,Netflix,Hyderabad,DEVICE_C,2026-01-18 05:40:00,5,7,0,22.73,1,0,0,0,1
TXN001147,USER01776,690.84,Flipkart,Hyderabad,DEVICE_C,2026-11-29 08:28:00,8,36,1,27.68,0,0,0,0,0
TXN001148,USER01995,1666.3,Uber,Ahmedabad,DEVICE_B,2026-07-09 23:58:00,23,13,0,30.0,0,0,0,0,0
TXN001149,USER01907,668.63,Swiggy,Hyderabad,DEVICE_D,2026-09-05 00:58:00,0,3,0,3.71,1,0,0,0,0
TXN001150,USER00111,1235.98,Myntra,Kolkata,DEVICE_D,2026-10-01 18:29:00,18,26,0,7.14,0,0,0,0,0
TXN001151,USER00761,574.93,Uber,Pune,DEVICE_E,2026-09-29 11:23:00,11,14,0,2.2,0,0,0,0,0
TXN001152,USER01687,1180.08,Walmart,Pune,DEVICE_E,2026-07-05 02:13:00,2,19,0,4.2,1,0,0,0,1
TXN001153,USER01207,341.06,Netflix,Delhi,DEVICE_C,2026-01-01 04:05:00,4,21,0,30.13,1,0,0,0,0
TXN001154,USER00848,348.78,Apple,Bangalore,DEVICE_E,2026-02-01 06:27:00,6,41,0,58.79,0,0,0,0,0
TXN001155,USER00095,690.78,Netflix,Kolkata,DEVICE_D,2026-02-10 15:51:00,15,48,0,22.39,0,0,0,0,0
TXN001156,USER01995,1900.7,Zomato,Delhi,DEVICE_A,2026-04-20 18:01:00,18,35,0,43.44,0,0,0,0,0
TXN001157,USER01398,1305.6,Zomato,Mumbai,DEVICE_B,2026-12-10 13:59:00,13,29,1,7.65,0,0,0,0,0
TXN001158,USER01936,546.24,Uber,Chennai,DEVICE_D,2026-02-22 08:07:00,8,32,0,37.39,0,0,0,0,0
TXN001159,USER01544,396.07,Amazon,Kolkata,DEVICE_E,2026-11-29 08:52:00,8,27,0,8.27,0,0,0,0,0
TXN001160,USER00900,2780.62,Zomato,Kolkata,DEVICE_B,2026-08-24 02:00:00,2,37,0,44.92,1,0,0,0,0
TXN001161,USER00360,3740.29,Zomato,Mumbai,DEVICE_B,2026-11-27 16:15:00,16,39,0,31.99,0,0,0,0,0
TXN001162,USER00900,1731.86,Flipkart,Mumbai,DEVICE_C,2026-08-26 03:25:00,3,3,0,82.21,1,0,0,0,0
TXN001163,USER01720,1510.19,Apple,Chennai,DEVICE_E,2026-04-23 23:12:00,23,13,0,35.12,0,0,0,0,0
TXN001164,USER00281,160.13,Flipkart,Hyderabad,DEVICE_C,2026-04-19 00:23:00,0,1,1,10.16,1,0,0,1,0
TXN001165,USER01219,1871.09,Apple,Kolkata,DEVICE_B,2026-08-12 18:47:00,18,36,0,2.33,0,0,0,0,0
TXN001166,USER01888,4580.55,Paytm,Delhi,DEVICE_C,2026-10-13 02:39:00,2,46,0,41.47,1,0,0,0,0
TXN001167,USER01219,2878.41,Swiggy,Bangalore,DEVICE_E,2026-01-16 05:18:00,5,18,0,16.93,1,0,0,0,0
TXN001168,USER00667,2741.47,Myntra,Mumbai,DEVICE_D,2026-05-28 22:10:00,22,13,0,39.06,0,0,0,0,0
TXN001169,USER00093,247.2,Zomato,Mumbai,DEVICE_A,2026-09-03 02:35:00,2,6,1,9.79,1,0,0,0,1
TXN001170,USER00672,581.8,Myntra,Bangalore,DEVICE_D,2026-08-13 17:46:00,17,8,0,0.59,0,0,0,0,0
TXN001171,USER01970,962.61,Zomato,Delhi,DEVICE_B,2026-09-01 09:43:00,9,32,1,1.08,0,0,0,0,0
TXN001172,USER00061,577.97,Flipkart,Ahmedabad,DEVICE_D,2026-03-23 07:44:00,7,23,0,22.2,0,0,0,0,0
TXN001173,USER00634,386.11,Swiggy,Mumbai,DEVICE_C,2026-10-13 05:52:00,5,41,0,2.43,1,0,0,0,0
TXN001174,USER01075,1599.11,Flipkart,Bangalore,DEVICE_E,2026-02-16 09:54:00,9,42,1,27.37,0,0,0,0,0
TXN001175,USER01427,2689.38,Flipkart,Pune,DEVICE_D,2026-04-24 05:52:00,5,20,0,10.88,1,0,0,0,1
TXN001176,USER01813,312.07,Apple,Mumbai,DEVICE_D,2026-11-27 05:11:00,5,43,0,16.56,1,0,0,0,0
TXN001177,USER01029,2790.92,Amazon,Hyderabad,DEVICE_E,2026-06-23 10:32:00,10,0,0,32.31,0,0,0,1,0
TXN001178,USER01490,1340.67,Netflix,Hyderabad,DEVICE_C,2026-12-23 05:23:00,5,20,0,5.84,1,0,0,0,0
TXN001179,USER00604,4725.51,Uber,Mumbai,DEVICE_A,2026-08-20 10:40:00,10,39,0,10.65,0,0,0,0,0
TXN001180,USER00682,2242.5,Myntra,Pune,DEVICE_D,2026-11-02 15:08:00,15,23,0,26.15,0,0,0,0,0
TXN001181,USER01853,1232.63,Paytm,Mumbai,DEVICE_B,2026-02-26 08:07:00,8,37,0,50.13,0,0,0,0,0
TXN001182,USER00534,1241.35,Zomato,Ahmedabad,DEVICE_C,2026-06-22 10:08:00,10,43,0,6.86,0,0,0,0,0
TXN001183,USER01429,1098.74,Flipkart,Ahmedabad,DEVICE_C,2026-01-08 05:02:00,5,40,1,19.5,1,0,0,0,1
TXN001184,USER00838,5634.82,Amazon,Hyderabad,DEVICE_D,2026-04-30 09:35:00,9,3,0,60.41,0,0,0,0,0
TXN001185,USER01537,1902.36,Flipkart,Ahmedabad,DEVICE_E,2026-09-19 11:34:00,11,5,0,20.93,0,0,0,0,0
TXN001186,USER00645,787.46,Swiggy,Pune,DEVICE_D,2026-11-07 09:39:00,9,2,0,44.66,0,0,0,0,0
TXN001187,USER00233,1830.51,Apple,Ahmedabad,DEVICE_D,2026-11-11 07:27:00,7,33,0,56.18,0,0,0,0,0
TXN001188,USER00524,1668.16,Paytm,Mumbai,DEVICE_E,2026-04-06 03:10:00,3,24,0,53.0,1,0,0,0,0
TXN001189,USER00346,749.54,Netflix,Pune,DEVICE_B,2026-02-16 09:01:00,9,26,0,28.42,0,0,0,0,0
TXN001190,USER01070,524.2,Swiggy,Delhi,DEVICE_E,2026-07-26 13:25:00,13,17,0,16.06,0,0,0,0,0
TXN001191,USER00546,3177.21,Walmart,Delhi,DEVICE_D,2026-04-27 05:26:00,5,4,0,2.04,1,0,0,0,0
TXN001192,USER01969,865.96,Paytm,Chennai,DEVICE_A,2026-11-24 08:49:00,8,23,0,5.04,0,0,0,0,0
TXN001193,USER01102,823.29,Flipkart,Delhi,DEVICE_E,2026-05-09 06:32:00,6,31,0,5.91,0,0,0,0,0
TXN001194,USER01754,1851.29,Swiggy,Kolkata,DEVICE_B,2026-02-07 01:26:00,1,20,0,0.68,1,0,0,0,0
TXN001195,USER01837,688.15,Netflix,Pune,DEVICE_E,2026-10-13 16:13:00,16,43,0,2.15,0,0,0,0,0
TXN001196,USER01947,1347.19,Amazon,Kolkata,DEVICE_E,2026-03-25 20:14:00,20,33,0,6.98,0,0,0,0,0
TXN001197,USER01097,778.82,Amazon,Kolkata,DEVICE_C,2026-03-17 02:37:00,2,28,0,1.9,1,0,0,0,0
TXN001198,USER00794,107.62,Myntra,Mumbai,DEVICE_C,2026-07-07 17:22:00,17,4,0,3.72,0,0,0,0,0
TXN001199,USER00249,1552.65,Netflix,Mumbai,DEVICE_D,2026-01-01 18:07:00,18,49,0,1.12,0,0,0,0,0
TXN001200,USER00047,1388.03,Amazon,Bangalore,DEVICE_D,2026-04-12 03:45:00,3,27,1,10.78,1,0,0,0,0
TXN001201,USER01145,1507.85,Swiggy,Pune,DEVICE_E,2026-03-30 01:47:00,1,5,0,34.44,1,0,0,0,0
TXN001202,USER00214,169.36,Myntra,Kolkata,DEVICE_A,2026-10-21 21:48:00,21,10,0,33.45,0,0,0,0,0
TXN001203,USER00239,325.18,Amazon,Kolkata,DEVICE_D,2026-12-01 05:36:00,5,38,0,47.05,1,0,0,0,0
TXN001204,USER01080,3122.13,Paytm,Delhi,DEVICE_E,2026-08-22 02:51:00,2,47,0,27.38,1,0,0,0,0
TXN001205,USER00350,1172.05,Apple,Hyderabad,DEVICE_E,2026-11-15 03:31:00,3,7,0,5.61,1,0,0,0,0
TXN001206,USER00107,199.51,Walmart,Pune,DEVICE_E,2026-10-28 08:13:00,8,34,1,24.24,0,0,0,0,0
TXN001207,USER00831,1183.38,Netflix,Hyderabad,DEVICE_E,2026-06-25 21:22:00,21,10,0,28.03,0,0,0,0,0
TXN001208,USER00048,266.98,Swiggy,Pune,DEVICE_E,2026-05-02 19:33:00,19,19,0,15.67,0,0,0,0,0
TXN001209,USER01597,654.61,Zomato,Pune,DEVICE_C,2026-05-12 20:12:00,20,42,0,32.9,0,0,0,0,0
TXN001210,USER00337,1377.77,Flipkart,Chennai,DEVICE_B,2026-08-05 17:51:00,17,21,0,1.48,0,0,0,0,0
TXN001211,USER01050,1379.56,Swiggy,Bangalore,DEVICE_B,2026-11-02 01:09:00,1,40,0,18.07,1,0,0,0,0
TXN001212,USER00804,2713.97,Amazon,Hyderabad,DEVICE_E,2026-08-11 00:39:00,0,11,0,13.07,1,0,0,0,0
TXN001213,USER01281,1666.94,Swiggy,Chennai,DEVICE_D,2026-09-03 15:40:00,15,47,1,32.72,0,0,0,0,0
TXN001214,USER00008,1764.19,Zomato,Delhi,DEVICE_A,2026-04-29 19:37:00,19,4,0,2.74,0,0,0,0,0
TXN001215,USER00625,777.96,Flipkart,Bangalore,DEVICE_E,2026-03-03 23:17:00,23,33,0,4.78,0,0,0,0,0
TXN001216,USER01891,510.12,Myntra,Bangalore,DEVICE_A,2026-05-03 00:07:00,0,41,1,16.36,1,0,0,0,0
TXN001217,USER01277,1146.0,Amazon,Kolkata,DEVICE_C,2026-07-25 17:23:00,17,33,0,58.83,0,0,0,0,0
TXN001218,USER01716,2746.5,Uber,Pune,DEVICE_B,2026-07-26 11:33:00,11,29,0,1.74,0,0,0,0,0
TXN001219,USER00719,2306.44,Amazon,Ahmedabad,DEVICE_C,2026-12-27 21:30:00,21,22,0,27.2,0,0,0,0,0
TXN001220,USER00303,915.07,Walmart,Pune,DEVICE_D,2026-02-09 09:55:00,9,35,1,4.6,0,0,0,0,0
TXN001221,USER00639,1039.32,Uber,Mumbai,DEVICE_D,2026-02-11 08:06:00,8,24,0,2.23,0,0,0,0,0
TXN001222,USER00056,486.8,Walmart,Pune,DEVICE_E,2026-06-02 07:57:00,7,47,0,10.04,0,0,0,0,0
TXN001223,USER00726,3088.55,Zomato,Pune,DEVICE_D,2026-01-07 01:42:00,1,5,0,17.5,1,0,0,0,1
TXN001224,USER00526,4691.97,Netflix,Pune,DEVICE_D,2026-05-21 18:55:00,18,41,0,35.09,0,0,0,0,0
TXN001225,USER00474,1628.47,Flipkart,Kolkata,DEVICE_C,2026-04-04 20:26:00,20,28,0,20.14,0,0,0,0,0
TXN001226,USER00028,251.61,Apple,Delhi,DEVICE_A,2026-12-23 02:48:00,2,20,1,13.53,1,0,0,0,0
TXN001227,USER00078,2010.34,Myntra,Pune,DEVICE_B,2026-08-01 19:50:00,19,6,0,6.73,0,0,0,0,0
TXN001228,USER01240,4861.37,Apple,Ahmedabad,DEVICE_D,2026-03-02 21:39:00,21,36,0,6.92,0,0,0,0,0
TXN001229,USER01410,400.76,Paytm,Kolkata,DEVICE_D,2026-04-05 22:45:00,22,44,0,29.44,0,0,0,0,0
TXN001230,USER00365,2347.87,Paytm,Ahmedabad,DEVICE_C,2026-08-19 06:15:00,6,40,1,2.42,0,0,0,0,0
TXN001231,USER00666,925.92,Zomato,Bangalore,DEVICE_B,2026-08-19 15:20:00,15,8,0,3.17,0,0,0,0,0
TXN001232,USER00526,3359.21,Netflix,Kolkata,DEVICE_C,2026-02-17 05:19:00,5,46,1,25.44,1,0,0,0,0
TXN001233,USER00699,386.84,Paytm,Pune,DEVICE_A,2026-11-28 10:40:00,10,35,1,64.91,0,0,0,0,0
TXN001234,USER01336,742.26,Amazon,Chennai,DEVICE_C,2026-10-26 12:24:00,12,0,1,2.56,0,0,0,1,1
TXN001235,USER00883,267.43,Swiggy,Kolkata,DEVICE_B,2026-09-24 07:56:00,7,30,1,18.8,0,0,0,0,1
TXN001236,USER01031,1488.59,Walmart,Hyderabad,DEVICE_B,2026-03-19 18:14:00,18,19,1,5.47,0,0,0,0,1
TXN001237,USER01027,1804.05,Paytm,Delhi,DEVICE_D,2026-09-07 21:53:00,21,27,0,0.52,0,0,0,0,0
TXN001238,USER01647,1494.54,Zomato,Delhi,DEVICE_A,2026-08-04 02:50:00,2,45,0,35.71,1,0,0,0,1
TXN001239,USER00919,689.42,Walmart,Bangalore,DEVICE_E,2026-01-01 10:04:00,10,18,0,14.21,0,0,0,0,0
TXN001240,USER00750,738.43,Amazon,Kolkata,DEVICE_D,2026-09-02 01:53:00,1,0,0,0.48,1,0,0,1,0
TXN001241,USER00363,816.9,Netflix,Ahmedabad,DEVICE_C,2026-08-28 21:44:00,21,28,0,45.16,0,0,0,0,0
TXN001242,USER01775,2432.76,Flipkart,Ahmedabad,DEVICE_C,2026-02-23 11:14:00,11,9,0,15.34,0,0,0,0,0
TXN001243,USER01532,296.67,Apple,Bangalore,DEVICE_B,2026-09-16 00:13:00,0,35,0,26.72,1,0,0,0,0
TXN001244,USER01298,807.14,Amazon,Bangalore,DEVICE_B,2026-02-19 23:43:00,23,22,1,11.02,0,0,0,0,0
TXN001245,USER01530,291.46,Myntra,Chennai,DEVICE_B,2026-04-17 09:35:00,9,17,0,4.09,0,0,0,0,0
TXN001246,USER00806,758.76,Uber,Mumbai,DEVICE_E,2026-01-05 13:18:00,13,28,0,12.53,0,0,0,0,0
TXN001247,USER00739,1082.68,Zomato,Bangalore,DEVICE_E,2026-05-16 03:41:00,3,27,0,6.78,1,0,0,0,0
TXN001248,USER01907,7262.03,Apple,Mumbai,DEVICE_D,2026-08-17 04:30:00,4,43,0,7.04,1,0,0,0,0
TXN001249,USER01039,601.28,Myntra,Ahmedabad,DEVICE_E,2026-09-18 07:30:00,7,6,0,20.65,0,0,0,0,0
TXN001250,USER01216,2763.8,Flipkart,Mumbai,DEVICE_B,2026-01-10 00:50:00,0,30,1,1.98,1,0,0,0,0
TXN001251,USER01655,235.26,Myntra,Delhi,DEVICE_D,2026-04-05 20:12:00,20,37,0,10.12,0,0,0,0,0
TXN001252,USER00485,1136.62,Netflix,Ahmedabad,DEVICE_D,2026-03-12 04:22:00,4,40,0,15.82,1,0,0,0,0
TXN001253,USER00028,1134.4,Uber,Hyderabad,DEVICE_A,2026-10-30 02:00:00,2,1,0,24.75,1,0,0,1,1
TXN001254,USER00714,2144.61,Walmart,Ahmedabad,DEVICE_E,2026-09-30 14:21:00,14,14,0,20.04,0,0,0,0,0
TXN001255,USER01063,670.76,Apple,Hyderabad,DEVICE_C,2026-07-25 06:49:00,6,21,0,43.47,0,0,0,0,0
TXN001256,USER01977,541.09,Uber,Kolkata,DEVICE_C,2026-06-20 12:10:00,12,44,0,97.55,0,0,0,0,0
TXN001257,USER01297,168.66,Swiggy,Chennai,DEVICE_A,2026-11-27 16:37:00,16,10,1,55.43,0,0,0,0,0
TXN001258,USER01255,1477.26,Amazon,Chennai,DEVICE_B,2026-12-08 12:07:00,12,18,0,28.89,0,0,0,0,0
TXN001259,USER00086,615.32,Swiggy,Hyderabad,DEVICE_A,2026-11-12 17:35:00,17,5,0,23.17,0,0,0,0,0
TXN001260,USER01498,2759.74,Amazon,Kolkata,DEVICE_B,2026-10-30 21:42:00,21,8,1,0.72,0,0,0,0,0
TXN001261,USER00126,1738.18,Netflix,Ahmedabad,DEVICE_E,2026-09-09 15:27:00,15,43,1,15.25,0,0,0,0,0
TXN001262,USER00812,3187.36,Uber,Pune,DEVICE_E,2026-07-19 05:00:00,5,28,0,21.8,1,0,0,0,0
TXN001263,USER00537,499.61,Flipkart,Hyderabad,DEVICE_D,2026-04-27 16:32:00,16,42,0,10.65,0,0,0,0,0
TXN001264,USER00145,1318.26,Paytm,Ahmedabad,DEVICE_D,2026-06-24 16:14:00,16,2,0,9.72,0,0,0,0,0
TXN001265,USER01549,1301.09,Myntra,Kolkata,DEVICE_D,2026-07-27 08:15:00,8,49,0,15.64,0,0,0,0,0
TXN001266,USER01236,701.69,Paytm,Kolkata,DEVICE_D,2026-10-09 01:35:00,1,44,0,47.43,1,0,0,0,0
TXN001267,USER00025,3318.71,Uber,Kolkata,DEVICE_C,2026-04-17 23:54:00,23,12,0,6.05,0,0,0,0,0
TXN001268,USER01604,2215.43,Swiggy,Kolkata,DEVICE_D,2026-08-23 07:42:00,7,46,0,10.19,0,0,0,0,0
TXN001269,USER01418,6820.35,Paytm,Delhi,DEVICE_D,2026-08-26 09:38:00,9,46,0,21.17,0,0,0,0,0
TXN001270,USER00067,2049.17,Zomato,Ahmedabad,DEVICE_D,2026-09-25 20:15:00,20,14,0,4.12,0,0,0,0,0
TXN001271,USER00233,5895.81,Paytm,Delhi,DEVICE_B,2026-11-15 10:10:00,10,4,1,36.02,0,0,0,0,0
TXN001272,USER00109,5776.33,Amazon,Hyderabad,DEVICE_D,2026-05-23 10:24:00,10,4,0,21.94,0,0,0,0,0
TXN001273,USER01170,704.58,Zomato,Kolkata,DEVICE_A,2026-06-28 01:48:00,1,1,0,8.69,1,0,0,1,0
TXN001274,USER00111,292.19,Apple,Bangalore,DEVICE_D,2026-02-18 21:35:00,21,49,0,25.61,0,0,0,0,0
TXN001275,USER00228,5003.67,Paytm,Kolkata,DEVICE_D,2026-08-28 20:15:00,20,37,0,6.55,0,0,0,0,0
TXN001276,USER00111,2047.64,Zomato,Bangalore,DEVICE_C,2026-08-24 05:12:00,5,49,0,29.79,1,0,0,0,0
TXN001277,USER01494,1753.11,Uber,Delhi,DEVICE_D,2026-02-12 16:36:00,16,29,0,1.47,0,0,0,0,0
TXN001278,USER00034,732.32,Myntra,Kolkata,DEVICE_B,2026-05-08 10:56:00,10,27,0,11.13,0,0,0,0,0
TXN001279,USER00623,1567.81,Apple,Mumbai,DEVICE_E,2026-08-07 03:47:00,3,38,0,6.07,1,0,0,0,1
TXN001280,USER01800,2739.01,Flipkart,Hyderabad,DEVICE_D,2026-01-14 11:36:00,11,31,0,33.93,0,0,0,0,0
TXN001281,USER01960,1983.72,Flipkart,Kolkata,DEVICE_D,2026-01-22 13:37:00,13,19,0,27.95,0,0,0,0,0
TXN001282,USER01393,631.16,Netflix,Chennai,DEVICE_D,2026-09-26 05:45:00,5,19,0,36.89,1,0,0,0,0
TXN001283,USER00748,4394.52,Paytm,Bangalore,DEVICE_C,2026-02-14 05:30:00,5,28,0,21.09,1,0,0,0,0
TXN001284,USER00595,1227.02,Myntra,Pune,DEVICE_E,2026-12-18 17:50:00,17,34,0,31.73,0,0,0,0,0
TXN001285,USER01578,2020.83,Walmart,Pune,DEVICE_C,2026-03-19 18:03:00,18,31,0,11.55,0,0,0,0,0
TXN001286,USER00425,2336.76,Zomato,Kolkata,DEVICE_C,2026-12-05 04:38:00,4,16,0,22.67,1,0,0,0,0
TXN001287,USER00613,7469.3,Apple,Ahmedabad,DEVICE_C,2026-09-14 02:10:00,2,7,0,0.63,1,0,0,0,0
TXN001288,USER01542,1592.43,Uber,Mumbai,DEVICE_B,2026-10-24 06:10:00,6,20,0,42.53,0,0,0,0,0
TXN001289,USER00692,1046.24,Paytm,Bangalore,DEVICE_E,2026-11-27 03:43:00,3,22,0,23.09,1,0,0,0,0
TXN001290,USER01306,6138.53,Uber,Mumbai,DEVICE_B,2026-08-18 00:23:00,0,26,0,40.21,1,0,0,0,0
TXN001291,USER01344,2972.61,Walmart,Pune,DEVICE_B,2026-05-13 06:23:00,6,5,0,29.47,0,0,0,0,0
TXN001292,USER01762,1444.44,Netflix,Hyderabad,DEVICE_E,2026-12-18 04:23:00,4,7,1,6.75,1,0,0,0,1
TXN001293,USER01467,1364.81,Walmart,Pune,DEVICE_B,2026-10-19 05:47:00,5,34,0,6.37,1,0,0,0,1
TXN001294,USER01976,187.91,Amazon,Hyderabad,DEVICE_E,2026-03-05 01:18:00,1,4,0,32.15,1,0,0,0,0
TXN001295,USER00315,1013.61,Swiggy,Hyderabad,DEVICE_D,2026-05-24 22:42:00,22,32,1,4.08,0,0,0,0,0
TXN001296,USER00877,310.38,Apple,Delhi,DEVICE_C,2026-02-13 17:36:00,17,0,0,2.35,0,0,0,1,0
TXN001297,USER01990,99.21,Swiggy,Pune,DEVICE_B,2026-12-17 09:49:00,9,23,0,0.3,0,0,0,0,0
TXN001298,USER01765,641.39,Walmart,Ahmedabad,DEVICE_E,2026-01-15 04:46:00,4,31,0,7.09,1,0,0,0,1
TXN001299,USER01401,316.3,Netflix,Pune,DEVICE_A,2026-01-29 08:00:00,8,32,0,2.09,0,0,0,0,0
TXN001300,USER01313,796.65,Netflix,Mumbai,DEVICE_B,2026-11-08 11:59:00,11,37,0,32.36,0,0,0,0,0
TXN001301,USER01461,1447.01,Flipkart,Kolkata,DEVICE_B,2026-04-09 22:51:00,22,1,0,13.25,0,0,0,1,0
TXN001302,USER00662,1734.09,Paytm,Chennai,DEVICE_E,2026-05-16 14:12:00,14,43,0,5.82,0,0,0,0,0
TXN001303,USER00277,993.9,Flipkart,Chennai,DEVICE_A,2026-07-30 22:43:00,22,16,0,18.43,0,0,0,0,0
TXN001304,USER01734,343.81,Apple,Ahmedabad,DEVICE_A,2026-05-15 17:29:00,17,9,0,1.46,0,0,0,0,0
TXN001305,USER01606,983.35,Apple,Hyderabad,DEVICE_D,2026-09-04 01:30:00,1,36,0,25.9,1,0,0,0,0
TXN001306,USER01527,420.24,Apple,Ahmedabad,DEVICE_B,2026-08-27 20:55:00,20,36,0,13.92,0,0,0,0,0
TXN001307,USER00624,3877.82,Uber,Chennai,DEVICE_C,2026-03-15 06:45:00,6,1,0,0.13,0,0,0,1,0
TXN001308,USER00516,960.19,Flipkart,Ahmedabad,DEVICE_B,2026-01-31 16:14:00,16,11,0,7.69,0,0,0,0,0
TXN001309,USER01374,393.36,Uber,Bangalore,DEVICE_C,2026-12-04 03:12:00,3,36,0,27.74,1,0,0,0,0
TXN001310,USER00843,425.85,Swiggy,Mumbai,DEVICE_C,2026-03-01 07:46:00,7,29,0,4.17,0,0,0,0,0
TXN001311,USER01470,1103.51,Paytm,Mumbai,DEVICE_E,2026-10-06 10:15:00,10,14,0,65.34,0,0,0,0,0
TXN001312,USER01854,1155.56,Walmart,Ahmedabad,DEVICE_B,2026-08-23 02:12:00,2,22,1,45.39,1,0,0,0,0
TXN001313,USER00350,921.34,Zomato,Mumbai,DEVICE_E,2026-01-31 14:24:00,14,17,0,30.12,0,0,0,0,0
TXN001314,USER01631,2682.26,Flipkart,Bangalore,DEVICE_D,2026-06-18 08:40:00,8,30,0,1.64,0,0,0,0,0
TXN001315,USER01688,461.51,Zomato,Kolkata,DEVICE_C,2026-02-25 00:27:00,0,37,0,8.73,1,0,0,0,0
TXN001316,USER00823,2706.03,Netflix,Delhi,DEVICE_A,2026-07-04 19:21:00,19,28,0,7.08,0,0,0,0,0
TXN001317,USER01161,1007.72,Flipkart,Bangalore,DEVICE_C,2026-05-09 00:53:00,0,13,0,2.96,1,0,0,0,0
TXN001318,USER00759,2383.44,Swiggy,Mumbai,DEVICE_D,2026-06-28 00:10:00,0,42,0,157.45,1,0,0,0,0
TXN001319,USER00899,624.52,Flipkart,Mumbai,DEVICE_C,2026-05-02 01:59:00,1,39,1,3.18,1,0,0,0,1
TXN001320,USER00243,2209.02,Uber,Pune,DEVICE_E,2026-07-16 13:19:00,13,22,0,7.58,0,0,0,0,0
TXN001321,USER00543,530.44,Paytm,Mumbai,DEVICE_B,2026-07-01 12:46:00,12,24,1,42.43,0,0,0,0,0
TXN001322,USER01064,4830.05,Walmart,Kolkata,DEVICE_A,2026-01-18 05:01:00,5,40,0,3.12,1,0,0,0,0
TXN001323,USER00229,1020.47,Myntra,Chennai,DEVICE_E,2026-09-14 16:41:00,16,37,0,12.68,0,0,0,0,0
TXN001324,USER00548,744.17,Walmart,Delhi,DEVICE_B,2026-10-15 03:03:00,3,27,0,74.34,1,0,0,0,0
TXN001325,USER00920,381.33,Walmart,Bangalore,DEVICE_A,2026-05-07 21:51:00,21,34,1,5.68,0,0,0,0,1
TXN001326,USER01247,1276.32,Netflix,Ahmedabad,DEVICE_D,2026-03-12 22:35:00,22,29,0,24.28,0,0,0,0,0
TXN001327,USER00006,959.33,Swiggy,Mumbai,DEVICE_C,2026-01-26 08:49:00,8,26,0,1.67,0,0,0,0,0
TXN001328,USER01346,329.2,Zomato,Pune,DEVICE_A,2026-10-28 05:55:00,5,7,1,18.37,1,0,0,0,1
TXN001329,USER00468,565.27,Swiggy,Pune,DEVICE_D,2026-11-25 00:24:00,0,47,0,8.28,1,0,0,0,0
TXN001330,USER01756,188.9,Myntra,Hyderabad,DEVICE_B,2026-06-27 08:50:00,8,18,0,24.05,0,0,0,0,0
TXN001331,USER00075,396.74,Netflix,Delhi,DEVICE_A,2026-01-19 22:37:00,22,0,0,11.34,0,0,0,1,0
TXN001332,USER00004,981.76,Paytm,Pune,DEVICE_D,2026-07-28 18:15:00,18,44,0,7.1,0,0,0,0,0
TXN001333,USER01871,1507.55,Walmart,Hyderabad,DEVICE_B,2026-12-22 22:20:00,22,43,1,15.79,0,0,0,0,0
TXN001334,USER00646,819.42,Uber,Delhi,DEVICE_E,2026-05-01 04:40:00,4,19,0,3.01,1,0,0,0,0
TXN001335,USER00118,1676.41,Netflix,Mumbai,DEVICE_C,2026-03-09 06:27:00,6,29,0,33.69,0,0,0,0,0
TXN001336,USER00881,462.77,Apple,Delhi,DEVICE_D,2026-02-17 14:16:00,14,28,0,27.78,0,0,0,0,0
TXN001337,USER01630,1634.98,Flipkart,Delhi,DEVICE_E,2026-04-05 20:27:00,20,7,0,15.75,0,0,0,0,0
TXN001338,USER00504,1023.01,Swiggy,Ahmedabad,DEVICE_B,2026-11-05 17:53:00,17,13,0,9.15,0,0,0,0,0
TXN001339,USER00947,911.04,Netflix,Mumbai,DEVICE_A,2026-01-30 23:07:00,23,37,0,49.36,0,0,0,0,0
TXN001340,USER00574,1093.12,Apple,Kolkata,DEVICE_C,2026-06-15 17:53:00,17,2,0,20.13,0,0,0,0,0
TXN001341,USER01465,639.49,Zomato,Pune,DEVICE_B,2026-01-09 19:59:00,19,2,0,6.7,0,0,0,0,0
TXN001342,USER00194,275.63,Myntra,Hyderabad,DEVICE_D,2026-06-22 17:53:00,17,13,0,32.87,0,0,0,0,0
TXN001343,USER00847,428.09,Myntra,Ahmedabad,DEVICE_C,2026-05-01 22:12:00,22,20,0,20.16,0,0,0,0,0
TXN001344,USER00715,307.77,Walmart,Ahmedabad,DEVICE_E,2026-09-05 20:18:00,20,34,0,2.72,0,0,0,0,0
TXN001345,USER01416,893.31,Walmart,Kolkata,DEVICE_C,2026-05-26 12:42:00,12,43,0,2.43,0,0,0,0,0
TXN001346,USER01050,2027.25,Netflix,Hyderabad,DEVICE_E,2026-06-10 16:12:00,16,43,0,55.65,0,0,0,0,0
TXN001347,USER01459,4168.34,Netflix,Chennai,DEVICE_B,2026-03-11 00:18:00,0,48,1,6.79,1,0,0,0,0
TXN001348,USER00173,724.11,Paytm,Pune,DEVICE_A,2026-03-06 15:14:00,15,42,0,21.78,0,0,0,0,0
TXN001349,USER01324,948.9,Flipkart,Hyderabad,DEVICE_C,2026-06-09 21:22:00,21,40,0,0.74,0,0,0,0,0
TXN001350,USER01669,5969.05,Amazon,Hyderabad,DEVICE_A,2026-05-01 22:44:00,22,26,0,16.26,0,0,0,0,0
TXN001351,USER00326,763.22,Zomato,Delhi,DEVICE_A,2026-04-11 18:08:00,18,27,0,5.26,0,0,0,0,0
TXN001352,USER01434,623.89,Walmart,Chennai,DEVICE_C,2026-09-11 05:11:00,5,27,0,3.01,1,0,0,0,1
TXN001353,USER01142,975.2,Amazon,Mumbai,DEVICE_C,2026-09-13 11:57:00,11,4,0,29.7,0,0,0,0,0
TXN001354,USER00836,748.41,Amazon,Mumbai,DEVICE_A,2026-01-10 02:35:00,2,42,0,33.17,1,0,0,0,0
TXN001355,USER01811,595.44,Flipkart,Bangalore,DEVICE_D,2026-07-13 19:58:00,19,38,0,25.12,0,0,0,0,0
TXN001356,USER00724,308.9,Uber,Chennai,DEVICE_D,2026-08-21 13:11:00,13,9,0,0.22,0,0,0,0,0
TXN001357,USER00225,4597.94,Uber,Delhi,DEVICE_C,2026-06-03 00:26:00,0,8,0,6.71,1,0,0,0,0
TXN001358,USER00532,1800.18,Walmart,Bangalore,DEVICE_A,2026-09-28 18:21:00,18,19,0,8.96,0,0,0,0,0
TXN001359,USER00113,4697.6,Apple,Bangalore,DEVICE_A,2026-09-18 17:51:00,17,28,0,23.48,0,0,0,0,0
TXN001360,USER00140,2589.52,Flipkart,Mumbai,DEVICE_B,2026-11-07 13:33:00,13,46,0,28.17,0,0,0,0,0
TXN001361,USER00559,1112.14,Flipkart,Hyderabad,DEVICE_A,2026-08-01 18:12:00,18,28,0,19.77,0,0,0,0,0
TXN001362,USER00001,243.93,Swiggy,Delhi,DEVICE_D,2026-10-04 11:20:00,11,27,0,31.13,0,0,0,0,0
TXN001363,USER00090,483.86,Amazon,Ahmedabad,DEVICE_B,2026-11-05 22:23:00,22,10,0,11.15,0,0,0,0,0
TXN001364,USER00654,801.28,Swiggy,Ahmedabad,DEVICE_D,2026-06-04 10:28:00,10,20,0,15.61,0,0,0,0,0
TXN001365,USER00320,460.59,Amazon,Chennai,DEVICE_E,2026-03-08 21:09:00,21,34,0,1.33,0,0,0,0,0
TXN001366,USER01574,213.22,Uber,Bangalore,DEVICE_C,2026-09-25 11:48:00,11,22,0,11.14,0,0,0,0,0
TXN001367,USER01829,491.86,Walmart,Delhi,DEVICE_E,2026-06-11 00:19:00,0,28,1,11.33,1,0,0,0,0
TXN001368,USER01918,920.89,Zomato,Mumbai,DEVICE_C,2026-03-01 09:21:00,9,14,0,18.91,0,0,0,0,0
TXN001369,USER00139,4586.75,Uber,Bangalore,DEVICE_D,2026-05-17 00:41:00,0,16,0,9.49,1,0,0,0,0
TXN001370,USER01535,598.36,Flipkart,Bangalore,DEVICE_D,2026-03-25 07:03:00,7,23,1,5.45,0,0,0,0,0
TXN001371,USER01892,1977.97,Zomato,Kolkata,DEVICE_E,2026-01-04 04:12:00,4,34,0,5.43,1,0,0,0,0
TXN001372,USER00845,455.28,Netflix,Mumbai,DEVICE_C,2026-01-22 20:03:00,20,19,0,2.87,0,0,0,0,0
TXN001373,USER00259,896.08,Zomato,Ahmedabad,DEVICE_C,2026-01-05 18:56:00,18,35,0,24.15,0,0,0,0,0
TXN001374,USER01697,1063.22,Zomato,Kolkata,DEVICE_B,2026-01-04 15:13:00,15,10,1,19.49,0,0,0,0,1
TXN001375,USER00902,4629.18,Uber,Mumbai,DEVICE_A,2026-10-09 20:20:00,20,29,0,17.31,0,0,0,0,0
TXN001376,USER00690,99.16,Flipkart,Mumbai,DEVICE_B,2026-10-22 16:38:00,16,38,0,15.14,0,0,0,0,0
TXN001377,USER00010,528.35,Zomato,Kolkata,DEVICE_D,2026-10-02 17:00:00,17,19,0,9.16,0,0,0,0,0
TXN001378,USER00261,1369.53,Uber,Ahmedabad,DEVICE_E,2026-04-19 00:59:00,0,21,0,29.28,1,0,0,0,0
TXN001379,USER01943,1597.54,Uber,Pune,DEVICE_C,2026-07-02 21:14:00,21,23,0,51.03,0,0,0,0,0
TXN001380,USER01674,380.17,Zomato,Delhi,DEVICE_B,2026-02-20 06:22:00,6,13,0,11.6,0,0,0,0,0
TXN001381,USER00172,1059.27,Amazon,Delhi,DEVICE_E,2026-08-01 13:57:00,13,35,0,10.52,0,0,0,0,0
TXN001382,USER00898,1109.39,Flipkart,Pune,DEVICE_E,2026-11-28 04:54:00,4,12,0,3.55,1,0,0,0,1
TXN001383,USER00013,4123.36,Myntra,Delhi,DEVICE_A,2026-04-11 03:38:00,3,0,0,22.22,1,0,0,1,0
TXN001384,USER01192,1322.93,Zomato,Hyderabad,DEVICE_C,2026-04-03 05:40:00,5,49,0,16.33,1,0,0,0,0
TXN001385,USER01666,965.24,Swiggy,Bangalore,DEVICE_E,2026-05-26 20:07:00,20,26,0,88.45,0,0,0,0,0
TXN001386,USER01620,582.1,Swiggy,Delhi,DEVICE_C,2026-12-24 21:16:00,21,12,0,17.56,0,0,0,0,0
TXN001387,USER00321,1894.79,Netflix,Hyderabad,DEVICE_B,2026-02-20 07:29:00,7,34,1,6.81,0,0,0,0,1
TXN001388,USER01343,871.88,Flipkart,Bangalore,DEVICE_E,2026-03-11 08:24:00,8,7,0,16.55,0,0,0,0,0
TXN001389,USER01637,658.56,Uber,Delhi,DEVICE_E,2026-10-03 16:33:00,16,17,0,83.59,0,0,0,0,0
TXN001390,USER00329,453.91,Paytm,Mumbai,DEVICE_B,2026-04-22 23:13:00,23,33,0,25.7,0,0,0,0,0
TXN001391,USER00785,839.5,Walmart,Pune,DEVICE_C,2026-04-18 19:21:00,19,5,0,2.75,0,0,0,0,0
TXN001392,USER00777,2056.28,Apple,Chennai,DEVICE_C,2026-06-22 10:46:00,10,26,0,8.41,0,0,0,0,0
TXN001393,USER01995,691.07,Paytm,Delhi,DEVICE_E,2026-07-10 17:07:00,17,17,0,7.1,0,0,0,0,0
TXN001394,USER00911,1131.16,Flipkart,Chennai,DEVICE_B,2026-10-28 16:43:00,16,49,0,38.87,0,0,0,0,0
TXN001395,USER01944,664.32,Flipkart,Delhi,DEVICE_D,2026-12-30 12:25:00,12,8,0,18.89,0,0,0,0,0
TXN001396,USER01574,1278.41,Zomato,Mumbai,DEVICE_C,2026-11-01 04:39:00,4,14,0,33.23,1,0,0,0,0
TXN001397,USER01443,1181.98,Zomato,Pune,DEVICE_D,2026-05-09 21:55:00,21,22,0,3.88,0,0,0,0,0
TXN001398,USER01630,539.98,Paytm,Ahmedabad,DEVICE_E,2026-11-01 16:32:00,16,2,0,47.73,0,0,0,0,0
TXN001399,USER01119,2318.47,Uber,Pune,DEVICE_D,2026-05-17 10:49:00,10,8,1,1.2,0,0,0,0,0
TXN001400,USER01841,295.75,Netflix,Chennai,DEVICE_D,2026-12-25 14:18:00,14,21,0,9.39,0,0,0,0,0
TXN001401,USER01605,3046.38,Zomato,Hyderabad,DEVICE_C,2026-10-23 16:22:00,16,49,0,0.29,0,0,0,0,0
TXN001402,USER00318,1474.75,Apple,Mumbai,DEVICE_E,2026-05-10 13:46:00,13,22,0,4.07,0,0,0,0,0
TXN001403,USER01980,1861.42,Apple,Chennai,DEVICE_D,2026-06-29 21:19:00,21,19,0,65.52,0,0,0,0,0
TXN001404,USER00236,248.25,Netflix,Chennai,DEVICE_C,2026-01-16 14:45:00,14,6,0,1.63,0,0,0,0,0
TXN001405,USER01970,1047.41,Amazon,Kolkata,DEVICE_D,2026-12-31 15:54:00,15,16,0,3.14,0,0,0,0,0
TXN001406,USER00334,4360.53,Amazon,Kolkata,DEVICE_C,2026-04-23 05:29:00,5,2,0,51.77,1,0,0,0,0
TXN001407,USER01909,962.19,Flipkart,Mumbai,DEVICE_E,2026-12-03 00:51:00,0,6,0,24.77,1,0,0,0,1
TXN001408,USER00376,1233.1,Zomato,Mumbai,DEVICE_B,2026-05-19 16:58:00,16,12,0,10.45,0,0,0,0,0
TXN001409,USER01483,391.61,Swiggy,Mumbai,DEVICE_C,2026-01-01 18:00:00,18,40,0,1.42,0,0,0,0,0
TXN001410,USER01161,300.32,Paytm,Bangalore,DEVICE_C,2026-03-05 17:27:00,17,40,0,30.75,0,0,0,0,0
TXN001411,USER01954,1349.31,Myntra,Hyderabad,DEVICE_D,2026-07-26 23:00:00,23,22,0,13.57,0,0,0,0,0
TXN001412,USER00588,595.69,Netflix,Delhi,DEVICE_E,2026-04-16 19:11:00,19,36,0,7.8,0,0,0,0,0
TXN001413,USER01571,666.21,Flipkart,Ahmedabad,DEVICE_A,2026-09-28 01:23:00,1,3,0,8.95,1,0,0,0,0
TXN001414,USER00513,1160.81,Swiggy,Kolkata,DEVICE_A,2026-01-10 17:56:00,17,8,0,14.08,0,0,0,0,0
TXN001415,USER01320,2033.94,Zomato,Pune,DEVICE_B,2026-11-03 17:20:00,17,5,0,16.03,0,0,0,0,0
TXN001416,USER01344,1760.13,Swiggy,Pune,DEVICE_E,2026-07-18 21:16:00,21,41,0,34.09,0,0,0,0,0
TXN001417,USER00918,1199.54,Swiggy,Chennai,DEVICE_C,2026-03-09 14:11:00,14,17,0,29.54,0,0,0,0,0
TXN001418,USER01596,2436.73,Netflix,Kolkata,DEVICE_A,2026-05-02 20:07:00,20,34,0,29.14,0,0,0,0,0
TXN001419,USER01856,2806.02,Flipkart,Delhi,DEVICE_B,2026-09-15 08:47:00,8,22,1,26.13,0,0,0,0,1
TXN001420,USER01373,974.14,Uber,Mumbai,DEVICE_E,2026-03-09 03:09:00,3,30,0,28.36,1,0,0,0,0
TXN001421,USER01864,4922.04,Apple,Pune,DEVICE_B,2026-03-20 10:35:00,10,19,0,22.64,0,0,0,0,0
TXN001422,USER01803,412.19,Paytm,Kolkata,DEVICE_A,2026-09-01 07:13:00,7,6,0,40.5,0,0,0,0,0
TXN001423,USER00873,275.97,Flipkart,Hyderabad,DEVICE_D,2026-11-25 12:11:00,12,11,0,16.3,0,0,0,0,0
TXN001424,USER01253,3808.75,Myntra,Hyderabad,DEVICE_D,2026-07-14 23:40:00,23,36,0,14.71,0,0,0,0,0
TXN001425,USER00270,584.02,Swiggy,Ahmedabad,DEVICE_E,2026-08-14 00:41:00,0,48,0,24.17,1,0,0,0,0
TXN001426,USER01852,98.96,Uber,Bangalore,DEVICE_B,2026-11-11 18:54:00,18,3,1,3.63,0,0,0,0,0
TXN001427,USER00798,817.86,Netflix,Kolkata,DEVICE_C,2026-11-05 01:42:00,1,11,1,30.01,1,0,0,0,1
TXN001428,USER01315,3313.63,Walmart,Mumbai,DEVICE_A,2026-12-26 01:21:00,1,14,1,55.03,1,0,0,0,1
TXN001429,USER00725,831.54,Paytm,Chennai,DEVICE_D,2026-05-13 02:02:00,2,1,0,7.03,1,0,0,1,1
TXN001430,USER01189,221.92,Paytm,Ahmedabad,DEVICE_D,2026-06-24 00:25:00,0,46,1,18.89,1,0,0,0,0
TXN001431,USER00005,845.01,Apple,Ahmedabad,DEVICE_B,2026-11-14 08:18:00,8,10,0,0.66,0,0,0,0,0
TXN001432,USER00851,927.86,Walmart,Bangalore,DEVICE_D,2026-07-20 05:42:00,5,32,0,29.03,1,0,0,0,0
TXN001433,USER01403,810.4,Zomato,Mumbai,DEVICE_B,2026-02-08 12:10:00,12,13,0,16.4,0,0,0,0,0
TXN001434,USER00078,574.1,Walmart,Ahmedabad,DEVICE_A,2026-03-07 01:42:00,1,26,0,22.4,1,0,0,0,1
TXN001435,USER01434,599.13,Swiggy,Bangalore,DEVICE_B,2026-02-10 07:39:00,7,3,0,3.09,0,0,0,0,0
TXN001436,USER00574,2111.09,Swiggy,Kolkata,DEVICE_D,2026-10-17 18:08:00,18,37,0,33.16,0,0,0,0,0
TXN001437,USER00132,650.74,Swiggy,Delhi,DEVICE_B,2026-01-04 15:38:00,15,39,0,5.91,0,0,0,0,0
TXN001438,USER00601,1268.1,Swiggy,Ahmedabad,DEVICE_D,2026-06-01 00:48:00,0,19,0,23.09,1,0,0,0,1
TXN001439,USER01773,1264.03,Flipkart,Pune,DEVICE_E,2026-10-22 16:31:00,16,1,0,17.99,0,0,0,1,0
TXN001440,USER01066,629.77,Paytm,Kolkata,DEVICE_D,2026-09-02 13:11:00,13,3,0,21.21,0,0,0,0,0
TXN001441,USER00089,557.16,Walmart,Mumbai,DEVICE_D,2026-01-27 23:51:00,23,48,1,1.03,0,0,0,0,0
TXN001442,USER00402,1167.89,Paytm,Chennai,DEVICE_D,2026-12-25 07:49:00,7,23,0,27.08,0,0,0,0,0
TXN001443,USER00296,247.88,Myntra,Chennai,DEVICE_E,2026-01-30 14:42:00,14,8,0,31.72,0,0,0,0,0
TXN001444,USER01864,6597.72,Walmart,Mumbai,DEVICE_C,2026-10-22 08:20:00,8,18,0,12.88,0,0,0,0,0
TXN001445,USER01319,654.95,Flipkart,Bangalore,DEVICE_D,2026-08-11 20:54:00,20,7,1,10.51,0,0,0,0,0
TXN001446,USER00616,771.58,Myntra,Hyderabad,DEVICE_C,2026-01-28 17:56:00,17,40,0,8.39,0,0,0,0,0
TXN001447,USER01550,2127.96,Paytm,Mumbai,DEVICE_A,2026-01-03 23:50:00,23,27,0,52.59,0,0,0,0,0
TXN001448,USER00800,941.22,Myntra,Pune,DEVICE_B,2026-06-11 01:13:00,1,12,0,28.14,1,0,0,0,1
TXN001449,USER01715,753.09,Apple,Ahmedabad,DEVICE_C,2026-02-21 10:27:00,10,7,1,23.99,0,0,0,0,0
TXN001450,USER01661,329.12,Myntra,Kolkata,DEVICE_A,2026-01-06 18:23:00,18,13,0,51.97,0,0,0,0,0
TXN001451,USER00422,1201.97,Walmart,Chennai,DEVICE_B,2026-03-08 02:49:00,2,49,0,8.58,1,0,0,0,0
TXN001452,USER01889,670.38,Swiggy,Delhi,DEVICE_D,2026-08-19 11:01:00,11,49,0,19.89,0,0,0,0,0
TXN001453,USER01047,7138.1,Swiggy,Chennai,DEVICE_D,2026-09-22 18:48:00,18,9,1,23.17,0,0,0,0,0
TXN001454,USER00575,911.62,Zomato,Hyderabad,DEVICE_D,2026-05-26 09:29:00,9,19,0,111.6,0,0,0,0,0
TXN001455,USER00143,142.56,Paytm,Ahmedabad,DEVICE_E,2026-06-20 00:11:00,0,0,0,11.14,1,0,0,1,0
TXN001456,USER00993,2578.99,Apple,Chennai,DEVICE_E,2026-08-07 07:58:00,7,11,0,10.22,0,0,0,0,0
TXN001457,USER00665,445.85,Walmart,Hyderabad,DEVICE_E,2026-05-27 00:03:00,0,34,0,1.77,1,0,0,0,1
TXN001458,USER00145,1206.69,Walmart,Ahmedabad,DEVICE_E,2026-10-28 23:54:00,23,19,0,2.07,0,0,0,0,0
TXN001459,USER01249,3883.11,Netflix,Pune,DEVICE_A,2026-03-26 14:03:00,14,11,0,14.34,0,0,0,0,0
TXN001460,USER01007,830.54,Amazon,Ahmedabad,DEVICE_A,2026-04-18 23:24:00,23,49,1,3.76,0,0,0,0,0
TXN001461,USER00503,912.1,Paytm,Mumbai,DEVICE_D,2026-05-26 07:42:00,7,11,0,1.51,0,0,0,0,0
TXN001462,USER01986,2543.23,Walmart,Chennai,DEVICE_B,2026-01-06 01:20:00,1,38,1,66.99,1,0,0,0,0
TXN001463,USER01998,3956.11,Uber,Bangalore,DEVICE_E,2026-02-22 06:36:00,6,28,0,60.49,0,0,0,0,0
TXN001464,USER00821,969.14,Walmart,Kolkata,DEVICE_B,2026-12-12 13:33:00,13,2,1,7.87,0,0,0,0,0
TXN001465,USER01640,6770.62,Netflix,Bangalore,DEVICE_A,2026-08-05 18:22:00,18,6,0,31.2,0,0,0,0,0
TXN001466,USER00104,229.36,Myntra,Kolkata,DEVICE_E,2026-08-04 09:56:00,9,22,0,41.2,0,0,0,0,0
TXN001467,USER01971,486.68,Flipkart,Chennai,DEVICE_A,2026-09-26 17:00:00,17,12,0,12.5,0,0,0,0,0
TXN001468,USER01063,713.51,Flipkart,Pune,DEVICE_A,2026-04-17 22:03:00,22,10,0,5.06,0,0,0,0,0
TXN001469,USER01971,2837.99,Uber,Chennai,DEVICE_C,2026-01-08 23:46:00,23,24,0,2.78,0,0,0,0,0
TXN001470,USER00198,1349.4,Uber,Kolkata,DEVICE_A,2026-07-03 07:21:00,7,19,0,3.04,0,0,0,0,0
TXN001471,USER01670,597.33,Zomato,Pune,DEVICE_D,2026-03-12 11:24:00,11,48,0,31.88,0,0,0,0,0
TXN001472,USER00579,398.08,Flipkart,Delhi,DEVICE_A,2026-08-08 15:56:00,15,46,0,9.7,0,0,0,0,0
TXN001473,USER00391,285.95,Myntra,Pune,DEVICE_E,2026-03-25 12:58:00,12,26,0,23.65,0,0,0,0,0
TXN001474,USER01203,1745.12,Flipkart,Chennai,DEVICE_D,2026-10-20 17:37:00,17,5,0,15.47,0,0,0,0,0
TXN001475,USER01992,772.42,Amazon,Delhi,DEVICE_A,2026-04-21 18:13:00,18,5,0,10.04,0,0,0,0,0
TXN001476,USER00554,2732.39,Paytm,Delhi,DEVICE_D,2026-05-08 03:21:00,3,38,0,2.64,1,0,0,0,0
TXN001477,USER01472,301.81,Flipkart,Kolkata,DEVICE_A,2026-04-20 17:44:00,17,40,0,8.11,0,0,0,0,0
TXN001478,USER01524,1610.77,Swiggy,Delhi,DEVICE_D,2026-02-23 00:13:00,0,8,0,36.67,1,0,0,0,0
TXN001479,USER01039,1055.53,Zomato,Delhi,DEVICE_B,2026-11-19 09:19:00,9,20,0,33.36,0,0,0,0,0
TXN001480,USER01647,631.31,Netflix,Mumbai,DEVICE_C,2026-10-28 00:49:00,0,17,0,0.58,1,0,0,0,1
TXN001481,USER01693,673.92,Uber,Pune,DEVICE_D,2026-01-18 12:10:00,12,0,0,3.02,0,0,0,1,0
TXN001482,USER01313,1203.08,Amazon,Ahmedabad,DEVICE_E,2026-06-22 21:49:00,21,49,0,28.2,0,0,0,0,0
TXN001483,USER00478,1065.96,Uber,Bangalore,DEVICE_C,2026-07-16 11:05:00,11,49,0,8.18,0,0,0,0,0
TXN001484,USER01255,491.53,Zomato,Delhi,DEVICE_C,2026-11-03 12:33:00,12,11,0,20.63,0,0,0,0,0
TXN001485,USER00923,1744.19,Walmart,Ahmedabad,DEVICE_A,2026-11-30 18:17:00,18,0,0,16.54,0,0,0,1,0
TXN001486,USER00420,3243.98,Amazon,Bangalore,DEVICE_D,2026-06-01 13:46:00,13,27,0,21.11,0,0,0,0,0
TXN001487,USER00157,880.5,Apple,Ahmedabad,DEVICE_C,2026-10-10 13:03:00,13,23,0,1.1,0,0,0,0,0
TXN001488,USER00550,1851.04,Amazon,Delhi,DEVICE_E,2026-03-06 00:45:00,0,18,0,53.51,1,0,0,0,1
TXN001489,USER01465,950.07,Zomato,Bangalore,DEVICE_E,2026-05-09 21:11:00,21,13,0,0.42,0,0,0,0,0
TXN001490,USER01121,9597.21,Netflix,Chennai,DEVICE_E,2026-07-03 08:00:00,8,13,0,0.16,0,0,0,0,0
TXN001491,USER01021,1110.42,Amazon,Chennai,DEVICE_A,2026-09-20 18:04:00,18,25,0,5.13,0,0,0,0,0
TXN001492,USER00997,2061.7,Zomato,Bangalore,DEVICE_B,2026-11-11 07:29:00,7,15,0,100.71,0,0,0,0,0
TXN001493,USER01435,3135.48,Myntra,Pune,DEVICE_D,2026-03-28 12:47:00,12,23,0,1.51,0,0,0,0,0
TXN001494,USER00951,615.99,Paytm,Delhi,DEVICE_C,2026-12-06 10:07:00,10,31,0,41.51,0,0,0,0,0
TXN001495,USER00289,2070.19,Flipkart,Mumbai,DEVICE_D,2026-10-27 06:27:00,6,5,0,3.47,0,0,0,0,0
TXN001496,USER01278,2383.04,Myntra,Ahmedabad,DEVICE_C,2026-12-26 23:56:00,23,48,0,2.31,0,0,0,0,0
TXN001497,USER00196,1614.66,Zomato,Pune,DEVICE_A,2026-07-14 11:03:00,11,44,1,30.19,0,0,0,0,1
TXN001498,USER00598,2179.57,Swiggy,Bangalore,DEVICE_D,2026-02-28 05:28:00,5,29,0,37.5,1,0,0,0,0
TXN001499,USER01858,611.97,Walmart,Pune,DEVICE_A,2026-08-11 14:06:00,14,22,0,31.42,0,0,0,0,0
TXN001500,USER01546,7574.66,Flipkart,Ahmedabad,DEVICE_A,2026-12-06 11:54:00,11,18,0,5.52,0,0,0,0,0
TXN001501,USER00517,126.65,Swiggy,Hyderabad,DEVICE_D,2026-02-28 04:27:00,4,24,0,42.38,1,0,0,0,1
TXN001502,USER01659,514.35,Netflix,Mumbai,DEVICE_D,2026-12-19 07:54:00,7,24,0,1.49,0,0,0,0,0
TXN001503,USER01866,329.0,Uber,Ahmedabad,DEVICE_C,2026-02-25 22:43:00,22,1,0,8.37,0,0,0,1,0
TXN001504,USER00865,5169.9,Apple,Hyderabad,DEVICE_E,2026-09-18 00:19:00,0,9,1,12.44,1,0,0,0,0
TXN001505,USER01142,974.7,Flipkart,Ahmedabad,DEVICE_A,2026-03-13 19:04:00,19,40,0,1.4,0,0,0,0,0
TXN001506,USER00806,468.62,Myntra,Ahmedabad,DEVICE_B,2026-05-31 12:45:00,12,26,0,17.34,0,0,0,0,0
TXN001507,USER01933,635.85,Walmart,Bangalore,DEVICE_C,2026-07-13 17:56:00,17,43,0,16.39,0,0,0,0,0
TXN001508,USER01183,277.99,Swiggy,Delhi,DEVICE_C,2026-07-21 20:11:00,20,7,1,97.03,0,0,0,0,0
TXN001509,USER00815,1928.83,Zomato,Pune,DEVICE_E,2026-04-30 18:28:00,18,40,0,19.44,0,0,0,0,0
TXN001510,USER00228,2111.63,Flipkart,Pune,DEVICE_E,2026-07-22 16:29:00,16,42,0,10.13,0,0,0,0,0
TXN001511,USER01901,1441.14,Uber,Hyderabad,DEVICE_A,2026-01-18 17:31:00,17,32,1,31.23,0,0,0,0,0
TXN001512,USER00216,575.74,Zomato,Pune,DEVICE_C,2026-04-03 04:37:00,4,42,0,8.16,1,0,0,0,0
TXN001513,USER00948,4330.74,Swiggy,Bangalore,DEVICE_C,2026-09-19 21:16:00,21,18,0,15.22,0,0,0,0,0
TXN001514,USER01720,2216.48,Walmart,Mumbai,DEVICE_B,2026-02-07 23:03:00,23,29,0,1.14,0,0,0,0,0
TXN001515,USER00015,228.11,Amazon,Delhi,DEVICE_A,2026-04-25 14:02:00,14,33,0,7.79,0,0,0,0,0
TXN001516,USER01181,921.11,Uber,Hyderabad,DEVICE_A,2026-05-27 22:49:00,22,13,1,15.02,0,0,0,0,0
TXN001517,USER01672,387.16,Zomato,Pune,DEVICE_E,2026-10-21 10:26:00,10,35,1,24.23,0,0,0,0,0
TXN001518,USER01285,4124.57,Uber,Bangalore,DEVICE_A,2026-06-15 23:25:00,23,19,1,2.09,0,0,0,0,0
TXN001519,USER01181,732.48,Netflix,Delhi,DEVICE_B,2026-09-09 09:39:00,9,22,0,31.91,0,0,0,0,0
TXN001520,USER00047,316.93,Zomato,Delhi,DEVICE_A,2026-08-07 23:05:00,23,14,0,46.08,0,0,0,0,0
TXN001521,USER00324,961.45,Flipkart,Chennai,DEVICE_D,2026-08-25 15:04:00,15,1,0,6.6,0,0,0,1,0
TXN001522,USER00844,4586.32,Amazon,Delhi,DEVICE_D,2026-12-08 14:29:00,14,23,0,28.99,0,0,0,0,0
TXN001523,USER01709,2387.57,Amazon,Ahmedabad,DEVICE_B,2026-09-15 13:25:00,13,23,0,3.98,0,0,0,0,0
TXN001524,USER00130,685.95,Apple,Bangalore,DEVICE_E,2026-09-09 16:48:00,16,30,0,14.82,0,0,0,0,0
TXN001525,USER01435,937.66,Uber,Mumbai,DEVICE_C,2026-11-18 00:37:00,0,15,0,31.95,1,0,0,0,0
TXN001526,USER00095,2685.06,Myntra,Kolkata,DEVICE_A,2026-02-19 18:38:00,18,3,1,9.77,0,0,0,0,0
TXN001527,USER00627,3847.53,Amazon,Chennai,DEVICE_E,2026-07-25 16:28:00,16,33,0,0.53,0,0,0,0,0
TXN001528,USER00755,271.6,Amazon,Bangalore,DEVICE_E,2026-09-11 05:53:00,5,14,0,15.53,1,0,0,0,0
TXN001529,USER01956,1259.21,Netflix,Bangalore,DEVICE_A,2026-05-04 08:02:00,8,18,0,37.25,0,0,0,0,0
TXN001530,USER01316,796.81,Paytm,Bangalore,DEVICE_C,2026-03-09 14:00:00,14,18,0,2.29,0,0,0,0,0
TXN001531,USER00794,707.11,Netflix,Hyderabad,DEVICE_A,2026-08-15 20:29:00,20,47,0,0.6,0,0,0,0,0
TXN001532,USER01835,3669.55,Netflix,Pune,DEVICE_C,2026-05-16 19:09:00,19,43,1,33.11,0,0,0,0,0
TXN001533,USER01307,323.93,Paytm,Hyderabad,DEVICE_B,2026-03-31 09:43:00,9,34,0,6.22,0,0,0,0,0
TXN001534,USER00069,2263.16,Uber,Ahmedabad,DEVICE_C,2026-04-22 07:22:00,7,19,0,9.06,0,0,0,0,0
TXN001535,USER01684,140.63,Zomato,Mumbai,DEVICE_E,2026-04-01 21:36:00,21,46,0,1.82,0,0,0,0,0
TXN001536,USER00011,571.0,Walmart,Ahmedabad,DEVICE_B,2026-10-30 19:40:00,19,38,0,2.03,0,0,0,0,0
TXN001537,USER01278,1130.46,Myntra,Bangalore,DEVICE_D,2026-10-15 08:20:00,8,40,0,19.07,0,0,0,0,0
TXN001538,USER01866,336.94,Amazon,Pune,DEVICE_B,2026-02-01 10:22:00,10,28,0,16.07,0,0,0,0,0
TXN001539,USER00872,7969.78,Apple,Ahmedabad,DEVICE_C,2026-04-07 23:55:00,23,14,0,6.92,0,0,0,0,0
TXN001540,USER00550,575.05,Myntra,Hyderabad,DEVICE_B,2026-11-27 00:56:00,0,19,0,12.06,1,0,0,0,0
TXN001541,USER01158,534.9,Zomato,Hyderabad,DEVICE_B,2026-05-29 22:32:00,22,31,0,9.83,0,0,0,0,0
TXN001542,USER00712,587.45,Paytm,Hyderabad,DEVICE_D,2026-04-11 15:25:00,15,12,0,23.75,0,0,0,0,0
TXN001543,USER00023,1854.34,Myntra,Mumbai,DEVICE_C,2026-10-29 12:24:00,12,6,0,39.62,0,0,0,0,0
TXN001544,USER00815,2481.58,Amazon,Mumbai,DEVICE_E,2026-12-13 18:08:00,18,15,0,28.97,0,0,0,0,0
TXN001545,USER00346,739.23,Myntra,Bangalore,DEVICE_B,2026-09-30 05:11:00,5,9,0,0.09,1,0,0,0,0
TXN001546,USER00302,1458.24,Walmart,Chennai,DEVICE_A,2026-09-25 05:32:00,5,1,0,2.1,1,0,0,1,0
TXN001547,USER00363,1564.06,Paytm,Ahmedabad,DEVICE_E,2026-02-27 05:39:00,5,37,0,11.22,1,0,0,0,0
TXN001548,USER00396,299.72,Myntra,Bangalore,DEVICE_B,2026-10-26 18:24:00,18,17,0,38.18,0,0,0,0,0
TXN001549,USER00218,985.17,Amazon,Hyderabad,DEVICE_E,2026-01-26 21:04:00,21,33,0,5.41,0,0,0,0,0
TXN001550,USER00141,621.73,Amazon,Kolkata,DEVICE_A,2026-08-18 14:54:00,14,20,0,42.23,0,0,0,0,0
TXN001551,USER01640,270.17,Myntra,Ahmedabad,DEVICE_E,2026-01-16 07:44:00,7,20,0,2.33,0,0,0,0,0
TXN001552,USER00958,1328.65,Uber,Pune,DEVICE_E,2026-05-18 01:22:00,1,0,0,1.51,1,0,0,1,0
TXN001553,USER01234,2733.53,Apple,Hyderabad,DEVICE_A,2026-03-09 23:21:00,23,14,0,48.93,0,0,0,0,0
TXN001554,USER00985,1140.8,Swiggy,Delhi,DEVICE_A,2026-12-28 13:54:00,13,9,0,3.53,0,0,0,0,0
TXN001555,USER00993,108.36,Netflix,Kolkata,DEVICE_A,2026-06-16 11:15:00,11,34,0,12.46,0,0,0,0,0
TXN001556,USER01647,726.88,Paytm,Kolkata,DEVICE_D,2026-06-08 17:19:00,17,24,0,7.89,0,0,0,0,0
TXN001557,USER01640,490.67,Swiggy,Pune,DEVICE_A,2026-10-11 13:00:00,13,31,0,3.19,0,0,0,0,0
TXN001558,USER00828,5441.28,Zomato,Bangalore,DEVICE_E,2026-02-01 20:01:00,20,30,0,20.0,0,0,0,0,0
TXN001559,USER00683,808.17,Zomato,Hyderabad,DEVICE_A,2026-07-15 00:42:00,0,9,0,66.3,1,0,0,0,0
TXN001560,USER01484,256.61,Amazon,Hyderabad,DEVICE_B,2026-02-01 15:21:00,15,2,1,21.47,0,0,0,0,0
TXN001561,USER01004,1052.34,Zomato,Chennai,DEVICE_A,2026-06-20 22:26:00,22,21,0,8.73,0,0,0,0,0
TXN001562,USER00356,1942.92,Uber,Delhi,DEVICE_A,2026-11-28 17:19:00,17,37,0,24.88,0,0,0,0,0
TXN001563,USER01008,1198.75,Apple,Bangalore,DEVICE_C,2026-11-30 05:27:00,5,1,0,3.09,1,0,0,1,0
TXN001564,USER01348,532.52,Zomato,Mumbai,DEVICE_E,2026-03-03 20:08:00,20,22,0,17.35,0,0,0,0,0
TXN001565,USER01157,725.75,Walmart,Bangalore,DEVICE_E,2026-12-12 13:55:00,13,40,0,12.68,0,0,0,0,0
TXN001566,USER00888,2184.17,Apple,Ahmedabad,DEVICE_B,2026-09-11 22:46:00,22,39,0,8.93,0,0,0,0,1
TXN001567,USER01829,1201.15,Uber,Ahmedabad,DEVICE_D,2026-11-04 23:51:00,23,23,1,26.91,0,0,0,0,0
TXN001568,USER01864,6785.85,Swiggy,Kolkata,DEVICE_C,2026-09-07 13:24:00,13,31,0,2.52,0,0,0,0,0
TXN001569,USER00127,1197.82,Apple,Bangalore,DEVICE_B,2026-07-24 17:52:00,17,32,0,15.22,0,0,0,0,0
TXN001570,USER01130,277.21,Apple,Chennai,DEVICE_B,2026-12-02 17:56:00,17,48,0,38.54,0,0,0,0,0
TXN001571,USER01009,916.24,Swiggy,Bangalore,DEVICE_E,2026-09-28 19:34:00,19,26,0,4.51,0,0,0,0,0
TXN001572,USER00604,660.52,Uber,Chennai,DEVICE_C,2026-04-26 08:26:00,8,12,0,6.15,0,0,0,0,0
TXN001573,USER01823,271.2,Zomato,Kolkata,DEVICE_E,2026-10-07 03:37:00,3,36,0,21.62,1,0,0,0,0
TXN001574,USER01402,1233.33,Amazon,Chennai,DEVICE_D,2026-08-09 00:58:00,0,38,0,29.62,1,0,0,0,0
TXN001575,USER01929,752.73,Paytm,Pune,DEVICE_E,2026-09-27 12:41:00,12,28,0,6.66,0,0,0,0,0
TXN001576,USER01014,1254.5,Swiggy,Pune,DEVICE_A,2026-03-17 16:41:00,16,40,0,8.92,0,0,0,0,0
TXN001577,USER00051,5693.58,Swiggy,Ahmedabad,DEVICE_E,2026-10-08 16:04:00,16,24,0,26.93,0,0,0,0,0
TXN001578,USER01053,976.16,Swiggy,Hyderabad,DEVICE_A,2026-06-18 16:36:00,16,45,0,6.72,0,0,0,0,0
TXN001579,USER01486,2757.51,Swiggy,Mumbai,DEVICE_B,2026-09-01 10:47:00,10,18,0,21.95,0,0,0,0,0
TXN001580,USER01320,922.93,Paytm,Kolkata,DEVICE_D,2026-06-30 05:12:00,5,0,0,3.46,1,0,0,1,0
TXN001581,USER01321,1593.84,Paytm,Ahmedabad,DEVICE_A,2026-01-17 13:35:00,13,34,0,10.6,0,0,0,0,0
TXN001582,USER01750,1221.46,Zomato,Chennai,DEVICE_D,2026-07-22 16:20:00,16,15,0,23.34,0,0,0,0,0
TXN001583,USER00779,1395.05,Myntra,Delhi,DEVICE_E,2026-05-23 20:46:00,20,7,0,12.32,0,0,0,0,0
TXN001584,USER01431,974.17,Myntra,Kolkata,DEVICE_E,2026-02-12 10:33:00,10,6,0,0.39,0,0,0,0,0
TXN001585,USER01793,4045.36,Flipkart,Delhi,DEVICE_B,2026-02-26 20:26:00,20,20,0,10.43,0,0,0,0,0
TXN001586,USER00814,1936.66,Swiggy,Mumbai,DEVICE_E,2026-03-19 22:18:00,22,10,1,6.8,0,0,0,0,0
TXN001587,USER01637,1216.94,Swiggy,Chennai,DEVICE_A,2026-11-13 06:30:00,6,25,0,2.14,0,0,0,0,0
TXN001588,USER01429,2484.21,Apple,Kolkata,DEVICE_B,2026-02-17 03:28:00,3,14,0,0.18,1,0,0,0,0
TXN001589,USER01370,1231.15,Myntra,Kolkata,DEVICE_D,2026-05-13 06:54:00,6,44,0,0.93,0,0,0,0,0
TXN001590,USER01646,2995.96,Zomato,Mumbai,DEVICE_B,2026-01-01 21:54:00,21,5,0,59.62,0,0,0,0,0
TXN001591,USER00420,379.27,Amazon,Hyderabad,DEVICE_D,2026-03-15 01:10:00,1,36,0,27.71,1,0,0,0,0
TXN001592,USER01206,7468.48,Flipkart,Delhi,DEVICE_C,2026-03-15 21:45:00,21,3,0,56.18,0,0,0,0,0
TXN001593,USER00983,1280.59,Flipkart,Kolkata,DEVICE_A,2026-09-27 21:02:00,21,18,0,2.44,0,0,0,0,0
TXN001594,USER00825,392.64,Zomato,Bangalore,DEVICE_A,2026-08-27 19:25:00,19,46,0,16.9,0,0,0,0,0
TXN001595,USER01025,2151.98,Amazon,Delhi,DEVICE_D,2026-12-22 19:00:00,19,20,0,1.74,0,0,0,0,0
TXN001596,USER01855,3513.13,Apple,Ahmedabad,DEVICE_E,2026-11-21 01:17:00,1,36,0,0.54,1,0,0,0,0
TXN001597,USER01974,435.98,Paytm,Chennai,DEVICE_E,2026-04-25 20:53:00,20,42,0,12.56,0,0,0,0,0
TXN001598,USER00567,717.22,Netflix,Mumbai,DEVICE_C,2026-07-07 22:55:00,22,17,0,20.79,0,0,0,0,0
TXN001599,USER00371,2733.81,Myntra,Ahmedabad,DEVICE_D,2026-09-14 06:10:00,6,41,0,1.31,0,0,0,0,0
TXN001600,USER00936,1822.75,Swiggy,Delhi,DEVICE_C,2026-02-05 09:20:00,9,47,0,9.08,0,0,0,0,0
TXN001601,USER01935,737.98,Zomato,Bangalore,DEVICE_D,2026-02-08 10:59:00,10,35,0,1.89,0,0,0,0,0
TXN001602,USER00661,876.33,Myntra,Pune,DEVICE_C,2026-04-05 11:30:00,11,36,1,8.99,0,0,0,0,1
TXN001603,USER01455,355.88,Swiggy,Bangalore,DEVICE_D,2026-09-06 05:11:00,5,14,0,12.77,1,0,0,0,0
TXN001604,USER00969,450.77,Netflix,Ahmedabad,DEVICE_A,2026-02-18 05:16:00,5,37,0,8.24,1,0,0,0,0
TXN001605,USER01333,243.32,Netflix,Mumbai,DEVICE_C,2026-10-02 15:25:00,15,1,0,17.17,0,0,0,1,0
TXN001606,USER01161,801.49,Paytm,Ahmedabad,DEVICE_C,2026-10-13 23:45:00,23,41,0,17.57,0,0,0,0,0
TXN001607,USER00202,2017.97,Uber,Mumbai,DEVICE_D,2026-08-27 23:37:00,23,30,0,8.1,0,0,0,0,0
TXN001608,USER01460,862.8,Netflix,Pune,DEVICE_B,2026-11-09 02:00:00,2,5,0,9.87,1,0,0,0,0
TXN001609,USER00313,2995.62,Myntra,Delhi,DEVICE_B,2026-12-28 06:44:00,6,18,0,11.63,0,0,0,0,0
TXN001610,USER00117,613.2,Walmart,Chennai,DEVICE_A,2026-03-22 15:43:00,15,37,0,9.42,0,0,0,0,0
TXN001611,USER01690,286.6,Walmart,Hyderabad,DEVICE_E,2026-06-28 02:24:00,2,14,1,28.6,1,0,0,0,1
TXN001612,USER00937,3100.63,Swiggy,Bangalore,DEVICE_E,2026-08-24 04:48:00,4,32,0,3.02,1,0,0,0,0
TXN001613,USER01827,1526.15,Swiggy,Mumbai,DEVICE_A,2026-03-28 15:34:00,15,39,0,38.9,0,0,0,0,0
TXN001614,USER00575,3309.94,Uber,Hyderabad,DEVICE_E,2026-04-07 09:01:00,9,25,0,8.05,0,0,0,0,0
TXN001615,USER00244,810.0,Walmart,Ahmedabad,DEVICE_D,2026-07-07 05:29:00,5,29,0,25.74,1,0,0,0,0
TXN001616,USER00537,4589.05,Swiggy,Hyderabad,DEVICE_B,2026-08-15 13:19:00,13,10,0,43.04,0,0,0,0,0
TXN001617,USER01626,416.12,Netflix,Hyderabad,DEVICE_A,2026-11-21 01:59:00,1,45,0,43.69,1,0,0,0,0
TXN001618,USER00075,846.8,Swiggy,Chennai,DEVICE_D,2026-02-15 00:14:00,0,0,0,12.04,1,0,0,1,0
TXN001619,USER01830,1582.72,Flipkart,Mumbai,DEVICE_A,2026-03-26 17:36:00,17,13,0,5.93,0,0,0,0,0
TXN001620,USER00386,718.91,Uber,Ahmedabad,DEVICE_B,2026-05-24 00:58:00,0,9,0,18.62,1,0,0,0,1
TXN001621,USER01927,1345.86,Zomato,Bangalore,DEVICE_E,2026-09-22 07:45:00,7,16,0,4.07,0,0,0,0,0
TXN001622,USER01234,3370.92,Amazon,Mumbai,DEVICE_D,2026-08-12 13:19:00,13,10,0,31.27,0,0,0,0,0
TXN001623,USER00475,1539.21,Apple,Delhi,DEVICE_B,2026-02-06 03:46:00,3,41,0,24.85,1,0,0,0,0
TXN001624,USER00418,934.0,Amazon,Ahmedabad,DEVICE_A,2026-03-28 14:01:00,14,14,1,31.76,0,0,0,0,1
TXN001625,USER00347,3306.58,Amazon,Bangalore,DEVICE_C,2026-01-08 10:10:00,10,11,0,11.36,0,0,0,0,0
TXN001626,USER01553,1739.25,Paytm,Ahmedabad,DEVICE_D,2026-06-12 11:08:00,11,2,0,16.3,0,0,0,0,0
TXN001627,USER00640,1088.78,Zomato,Mumbai,DEVICE_A,2026-01-06 20:48:00,20,21,0,2.17,0,0,0,0,0
TXN001628,USER00939,1020.57,Swiggy,Bangalore,DEVICE_A,2026-04-18 14:41:00,14,49,0,23.27,0,0,0,0,0
TXN001629,USER00955,787.69,Paytm,Delhi,DEVICE_B,2026-12-31 01:08:00,1,25,1,13.34,1,0,0,0,0
TXN001630,USER00876,2342.05,Amazon,Kolkata,DEVICE_A,2026-01-02 20:34:00,20,38,0,14.24,0,0,0,0,0
TXN001631,USER00763,2422.54,Flipkart,Bangalore,DEVICE_D,2026-12-15 12:35:00,12,42,0,37.55,0,0,0,0,0
TXN001632,USER01203,3424.76,Apple,Kolkata,DEVICE_D,2026-02-26 05:12:00,5,49,0,29.6,1,0,0,0,0
TXN001633,USER01206,1615.19,Amazon,Hyderabad,DEVICE_A,2026-03-02 04:39:00,4,48,0,15.32,1,0,0,0,0
TXN001634,USER00664,671.92,Walmart,Pune,DEVICE_B,2026-01-11 03:31:00,3,22,0,8.77,1,0,0,0,0
TXN001635,USER00025,1476.87,Zomato,Ahmedabad,DEVICE_D,2026-01-16 13:47:00,13,15,0,11.83,0,0,0,0,0
TXN001636,USER01991,661.11,Zomato,Chennai,DEVICE_C,2026-02-05 21:44:00,21,2,0,8.64,0,0,0,0,0
TXN001637,USER01204,1268.86,Zomato,Delhi,DEVICE_E,2026-02-21 07:19:00,7,29,0,3.29,0,0,0,0,0
TXN001638,USER00710,3900.36,Uber,Bangalore,DEVICE_B,2026-10-14 17:23:00,17,12,0,20.76,0,0,0,0,0
TXN001639,USER01525,3175.21,Uber,Delhi,DEVICE_B,2026-03-03 08:23:00,8,7,0,23.52,0,0,0,0,0
TXN001640,USER01880,2476.97,Netflix,Hyderabad,DEVICE_E,2026-05-22 01:34:00,1,23,0,70.95,1,0,0,0,0
TXN001641,USER01185,1074.5,Myntra,Kolkata,DEVICE_E,2026-10-24 00:24:00,0,4,0,12.17,1,0,0,0,0
TXN001642,USER00177,2456.13,Apple,Chennai,DEVICE_D,2026-05-06 08:16:00,8,6,0,118.23,0,0,0,0,0
TXN001643,USER00285,616.05,Paytm,Delhi,DEVICE_A,2026-04-24 11:05:00,11,26,0,4.14,0,0,0,0,0
TXN001644,USER00063,294.24,Swiggy,Kolkata,DEVICE_A,2026-11-14 12:17:00,12,11,1,21.38,0,0,0,0,0
TXN001645,USER01003,1400.66,Amazon,Hyderabad,DEVICE_C,2026-04-07 05:38:00,5,40,0,105.06,1,0,0,0,0
TXN001646,USER00662,782.24,Myntra,Hyderabad,DEVICE_A,2026-09-22 14:31:00,14,48,0,20.45,0,0,0,0,0
TXN001647,USER00666,5463.06,Swiggy,Hyderabad,DEVICE_C,2026-05-12 14:42:00,14,24,0,12.04,0,0,0,0,0
TXN001648,USER00156,4765.35,Paytm,Ahmedabad,DEVICE_C,2026-10-04 16:44:00,16,41,0,14.48,0,0,0,0,0
TXN001649,USER01906,589.89,Myntra,Pune,DEVICE_B,2026-04-07 01:59:00,1,49,0,37.35,1,0,0,0,0
TXN001650,USER01493,2049.21,Swiggy,Ahmedabad,DEVICE_B,2026-07-05 12:21:00,12,32,0,55.97,0,0,0,0,0
TXN001651,USER01073,185.47,Flipkart,Kolkata,DEVICE_D,2026-02-14 22:59:00,22,14,0,12.1,0,0,0,0,0
TXN001652,USER00967,1488.32,Uber,Bangalore,DEVICE_E,2026-10-27 13:30:00,13,30,0,29.6,0,0,0,0,0
TXN001653,USER00849,1454.58,Paytm,Mumbai,DEVICE_E,2026-04-19 17:24:00,17,10,0,54.27,0,0,0,0,0
TXN001654,USER01108,448.67,Apple,Delhi,DEVICE_C,2026-07-01 18:17:00,18,35,0,6.63,0,0,0,0,0
TXN001655,USER01385,1272.31,Walmart,Pune,DEVICE_E,2026-05-07 12:46:00,12,5,0,13.59,0,0,0,0,0
TXN001656,USER00689,475.57,Flipkart,Mumbai,DEVICE_C,2026-10-17 01:19:00,1,44,0,107.71,1,0,0,0,0
TXN001657,USER00148,2360.7,Uber,Hyderabad,DEVICE_E,2026-11-07 04:40:00,4,25,0,8.72,1,0,0,0,0
TXN001658,USER01654,1296.75,Zomato,Mumbai,DEVICE_D,2026-05-20 06:09:00,6,7,0,19.34,0,0,0,0,0
TXN001659,USER00342,4202.69,Uber,Kolkata,DEVICE_B,2026-06-15 10:28:00,10,38,0,21.4,0,0,0,0,0
TXN001660,USER00476,276.5,Myntra,Ahmedabad,DEVICE_B,2026-03-27 00:28:00,0,36,0,3.35,1,0,0,0,0
TXN001661,USER01087,502.07,Netflix,Hyderabad,DEVICE_C,2026-09-20 03:41:00,3,36,0,32.86,1,0,0,0,1
TXN001662,USER01725,708.74,Flipkart,Ahmedabad,DEVICE_E,2026-09-12 13:31:00,13,47,0,10.65,0,0,0,0,0
TXN001663,USER01384,1705.22,Zomato,Pune,DEVICE_A,2026-03-21 01:17:00,1,29,0,13.88,1,0,0,0,0
TXN001664,USER00561,1399.48,Myntra,Hyderabad,DEVICE_D,2026-08-12 05:47:00,5,37,0,20.59,1,0,0,0,1
TXN001665,USER00327,1607.83,Paytm,Chennai,DEVICE_E,2026-02-11 10:25:00,10,15,0,10.57,0,0,0,0,0
TXN001666,USER01793,611.41,Apple,Chennai,DEVICE_A,2026-06-07 17:33:00,17,14,0,7.86,0,0,0,0,0
TXN001667,USER01760,197.82,Uber,Pune,DEVICE_D,2026-04-10 08:51:00,8,37,0,15.81,0,0,0,0,0
TXN001668,USER01165,553.39,Paytm,Kolkata,DEVICE_D,2026-04-01 15:28:00,15,7,1,8.52,0,0,0,0,0
TXN001669,USER00990,3894.72,Zomato,Kolkata,DEVICE_B,2026-03-06 11:24:00,11,34,0,11.39,0,0,0,0,0
TXN001670,USER00215,627.44,Myntra,Mumbai,DEVICE_C,2026-05-24 12:12:00,12,8,1,2.29,0,0,0,0,0
TXN001671,USER00435,1286.24,Netflix,Pune,DEVICE_E,2026-03-09 03:14:00,3,20,0,37.25,1,0,0,0,0
TXN001672,USER01915,1158.46,Uber,Ahmedabad,DEVICE_D,2026-04-28 13:06:00,13,40,0,10.61,0,0,0,0,0
TXN001673,USER00952,1293.75,Apple,Delhi,DEVICE_E,2026-12-21 04:16:00,4,4,0,1.73,1,0,0,0,0
TXN001674,USER00723,329.72,Netflix,Pune,DEVICE_D,2026-01-10 12:30:00,12,18,0,31.22,0,0,0,0,0
TXN001675,USER01342,2289.8,Swiggy,Mumbai,DEVICE_B,2026-02-12 15:59:00,15,47,0,0.4,0,0,0,0,0
TXN001676,USER00032,1002.83,Myntra,Kolkata,DEVICE_C,2026-09-08 14:19:00,14,15,1,18.29,0,0,0,0,1
TXN001677,USER00670,8771.42,Paytm,Delhi,DEVICE_A,2026-07-29 22:51:00,22,17,0,24.26,0,0,0,0,0
TXN001678,USER00285,783.95,Uber,Pune,DEVICE_A,2026-01-31 00:50:00,0,11,0,4.24,1,0,0,0,0
TXN001679,USER01329,2642.31,Uber,Mumbai,DEVICE_B,2026-02-17 10:06:00,10,15,0,2.81,0,0,0,0,0
TXN001680,USER00429,773.47,Zomato,Bangalore,DEVICE_D,2026-10-13 11:26:00,11,4,0,2.42,0,0,0,0,0
TXN001681,USER01501,6169.02,Apple,Ahmedabad,DEVICE_B,2026-08-02 12:17:00,12,2,1,100.2,0,0,0,0,0
TXN001682,USER00286,2116.76,Walmart,Bangalore,DEVICE_C,2026-01-23 17:16:00,17,6,0,28.14,0,0,0,0,0
TXN001683,USER01168,344.9,Swiggy,Ahmedabad,DEVICE_A,2026-12-17 11:55:00,11,31,0,7.5,0,0,0,0,0
TXN001684,USER01448,3890.73,Netflix,Delhi,DEVICE_E,2026-01-03 08:11:00,8,30,0,8.18,0,0,0,0,0
TXN001685,USER01043,2203.32,Flipkart,Chennai,DEVICE_A,2026-12-18 19:37:00,19,13,0,20.92,0,0,0,0,0
TXN001686,USER00018,720.19,Flipkart,Ahmedabad,DEVICE_C,2026-04-11 23:59:00,23,23,0,12.24,0,0,0,0,0
TXN001687,USER00769,256.76,Uber,Delhi,DEVICE_D,2026-01-14 00:33:00,0,47,0,6.33,1,0,0,0,0
TXN001688,USER00590,3223.37,Zomato,Mumbai,DEVICE_B,2026-01-22 08:59:00,8,32,0,1.18,0,0,0,0,0
TXN001689,USER01395,5191.97,Amazon,Hyderabad,DEVICE_A,2026-05-02 00:44:00,0,4,0,30.64,1,0,0,0,0
TXN001690,USER01199,3002.53,Uber,Bangalore,DEVICE_A,2026-11-22 18:26:00,18,7,0,43.83,0,0,0,0,0
TXN001691,USER01010,2398.71,Flipkart,Hyderabad,DEVICE_E,2026-11-26 01:33:00,1,1,0,4.61,1,0,0,1,0
TXN001692,USER00194,1811.41,Flipkart,Bangalore,DEVICE_B,2026-09-17 17:02:00,17,38,0,1.31,0,0,0,0,0
TXN001693,USER00502,2844.54,Swiggy,Mumbai,DEVICE_E,2026-03-04 10:39:00,10,37,0,2.53,0,0,0,0,0
TXN001694,USER00988,866.3,Paytm,Bangalore,DEVICE_E,2026-03-19 11:54:00,11,41,0,10.7,0,0,0,0,0
TXN001695,USER01137,214.18,Amazon,Delhi,DEVICE_D,2026-03-19 17:25:00,17,34,0,7.11,0,0,0,0,0
TXN001696,USER00114,2171.51,Uber,Hyderabad,DEVICE_A,2026-09-08 21:31:00,21,37,0,1.53,0,0,0,0,0
TXN001697,USER01246,1561.39,Swiggy,Kolkata,DEVICE_B,2026-10-16 20:33:00,20,33,0,12.13,0,0,0,0,0
TXN001698,USER01702,310.06,Zomato,Hyderabad,DEVICE_D,2026-01-12 23:41:00,23,29,0,4.56,0,0,0,0,0
TXN001699,USER00947,152.39,Swiggy,Mumbai,DEVICE_D,2026-06-06 20:39:00,20,48,0,1.39,0,0,0,0,0
TXN001700,USER00831,1179.96,Uber,Kolkata,DEVICE_D,2026-07-29 00:52:00,0,22,0,21.45,1,0,0,0,0
TXN001701,USER01668,953.5,Myntra,Hyderabad,DEVICE_C,2026-04-06 13:04:00,13,3,0,17.0,0,0,0,0,0
TXN001702,USER01921,883.59,Walmart,Ahmedabad,DEVICE_C,2026-11-29 11:27:00,11,34,0,35.02,0,0,0,0,0
TXN001703,USER01288,1847.54,Uber,Pune,DEVICE_D,2026-03-07 06:59:00,6,13,0,7.2,0,0,0,0,0
TXN001704,USER00925,560.8,Apple,Ahmedabad,DEVICE_C,2026-08-31 17:11:00,17,21,0,2.92,0,0,0,0,0
TXN001705,USER00055,2035.57,Flipkart,Mumbai,DEVICE_B,2026-05-01 05:43:00,5,29,0,8.93,1,0,0,0,0
TXN001706,USER01895,2048.94,Amazon,Pune,DEVICE_A,2026-02-05 15:06:00,15,2,0,30.17,0,0,0,0,0
TXN001707,USER01667,100.03,Amazon,Chennai,DEVICE_B,2026-12-17 19:03:00,19,10,0,5.53,0,0,0,0,0
TXN001708,USER00800,1030.92,Paytm,Delhi,DEVICE_A,2026-07-13 13:31:00,13,9,0,5.89,0,0,0,0,0
TXN001709,USER00778,1313.06,Walmart,Ahmedabad,DEVICE_C,2026-07-17 15:27:00,15,2,0,3.19,0,0,0,0,0
TXN001710,USER01482,2150.11,Apple,Bangalore,DEVICE_B,2026-12-08 22:23:00,22,40,0,86.12,0,0,0,0,0
TXN001711,USER01902,1797.38,Flipkart,Pune,DEVICE_E,2026-08-03 12:12:00,12,47,1,68.41,0,0,0,0,0
TXN001712,USER00162,226.82,Amazon,Bangalore,DEVICE_D,2026-03-08 00:40:00,0,49,0,21.46,1,0,0,0,0
TXN001713,USER01404,1195.23,Apple,Bangalore,DEVICE_A,2026-09-01 18:34:00,18,4,0,4.84,0,0,0,0,0
TXN001714,USER00087,868.25,Swiggy,Chennai,DEVICE_A,2026-09-17 05:12:00,5,14,0,29.1,1,0,0,0,0
TXN001715,USER00055,2885.26,Paytm,Delhi,DEVICE_E,2026-09-06 21:46:00,21,47,0,17.54,0,0,0,0,0
TXN001716,USER01500,372.87,Uber,Hyderabad,DEVICE_E,2026-09-14 12:19:00,12,49,0,27.69,0,0,0,0,0
TXN001717,USER01824,1094.1,Uber,Pune,DEVICE_D,2026-09-03 21:34:00,21,5,0,39.38,0,0,0,0,0
TXN001718,USER01202,2402.33,Myntra,Hyderabad,DEVICE_C,2026-05-05 14:03:00,14,3,0,7.67,0,0,0,0,0
TXN001719,USER01415,2174.1,Flipkart,Ahmedabad,DEVICE_B,2026-12-22 18:30:00,18,22,1,49.0,0,0,0,0,0
TXN001720,USER01373,954.37,Apple,Delhi,DEVICE_B,2026-07-15 00:40:00,0,44,0,45.77,1,0,0,0,0
TXN001721,USER01032,3170.95,Netflix,Kolkata,DEVICE_B,2026-08-16 06:10:00,6,0,0,15.84,0,0,0,1,0
TXN001722,USER00833,567.94,Amazon,Delhi,DEVICE_C,2026-04-16 09:31:00,9,33,0,23.08,0,0,0,0,0
TXN001723,USER00313,2119.52,Zomato,Bangalore,DEVICE_D,2026-11-05 05:48:00,5,14,0,10.59,1,0,0,0,1
TXN001724,USER00759,2461.17,Zomato,Hyderabad,DEVICE_B,2026-03-09 11:38:00,11,3,1,21.29,0,0,0,0,0
TXN001725,USER01859,320.1,Uber,Delhi,DEVICE_A,2026-10-25 05:16:00,5,26,0,15.92,1,0,0,0,0
TXN001726,USER00443,3542.53,Netflix,Hyderabad,DEVICE_A,2026-11-15 13:22:00,13,12,0,7.8,0,0,0,0,0
TXN001727,USER01791,248.71,Zomato,Delhi,DEVICE_A,2026-11-30 14:39:00,14,45,0,7.8,0,0,0,0,0
TXN001728,USER00328,1535.12,Walmart,Mumbai,DEVICE_E,2026-09-06 21:30:00,21,46,0,21.09,0,0,0,0,0
TXN001729,USER01078,719.15,Walmart,Ahmedabad,DEVICE_E,2026-06-06 18:07:00,18,39,0,62.76,0,0,0,0,0
TXN001730,USER00761,2727.43,Flipkart,Pune,DEVICE_C,2026-03-24 12:35:00,12,31,0,4.5,0,0,0,0,0
TXN001731,USER01263,1475.59,Netflix,Bangalore,DEVICE_B,2026-07-15 07:10:00,7,8,0,9.97,0,0,0,0,0
TXN001732,USER01253,5496.19,Walmart,Delhi,DEVICE_E,2026-01-02 03:11:00,3,36,0,32.77,1,0,0,0,0
TXN001733,USER00579,3050.54,Walmart,Chennai,DEVICE_A,2026-12-08 22:06:00,22,24,0,2.63,0,0,0,0,0
TXN001734,USER01075,1234.8,Uber,Delhi,DEVICE_E,2026-10-17 21:25:00,21,2,0,102.88,0,0,0,0,0
TXN001735,USER01633,3243.83,Zomato,Mumbai,DEVICE_A,2026-03-27 22:55:00,22,38,0,22.67,0,0,0,0,0
TXN001736,USER01628,999.37,Flipkart,Ahmedabad,DEVICE_B,2026-09-19 13:04:00,13,39,0,48.34,0,0,0,0,0
TXN001737,USER01007,411.46,Apple,Chennai,DEVICE_C,2026-04-14 16:46:00,16,15,0,36.41,0,0,0,0,0
TXN001738,USER01288,726.57,Swiggy,Chennai,DEVICE_D,2026-04-08 17:26:00,17,16,0,30.02,0,0,0,0,0
TXN001739,USER01442,989.01,Amazon,Ahmedabad,DEVICE_D,2026-09-03 23:38:00,23,26,0,0.67,0,0,0,0,0
TXN001740,USER01827,66.88,Amazon,Delhi,DEVICE_A,2026-03-22 14:11:00,14,9,1,10.43,0,0,0,0,0
TXN001741,USER00096,3809.67,Paytm,Mumbai,DEVICE_E,2026-09-17 06:51:00,6,0,0,4.51,0,0,0,1,1
TXN001742,USER01112,1004.95,Swiggy,Chennai,DEVICE_E,2026-07-04 13:06:00,13,49,0,41.01,0,0,0,0,0
TXN001743,USER01102,2611.39,Swiggy,Pune,DEVICE_A,2026-09-04 20:33:00,20,28,0,22.81,0,0,0,0,0
TXN001744,USER01312,1267.08,Amazon,Bangalore,DEVICE_B,2026-12-14 01:21:00,1,17,0,2.27,1,0,0,0,1
TXN001745,USER01144,273.92,Amazon,Kolkata,DEVICE_A,2026-03-20 11:58:00,11,31,0,8.91,0,0,0,0,0
TXN001746,USER00814,1177.89,Apple,Bangalore,DEVICE_B,2026-10-12 11:02:00,11,36,0,1.44,0,0,0,0,0
TXN001747,USER00491,984.5,Netflix,Hyderabad,DEVICE_C,2026-02-17 08:48:00,8,42,0,26.94,0,0,0,0,0
TXN001748,USER01936,591.62,Netflix,Hyderabad,DEVICE_C,2026-02-24 05:46:00,5,32,0,10.84,1,0,0,0,0
TXN001749,USER00452,771.8,Apple,Mumbai,DEVICE_A,2026-10-24 12:53:00,12,21,0,5.34,0,0,0,0,0
TXN001750,USER01524,1123.12,Zomato,Chennai,DEVICE_C,2026-09-11 08:23:00,8,42,0,14.58,0,0,0,0,0
TXN001751,USER00165,120.44,Swiggy,Bangalore,DEVICE_E,2026-06-28 04:37:00,4,10,1,0.86,1,0,0,0,0
TXN001752,USER00182,1516.33,Myntra,Bangalore,DEVICE_B,2026-04-13 16:08:00,16,36,0,5.95,0,0,0,0,0
TXN001753,USER00469,1888.62,Swiggy,Kolkata,DEVICE_D,2026-09-10 18:05:00,18,28,0,3.85,0,0,0,0,0
TXN001754,USER00910,1721.29,Paytm,Mumbai,DEVICE_D,2026-11-04 01:38:00,1,19,0,53.37,1,0,0,0,0
TXN001755,USER00735,851.24,Amazon,Pune,DEVICE_C,2026-10-31 11:53:00,11,21,0,9.47,0,0,0,0,0
TXN001756,USER00823,6423.56,Swiggy,Chennai,DEVICE_B,2026-10-04 11:39:00,11,31,0,17.56,0,0,0,0,0
TXN001757,USER00944,1736.95,Amazon,Mumbai,DEVICE_E,2026-06-26 12:22:00,12,49,0,13.98,0,0,0,0,0
TXN001758,USER00007,752.9,Swiggy,Delhi,DEVICE_D,2026-06-09 08:22:00,8,7,0,21.53,0,0,0,0,0
TXN001759,USER00330,359.61,Paytm,Bangalore,DEVICE_E,2026-11-21 18:22:00,18,21,0,6.55,0,0,0,0,0
TXN001760,USER00775,321.04,Zomato,Mumbai,DEVICE_E,2026-11-13 22:53:00,22,14,0,2.57,0,0,0,0,0
TXN001761,USER01697,1571.66,Myntra,Mumbai,DEVICE_D,2026-07-03 14:13:00,14,34,1,1.7,0,0,0,0,1
TXN001762,USER00151,2099.96,Walmart,Kolkata,DEVICE_D,2026-07-26 12:21:00,12,15,1,4.3,0,0,0,0,0
TXN001763,USER01109,1226.4,Apple,Pune,DEVICE_C,2026-01-28 08:04:00,8,43,0,13.19,0,0,0,0,0
TXN001764,USER00147,1042.2,Apple,Delhi,DEVICE_B,2026-01-18 01:08:00,1,28,0,5.38,1,0,0,0,1
TXN001765,USER01648,808.2,Myntra,Hyderabad,DEVICE_A,2026-09-10 21:29:00,21,33,0,11.38,0,0,0,0,0
TXN001766,USER01405,1708.5,Swiggy,Bangalore,DEVICE_B,2026-01-19 02:28:00,2,19,0,0.59,1,0,0,0,1
TXN001767,USER00915,545.45,Walmart,Kolkata,DEVICE_A,2026-03-30 21:02:00,21,12,0,19.75,0,0,0,0,0
TXN001768,USER01572,1077.5,Paytm,Pune,DEVICE_D,2026-07-11 16:31:00,16,12,0,42.1,0,0,0,0,0
TXN001769,USER01309,1191.93,Netflix,Pune,DEVICE_E,2026-11-01 10:52:00,10,30,1,0.98,0,0,0,0,1
TXN001770,USER00700,1842.92,Swiggy,Mumbai,DEVICE_B,2026-08-01 19:02:00,19,20,0,4.92,0,0,0,0,0
TXN001771,USER00082,525.07,Zomato,Bangalore,DEVICE_E,2026-12-31 20:22:00,20,49,0,7.65,0,0,0,0,0
TXN001772,USER00514,444.12,Amazon,Ahmedabad,DEVICE_B,2026-09-22 11:19:00,11,29,0,6.77,0,0,0,0,0
TXN001773,USER01921,1146.89,Flipkart,Hyderabad,DEVICE_B,2026-10-11 00:10:00,0,47,0,0.82,1,0,0,0,0
TXN001774,USER00815,1321.22,Swiggy,Ahmedabad,DEVICE_E,2026-10-30 07:04:00,7,24,0,2.25,0,0,0,0,0
TXN001775,USER00709,1091.43,Flipkart,Ahmedabad,DEVICE_C,2026-04-12 15:01:00,15,29,0,48.71,0,0,0,0,0
TXN001776,USER01940,95.35,Swiggy,Ahmedabad,DEVICE_D,2026-07-17 00:19:00,0,9,0,24.85,1,0,0,0,0
TXN001777,USER01547,1479.28,Myntra,Pune,DEVICE_C,2026-03-04 20:37:00,20,6,0,63.61,0,0,0,0,0
TXN001778,USER00746,11065.38,Flipkart,Mumbai,DEVICE_C,2026-03-02 08:21:00,8,33,0,11.61,0,1,0,0,0
TXN001779,USER01023,2505.86,Swiggy,Pune,DEVICE_B,2026-11-10 23:47:00,23,3,0,42.24,0,0,0,0,0
TXN001780,USER01410,188.58,Apple,Delhi,DEVICE_D,2026-11-24 08:18:00,8,21,0,33.92,0,0,0,0,0
TXN001781,USER00707,761.39,Flipkart,Pune,DEVICE_B,2026-12-22 19:09:00,19,28,0,41.58,0,0,0,0,0
TXN001782,USER00471,919.87,Swiggy,Bangalore,DEVICE_A,2026-05-12 09:31:00,9,3,1,0.8,0,0,0,0,1
TXN001783,USER01143,821.55,Netflix,Pune,DEVICE_B,2026-11-15 01:17:00,1,0,1,21.14,1,0,0,1,0
TXN001784,USER00396,359.6,Amazon,Pune,DEVICE_E,2026-03-29 09:06:00,9,47,0,16.72,0,0,0,0,0
TXN001785,USER01556,490.91,Netflix,Ahmedabad,DEVICE_B,2026-05-13 10:55:00,10,22,0,15.76,0,0,0,0,0
TXN001786,USER00261,2541.33,Walmart,Kolkata,DEVICE_A,2026-08-29 22:48:00,22,22,0,14.04,0,0,0,0,0
TXN001787,USER00805,2148.3,Swiggy,Delhi,DEVICE_B,2026-10-02 01:49:00,1,5,0,31.79,1,0,0,0,1
TXN001788,USER00934,991.79,Uber,Hyderabad,DEVICE_A,2026-06-04 05:02:00,5,4,0,68.88,1,0,0,0,0
TXN001789,USER01280,2574.18,Zomato,Hyderabad,DEVICE_D,2026-12-05 18:00:00,18,22,0,35.31,0,0,0,0,0
TXN001790,USER01758,607.2,Netflix,Bangalore,DEVICE_B,2026-11-10 03:46:00,3,37,0,40.87,1,0,0,0,0
TXN001791,USER00905,805.49,Flipkart,Hyderabad,DEVICE_A,2026-03-29 21:21:00,21,6,0,13.23,0,0,0,0,0
TXN001792,USER01250,789.8,Myntra,Chennai,DEVICE_D,2026-01-23 03:52:00,3,4,0,23.46,1,0,0,0,0
TXN001793,USER01077,271.44,Zomato,Kolkata,DEVICE_E,2026-07-31 07:24:00,7,32,0,10.74,0,0,0,0,0
TXN001794,USER00940,871.1,Uber,Bangalore,DEVICE_C,2026-05-26 06:12:00,6,25,0,8.93,0,0,0,0,0
TXN001795,USER01891,4789.08,Paytm,Pune,DEVICE_A,2026-01-11 13:15:00,13,20,0,45.13,0,0,0,0,0
TXN001796,USER01524,4340.32,Swiggy,Chennai,DEVICE_E,2026-03-28 14:38:00,14,33,0,47.12,0,0,0,0,0
TXN001797,USER01530,1218.64,Myntra,Hyderabad,DEVICE_D,2026-11-20 05:31:00,5,25,1,22.93,1,0,0,0,0
TXN001798,USER00854,900.67,Swiggy,Pune,DEVICE_E,2026-10-25 01:17:00,1,9,0,36.38,1,0,0,0,0
TXN001799,USER01388,5388.55,Walmart,Bangalore,DEVICE_B,2026-06-05 19:29:00,19,1,0,8.94,0,0,0,1,0
TXN001800,USER01304,878.33,Uber,Ahmedabad,DEVICE_C,2026-11-09 11:36:00,11,19,0,11.37,0,0,0,0,0
TXN001801,USER00593,687.71,Swiggy,Chennai,DEVICE_A,2026-04-16 08:18:00,8,13,1,34.41,0,0,0,0,0
TXN001802,USER00714,2595.14,Flipkart,Hyderabad,DEVICE_D,2026-04-25 21:45:00,21,6,1,10.15,0,0,0,0,1
TXN001803,USER01182,235.1,Walmart,Mumbai,DEVICE_C,2026-12-09 08:31:00,8,9,0,0.82,0,0,0,0,0
TXN001804,USER00632,992.41,Apple,Mumbai,DEVICE_D,2026-05-14 10:48:00,10,30,1,8.72,0,0,0,0,0
TXN001805,USER00059,1033.71,Paytm,Delhi,DEVICE_E,2026-10-07 12:42:00,12,7,0,10.16,0,0,0,0,0
TXN001806,USER01751,1743.74,Uber,Mumbai,DEVICE_D,2026-07-02 01:17:00,1,0,0,3.36,1,0,0,1,1
TXN001807,USER00128,643.52,Amazon,Ahmedabad,DEVICE_D,2026-06-03 21:12:00,21,28,0,8.44,0,0,0,0,0
TXN001808,USER00736,941.01,Myntra,Chennai,DEVICE_E,2026-07-22 05:19:00,5,30,0,54.49,1,0,0,0,0
TXN001809,USER00721,1192.96,Netflix,Ahmedabad,DEVICE_E,2026-03-02 17:07:00,17,7,0,39.11,0,0,0,0,0
TXN001810,USER01906,872.17,Swiggy,Kolkata,DEVICE_C,2026-06-12 04:08:00,4,15,1,11.81,1,0,0,0,1
TXN001811,USER01139,928.04,Myntra,Mumbai,DEVICE_A,2026-04-10 05:53:00,5,45,0,24.75,1,0,0,0,0
TXN001812,USER01233,2320.4,Myntra,Bangalore,DEVICE_E,2026-06-16 15:20:00,15,18,0,3.29,0,0,0,0,0
TXN001813,USER00526,1849.91,Amazon,Bangalore,DEVICE_C,2026-07-26 02:54:00,2,25,0,27.93,1,0,0,0,0
TXN001814,USER00521,1747.96,Amazon,Bangalore,DEVICE_D,2026-01-29 17:24:00,17,9,0,12.92,0,0,0,0,0
TXN001815,USER00552,249.85,Walmart,Mumbai,DEVICE_D,2026-08-05 18:34:00,18,17,0,25.64,0,0,0,0,0
TXN001816,USER01986,1614.55,Uber,Pune,DEVICE_B,2026-10-30 21:33:00,21,1,0,20.66,0,0,0,1,0
TXN001817,USER00237,514.63,Flipkart,Ahmedabad,DEVICE_E,2026-08-03 15:49:00,15,36,0,5.3,0,0,0,0,0
TXN001818,USER01305,6583.63,Paytm,Mumbai,DEVICE_C,2026-09-13 22:37:00,22,28,0,36.0,0,0,0,0,0
TXN001819,USER01383,1087.6,Amazon,Delhi,DEVICE_C,2026-12-25 02:58:00,2,1,0,16.98,1,0,0,1,0
TXN001820,USER01225,919.21,Amazon,Kolkata,DEVICE_A,2026-04-07 09:33:00,9,2,0,30.67,0,0,0,0,0
TXN001821,USER01782,4303.16,Netflix,Pune,DEVICE_C,2026-09-30 02:00:00,2,23,0,1.97,1,0,0,0,0
TXN001822,USER01302,3254.27,Apple,Kolkata,DEVICE_E,2026-04-11 07:07:00,7,8,0,19.11,0,0,0,0,0
TXN001823,USER01259,885.81,Amazon,Pune,DEVICE_C,2026-09-24 04:28:00,4,42,0,6.9,1,0,0,0,1
TXN001824,USER00494,380.32,Apple,Pune,DEVICE_B,2026-10-12 14:46:00,14,47,0,39.45,0,0,0,0,0
TXN001825,USER00004,224.24,Walmart,Hyderabad,DEVICE_D,2026-02-10 03:28:00,3,13,0,59.72,1,0,0,0,0
TXN001826,USER00666,427.22,Flipkart,Delhi,DEVICE_D,2026-04-29 06:04:00,6,45,0,1.15,0,0,0,0,0
TXN001827,USER00442,1463.97,Myntra,Chennai,DEVICE_C,2026-04-02 10:51:00,10,42,1,25.77,0,0,0,0,0
TXN001828,USER00029,960.16,Amazon,Bangalore,DEVICE_C,2026-10-20 05:47:00,5,10,0,2.17,1,0,0,0,0
TXN001829,USER01133,471.91,Swiggy,Mumbai,DEVICE_C,2026-06-13 22:17:00,22,49,0,38.97,0,0,0,0,0
TXN001830,USER00610,770.5,Apple,Hyderabad,DEVICE_C,2026-07-20 18:55:00,18,42,0,2.66,0,0,0,0,0
TXN001831,USER01751,5142.43,Netflix,Hyderabad,DEVICE_B,2026-02-21 10:44:00,10,23,1,4.34,0,0,0,0,0
TXN001832,USER00805,3003.86,Paytm,Pune,DEVICE_E,2026-10-25 11:22:00,11,13,0,5.8,0,0,0,0,0
TXN001833,USER00075,5310.44,Netflix,Mumbai,DEVICE_B,2026-07-01 18:07:00,18,17,0,26.03,0,0,0,0,0
TXN001834,USER00838,589.44,Amazon,Delhi,DEVICE_B,2026-08-07 12:07:00,12,35,0,6.92,0,0,0,0,0
TXN001835,USER01170,2267.12,Uber,Hyderabad,DEVICE_B,2026-07-25 09:56:00,9,12,0,18.13,0,0,0,0,0
TXN001836,USER00128,2065.08,Myntra,Kolkata,DEVICE_D,2026-07-22 07:16:00,7,33,0,16.97,0,0,0,0,0
TXN001837,USER01877,4111.42,Flipkart,Delhi,DEVICE_B,2026-07-08 22:54:00,22,18,1,10.29,0,0,0,0,0
TXN001838,USER00042,1108.11,Swiggy,Mumbai,DEVICE_C,2026-04-11 01:43:00,1,40,0,15.51,1,0,0,0,0
TXN001839,USER01380,542.14,Uber,Pune,DEVICE_B,2026-12-12 17:43:00,17,10,0,2.52,0,0,0,0,0
TXN001840,USER00041,487.08,Netflix,Delhi,DEVICE_C,2026-02-27 06:30:00,6,48,0,41.78,0,0,0,0,0
TXN001841,USER00934,1083.58,Apple,Pune,DEVICE_E,2026-03-05 13:02:00,13,25,0,4.64,0,0,0,0,0
TXN001842,USER00034,1175.71,Apple,Kolkata,DEVICE_D,2026-05-08 18:06:00,18,4,0,42.44,0,0,0,0,0
TXN001843,USER01041,1401.68,Uber,Bangalore,DEVICE_E,2026-04-22 04:02:00,4,20,0,14.63,1,0,0,0,0
TXN001844,USER01701,312.22,Apple,Pune,DEVICE_E,2026-11-05 04:51:00,4,8,0,19.04,1,0,0,0,0
TXN001845,USER01177,3513.97,Netflix,Pune,DEVICE_D,2026-05-27 23:59:00,23,47,0,5.95,0,0,0,0,0
TXN001846,USER00998,324.56,Uber,Ahmedabad,DEVICE_C,2026-11-25 08:54:00,8,11,0,5.03,0,0,0,0,0
TXN001847,USER01402,3503.9,Netflix,Mumbai,DEVICE_C,2026-10-10 13:53:00,13,0,0,13.49,0,0,0,1,0
TXN001848,USER00588,820.07,Swiggy,Kolkata,DEVICE_C,2026-09-11 10:45:00,10,48,0,6.22,0,0,0,0,0
TXN001849,USER01623,5773.31,Myntra,Mumbai,DEVICE_D,2026-11-22 04:33:00,4,13,0,11.0,1,0,0,0,0
TXN001850,USER01653,227.86,Paytm,Kolkata,DEVICE_B,2026-08-22 22:17:00,22,25,1,11.6,0,0,0,0,0
TXN001851,USER01898,3158.78,Swiggy,Kolkata,DEVICE_A,2026-01-27 11:27:00,11,6,0,6.32,0,0,0,0,0
TXN001852,USER00342,433.67,Swiggy,Hyderabad,DEVICE_B,2026-02-04 00:22:00,0,15,1,6.9,1,0,0,0,0
TXN001853,USER00027,406.6,Apple,Hyderabad,DEVICE_B,2026-07-23 17:29:00,17,14,0,72.17,0,0,0,0,0
TXN001854,USER01849,4868.35,Amazon,Hyderabad,DEVICE_E,2026-12-12 06:12:00,6,3,0,17.71,0,0,0,0,0
TXN001855,USER01311,2159.48,Zomato,Bangalore,DEVICE_A,2026-01-13 03:04:00,3,29,0,35.66,1,0,0,0,0
TXN001856,USER00646,290.02,Apple,Bangalore,DEVICE_C,2026-09-11 21:16:00,21,22,1,0.94,0,0,0,0,0
TXN001857,USER00731,1315.17,Amazon,Kolkata,DEVICE_B,2026-09-09 21:13:00,21,21,0,0.04,0,0,0,0,0
TXN001858,USER00168,3882.8,Netflix,Chennai,DEVICE_D,2026-09-26 18:58:00,18,14,0,14.64,0,0,0,0,0
TXN001859,USER00610,1812.71,Zomato,Mumbai,DEVICE_B,2026-10-07 01:53:00,1,16,0,35.07,1,0,0,0,0
TXN001860,USER00268,1127.57,Apple,Hyderabad,DEVICE_C,2026-06-12 12:37:00,12,1,0,18.88,0,0,0,1,1
TXN001861,USER01773,3089.58,Zomato,Mumbai,DEVICE_B,2026-07-28 17:33:00,17,7,1,19.29,0,0,0,0,1
TXN001862,USER00821,1528.12,Zomato,Pune,DEVICE_E,2026-03-10 04:33:00,4,5,0,3.0,1,0,0,0,0
TXN001863,USER00455,246.25,Walmart,Kolkata,DEVICE_E,2026-11-25 01:08:00,1,38,0,76.86,1,0,0,0,1
TXN001864,USER00906,1195.65,Myntra,Delhi,DEVICE_B,2026-09-12 13:19:00,13,27,1,15.09,0,0,0,0,0
TXN001865,USER01709,1695.62,Walmart,Kolkata,DEVICE_E,2026-01-04 19:55:00,19,47,0,2.17,0,0,0,0,0
TXN001866,USER01425,1339.82,Amazon,Bangalore,DEVICE_D,2026-02-11 01:50:00,1,4,0,10.7,1,0,0,0,0
TXN001867,USER00922,761.86,Flipkart,Chennai,DEVICE_A,2026-05-13 07:42:00,7,20,0,1.49,0,0,0,0,0
TXN001868,USER00981,1655.82,Uber,Delhi,DEVICE_B,2026-07-12 03:54:00,3,49,0,10.83,1,0,0,0,0
TXN001869,USER01500,1293.7,Paytm,Mumbai,DEVICE_D,2026-10-15 14:12:00,14,19,0,24.87,0,0,0,0,0
TXN001870,USER00702,182.61,Flipkart,Bangalore,DEVICE_D,2026-04-06 05:01:00,5,42,0,7.82,1,0,0,0,0
TXN001871,USER00634,332.41,Uber,Hyderabad,DEVICE_D,2026-10-13 23:33:00,23,33,0,7.51,0,0,0,0,0
TXN001872,USER01582,1449.74,Amazon,Delhi,DEVICE_C,2026-06-18 19:22:00,19,6,0,14.44,0,0,0,0,0
TXN001873,USER01600,2145.6,Amazon,Bangalore,DEVICE_B,2026-09-16 17:06:00,17,29,1,13.8,0,0,0,0,0
TXN001874,USER00130,544.52,Netflix,Mumbai,DEVICE_B,2026-03-18 18:21:00,18,29,0,12.59,0,0,0,0,0
TXN001875,USER01020,2128.88,Paytm,Kolkata,DEVICE_B,2026-05-21 08:56:00,8,14,0,14.55,0,0,0,0,0
TXN001876,USER01846,1720.56,Myntra,Mumbai,DEVICE_A,2026-08-08 11:25:00,11,26,0,0.98,0,0,0,0,0
TXN001877,USER01387,925.07,Zomato,Delhi,DEVICE_D,2026-04-02 01:18:00,1,8,0,12.86,1,0,0,0,0
TXN001878,USER01729,1610.25,Walmart,Ahmedabad,DEVICE_B,2026-03-08 04:46:00,4,26,0,96.59,1,0,0,0,0
TXN001879,USER00819,1578.46,Walmart,Delhi,DEVICE_E,2026-02-23 22:16:00,22,1,0,28.91,0,0,0,1,0
TXN001880,USER00693,2413.66,Amazon,Kolkata,DEVICE_C,2026-01-19 02:48:00,2,35,0,6.78,1,0,0,0,0
TXN001881,USER01316,2519.3,Walmart,Delhi,DEVICE_A,2026-12-07 08:43:00,8,26,0,22.65,0,0,0,0,0
TXN001882,USER01395,429.35,Amazon,Chennai,DEVICE_C,2026-01-01 21:26:00,21,46,0,8.01,0,0,0,0,0
TXN001883,USER00794,567.01,Zomato,Hyderabad,DEVICE_D,2026-08-07 01:17:00,1,39,0,4.25,1,0,0,0,0
TXN001884,USER00029,4142.0,Amazon,Bangalore,DEVICE_E,2026-10-30 20:44:00,20,24,0,29.7,0,0,0,0,0
TXN001885,USER00149,2427.46,Netflix,Kolkata,DEVICE_D,2026-10-31 09:17:00,9,35,0,4.7,0,0,0,0,0
TXN001886,USER01803,1948.26,Myntra,Mumbai,DEVICE_B,2026-04-14 23:46:00,23,39,0,39.13,0,0,0,0,0
TXN001887,USER01320,2241.77,Swiggy,Mumbai,DEVICE_C,2026-04-21 16:13:00,16,6,0,9.57,0,0,0,0,0
TXN001888,USER00011,3054.23,Apple,Hyderabad,DEVICE_E,2026-09-17 10:30:00,10,12,0,28.28,0,0,0,0,0
TXN001889,USER01536,1236.84,Myntra,Delhi,DEVICE_C,2026-07-14 04:59:00,4,36,0,6.01,1,0,0,0,0
TXN001890,USER00676,779.65,Myntra,Delhi,DEVICE_A,2026-02-17 03:44:00,3,19,0,21.15,1,0,0,0,0
TXN001891,USER01137,1817.02,Flipkart,Mumbai,DEVICE_E,2026-03-26 11:16:00,11,21,0,4.78,0,0,0,0,0
TXN001892,USER00187,1070.9,Paytm,Hyderabad,DEVICE_A,2026-09-27 06:59:00,6,17,0,0.44,0,0,0,0,0
TXN001893,USER00807,4421.78,Paytm,Mumbai,DEVICE_E,2026-11-14 08:15:00,8,10,0,33.71,0,0,0,0,0
TXN001894,USER00744,4363.08,Uber,Delhi,DEVICE_B,2026-08-22 13:38:00,13,5,0,38.78,0,0,0,0,0
TXN001895,USER01251,2445.13,Apple,Kolkata,DEVICE_C,2026-08-27 12:03:00,12,3,0,42.5,0,0,0,0,0
TXN001896,USER01334,347.52,Zomato,Bangalore,DEVICE_C,2026-07-04 20:41:00,20,2,0,0.74,0,0,0,0,0
TXN001897,USER00098,409.3,Swiggy,Delhi,DEVICE_D,2026-06-24 00:50:00,0,5,1,28.62,1,0,0,0,0
TXN001898,USER00055,335.76,Swiggy,Kolkata,DEVICE_E,2026-07-12 03:43:00,3,14,0,36.14,1,0,0,0,0
TXN001899,USER00623,1297.1,Paytm,Bangalore,DEVICE_E,2026-11-04 23:43:00,23,2,0,7.47,0,0,0,0,0
TXN001900,USER00664,2516.71,Myntra,Pune,DEVICE_A,2026-09-11 08:31:00,8,16,0,12.71,0,0,0,0,0
TXN001901,USER00758,831.28,Netflix,Chennai,DEVICE_E,2026-10-04 22:28:00,22,29,1,10.48,0,0,0,0,0
TXN001902,USER00406,612.97,Uber,Hyderabad,DEVICE_C,2026-01-11 01:33:00,1,21,0,11.6,1,0,0,0,0
TXN001903,USER00069,1204.01,Amazon,Kolkata,DEVICE_E,2026-03-10 17:23:00,17,1,0,37.51,0,0,0,1,0
TXN001904,USER01336,541.57,Uber,Chennai,DEVICE_D,2026-04-02 03:37:00,3,15,1,10.82,1,0,0,0,1
TXN001905,USER01313,1393.08,Flipkart,Delhi,DEVICE_D,2026-09-21 03:08:00,3,21,0,7.2,1,0,0,0,1
TXN001906,USER01786,881.02,Uber,Pune,DEVICE_C,2026-05-29 10:18:00,10,48,0,2.79,0,0,0,0,0
TXN001907,USER01572,607.07,Myntra,Hyderabad,DEVICE_C,2026-05-15 10:02:00,10,10,1,22.47,0,0,0,0,0
TXN001908,USER00751,1216.53,Zomato,Kolkata,DEVICE_C,2026-08-19 05:14:00,5,35,0,1.76,1,0,0,0,0
TXN001909,USER01172,2437.62,Myntra,Pune,DEVICE_E,2026-01-07 01:24:00,1,11,0,1.26,1,0,0,0,0
TXN001910,USER01491,279.45,Paytm,Ahmedabad,DEVICE_E,2026-04-29 19:39:00,19,39,0,22.89,0,0,0,0,0
TXN001911,USER01763,1275.78,Zomato,Delhi,DEVICE_B,2026-08-10 07:58:00,7,34,0,23.7,0,0,0,0,0
TXN001912,USER01268,165.82,Walmart,Hyderabad,DEVICE_A,2026-07-01 00:09:00,0,42,0,4.44,1,0,0,0,0
TXN001913,USER01515,872.0,Zomato,Ahmedabad,DEVICE_E,2026-02-10 14:48:00,14,44,0,63.02,0,0,0,0,0
TXN001914,USER01873,2050.18,Uber,Hyderabad,DEVICE_B,2026-02-06 18:05:00,18,40,0,31.01,0,0,0,0,0
TXN001915,USER00958,2751.99,Uber,Delhi,DEVICE_B,2026-02-17 11:59:00,11,14,0,23.19,0,0,0,0,0
TXN001916,USER01531,683.85,Uber,Delhi,DEVICE_D,2026-06-03 08:07:00,8,43,0,28.08,0,0,0,0,0
TXN001917,USER00365,677.32,Walmart,Pune,DEVICE_E,2026-03-26 19:39:00,19,41,0,10.62,0,0,0,0,0
TXN001918,USER00482,891.65,Paytm,Pune,DEVICE_B,2026-02-05 11:15:00,11,20,0,12.16,0,0,0,0,0
TXN001919,USER00201,406.59,Amazon,Kolkata,DEVICE_D,2026-06-09 17:36:00,17,3,0,40.84,0,0,0,0,0
TXN001920,USER00154,1269.51,Apple,Hyderabad,DEVICE_A,2026-12-03 18:22:00,18,6,0,0.51,0,0,0,0,0
TXN001921,USER01474,444.82,Paytm,Kolkata,DEVICE_D,2026-07-14 18:13:00,18,28,0,32.43,0,0,0,0,0
TXN001922,USER01525,1809.59,Uber,Pune,DEVICE_A,2026-06-28 10:30:00,10,40,1,11.87,0,0,0,0,0
TXN001923,USER00073,575.33,Paytm,Hyderabad,DEVICE_C,2026-07-02 23:15:00,23,5,0,12.47,0,0,0,0,0
TXN001924,USER00713,822.46,Flipkart,Kolkata,DEVICE_C,2026-05-13 09:56:00,9,38,0,7.88,0,0,0,0,0
TXN001925,USER00296,1718.9,Swiggy,Delhi,DEVICE_D,2026-01-12 00:55:00,0,16,0,18.68,1,0,0,0,0
TXN001926,USER01041,1942.86,Swiggy,Delhi,DEVICE_C,2026-09-24 02:05:00,2,35,0,22.52,1,0,0,0,0
TXN001927,USER01665,1864.93,Apple,Ahmedabad,DEVICE_E,2026-01-23 04:37:00,4,1,0,3.51,1,0,0,1,1
TXN001928,USER01241,1390.28,Apple,Mumbai,DEVICE_D,2026-04-03 03:55:00,3,16,0,16.68,1,0,0,0,0
TXN001929,USER00061,412.41,Amazon,Pune,DEVICE_B,2026-08-14 14:43:00,14,28,0,12.51,0,0,0,0,0
TXN001930,USER00939,1066.0,Flipkart,Kolkata,DEVICE_E,2026-10-21 17:05:00,17,26,0,30.46,0,0,0,0,0
TXN001931,USER01640,937.55,Myntra,Mumbai,DEVICE_D,2026-08-03 06:12:00,6,6,0,15.76,0,0,0,0,0
TXN001932,USER00042,750.95,Paytm,Mumbai,DEVICE_A,2026-04-20 06:05:00,6,10,0,11.23,0,0,0,0,0
TXN001933,USER00025,1172.23,Zomato,Chennai,DEVICE_C,2026-07-06 08:17:00,8,25,0,15.06,0,0,0,0,0
TXN001934,USER01063,504.88,Zomato,Hyderabad,DEVICE_C,2026-03-16 02:54:00,2,49,0,13.49,1,0,0,0,1
TXN001935,USER01827,1062.9,Myntra,Bangalore,DEVICE_C,2026-12-31 07:26:00,7,38,1,54.72,0,0,0,0,0
TXN001936,USER00131,837.34,Swiggy,Chennai,DEVICE_D,2026-08-22 15:13:00,15,31,0,7.48,0,0,0,0,0
TXN001937,USER01522,726.58,Myntra,Pune,DEVICE_E,2026-06-12 21:48:00,21,49,0,0.76,0,0,0,0,0
TXN001938,USER01253,401.5,Paytm,Ahmedabad,DEVICE_A,2026-11-26 12:51:00,12,22,0,21.69,0,0,0,0,0
TXN001939,USER00108,392.04,Flipkart,Hyderabad,DEVICE_C,2026-12-07 22:37:00,22,45,0,18.52,0,0,0,0,0
TXN001940,USER00172,3670.45,Uber,Bangalore,DEVICE_E,2026-08-30 07:17:00,7,39,0,48.15,0,0,0,0,0
TXN001941,USER01459,1216.0,Walmart,Mumbai,DEVICE_B,2026-02-02 07:55:00,7,6,1,2.5,0,0,0,0,1
TXN001942,USER01502,5602.94,Uber,Ahmedabad,DEVICE_B,2026-10-11 17:34:00,17,0,1,14.79,0,0,0,1,0
TXN001943,USER00102,5858.38,Walmart,Bangalore,DEVICE_A,2026-04-25 19:47:00,19,24,0,3.27,0,0,0,0,0
TXN001944,USER00866,3316.56,Zomato,Delhi,DEVICE_C,2026-07-29 17:21:00,17,30,0,12.17,0,0,0,0,0
TXN001945,USER00524,345.97,Apple,Pune,DEVICE_B,2026-11-25 02:48:00,2,5,0,32.13,1,0,0,0,0
TXN001946,USER00275,3904.63,Paytm,Ahmedabad,DEVICE_E,2026-10-02 11:16:00,11,27,1,38.95,0,0,0,0,0
TXN001947,USER01637,978.66,Uber,Delhi,DEVICE_E,2026-12-19 16:05:00,16,30,0,35.9,0,0,0,0,0
TXN001948,USER01068,854.15,Myntra,Kolkata,DEVICE_B,2026-11-27 01:30:00,1,35,0,15.86,1,0,0,0,0
TXN001949,USER01979,751.13,Flipkart,Ahmedabad,DEVICE_C,2026-05-12 05:17:00,5,15,1,20.1,1,0,0,0,1
TXN001950,USER00817,799.9,Flipkart,Ahmedabad,DEVICE_A,2026-10-06 04:34:00,4,14,0,16.04,1,0,0,0,0
TXN001951,USER00957,1571.0,Swiggy,Hyderabad,DEVICE_C,2026-05-15 05:41:00,5,21,0,16.48,1,0,0,0,0
TXN001952,USER01041,8688.91,Flipkart,Chennai,DEVICE_D,2026-08-06 07:00:00,7,17,1,43.28,0,0,0,0,0
TXN001953,USER00330,250.79,Flipkart,Pune,DEVICE_B,2026-05-30 16:08:00,16,49,0,4.7,0,0,0,0,0
TXN001954,USER01593,6304.8,Apple,Mumbai,DEVICE_D,2026-05-10 05:25:00,5,7,0,11.55,1,0,0,0,0
TXN001955,USER01847,4264.95,Myntra,Pune,DEVICE_B,2026-09-08 21:56:00,21,9,0,18.84,0,0,0,0,0
TXN001956,USER01521,934.55,Zomato,Hyderabad,DEVICE_A,2026-02-14 00:58:00,0,36,0,28.99,1,0,0,0,0
TXN001957,USER01839,700.72,Flipkart,Ahmedabad,DEVICE_C,2026-06-05 19:10:00,19,38,1,28.7,0,0,0,0,0
TXN001958,USER00012,326.24,Zomato,Mumbai,DEVICE_C,2026-05-18 00:10:00,0,48,1,2.49,1,0,0,0,0
TXN001959,USER01342,484.3,Apple,Delhi,DEVICE_B,2026-11-16 14:13:00,14,5,0,5.02,0,0,0,0,0
TXN001960,USER01616,634.94,Flipkart,Pune,DEVICE_E,2026-11-29 14:45:00,14,42,0,48.5,0,0,0,0,0
TXN001961,USER00216,999.39,Paytm,Chennai,DEVICE_D,2026-05-07 12:38:00,12,9,0,8.85,0,0,0,0,0
TXN001962,USER00339,1067.84,Swiggy,Chennai,DEVICE_C,2026-07-26 01:32:00,1,38,0,0.05,1,0,0,0,0
TXN001963,USER01800,2175.52,Uber,Delhi,DEVICE_C,2026-06-26 03:08:00,3,6,0,4.46,1,0,0,0,0
TXN001964,USER00661,1970.86,Paytm,Bangalore,DEVICE_B,2026-12-04 20:47:00,20,41,0,69.83,0,0,0,0,0
TXN001965,USER01105,1359.41,Netflix,Chennai,DEVICE_E,2026-10-13 12:27:00,12,44,0,7.41,0,0,0,0,0
TXN001966,USER01751,1054.41,Amazon,Bangalore,DEVICE_D,2026-01-25 16:20:00,16,34,0,19.02,0,0,0,0,0
TXN001967,USER01509,3068.12,Flipkart,Mumbai,DEVICE_E,2026-07-21 15:23:00,15,27,1,25.94,0,0,0,0,0
TXN001968,USER00374,2334.57,Zomato,Chennai,DEVICE_E,2026-08-01 07:58:00,7,24,0,20.8,0,0,0,0,0
TXN001969,USER00976,1636.75,Amazon,Kolkata,DEVICE_B,2026-03-16 20:41:00,20,27,0,9.48,0,0,0,0,0
TXN001970,USER00710,761.14,Walmart,Ahmedabad,DEVICE_E,2026-11-11 05:01:00,5,8,0,11.26,1,0,0,0,0
TXN001971,USER01224,2966.34,Flipkart,Delhi,DEVICE_D,2026-09-12 21:10:00,21,4,0,36.4,0,0,0,0,0
TXN001972,USER01561,2324.79,Netflix,Ahmedabad,DEVICE_A,2026-10-18 05:50:00,5,15,0,21.74,1,0,0,0,0
TXN001973,USER00466,878.87,Apple,Ahmedabad,DEVICE_A,2026-02-01 01:54:00,1,28,0,0.47,1,0,0,0,0
TXN001974,USER01113,195.25,Swiggy,Pune,DEVICE_D,2026-03-03 01:33:00,1,42,0,4.55,1,0,0,0,0
TXN001975,USER01292,1194.53,Netflix,Bangalore,DEVICE_B,2026-06-17 06:50:00,6,22,0,6.75,0,0,0,0,0
TXN001976,USER01679,588.11,Zomato,Kolkata,DEVICE_C,2026-03-04 05:24:00,5,17,0,9.1,1,0,0,0,1
TXN001977,USER01595,2091.25,Apple,Mumbai,DEVICE_B,2026-09-01 20:01:00,20,25,0,17.2,0,0,0,0,0
TXN001978,USER01946,1331.84,Uber,Mumbai,DEVICE_D,2026-02-21 01:21:00,1,46,0,9.13,1,0,0,0,0
TXN001979,USER00489,243.36,Apple,Chennai,DEVICE_E,2026-08-04 21:51:00,21,4,0,34.86,0,0,0,0,0
TXN001980,USER01901,1429.8,Flipkart,Chennai,DEVICE_A,2026-02-02 01:23:00,1,7,0,12.84,1,0,0,0,1
TXN001981,USER01562,5133.79,Amazon,Kolkata,DEVICE_E,2026-10-16 12:35:00,12,39,0,13.95,0,0,0,0,0
TXN001982,USER00047,955.74,Amazon,Hyderabad,DEVICE_B,2026-10-12 21:55:00,21,18,0,11.15,0,0,0,0,0
TXN001983,USER01312,1088.39,Zomato,Hyderabad,DEVICE_D,2026-05-17 18:56:00,18,36,0,7.43,0,0,0,0,0
TXN001984,USER00778,805.33,Apple,Chennai,DEVICE_A,2026-12-13 00:50:00,0,27,0,25.81,1,0,0,0,0
TXN001985,USER01040,1170.13,Netflix,Hyderabad,DEVICE_D,2026-04-21 07:03:00,7,3,0,5.22,0,0,0,0,0
TXN001986,USER00711,4385.76,Zomato,Delhi,DEVICE_A,2026-03-12 14:24:00,14,19,0,23.39,0,0,0,0,0
TXN001987,USER00401,2835.51,Swiggy,Kolkata,DEVICE_A,2026-07-14 10:39:00,10,49,0,15.09,0,0,0,0,0
TXN001988,USER01943,653.12,Zomato,Delhi,DEVICE_A,2026-05-17 11:50:00,11,21,0,2.16,0,0,0,0,0
TXN001989,USER01818,1027.11,Zomato,Hyderabad,DEVICE_B,2026-06-21 14:28:00,14,11,0,0.36,0,0,0,0,0
TXN001990,USER00981,1088.98,Uber,Chennai,DEVICE_D,2026-11-29 01:12:00,1,0,0,3.71,1,0,0,1,1
TXN001991,USER01110,1588.42,Paytm,Ahmedabad,DEVICE_C,2026-01-02 09:28:00,9,7,0,28.63,0,0,0,0,0
TXN001992,USER00250,1614.98,Flipkart,Ahmedabad,DEVICE_C,2026-02-14 15:17:00,15,40,0,9.71,0,0,0,0,0
TXN001993,USER00391,1005.99,Uber,Delhi,DEVICE_C,2026-05-29 11:38:00,11,26,0,32.68,0,0,0,0,0
TXN001994,USER01806,357.68,Amazon,Mumbai,DEVICE_D,2026-02-16 15:30:00,15,20,0,13.94,0,0,0,0,0
TXN001995,USER00335,989.11,Amazon,Pune,DEVICE_E,2026-11-25 00:55:00,0,44,0,0.67,1,0,0,0,0
TXN001996,USER00629,791.39,Walmart,Ahmedabad,DEVICE_D,2026-06-23 05:09:00,5,32,0,37.43,1,0,0,0,1
TXN001997,USER01543,488.97,Walmart,Ahmedabad,DEVICE_A,2026-01-27 00:47:00,0,37,0,55.06,1,0,0,0,0
TXN001998,USER00137,2229.54,Netflix,Chennai,DEVICE_E,2026-11-24 22:00:00,22,32,0,1.54,0,0,0,0,0
TXN001999,USER00883,1115.76,Amazon,Kolkata,DEVICE_A,2026-03-29 16:25:00,16,45,0,4.67,0,0,0,0,0
TXN002000,USER00688,432.91,Paytm,Bangalore,DEVICE_A,2026-12-20 09:54:00,9,36,1,25.14,0,0,0,0,0
TXN002001,USER01864,6515.78,Uber,Bangalore,DEVICE_D,2026-05-25 03:33:00,3,44,0,117.39,1,0,0,0,0
TXN002002,USER01522,1595.35,Swiggy,Chennai,DEVICE_C,2026-03-27 00:15:00,0,4,0,41.8,1,0,0,0,0
TXN002003,USER00827,2236.68,Paytm,Hyderabad,DEVICE_E,2026-02-25 01:25:00,1,14,0,2.08,1,0,0,0,0
TXN002004,USER00727,2816.53,Walmart,Ahmedabad,DEVICE_B,2026-09-02 03:52:00,3,29,0,18.69,1,0,0,0,0
TXN002005,USER01501,740.62,Apple,Ahmedabad,DEVICE_C,2026-06-27 11:48:00,11,2,0,21.88,0,0,0,0,0
TXN002006,USER00594,1788.78,Paytm,Delhi,DEVICE_B,2026-02-18 14:37:00,14,27,0,19.93,0,0,0,0,0
TXN002007,USER01247,193.09,Paytm,Delhi,DEVICE_D,2026-03-12 10:56:00,10,29,1,16.79,0,0,0,0,0
TXN002008,USER00990,2607.44,Paytm,Chennai,DEVICE_E,2026-08-10 14:23:00,14,35,0,6.91,0,0,0,0,0
TXN002009,USER00372,1031.47,Paytm,Mumbai,DEVICE_D,2026-10-17 21:18:00,21,2,0,22.08,0,0,0,0,0
TXN002010,USER00935,1761.73,Paytm,Kolkata,DEVICE_B,2026-04-26 22:50:00,22,43,0,26.07,0,0,0,0,0
TXN002011,USER00995,1029.5,Walmart,Hyderabad,DEVICE_A,2026-05-12 17:16:00,17,30,0,17.15,0,0,0,0,0
TXN002012,USER00402,5630.38,Amazon,Ahmedabad,DEVICE_D,2026-05-09 07:51:00,7,13,0,13.75,0,0,0,0,0
TXN002013,USER01467,3300.25,Zomato,Mumbai,DEVICE_E,2026-12-11 10:29:00,10,5,0,4.94,0,0,0,0,0
TXN002014,USER01514,104.6,Paytm,Chennai,DEVICE_D,2026-07-08 12:41:00,12,18,0,15.74,0,0,0,0,0
TXN002015,USER00615,1803.51,Paytm,Chennai,DEVICE_C,2026-11-22 22:18:00,22,4,1,2.75,0,0,0,0,1
TXN002016,USER01297,850.82,Flipkart,Ahmedabad,DEVICE_D,2026-09-08 08:03:00,8,48,0,1.51,0,0,0,0,0
TXN002017,USER01550,1868.79,Amazon,Mumbai,DEVICE_B,2026-05-06 15:48:00,15,25,0,30.09,0,0,0,0,0
TXN002018,USER01183,1845.58,Zomato,Bangalore,DEVICE_D,2026-07-04 08:01:00,8,49,0,22.56,0,0,0,0,0
TXN002019,USER01176,561.89,Swiggy,Chennai,DEVICE_E,2026-01-24 08:58:00,8,43,0,20.94,0,0,0,0,0
TXN002020,USER00995,988.1,Swiggy,Kolkata,DEVICE_D,2026-06-16 22:57:00,22,17,1,52.66,0,0,0,0,0
TXN002021,USER00620,438.14,Apple,Pune,DEVICE_D,2026-05-18 12:08:00,12,36,0,9.59,0,0,0,0,0
TXN002022,USER00188,4177.41,Myntra,Hyderabad,DEVICE_E,2026-12-06 14:20:00,14,44,0,10.21,0,0,0,0,0
TXN002023,USER01837,1472.26,Uber,Mumbai,DEVICE_D,2026-01-06 11:59:00,11,35,0,10.68,0,0,0,0,0
TXN002024,USER01122,1618.44,Flipkart,Bangalore,DEVICE_E,2026-05-22 18:59:00,18,30,0,12.52,0,0,0,0,0
TXN002025,USER00131,1441.66,Amazon,Mumbai,DEVICE_B,2026-03-08 16:03:00,16,17,0,14.38,0,0,0,0,0
TXN002026,USER00805,422.49,Amazon,Bangalore,DEVICE_E,2026-07-15 06:28:00,6,8,0,30.1,0,0,0,0,0
TXN002027,USER01195,1938.24,Myntra,Bangalore,DEVICE_B,2026-09-01 01:42:00,1,25,0,4.91,1,0,0,0,1
TXN002028,USER00936,5467.87,Apple,Kolkata,DEVICE_B,2026-04-09 19:09:00,19,1,0,11.39,0,0,0,1,0
TXN002029,USER00986,270.29,Netflix,Hyderabad,DEVICE_E,2026-04-23 16:59:00,16,31,0,14.07,0,0,0,0,0
TXN002030,USER00183,1178.81,Walmart,Chennai,DEVICE_D,2026-04-04 15:01:00,15,41,0,3.71,0,0,0,0,0
TXN002031,USER00983,2172.53,Apple,Bangalore,DEVICE_C,2026-09-04 14:25:00,14,44,0,24.21,0,0,0,0,0
TXN002032,USER00364,559.1,Zomato,Chennai,DEVICE_E,2026-12-22 19:43:00,19,5,0,1.16,0,0,0,0,0
TXN002033,USER00039,2119.79,Apple,Hyderabad,DEVICE_D,2026-01-28 16:33:00,16,19,0,17.63,0,0,0,0,0
TXN002034,USER01551,1141.95,Myntra,Chennai,DEVICE_B,2026-05-14 14:41:00,14,7,0,4.52,0,0,0,0,0
TXN002035,USER01912,577.48,Myntra,Ahmedabad,DEVICE_A,2026-06-02 12:25:00,12,44,0,0.17,0,0,0,0,0
TXN002036,USER00497,114.59,Uber,Kolkata,DEVICE_C,2026-09-01 13:58:00,13,3,0,7.59,0,0,0,0,0
TXN002037,USER01540,1002.84,Flipkart,Kolkata,DEVICE_D,2026-01-21 23:04:00,23,24,0,11.21,0,0,0,0,0
TXN002038,USER01373,1026.6,Paytm,Delhi,DEVICE_C,2026-07-17 04:02:00,4,30,0,34.0,1,0,0,0,0
TXN002039,USER00982,3578.86,Swiggy,Kolkata,DEVICE_A,2026-03-27 10:41:00,10,18,0,10.48,0,0,0,0,0
TXN002040,USER00921,1487.65,Myntra,Bangalore,DEVICE_A,2026-10-01 11:36:00,11,6,0,49.4,0,0,0,0,0
TXN002041,USER01421,680.64,Uber,Hyderabad,DEVICE_A,2026-12-15 02:31:00,2,46,1,36.97,1,0,0,0,0
TXN002042,USER00722,266.61,Walmart,Kolkata,DEVICE_E,2026-05-05 07:39:00,7,36,0,4.28,0,0,0,0,0
TXN002043,USER01185,2409.3,Swiggy,Mumbai,DEVICE_C,2026-11-02 22:42:00,22,29,0,3.39,0,0,0,0,0
TXN002044,USER00016,1218.89,Netflix,Hyderabad,DEVICE_E,2026-10-16 17:33:00,17,26,0,5.59,0,0,0,0,0
TXN002045,USER00493,769.22,Amazon,Bangalore,DEVICE_A,2026-04-05 04:48:00,4,16,1,8.92,1,0,0,0,0
TXN002046,USER01450,673.82,Walmart,Hyderabad,DEVICE_D,2026-08-10 13:09:00,13,31,0,17.52,0,0,0,0,0
TXN002047,USER01132,3358.0,Netflix,Kolkata,DEVICE_A,2026-05-16 08:50:00,8,18,0,2.65,0,0,0,0,0
TXN002048,USER00894,3835.91,Swiggy,Mumbai,DEVICE_E,2026-04-01 08:45:00,8,24,0,15.19,0,0,0,0,0
TXN002049,USER01474,623.87,Walmart,Delhi,DEVICE_A,2026-03-03 05:43:00,5,28,0,17.39,1,0,0,0,0
TXN002050,USER00311,138.59,Uber,Bangalore,DEVICE_A,2026-12-28 14:21:00,14,24,0,21.63,0,0,0,0,0
TXN002051,USER00739,904.99,Netflix,Pune,DEVICE_E,2026-12-13 20:20:00,20,31,0,15.97,0,0,0,0,0
TXN002052,USER01194,1344.11,Amazon,Ahmedabad,DEVICE_E,2026-09-01 13:21:00,13,36,0,34.88,0,0,0,0,0
TXN002053,USER00546,1170.51,Paytm,Bangalore,DEVICE_D,2026-11-05 03:58:00,3,10,0,20.52,1,0,0,0,0
TXN002054,USER00414,265.89,Uber,Hyderabad,DEVICE_E,2026-07-18 10:55:00,10,3,0,51.69,0,0,0,0,0
TXN002055,USER00251,4357.91,Zomato,Pune,DEVICE_D,2026-08-21 18:46:00,18,45,0,24.14,0,0,0,0,0
TXN002056,USER00759,205.53,Amazon,Pune,DEVICE_B,2026-04-27 18:06:00,18,30,0,11.46,0,0,0,0,0
TXN002057,USER01805,558.9,Flipkart,Chennai,DEVICE_B,2026-05-04 11:07:00,11,35,0,4.71,0,0,0,0,0
TXN002058,USER01165,437.14,Apple,Pune,DEVICE_E,2026-02-11 00:21:00,0,3,0,0.21,1,0,0,0,0
TXN002059,USER01298,416.84,Flipkart,Chennai,DEVICE_A,2026-04-15 13:04:00,13,1,0,1.9,0,0,0,1,1
TXN002060,USER01440,153.8,Myntra,Ahmedabad,DEVICE_C,2026-06-05 01:02:00,1,38,0,4.21,1,0,0,0,0
TXN002061,USER01632,1158.14,Paytm,Pune,DEVICE_A,2026-11-13 12:53:00,12,32,1,4.88,0,0,0,0,0
TXN002062,USER01763,3916.99,Zomato,Mumbai,DEVICE_E,2026-09-17 17:02:00,17,43,0,27.1,0,0,0,0,0
TXN002063,USER01915,945.55,Zomato,Delhi,DEVICE_D,2026-11-19 04:21:00,4,26,0,9.76,1,0,0,0,0
TXN002064,USER01063,442.81,Apple,Delhi,DEVICE_A,2026-02-16 18:43:00,18,25,0,7.85,0,0,0,0,0
TXN002065,USER00814,3899.62,Netflix,Pune,DEVICE_B,2026-07-19 21:16:00,21,18,0,1.08,0,0,0,0,0
TXN002066,USER00029,2334.11,Apple,Hyderabad,DEVICE_E,2026-09-20 11:53:00,11,43,0,15.47,0,0,0,0,0
TXN002067,USER00958,512.82,Myntra,Hyderabad,DEVICE_A,2026-12-05 12:07:00,12,40,0,18.98,0,0,0,0,0
TXN002068,USER00477,1465.73,Flipkart,Chennai,DEVICE_A,2026-11-26 01:37:00,1,38,0,42.05,1,0,0,0,0
TXN002069,USER00318,2896.1,Zomato,Kolkata,DEVICE_D,2026-02-24 22:43:00,22,32,0,13.98,0,0,0,0,0
TXN002070,USER00245,486.14,Flipkart,Delhi,DEVICE_D,2026-11-21 11:12:00,11,37,0,0.16,0,0,0,0,0
TXN002071,USER00748,1223.57,Amazon,Kolkata,DEVICE_D,2026-08-14 18:07:00,18,9,0,1.35,0,0,0,0,0
TXN002072,USER00697,773.07,Paytm,Delhi,DEVICE_C,2026-08-20 20:38:00,20,0,0,6.32,0,0,0,1,0
TXN002073,USER00272,374.93,Walmart,Kolkata,DEVICE_E,2026-09-24 22:00:00,22,49,0,3.0,0,0,0,0,0
TXN002074,USER01464,1273.61,Myntra,Kolkata,DEVICE_E,2026-02-22 16:19:00,16,34,1,29.44,0,0,0,0,0
TXN002075,USER01772,1618.31,Walmart,Delhi,DEVICE_B,2026-12-17 02:56:00,2,10,0,2.28,1,0,0,0,0
TXN002076,USER01263,1140.94,Myntra,Ahmedabad,DEVICE_B,2026-07-04 19:17:00,19,13,0,3.51,0,0,0,0,0
TXN002077,USER00377,526.05,Swiggy,Mumbai,DEVICE_E,2026-01-30 06:24:00,6,5,1,21.98,0,0,0,0,0
TXN002078,USER00266,7264.14,Paytm,Mumbai,DEVICE_A,2026-10-22 00:27:00,0,42,0,5.48,1,0,0,0,0
TXN002079,USER00926,705.82,Amazon,Hyderabad,DEVICE_E,2026-05-12 20:58:00,20,38,0,69.53,0,0,0,0,0
TXN002080,USER00921,1812.68,Paytm,Kolkata,DEVICE_C,2026-11-01 20:21:00,20,39,0,39.78,0,0,0,0,0
TXN002081,USER01383,2267.89,Netflix,Kolkata,DEVICE_B,2026-09-08 10:47:00,10,24,0,27.29,0,0,0,0,0
TXN002082,USER00340,116.53,Myntra,Ahmedabad,DEVICE_B,2026-10-12 13:38:00,13,22,0,8.41,0,0,0,0,0
TXN002083,USER00389,2313.3,Walmart,Kolkata,DEVICE_B,2026-03-11 02:03:00,2,4,0,1.17,1,0,0,0,0
TXN002084,USER00577,1105.5,Myntra,Ahmedabad,DEVICE_E,2026-10-13 01:07:00,1,25,0,8.2,1,0,0,0,0
TXN002085,USER01713,865.42,Netflix,Kolkata,DEVICE_B,2026-12-17 20:27:00,20,17,0,9.46,0,0,0,0,0
TXN002086,USER00003,981.72,Myntra,Kolkata,DEVICE_B,2026-03-10 06:18:00,6,31,0,2.73,0,0,0,0,0
TXN002087,USER01453,1853.06,Paytm,Ahmedabad,DEVICE_E,2026-01-14 21:44:00,21,46,0,2.57,0,0,0,0,0
TXN002088,USER01166,140.57,Uber,Chennai,DEVICE_A,2026-01-29 21:45:00,21,20,0,22.06,0,0,0,0,0
TXN002089,USER00376,1128.62,Myntra,Bangalore,DEVICE_B,2026-07-27 18:49:00,18,25,0,5.29,0,0,0,0,0
TXN002090,USER01694,1616.36,Swiggy,Kolkata,DEVICE_B,2026-05-14 23:48:00,23,49,0,22.66,0,0,0,0,0
TXN002091,USER00324,7669.13,Swiggy,Chennai,DEVICE_B,2026-12-02 04:32:00,4,34,0,15.89,1,0,0,0,0
TXN002092,USER00146,325.32,Zomato,Mumbai,DEVICE_C,2026-04-15 19:06:00,19,9,0,46.35,0,0,0,0,0
TXN002093,USER01982,1634.44,Swiggy,Kolkata,DEVICE_E,2026-08-12 08:46:00,8,27,0,31.91,0,0,0,0,0
TXN002094,USER00293,709.38,Myntra,Mumbai,DEVICE_B,2026-06-24 23:17:00,23,30,0,3.28,0,0,0,0,0
TXN002095,USER01689,1696.04,Myntra,Hyderabad,DEVICE_C,2026-08-10 07:09:00,7,14,1,18.84,0,0,0,0,1
TXN002096,USER00432,2392.21,Uber,Bangalore,DEVICE_A,2026-05-16 12:40:00,12,39,0,21.18,0,0,0,0,0
TXN002097,USER00705,565.86,Swiggy,Delhi,DEVICE_A,2026-03-29 19:05:00,19,7,0,39.62,0,0,0,0,0
TXN002098,USER00949,6371.67,Flipkart,Bangalore,DEVICE_C,2026-01-29 20:03:00,20,45,0,20.49,0,0,0,0,0
TXN002099,USER01999,3602.61,Myntra,Kolkata,DEVICE_A,2026-06-21 04:04:00,4,9,0,3.03,1,0,0,0,0
TXN002100,USER00585,2229.19,Amazon,Kolkata,DEVICE_D,2026-12-13 08:21:00,8,44,1,5.98,0,0,0,0,0
TXN002101,USER00399,795.45,Amazon,Ahmedabad,DEVICE_A,2026-08-03 09:42:00,9,9,1,20.3,0,0,0,0,1
TXN002102,USER00817,665.76,Walmart,Bangalore,DEVICE_D,2026-06-25 00:43:00,0,37,0,48.6,1,0,0,0,0
TXN002103,USER01913,1628.88,Uber,Bangalore,DEVICE_C,2026-07-19 09:24:00,9,17,0,44.43,0,0,0,0,0
TXN002104,USER01368,769.14,Netflix,Hyderabad,DEVICE_D,2026-03-29 02:33:00,2,47,0,8.9,1,0,0,0,0
TXN002105,USER00964,684.48,Flipkart,Pune,DEVICE_A,2026-12-20 13:51:00,13,27,0,35.52,0,0,0,0,0
TXN002106,USER01164,6146.84,Myntra,Mumbai,DEVICE_B,2026-07-29 01:34:00,1,27,0,14.32,1,0,0,0,0
TXN002107,USER00187,1795.06,Paytm,Ahmedabad,DEVICE_D,2026-02-11 05:54:00,5,49,0,12.49,1,0,0,0,0
TXN002108,USER01829,2301.22,Apple,Delhi,DEVICE_A,2026-03-08 06:19:00,6,19,0,8.64,0,0,0,0,0
TXN002109,USER00061,5936.85,Apple,Ahmedabad,DEVICE_B,2026-12-02 04:00:00,4,23,1,22.68,1,0,0,0,0
TXN002110,USER00939,1181.82,Netflix,Pune,DEVICE_C,2026-11-08 13:38:00,13,5,1,18.31,0,0,0,0,1
TXN002111,USER01404,620.65,Zomato,Bangalore,DEVICE_C,2026-09-22 15:46:00,15,40,0,9.39,0,0,0,0,0
TXN002112,USER00710,418.57,Paytm,Delhi,DEVICE_E,2026-03-08 04:00:00,4,47,0,28.78,1,0,0,0,0
TXN002113,USER00807,3710.84,Apple,Bangalore,DEVICE_C,2026-03-23 04:35:00,4,31,0,9.54,1,0,0,0,0
TXN002114,USER01464,784.01,Netflix,Ahmedabad,DEVICE_E,2026-03-18 01:01:00,1,5,0,17.56,1,0,0,0,0
TXN002115,USER01343,76.79,Apple,Mumbai,DEVICE_C,2026-12-14 22:51:00,22,10,0,9.96,0,0,0,0,0
TXN002116,USER01326,99.93,Uber,Delhi,DEVICE_C,2026-02-22 09:51:00,9,29,0,2.49,0,0,0,0,0
TXN002117,USER01368,290.63,Walmart,Pune,DEVICE_C,2026-07-13 01:42:00,1,2,0,3.52,1,0,0,0,0
TXN002118,USER00011,782.0,Zomato,Chennai,DEVICE_E,2026-11-23 03:02:00,3,7,0,21.39,1,0,0,0,0
TXN002119,USER01086,894.37,Uber,Mumbai,DEVICE_E,2026-11-04 02:43:00,2,32,0,33.34,1,0,0,0,0
TXN002120,USER01869,1760.59,Paytm,Pune,DEVICE_D,2026-11-15 13:17:00,13,46,1,12.64,0,0,0,0,0
TXN002121,USER00226,394.16,Netflix,Delhi,DEVICE_A,2026-06-26 14:58:00,14,46,0,7.88,0,0,0,0,0
TXN002122,USER01177,1334.82,Flipkart,Bangalore,DEVICE_A,2026-02-19 06:16:00,6,18,0,8.2,0,0,0,0,0
TXN002123,USER01735,2430.12,Paytm,Pune,DEVICE_A,2026-06-09 17:02:00,17,9,0,18.21,0,0,0,0,0
TXN002124,USER00564,963.36,Paytm,Bangalore,DEVICE_C,2026-02-17 16:05:00,16,18,0,12.61,0,0,0,0,0
TXN002125,USER00772,721.79,Swiggy,Mumbai,DEVICE_A,2026-02-27 03:25:00,3,8,0,0.01,1,0,0,0,0
TXN002126,USER01595,502.71,Flipkart,Mumbai,DEVICE_E,2026-11-01 14:52:00,14,6,0,29.52,0,0,0,0,0
TXN002127,USER01608,3075.88,Amazon,Pune,DEVICE_D,2026-02-13 21:55:00,21,13,1,3.07,0,0,0,0,0
TXN002128,USER01684,319.59,Swiggy,Bangalore,DEVICE_B,2026-07-04 20:25:00,20,1,0,22.47,0,0,0,1,0
TXN002129,USER01885,4533.44,Netflix,Delhi,DEVICE_D,2026-07-08 10:00:00,10,21,0,8.44,0,0,0,0,0
TXN002130,USER01599,1074.58,Amazon,Pune,DEVICE_A,2026-08-05 23:00:00,23,44,0,17.26,0,0,0,0,0
TXN002131,USER01334,430.6,Apple,Chennai,DEVICE_A,2026-07-30 08:28:00,8,19,0,38.64,0,0,0,0,0
TXN002132,USER00885,2337.14,Apple,Ahmedabad,DEVICE_E,2026-12-14 08:42:00,8,25,0,3.35,0,0,0,0,0
TXN002133,USER01267,1732.53,Paytm,Hyderabad,DEVICE_D,2026-05-20 11:12:00,11,3,0,30.07,0,0,0,0,0
TXN002134,USER01517,1594.22,Swiggy,Mumbai,DEVICE_E,2026-10-11 20:50:00,20,38,0,0.78,0,0,0,0,0
TXN002135,USER01390,2066.54,Myntra,Bangalore,DEVICE_E,2026-11-19 01:30:00,1,39,0,50.86,1,0,0,0,1
TXN002136,USER01354,1268.73,Flipkart,Delhi,DEVICE_B,2026-12-01 20:47:00,20,22,0,4.5,0,0,0,0,0
TXN002137,USER01131,1657.21,Amazon,Mumbai,DEVICE_E,2026-08-02 18:51:00,18,15,1,31.64,0,0,0,0,0
TXN002138,USER00226,3731.84,Flipkart,Delhi,DEVICE_E,2026-02-13 05:52:00,5,24,0,1.39,1,0,0,0,1
TXN002139,USER00825,1315.9,Swiggy,Mumbai,DEVICE_B,2026-10-24 19:57:00,19,8,0,7.92,0,0,0,0,0
TXN002140,USER00218,2293.18,Paytm,Bangalore,DEVICE_C,2026-03-28 22:02:00,22,10,0,20.08,0,0,0,0,0
TXN002141,USER00937,151.47,Uber,Delhi,DEVICE_C,2026-10-08 11:19:00,11,24,0,21.51,0,0,0,0,0
TXN002142,USER00753,1468.28,Apple,Bangalore,DEVICE_B,2026-04-01 00:28:00,0,30,0,24.0,1,0,0,0,0
TXN002143,USER00506,10620.73,Amazon,Delhi,DEVICE_E,2026-10-16 22:21:00,22,45,0,8.64,0,1,0,0,1
TXN002144,USER00259,219.62,Amazon,Mumbai,DEVICE_A,2026-03-25 00:03:00,0,26,0,21.93,1,0,0,0,0
TXN002145,USER01912,6636.62,Netflix,Hyderabad,DEVICE_D,2026-11-13 00:15:00,0,35,0,11.19,1,0,0,0,1
TXN002146,USER01798,2098.43,Amazon,Ahmedabad,DEVICE_A,2026-01-16 12:50:00,12,46,0,16.69,0,0,0,0,0
TXN002147,USER01541,238.06,Swiggy,Ahmedabad,DEVICE_A,2026-10-22 15:31:00,15,13,0,15.85,0,0,0,0,0
TXN002148,USER01797,1137.29,Amazon,Hyderabad,DEVICE_E,2026-09-19 17:06:00,17,22,0,3.68,0,0,0,0,0
TXN002149,USER00054,1574.91,Amazon,Ahmedabad,DEVICE_D,2026-04-07 22:42:00,22,15,0,37.49,0,0,0,0,0
TXN002150,USER01071,2490.34,Flipkart,Pune,DEVICE_D,2026-10-26 06:29:00,6,19,0,40.37,0,0,0,0,0
TXN002151,USER00727,741.16,Paytm,Chennai,DEVICE_C,2026-11-12 01:24:00,1,2,0,4.56,1,0,0,0,0
TXN002152,USER00689,2052.09,Walmart,Chennai,DEVICE_B,2026-02-22 22:18:00,22,5,0,10.78,0,0,0,0,0
TXN002153,USER01545,3815.15,Amazon,Pune,DEVICE_E,2026-11-01 11:58:00,11,28,0,12.51,0,0,0,0,0
TXN002154,USER01123,2435.31,Myntra,Pune,DEVICE_D,2026-10-27 12:38:00,12,3,0,15.92,0,0,0,0,0
TXN002155,USER01044,3209.51,Paytm,Kolkata,DEVICE_E,2026-07-08 20:15:00,20,0,0,0.45,0,0,0,1,0
TXN002156,USER01914,734.36,Zomato,Bangalore,DEVICE_C,2026-06-12 10:26:00,10,49,0,28.44,0,0,0,0,0
TXN002157,USER01777,2032.04,Netflix,Delhi,DEVICE_A,2026-12-03 10:35:00,10,7,0,39.6,0,0,0,0,0
TXN002158,USER01597,8688.89,Flipkart,Chennai,DEVICE_D,2026-04-10 21:57:00,21,47,0,3.07,0,0,0,0,0
TXN002159,USER01915,414.92,Netflix,Mumbai,DEVICE_C,2026-06-17 16:36:00,16,19,0,45.39,0,0,0,0,0
TXN002160,USER01514,1603.32,Uber,Pune,DEVICE_E,2026-11-29 21:40:00,21,15,0,38.06,0,0,0,0,0
TXN002161,USER00419,402.01,Amazon,Ahmedabad,DEVICE_C,2026-11-28 10:00:00,10,46,0,15.63,0,0,0,0,0
TXN002162,USER00690,3392.21,Apple,Hyderabad,DEVICE_C,2026-02-22 17:31:00,17,30,0,6.42,0,0,0,0,0
TXN002163,USER00850,185.09,Myntra,Delhi,DEVICE_C,2026-10-14 23:48:00,23,31,0,4.65,0,0,0,0,0
TXN002164,USER00062,657.77,Flipkart,Kolkata,DEVICE_C,2026-01-05 11:54:00,11,33,1,13.43,0,0,0,0,0
TXN002165,USER01169,8745.11,Netflix,Hyderabad,DEVICE_C,2026-03-13 08:45:00,8,28,0,14.15,0,0,0,0,0
TXN002166,USER00216,702.65,Amazon,Ahmedabad,DEVICE_C,2026-03-12 17:49:00,17,11,0,21.1,0,0,0,0,0
TXN002167,USER00003,1038.03,Apple,Pune,DEVICE_B,2026-11-28 23:49:00,23,3,0,32.35,0,0,0,0,0
TXN002168,USER00160,3367.14,Apple,Delhi,DEVICE_E,2026-06-16 23:42:00,23,42,1,54.51,0,0,0,0,1
TXN002169,USER01763,968.0,Uber,Pune,DEVICE_A,2026-04-26 19:20:00,19,33,0,31.82,0,0,0,0,0
TXN002170,USER00781,176.07,Paytm,Chennai,DEVICE_E,2026-02-04 16:42:00,16,5,0,47.95,0,0,0,0,0
TXN002171,USER01144,418.54,Myntra,Chennai,DEVICE_D,2026-01-05 02:29:00,2,48,0,13.84,1,0,0,0,0
TXN002172,USER00893,3591.42,Walmart,Bangalore,DEVICE_D,2026-01-16 12:42:00,12,8,1,0.79,0,0,0,0,0
TXN002173,USER01113,4122.91,Myntra,Ahmedabad,DEVICE_E,2026-01-05 14:29:00,14,4,1,1.06,0,0,0,0,0
TXN002174,USER00329,180.11,Uber,Kolkata,DEVICE_C,2026-10-12 17:18:00,17,45,0,6.25,0,0,0,0,0
TXN002175,USER00580,466.59,Swiggy,Delhi,DEVICE_B,2026-05-18 06:43:00,6,15,0,19.04,0,0,0,0,0
TXN002176,USER01934,598.79,Paytm,Kolkata,DEVICE_A,2026-02-20 18:54:00,18,0,0,8.17,0,0,0,1,0
TXN002177,USER01381,778.48,Flipkart,Mumbai,DEVICE_C,2026-01-22 23:13:00,23,19,0,3.63,0,0,0,0,0
TXN002178,USER01634,475.32,Paytm,Kolkata,DEVICE_E,2026-11-28 05:58:00,5,34,0,38.01,1,0,0,0,0
TXN002179,USER01291,1206.31,Uber,Pune,DEVICE_E,2026-12-20 07:49:00,7,9,1,83.99,0,0,0,0,0
TXN002180,USER01641,654.78,Uber,Pune,DEVICE_B,2026-01-08 22:32:00,22,24,0,0.34,0,0,0,0,0
TXN002181,USER00952,745.7,Flipkart,Chennai,DEVICE_B,2026-05-07 07:37:00,7,46,0,1.87,0,0,0,0,0
TXN002182,USER01347,395.64,Flipkart,Bangalore,DEVICE_E,2026-06-05 12:13:00,12,27,0,13.84,0,0,0,0,0
TXN002183,USER00635,2220.27,Flipkart,Ahmedabad,DEVICE_C,2026-09-11 23:07:00,23,34,0,8.24,0,0,0,0,0
TXN002184,USER00988,314.68,Paytm,Pune,DEVICE_C,2026-06-21 20:11:00,20,32,0,30.48,0,0,0,0,0
TXN002185,USER01565,1546.22,Amazon,Chennai,DEVICE_C,2026-01-15 06:17:00,6,44,0,21.24,0,0,0,0,0
TXN002186,USER01673,2705.32,Netflix,Hyderabad,DEVICE_A,2026-01-20 16:23:00,16,14,0,1.42,0,0,0,0,0
TXN002187,USER01219,6580.32,Zomato,Chennai,DEVICE_A,2026-10-12 06:21:00,6,20,0,15.74,0,0,0,0,0
TXN002188,USER00921,1720.62,Flipkart,Delhi,DEVICE_C,2026-11-15 04:16:00,4,41,0,8.21,1,0,0,0,0
TXN002189,USER00738,1344.24,Netflix,Ahmedabad,DEVICE_E,2026-04-20 03:18:00,3,34,0,67.11,1,0,0,0,0
TXN002190,USER01356,239.53,Zomato,Bangalore,DEVICE_B,2026-04-23 16:16:00,16,49,1,12.9,0,0,0,0,0
TXN002191,USER00170,4127.63,Paytm,Pune,DEVICE_D,2026-12-23 08:30:00,8,36,0,52.53,0,0,0,0,0
TXN002192,USER00521,1247.2,Netflix,Delhi,DEVICE_B,2026-11-08 14:21:00,14,9,0,0.61,0,0,0,0,0
TXN002193,USER01487,1448.69,Flipkart,Mumbai,DEVICE_B,2026-01-22 14:05:00,14,15,0,2.18,0,0,0,0,0
TXN002194,USER00040,1565.38,Walmart,Mumbai,DEVICE_D,2026-03-12 01:58:00,1,19,0,9.76,1,0,0,0,1
TXN002195,USER01561,1215.4,Uber,Chennai,DEVICE_C,2026-03-20 10:13:00,10,49,0,43.6,0,0,0,0,0
TXN002196,USER01285,1104.46,Netflix,Bangalore,DEVICE_B,2026-04-15 04:30:00,4,7,0,15.73,1,0,0,0,0
TXN002197,USER01419,789.88,Apple,Kolkata,DEVICE_D,2026-08-15 07:22:00,7,44,0,34.76,0,0,0,0,0
TXN002198,USER00955,2109.68,Apple,Bangalore,DEVICE_E,2026-04-29 04:37:00,4,30,0,6.67,1,0,0,0,0
TXN002199,USER01250,284.22,Netflix,Bangalore,DEVICE_E,2026-10-25 06:26:00,6,7,0,2.36,0,0,0,0,0
TXN002200,USER00984,278.8,Flipkart,Bangalore,DEVICE_E,2026-07-20 19:08:00,19,12,0,5.65,0,0,0,0,0
TXN002201,USER01148,511.62,Myntra,Chennai,DEVICE_C,2026-12-26 23:30:00,23,23,0,20.73,0,0,0,0,0
TXN002202,USER00975,3373.95,Flipkart,Delhi,DEVICE_B,2026-01-28 04:11:00,4,11,0,41.02,1,0,0,0,0
TXN002203,USER00038,1637.2,Paytm,Chennai,DEVICE_B,2026-08-17 08:43:00,8,44,0,12.14,0,0,0,0,0
TXN002204,USER00328,619.44,Flipkart,Kolkata,DEVICE_A,2026-02-19 00:32:00,0,16,0,4.3,1,0,0,0,0
TXN002205,USER01275,533.5,Paytm,Delhi,DEVICE_E,2026-06-01 20:28:00,20,46,0,20.3,0,0,0,0,0
TXN002206,USER01925,1020.98,Myntra,Kolkata,DEVICE_C,2026-03-06 21:42:00,21,40,0,4.39,0,0,0,0,0
TXN002207,USER01200,1572.22,Walmart,Hyderabad,DEVICE_D,2026-10-01 13:39:00,13,35,0,16.89,0,0,0,0,0
TXN002208,USER01626,3732.39,Paytm,Hyderabad,DEVICE_C,2026-04-14 05:54:00,5,11,0,2.16,1,0,0,0,0
TXN002209,USER00914,6957.11,Swiggy,Ahmedabad,DEVICE_B,2026-04-11 07:06:00,7,35,0,33.33,0,0,0,0,0
TXN002210,USER00454,979.16,Apple,Pune,DEVICE_E,2026-06-15 20:49:00,20,12,0,32.71,0,0,0,0,0
TXN002211,USER00037,7957.73,Uber,Pune,DEVICE_A,2026-06-28 06:07:00,6,34,0,15.59,0,0,0,0,0
TXN002212,USER01340,1178.12,Apple,Delhi,DEVICE_C,2026-09-11 11:05:00,11,4,0,0.78,0,0,0,0,0
TXN002213,USER01712,1439.57,Paytm,Chennai,DEVICE_A,2026-04-08 21:55:00,21,12,1,6.58,0,0,0,0,1
TXN002214,USER00973,2646.24,Swiggy,Kolkata,DEVICE_B,2026-12-23 05:18:00,5,45,0,2.98,1,0,0,0,0
TXN002215,USER00796,3015.37,Amazon,Kolkata,DEVICE_D,2026-11-22 09:56:00,9,7,0,14.82,0,0,0,0,0
TXN002216,USER01989,4527.21,Walmart,Pune,DEVICE_C,2026-09-17 19:57:00,19,10,0,2.15,0,0,0,0,0
TXN002217,USER00973,344.76,Walmart,Pune,DEVICE_B,2026-06-23 11:26:00,11,7,0,40.76,0,0,0,0,0
TXN002218,USER00593,1224.14,Amazon,Mumbai,DEVICE_E,2026-05-25 10:36:00,10,30,0,37.96,0,0,0,0,0
TXN002219,USER01138,3393.49,Uber,Kolkata,DEVICE_C,2026-09-06 12:32:00,12,11,0,3.39,0,0,0,0,0
TXN002220,USER01064,419.38,Myntra,Chennai,DEVICE_A,2026-08-22 03:16:00,3,10,0,23.74,1,0,0,0,0
TXN002221,USER01325,203.4,Zomato,Mumbai,DEVICE_C,2026-04-11 02:40:00,2,16,0,23.85,1,0,0,0,1
TXN002222,USER00224,287.85,Swiggy,Chennai,DEVICE_B,2026-03-15 08:18:00,8,26,0,10.11,0,0,0,0,0
TXN002223,USER00318,982.88,Paytm,Bangalore,DEVICE_B,2026-12-27 20:27:00,20,12,0,3.32,0,0,0,0,0
TXN002224,USER00349,6764.64,Zomato,Kolkata,DEVICE_A,2026-08-10 23:38:00,23,35,0,2.83,0,0,0,0,0
TXN002225,USER00115,282.13,Uber,Bangalore,DEVICE_B,2026-08-13 22:13:00,22,12,0,26.9,0,0,0,0,0
TXN002226,USER00698,384.05,Myntra,Hyderabad,DEVICE_C,2026-10-29 07:04:00,7,40,0,4.97,0,0,0,0,0
TXN002227,USER01347,697.17,Walmart,Hyderabad,DEVICE_A,2026-07-18 08:50:00,8,21,0,18.5,0,0,0,0,0
TXN002228,USER01592,448.54,Paytm,Delhi,DEVICE_B,2026-01-02 15:59:00,15,45,0,40.18,0,0,0,0,0
TXN002229,USER01064,381.09,Paytm,Kolkata,DEVICE_B,2026-11-30 09:31:00,9,43,0,17.98,0,0,0,0,0
TXN002230,USER01890,175.08,Myntra,Pune,DEVICE_C,2026-09-20 19:08:00,19,23,0,72.96,0,0,0,0,0
TXN002231,USER00040,681.72,Apple,Mumbai,DEVICE_B,2026-11-10 13:55:00,13,29,0,20.74,0,0,0,0,0
TXN002232,USER01883,6400.66,Swiggy,Bangalore,DEVICE_C,2026-06-13 15:40:00,15,12,0,7.56,0,0,0,0,0
TXN002233,USER01997,1806.78,Myntra,Chennai,DEVICE_E,2026-11-23 13:20:00,13,7,1,38.27,0,0,0,0,0
TXN002234,USER01773,3161.07,Flipkart,Kolkata,DEVICE_C,2026-09-08 19:53:00,19,4,0,7.45,0,0,0,0,0
TXN002235,USER01313,636.29,Flipkart,Delhi,DEVICE_D,2026-08-12 02:57:00,2,42,0,71.21,1,0,0,0,0
TXN002236,USER01286,513.74,Myntra,Chennai,DEVICE_B,2026-11-30 18:20:00,18,5,0,12.99,0,0,0,0,0
TXN002237,USER00216,1753.34,Walmart,Bangalore,DEVICE_E,2026-07-01 04:55:00,4,6,0,61.26,1,0,0,0,1
TXN002238,USER01171,1182.64,Myntra,Kolkata,DEVICE_A,2026-06-07 22:40:00,22,21,0,4.06,0,0,0,0,0
TXN002239,USER00336,1043.14,Netflix,Pune,DEVICE_D,2026-09-16 07:20:00,7,29,0,0.23,0,0,0,0,0
TXN002240,USER01192,4961.96,Uber,Bangalore,DEVICE_A,2026-10-23 03:27:00,3,14,0,4.37,1,0,0,0,1
TXN002241,USER00092,531.31,Flipkart,Kolkata,DEVICE_D,2026-03-21 08:22:00,8,36,0,2.07,0,0,0,0,0
TXN002242,USER00353,469.16,Zomato,Kolkata,DEVICE_E,2026-03-28 16:08:00,16,40,0,26.48,0,0,0,0,0
TXN002243,USER00571,2360.04,Myntra,Bangalore,DEVICE_E,2026-11-19 18:53:00,18,19,0,6.15,0,0,0,0,0
TXN002244,USER01595,2090.84,Flipkart,Bangalore,DEVICE_E,2026-03-19 07:53:00,7,30,0,20.4,0,0,0,0,0
TXN002245,USER00816,428.52,Uber,Chennai,DEVICE_D,2026-09-22 03:14:00,3,4,0,22.09,1,0,0,0,0
TXN002246,USER01705,1177.48,Uber,Delhi,DEVICE_C,2026-04-20 17:36:00,17,44,0,23.31,0,0,0,0,0
TXN002247,USER00781,218.29,Zomato,Bangalore,DEVICE_A,2026-06-10 02:27:00,2,11,0,35.75,1,0,0,0,0
TXN002248,USER00363,1433.99,Paytm,Hyderabad,DEVICE_C,2026-05-10 12:13:00,12,36,0,3.23,0,0,0,0,0
TXN002249,USER00557,719.49,Netflix,Ahmedabad,DEVICE_C,2026-05-25 06:39:00,6,29,1,1.04,0,0,0,0,0
TXN002250,USER01369,878.92,Myntra,Delhi,DEVICE_B,2026-10-23 18:48:00,18,38,0,0.6,0,0,0,0,0
TXN002251,USER01717,393.1,Amazon,Hyderabad,DEVICE_A,2026-08-13 02:08:00,2,2,0,2.19,1,0,0,0,1
TXN002252,USER01194,3214.06,Myntra,Chennai,DEVICE_D,2026-08-22 17:14:00,17,12,1,9.53,0,0,0,0,0
TXN002253,USER00356,1388.69,Paytm,Bangalore,DEVICE_B,2026-01-20 18:44:00,18,10,0,68.45,0,0,0,0,0
TXN002254,USER00191,2681.88,Swiggy,Delhi,DEVICE_B,2026-06-25 16:42:00,16,9,1,8.72,0,0,0,0,0
TXN002255,USER01691,997.87,Apple,Pune,DEVICE_E,2026-10-13 11:49:00,11,29,0,12.06,0,0,0,0,0
TXN002256,USER00422,3199.52,Walmart,Bangalore,DEVICE_D,2026-10-25 09:27:00,9,8,0,33.68,0,0,0,0,0
TXN002257,USER00700,204.15,Paytm,Kolkata,DEVICE_C,2026-04-29 13:26:00,13,29,0,50.17,0,0,0,0,0
TXN002258,USER00007,1102.39,Uber,Bangalore,DEVICE_C,2026-03-28 11:36:00,11,28,0,71.12,0,0,0,0,0
TXN002259,USER00133,3215.02,Amazon,Pune,DEVICE_C,2026-03-05 11:05:00,11,37,1,35.03,0,0,0,0,0
TXN002260,USER01771,184.39,Walmart,Delhi,DEVICE_E,2026-08-07 14:54:00,14,45,0,13.96,0,0,0,0,0
TXN002261,USER00557,1231.91,Flipkart,Bangalore,DEVICE_C,2026-07-06 08:39:00,8,41,0,5.21,0,0,0,0,0
TXN002262,USER00826,1843.51,Myntra,Bangalore,DEVICE_A,2026-10-30 03:33:00,3,48,0,18.24,1,0,0,0,1
TXN002263,USER00761,775.88,Walmart,Mumbai,DEVICE_C,2026-08-15 04:03:00,4,33,0,4.38,1,0,0,0,0
TXN002264,USER01055,2684.07,Flipkart,Mumbai,DEVICE_C,2026-12-04 17:52:00,17,25,0,1.15,0,0,0,0,0
TXN002265,USER00535,2708.64,Apple,Delhi,DEVICE_A,2026-05-14 21:51:00,21,1,0,50.35,0,0,0,1,0
TXN002266,USER00426,628.71,Flipkart,Delhi,DEVICE_E,2026-11-10 02:20:00,2,35,0,13.26,1,0,0,0,0
TXN002267,USER01418,774.23,Amazon,Kolkata,DEVICE_B,2026-06-08 14:17:00,14,6,0,14.2,0,0,0,0,0
TXN002268,USER00672,385.56,Uber,Kolkata,DEVICE_D,2026-02-03 13:54:00,13,35,0,18.79,0,0,0,0,0
TXN002269,USER00363,1459.56,Paytm,Ahmedabad,DEVICE_E,2026-06-21 15:57:00,15,39,0,12.01,0,0,0,0,0
TXN002270,USER01461,1315.86,Zomato,Bangalore,DEVICE_C,2026-11-14 17:01:00,17,13,0,11.76,0,0,0,0,0
TXN002271,USER01694,1098.94,Paytm,Hyderabad,DEVICE_B,2026-09-07 01:32:00,1,26,1,49.34,1,0,0,0,0
TXN002272,USER01575,1200.63,Paytm,Delhi,DEVICE_D,2026-06-10 07:07:00,7,25,0,33.92,0,0,0,0,0
TXN002273,USER01951,507.01,Flipkart,Pune,DEVICE_D,2026-10-05 23:43:00,23,19,0,4.78,0,0,0,0,0
TXN002274,USER00082,303.09,Myntra,Bangalore,DEVICE_D,2026-12-22 23:33:00,23,34,0,6.9,0,0,0,0,0
TXN002275,USER00356,1635.63,Walmart,Hyderabad,DEVICE_A,2026-05-29 20:47:00,20,10,1,21.61,0,0,0,0,0
TXN002276,USER01282,917.53,Zomato,Mumbai,DEVICE_A,2026-10-20 09:36:00,9,25,0,16.93,0,0,0,0,0
TXN002277,USER01742,433.55,Zomato,Kolkata,DEVICE_B,2026-02-03 07:20:00,7,34,0,29.06,0,0,0,0,0
TXN002278,USER00589,571.05,Walmart,Pune,DEVICE_C,2026-01-01 16:39:00,16,4,1,26.01,0,0,0,0,0
TXN002279,USER01548,2506.62,Walmart,Delhi,DEVICE_B,2026-12-07 05:57:00,5,15,0,24.66,1,0,0,0,0
TXN002280,USER00295,2381.06,Uber,Bangalore,DEVICE_C,2026-07-06 10:42:00,10,10,0,42.44,0,0,0,0,0
TXN002281,USER01986,1991.52,Amazon,Mumbai,DEVICE_E,2026-05-30 07:54:00,7,32,0,29.1,0,0,0,0,0
TXN002282,USER01248,1056.65,Apple,Ahmedabad,DEVICE_D,2026-01-04 09:33:00,9,8,0,5.56,0,0,0,0,0
TXN002283,USER01549,593.58,Amazon,Chennai,DEVICE_D,2026-06-01 20:40:00,20,21,0,41.25,0,0,0,0,0
TXN002284,USER01070,3604.92,Walmart,Mumbai,DEVICE_A,2026-04-08 11:02:00,11,4,0,8.18,0,0,0,0,0
TXN002285,USER01691,819.7,Myntra,Bangalore,DEVICE_E,2026-04-11 06:25:00,6,19,0,48.36,0,0,0,0,0
TXN002286,USER01137,1399.03,Netflix,Ahmedabad,DEVICE_E,2026-07-20 04:37:00,4,42,0,34.78,1,0,0,0,0
TXN002287,USER01257,510.05,Netflix,Kolkata,DEVICE_C,2026-08-20 05:00:00,5,33,1,1.54,1,0,0,0,0
TXN002288,USER00017,884.99,Apple,Hyderabad,DEVICE_E,2026-03-11 18:00:00,18,29,0,29.51,0,0,0,0,0
TXN002289,USER00360,99.5,Walmart,Pune,DEVICE_A,2026-11-17 14:39:00,14,9,0,13.87,0,0,0,0,0
TXN002290,USER01247,622.74,Netflix,Pune,DEVICE_C,2026-07-30 04:26:00,4,36,1,75.54,1,0,0,0,0
TXN002291,USER00866,278.32,Apple,Chennai,DEVICE_B,2026-04-12 09:13:00,9,31,0,12.27,0,0,0,0,0
TXN002292,USER00700,1333.43,Zomato,Pune,DEVICE_C,2026-01-15 10:24:00,10,23,0,1.39,0,0,0,0,0
TXN002293,USER00448,641.51,Apple,Chennai,DEVICE_B,2026-11-06 20:27:00,20,16,0,6.94,0,0,0,0,0
TXN002294,USER00856,835.91,Zomato,Ahmedabad,DEVICE_C,2026-02-20 15:20:00,15,43,0,11.25,0,0,0,0,0
TXN002295,USER00365,7460.08,Uber,Kolkata,DEVICE_D,2026-11-02 07:39:00,7,2,0,17.93,0,0,0,0,0
TXN002296,USER00675,437.36,Netflix,Chennai,DEVICE_B,2026-05-01 21:15:00,21,38,0,3.3,0,0,0,0,0
TXN002297,USER01008,1223.81,Apple,Delhi,DEVICE_A,2026-11-10 04:40:00,4,42,0,14.48,1,0,0,0,0
TXN002298,USER01350,1336.02,Apple,Bangalore,DEVICE_B,2026-11-18 07:46:00,7,42,0,13.21,0,0,0,0,0
TXN002299,USER00467,466.46,Apple,Ahmedabad,DEVICE_B,2026-03-01 06:48:00,6,25,0,36.24,0,0,0,0,0
TXN002300,USER00414,2960.56,Myntra,Pune,DEVICE_C,2026-09-25 02:49:00,2,11,0,7.2,1,0,0,0,1
TXN002301,USER01479,4825.63,Apple,Chennai,DEVICE_D,2026-01-03 16:23:00,16,36,0,11.94,0,0,0,0,0
TXN002302,USER00586,3227.72,Myntra,Mumbai,DEVICE_C,2026-10-12 05:29:00,5,41,0,9.84,1,0,0,0,0
TXN002303,USER01257,464.77,Paytm,Hyderabad,DEVICE_C,2026-11-23 15:59:00,15,11,0,20.01,0,0,0,0,0
TXN002304,USER01248,582.57,Uber,Bangalore,DEVICE_D,2026-10-28 21:49:00,21,45,1,36.18,0,0,0,0,0
TXN002305,USER00994,176.94,Paytm,Kolkata,DEVICE_C,2026-05-06 16:08:00,16,32,1,22.52,0,0,0,0,0
TXN002306,USER01855,931.19,Swiggy,Pune,DEVICE_D,2026-04-01 00:50:00,0,26,0,12.51,1,0,0,0,1
TXN002307,USER01436,993.13,Paytm,Mumbai,DEVICE_A,2026-11-09 08:00:00,8,13,1,20.31,0,0,0,0,0
TXN002308,USER00572,2211.67,Walmart,Delhi,DEVICE_D,2026-08-16 22:36:00,22,6,1,7.78,0,0,0,0,0
TXN002309,USER00335,5361.52,Zomato,Chennai,DEVICE_E,2026-05-31 13:12:00,13,41,0,3.11,0,0,0,0,0
TXN002310,USER01246,353.21,Walmart,Mumbai,DEVICE_D,2026-11-26 05:26:00,5,43,0,7.7,1,0,0,0,0
TXN002311,USER00037,1242.17,Amazon,Bangalore,DEVICE_D,2026-05-18 19:39:00,19,37,1,11.73,0,0,0,0,0
TXN002312,USER00989,894.88,Paytm,Pune,DEVICE_E,2026-10-08 10:27:00,10,47,0,11.57,0,0,0,0,0
TXN002313,USER00278,956.95,Netflix,Mumbai,DEVICE_D,2026-08-14 16:06:00,16,41,0,26.76,0,0,0,0,0
TXN002314,USER01220,4482.13,Flipkart,Delhi,DEVICE_B,2026-12-22 09:28:00,9,43,0,55.09,0,0,0,0,0
TXN002315,USER00916,1195.29,Paytm,Hyderabad,DEVICE_C,2026-06-23 13:57:00,13,26,0,9.85,0,0,0,0,0
TXN002316,USER01888,1798.62,Uber,Ahmedabad,DEVICE_C,2026-03-14 14:59:00,14,9,0,1.81,0,0,0,0,0
TXN002317,USER00484,1680.07,Paytm,Chennai,DEVICE_A,2026-11-05 12:11:00,12,41,0,0.68,0,0,0,0,0
TXN002318,USER01266,1334.44,Myntra,Bangalore,DEVICE_A,2026-03-24 15:05:00,15,42,0,0.08,0,0,0,0,0
TXN002319,USER01348,549.84,Amazon,Pune,DEVICE_E,2026-07-01 20:49:00,20,40,0,55.64,0,0,0,0,0
TXN002320,USER00731,5910.72,Apple,Ahmedabad,DEVICE_B,2026-09-14 00:17:00,0,8,1,108.68,1,0,0,0,1
TXN002321,USER00192,1063.58,Amazon,Chennai,DEVICE_A,2026-01-10 03:19:00,3,43,0,1.06,1,0,0,0,0
TXN002322,USER01041,1768.73,Amazon,Chennai,DEVICE_C,2026-01-10 22:23:00,22,33,0,8.87,0,0,0,0,0
TXN002323,USER00524,1378.05,Zomato,Kolkata,DEVICE_A,2026-08-23 00:50:00,0,45,0,22.13,1,0,0,0,0
TXN002324,USER00918,163.95,Flipkart,Chennai,DEVICE_A,2026-07-02 03:44:00,3,40,0,3.94,1,0,0,0,0
TXN002325,USER00401,429.26,Amazon,Mumbai,DEVICE_D,2026-08-27 18:58:00,18,28,1,18.05,0,0,0,0,1
TXN002326,USER01930,1215.09,Zomato,Mumbai,DEVICE_A,2026-08-19 14:54:00,14,17,0,33.6,0,0,0,0,0
TXN002327,USER00886,510.5,Apple,Ahmedabad,DEVICE_E,2026-02-07 07:09:00,7,28,0,39.05,0,0,0,0,0
TXN002328,USER00705,1576.13,Walmart,Hyderabad,DEVICE_C,2026-12-20 19:26:00,19,29,0,24.51,0,0,0,0,0
TXN002329,USER00022,483.4,Apple,Delhi,DEVICE_E,2026-10-30 21:21:00,21,12,0,1.71,0,0,0,0,0
TXN002330,USER00474,1113.44,Netflix,Pune,DEVICE_E,2026-08-29 23:40:00,23,21,0,8.57,0,0,0,0,0
TXN002331,USER01144,235.87,Amazon,Ahmedabad,DEVICE_B,2026-06-25 18:18:00,18,15,0,68.43,0,0,0,0,0
TXN002332,USER00210,2326.96,Amazon,Pune,DEVICE_D,2026-10-31 08:41:00,8,44,0,4.28,0,0,0,0,0
TXN002333,USER00306,1645.65,Walmart,Ahmedabad,DEVICE_E,2026-08-27 12:44:00,12,31,0,12.1,0,0,0,0,0
TXN002334,USER01294,1716.26,Uber,Bangalore,DEVICE_B,2026-03-16 14:59:00,14,39,1,8.13,0,0,0,0,0
TXN002335,USER00704,1010.7,Amazon,Mumbai,DEVICE_C,2026-02-12 19:42:00,19,25,0,4.6,0,0,0,0,0
TXN002336,USER00687,585.58,Flipkart,Chennai,DEVICE_C,2026-05-25 19:10:00,19,30,0,7.82,0,0,0,0,0
TXN002337,USER00285,4537.63,Swiggy,Delhi,DEVICE_B,2026-09-13 22:45:00,22,43,0,4.2,0,0,0,0,0
TXN002338,USER00716,4914.0,Amazon,Ahmedabad,DEVICE_E,2026-02-16 07:25:00,7,18,0,41.95,0,0,0,0,0
TXN002339,USER01700,1028.35,Swiggy,Bangalore,DEVICE_E,2026-05-13 18:11:00,18,41,0,3.83,0,0,0,0,0
TXN002340,USER00763,655.75,Apple,Pune,DEVICE_D,2026-07-25 12:59:00,12,33,1,19.54,0,0,0,0,0
TXN002341,USER01251,231.46,Paytm,Bangalore,DEVICE_D,2026-09-19 05:51:00,5,46,0,57.06,1,0,0,0,0
TXN002342,USER00948,1342.98,Uber,Bangalore,DEVICE_C,2026-10-13 17:09:00,17,48,0,61.0,0,0,0,0,0
TXN002343,USER00381,600.86,Zomato,Pune,DEVICE_D,2026-03-13 05:47:00,5,5,0,18.35,1,0,0,0,0
TXN002344,USER00460,712.19,Myntra,Bangalore,DEVICE_B,2026-04-25 10:02:00,10,34,0,6.32,0,0,0,0,0
TXN002345,USER01031,2611.32,Uber,Hyderabad,DEVICE_C,2026-02-16 22:20:00,22,10,0,5.7,0,0,0,0,0
TXN002346,USER00029,461.22,Myntra,Bangalore,DEVICE_E,2026-03-29 09:41:00,9,36,0,27.52,0,0,0,0,0
TXN002347,USER00907,6166.94,Apple,Delhi,DEVICE_C,2026-01-27 19:01:00,19,21,0,78.96,0,0,0,0,0
TXN002348,USER01057,439.07,Uber,Ahmedabad,DEVICE_A,2026-03-25 14:37:00,14,12,0,1.62,0,0,0,0,0
TXN002349,USER01670,173.77,Zomato,Mumbai,DEVICE_C,2026-06-30 16:06:00,16,15,0,31.16,0,0,0,0,0
TXN002350,USER00879,606.52,Myntra,Delhi,DEVICE_D,2026-10-22 08:24:00,8,25,0,2.62,0,0,0,0,0
TXN002351,USER00079,1511.88,Walmart,Chennai,DEVICE_B,2026-10-19 12:53:00,12,21,0,7.08,0,0,0,0,0
TXN002352,USER01952,1240.11,Flipkart,Kolkata,DEVICE_E,2026-04-24 00:09:00,0,41,0,16.72,1,0,0,0,0
TXN002353,USER00947,1292.98,Uber,Hyderabad,DEVICE_E,2026-08-07 15:31:00,15,12,0,7.05,0,0,0,0,0
TXN002354,USER00459,854.61,Apple,Hyderabad,DEVICE_D,2026-11-28 00:53:00,0,22,0,21.01,1,0,0,0,0
TXN002355,USER00570,698.54,Amazon,Chennai,DEVICE_D,2026-05-10 12:48:00,12,31,0,10.8,0,0,0,0,0
TXN002356,USER01562,359.39,Zomato,Pune,DEVICE_D,2026-05-17 14:32:00,14,22,0,4.95,0,0,0,0,0
TXN002357,USER01506,1232.16,Myntra,Delhi,DEVICE_A,2026-02-06 17:45:00,17,42,0,15.14,0,0,0,0,0
TXN002358,USER01454,2838.65,Myntra,Delhi,DEVICE_B,2026-04-16 04:51:00,4,31,0,0.49,1,0,0,0,1
TXN002359,USER00738,1110.69,Flipkart,Chennai,DEVICE_A,2026-09-11 22:12:00,22,47,0,27.02,0,0,0,0,0
TXN002360,USER01309,552.96,Myntra,Pune,DEVICE_D,2026-02-05 09:59:00,9,37,0,14.77,0,0,0,0,0
TXN002361,USER00516,1250.58,Swiggy,Kolkata,DEVICE_B,2026-09-16 04:28:00,4,27,1,58.64,1,0,0,0,1
TXN002362,USER01123,4094.65,Netflix,Bangalore,DEVICE_D,2026-02-10 22:01:00,22,32,0,2.17,0,0,0,0,0
TXN002363,USER00397,912.67,Swiggy,Pune,DEVICE_B,2026-04-18 05:41:00,5,39,1,26.36,1,0,0,0,0
TXN002364,USER01513,360.34,Myntra,Ahmedabad,DEVICE_E,2026-04-23 23:39:00,23,25,0,7.16,0,0,0,0,0
TXN002365,USER00039,1336.53,Zomato,Bangalore,DEVICE_A,2026-11-04 21:11:00,21,29,0,9.34,0,0,0,0,0
TXN002366,USER01295,1864.3,Uber,Ahmedabad,DEVICE_D,2026-12-11 13:09:00,13,16,0,8.57,0,0,0,0,0
TXN002367,USER00887,2393.47,Apple,Mumbai,DEVICE_D,2026-07-05 06:31:00,6,41,0,8.86,0,0,0,0,0
TXN002368,USER00797,2053.92,Amazon,Delhi,DEVICE_C,2026-01-22 06:27:00,6,28,0,11.27,0,0,0,0,0
TXN002369,USER00157,1273.45,Uber,Delhi,DEVICE_E,2026-12-20 22:21:00,22,1,0,0.42,0,0,0,1,0
TXN002370,USER01099,517.81,Walmart,Chennai,DEVICE_D,2026-09-02 01:34:00,1,37,0,37.51,1,0,0,0,0
TXN002371,USER00884,452.62,Uber,Chennai,DEVICE_A,2026-01-10 05:40:00,5,33,0,42.71,1,0,0,0,0
TXN002372,USER01824,808.91,Uber,Bangalore,DEVICE_E,2026-03-19 11:22:00,11,49,1,0.81,0,0,0,0,0
TXN002373,USER01154,1907.85,Apple,Pune,DEVICE_D,2026-06-09 00:24:00,0,45,0,29.92,1,0,0,0,0
TXN002374,USER01711,610.64,Flipkart,Delhi,DEVICE_A,2026-02-28 00:14:00,0,37,0,1.5,1,0,0,0,0
TXN002375,USER00974,705.17,Myntra,Delhi,DEVICE_C,2026-03-10 08:02:00,8,11,1,32.99,0,0,0,0,0
TXN002376,USER01108,494.3,Flipkart,Hyderabad,DEVICE_C,2026-10-26 05:39:00,5,20,0,18.99,1,0,0,0,1
TXN002377,USER01046,4468.09,Walmart,Ahmedabad,DEVICE_A,2026-07-11 20:20:00,20,26,0,7.32,0,0,0,0,0
TXN002378,USER01483,897.95,Paytm,Mumbai,DEVICE_E,2026-03-24 01:22:00,1,39,0,19.03,1,0,0,0,0
TXN002379,USER01563,2007.16,Amazon,Mumbai,DEVICE_A,2026-01-23 22:03:00,22,2,0,14.13,0,0,0,0,0
TXN002380,USER01731,4547.2,Swiggy,Ahmedabad,DEVICE_A,2026-08-19 10:43:00,10,36,0,20.2,0,0,0,0,0
TXN002381,USER00849,465.68,Amazon,Bangalore,DEVICE_C,2026-04-01 03:57:00,3,48,0,12.9,1,0,0,0,1
TXN002382,USER01406,2171.3,Myntra,Kolkata,DEVICE_C,2026-05-11 19:41:00,19,25,0,29.65,0,0,0,0,0
TXN002383,USER00748,1008.45,Amazon,Pune,DEVICE_C,2026-10-29 04:03:00,4,4,1,0.93,1,0,0,0,1
TXN002384,USER01464,3885.9,Netflix,Delhi,DEVICE_D,2026-05-17 03:16:00,3,45,0,8.44,1,0,0,0,0
TXN002385,USER01628,537.49,Swiggy,Hyderabad,DEVICE_D,2026-09-30 05:59:00,5,19,0,16.39,1,0,0,0,0
TXN002386,USER00989,1329.89,Walmart,Pune,DEVICE_B,2026-03-31 05:58:00,5,45,0,17.75,1,0,0,0,1
TXN002387,USER00021,1940.99,Myntra,Delhi,DEVICE_D,2026-03-10 07:16:00,7,40,0,3.72,0,0,0,0,0
TXN002388,USER00303,592.24,Zomato,Chennai,DEVICE_E,2026-03-18 01:25:00,1,7,0,1.55,1,0,0,0,0
TXN002389,USER02000,909.7,Walmart,Pune,DEVICE_E,2026-04-05 18:18:00,18,42,0,0.42,0,0,0,0,0
TXN002390,USER00869,966.2,Netflix,Bangalore,DEVICE_C,2026-05-26 13:31:00,13,27,0,10.66,0,0,0,0,0
TXN002391,USER01979,2934.9,Swiggy,Pune,DEVICE_A,2026-07-08 22:14:00,22,28,0,8.02,0,0,0,0,0
TXN002392,USER00084,8072.16,Apple,Kolkata,DEVICE_C,2026-10-28 22:18:00,22,49,1,16.78,0,0,0,0,1
TXN002393,USER01798,4533.33,Netflix,Pune,DEVICE_A,2026-04-27 04:32:00,4,40,0,11.94,1,0,0,0,1
TXN002394,USER01683,4001.05,Walmart,Pune,DEVICE_C,2026-05-30 08:50:00,8,1,0,10.02,0,0,0,1,0
TXN002395,USER01977,25.34,Myntra,Pune,DEVICE_C,2026-04-11 20:46:00,20,1,1,37.07,0,0,0,1,0
TXN002396,USER01477,1235.73,Paytm,Mumbai,DEVICE_E,2026-04-16 11:25:00,11,37,0,19.43,0,0,0,0,0
TXN002397,USER01411,1161.61,Myntra,Delhi,DEVICE_A,2026-09-07 17:53:00,17,37,0,20.77,0,0,0,0,0
TXN002398,USER01531,2254.39,Swiggy,Kolkata,DEVICE_B,2026-08-14 18:38:00,18,42,0,9.62,0,0,0,0,0
TXN002399,USER01281,299.84,Paytm,Ahmedabad,DEVICE_B,2026-01-31 05:13:00,5,22,0,30.0,1,0,0,0,0
TXN002400,USER00570,2106.43,Flipkart,Bangalore,DEVICE_C,2026-07-12 11:42:00,11,9,0,3.3,0,0,0,0,0
TXN002401,USER01916,167.87,Swiggy,Ahmedabad,DEVICE_C,2026-07-12 02:24:00,2,44,0,10.28,1,0,0,0,0
TXN002402,USER00934,2764.73,Swiggy,Mumbai,DEVICE_E,2026-10-12 11:55:00,11,27,0,0.97,0,0,0,0,0
TXN002403,USER01551,248.75,Netflix,Delhi,DEVICE_A,2026-10-12 07:02:00,7,18,0,2.45,0,0,0,0,0
TXN002404,USER01186,3302.36,Myntra,Hyderabad,DEVICE_C,2026-07-22 10:08:00,10,27,0,1.7,0,0,0,0,0
TXN002405,USER01981,3156.81,Walmart,Bangalore,DEVICE_B,2026-04-09 07:59:00,7,30,0,11.65,0,0,0,0,0
TXN002406,USER01187,812.1,Apple,Delhi,DEVICE_A,2026-09-06 06:44:00,6,1,0,23.9,0,0,0,1,0
TXN002407,USER01856,1627.06,Amazon,Mumbai,DEVICE_C,2026-08-17 13:40:00,13,28,0,7.5,0,0,0,0,0
TXN002408,USER01009,1093.48,Uber,Mumbai,DEVICE_A,2026-12-25 04:15:00,4,13,0,0.54,1,0,0,0,0
TXN002409,USER00793,289.8,Apple,Hyderabad,DEVICE_E,2026-01-28 23:09:00,23,27,1,24.57,0,0,0,0,0
TXN002410,USER00792,1819.77,Amazon,Bangalore,DEVICE_B,2026-01-25 13:18:00,13,0,0,4.65,0,0,0,1,0
TXN002411,USER01548,3192.41,Flipkart,Bangalore,DEVICE_A,2026-02-03 09:11:00,9,43,0,25.65,0,0,0,0,0
TXN002412,USER01810,820.39,Walmart,Kolkata,DEVICE_B,2026-12-28 07:42:00,7,49,0,0.15,0,0,0,0,0
TXN002413,USER01295,1948.46,Myntra,Delhi,DEVICE_C,2026-05-19 00:29:00,0,15,0,7.49,1,0,0,0,0
TXN002414,USER00492,498.03,Zomato,Kolkata,DEVICE_D,2026-02-09 05:28:00,5,36,0,19.42,1,0,0,0,0
TXN002415,USER00208,2505.67,Swiggy,Mumbai,DEVICE_A,2026-06-15 04:24:00,4,20,0,40.98,1,0,0,0,1
TXN002416,USER01563,1106.72,Apple,Ahmedabad,DEVICE_B,2026-05-03 03:17:00,3,13,0,28.06,1,0,0,0,0
TXN002417,USER01608,1082.01,Amazon,Mumbai,DEVICE_A,2026-08-03 21:35:00,21,42,0,11.94,0,0,0,0,0
TXN002418,USER01084,1672.81,Zomato,Pune,DEVICE_C,2026-05-29 20:39:00,20,16,1,25.35,0,0,0,0,0
TXN002419,USER00430,4342.73,Apple,Hyderabad,DEVICE_C,2026-05-22 09:49:00,9,14,0,15.42,0,0,0,0,0
TXN002420,USER00985,1761.4,Walmart,Hyderabad,DEVICE_B,2026-01-31 03:30:00,3,47,0,33.58,1,0,0,0,0
TXN002421,USER01681,414.04,Myntra,Ahmedabad,DEVICE_E,2026-03-26 16:18:00,16,30,0,29.57,0,0,0,0,0
TXN002422,USER01629,574.6,Paytm,Ahmedabad,DEVICE_A,2026-06-07 13:19:00,13,45,0,74.47,0,0,0,0,0
TXN002423,USER01333,1027.87,Apple,Bangalore,DEVICE_A,2026-07-08 03:44:00,3,48,0,2.22,1,0,0,0,0
TXN002424,USER00520,1713.96,Apple,Ahmedabad,DEVICE_C,2026-05-10 17:56:00,17,35,0,8.33,0,0,0,0,0
TXN002425,USER00591,385.48,Myntra,Kolkata,DEVICE_A,2026-04-24 12:22:00,12,13,0,4.27,0,0,0,0,0
TXN002426,USER01051,1501.74,Flipkart,Mumbai,DEVICE_B,2026-11-16 22:16:00,22,35,0,19.93,0,0,0,0,0
TXN002427,USER01710,2441.17,Netflix,Pune,DEVICE_D,2026-05-23 21:02:00,21,26,0,21.81,0,0,0,0,0
TXN002428,USER01586,699.09,Apple,Delhi,DEVICE_C,2026-12-17 19:32:00,19,2,0,4.56,0,0,0,0,0
TXN002429,USER00199,6463.09,Myntra,Pune,DEVICE_D,2026-10-05 15:40:00,15,35,0,10.95,0,0,0,0,0
TXN002430,USER00387,562.08,Netflix,Chennai,DEVICE_A,2026-11-22 06:41:00,6,5,0,18.43,0,0,0,0,0
TXN002431,USER00349,1314.68,Myntra,Delhi,DEVICE_E,2026-06-04 13:08:00,13,26,1,21.51,0,0,0,0,0
TXN002432,USER00960,167.39,Myntra,Hyderabad,DEVICE_B,2026-11-03 19:21:00,19,21,0,2.17,0,0,0,0,0
TXN002433,USER01964,824.61,Flipkart,Delhi,DEVICE_A,2026-02-21 09:36:00,9,21,0,50.78,0,0,0,0,0
TXN002434,USER00693,959.15,Myntra,Ahmedabad,DEVICE_B,2026-06-02 17:29:00,17,35,0,0.69,0,0,0,0,0
TXN002435,USER01560,746.16,Walmart,Mumbai,DEVICE_A,2026-07-27 02:56:00,2,31,0,72.2,1,0,0,0,0
TXN002436,USER01852,564.88,Apple,Kolkata,DEVICE_A,2026-09-25 00:52:00,0,26,0,7.61,1,0,0,0,1
TXN002437,USER00378,688.45,Amazon,Ahmedabad,DEVICE_A,2026-10-06 09:37:00,9,6,0,7.61,0,0,0,0,0
TXN002438,USER00899,1939.68,Amazon,Ahmedabad,DEVICE_C,2026-07-29 10:51:00,10,38,0,11.81,0,0,0,0,0
TXN002439,USER00916,195.1,Amazon,Pune,DEVICE_D,2026-03-20 00:01:00,0,49,0,23.75,1,0,0,0,0
TXN002440,USER01582,205.55,Myntra,Bangalore,DEVICE_E,2026-05-07 23:34:00,23,11,1,3.48,0,0,0,0,0
TXN002441,USER00527,704.6,Zomato,Kolkata,DEVICE_D,2026-04-10 22:27:00,22,15,0,5.89,0,0,0,0,0
TXN002442,USER01177,982.54,Netflix,Chennai,DEVICE_D,2026-07-12 15:45:00,15,37,0,65.18,0,0,0,0,0
TXN002443,USER00734,542.2,Netflix,Bangalore,DEVICE_B,2026-09-15 22:58:00,22,4,0,41.89,0,0,0,0,0
TXN002444,USER00206,1160.88,Myntra,Chennai,DEVICE_C,2026-06-21 19:34:00,19,41,0,4.78,0,0,0,0,0
TXN002445,USER00455,1916.37,Walmart,Chennai,DEVICE_C,2026-01-27 22:56:00,22,48,0,17.02,0,0,0,0,0
TXN002446,USER01297,2646.32,Walmart,Mumbai,DEVICE_A,2026-01-27 07:52:00,7,34,0,4.55,0,0,0,0,0
TXN002447,USER01918,3608.05,Swiggy,Mumbai,DEVICE_D,2026-11-18 21:24:00,21,8,0,15.97,0,0,0,0,0
TXN002448,USER01260,332.97,Myntra,Ahmedabad,DEVICE_E,2026-05-25 21:38:00,21,28,0,9.11,0,0,0,0,0
TXN002449,USER01876,547.74,Uber,Hyderabad,DEVICE_B,2026-10-08 05:00:00,5,26,0,9.0,1,0,0,0,0
TXN002450,USER01764,497.97,Flipkart,Hyderabad,DEVICE_C,2026-04-02 12:48:00,12,31,0,20.16,0,0,0,0,0
TXN002451,USER00521,2724.14,Amazon,Chennai,DEVICE_A,2026-12-14 02:57:00,2,9,0,5.8,1,0,0,0,0
TXN002452,USER01702,620.54,Flipkart,Kolkata,DEVICE_E,2026-01-21 13:14:00,13,24,0,10.36,0,0,0,0,0
TXN002453,USER01968,1445.7,Amazon,Hyderabad,DEVICE_D,2026-02-13 05:18:00,5,41,0,51.87,1,0,0,0,0
TXN002454,USER01017,306.9,Paytm,Mumbai,DEVICE_E,2026-07-01 23:34:00,23,37,0,28.16,0,0,0,0,0
TXN002455,USER00956,614.44,Paytm,Hyderabad,DEVICE_C,2026-09-18 22:11:00,22,24,0,9.67,0,0,0,0,0
TXN002456,USER01855,489.22,Myntra,Chennai,DEVICE_B,2026-06-10 00:09:00,0,3,0,5.23,1,0,0,0,0
TXN002457,USER00726,2028.54,Paytm,Pune,DEVICE_D,2026-04-13 07:16:00,7,42,0,21.52,0,0,0,0,0
TXN002458,USER01014,357.09,Zomato,Bangalore,DEVICE_B,2026-02-28 11:21:00,11,40,0,32.97,0,0,0,0,0
TXN002459,USER00501,5465.31,Swiggy,Kolkata,DEVICE_E,2026-04-07 03:00:00,3,43,0,39.43,1,0,0,0,0
TXN002460,USER00117,1331.41,Walmart,Kolkata,DEVICE_E,2026-01-27 22:41:00,22,22,1,16.62,0,0,0,0,0
TXN002461,USER00386,569.41,Zomato,Delhi,DEVICE_A,2026-03-17 03:43:00,3,9,0,14.55,1,0,0,0,0
TXN002462,USER01368,1490.96,Flipkart,Ahmedabad,DEVICE_D,2026-09-27 11:04:00,11,5,0,25.43,0,0,0,0,0
TXN002463,USER00584,527.26,Flipkart,Hyderabad,DEVICE_E,2026-10-29 18:41:00,18,12,0,3.87,0,0,0,0,0
TXN002464,USER00395,421.53,Paytm,Ahmedabad,DEVICE_C,2026-02-12 14:43:00,14,30,0,38.23,0,0,0,0,0
TXN002465,USER01088,2055.86,Walmart,Ahmedabad,DEVICE_C,2026-04-09 08:38:00,8,4,0,1.54,0,0,0,0,0
TXN002466,USER01741,3759.47,Swiggy,Kolkata,DEVICE_B,2026-05-27 10:01:00,10,3,0,18.48,0,0,0,0,0
TXN002467,USER00721,1545.17,Amazon,Pune,DEVICE_C,2026-05-03 05:36:00,5,2,0,17.82,1,0,0,0,1
TXN002468,USER00072,362.86,Zomato,Pune,DEVICE_E,2026-01-16 10:08:00,10,29,0,7.44,0,0,0,0,0
TXN002469,USER01813,526.09,Swiggy,Mumbai,DEVICE_C,2026-10-28 03:42:00,3,22,0,0.72,1,0,0,0,0
TXN002470,USER00274,4342.19,Apple,Bangalore,DEVICE_D,2026-07-17 19:19:00,19,36,1,25.31,0,0,0,0,0
TXN002471,USER01344,2241.55,Netflix,Mumbai,DEVICE_B,2026-08-23 11:07:00,11,17,0,0.49,0,0,0,0,0
TXN002472,USER00338,397.52,Paytm,Hyderabad,DEVICE_D,2026-08-25 02:35:00,2,34,0,3.96,1,0,0,0,0
TXN002473,USER01390,577.05,Amazon,Chennai,DEVICE_E,2026-06-22 11:51:00,11,4,0,15.72,0,0,0,0,0
TXN002474,USER01519,1298.14,Apple,Pune,DEVICE_E,2026-01-31 09:53:00,9,40,1,56.26,0,0,0,0,1
TXN002475,USER00607,963.42,Amazon,Pune,DEVICE_C,2026-09-09 16:41:00,16,27,0,1.36,0,0,0,0,0
TXN002476,USER00166,7187.57,Amazon,Delhi,DEVICE_A,2026-11-20 04:30:00,4,37,0,17.29,1,0,0,0,0
TXN002477,USER01568,567.68,Paytm,Delhi,DEVICE_A,2026-10-01 07:30:00,7,46,0,7.98,0,0,0,0,0
TXN002478,USER00011,1880.7,Amazon,Pune,DEVICE_E,2026-02-19 01:52:00,1,17,0,22.14,1,0,0,0,1
TXN002479,USER01325,1433.09,Swiggy,Bangalore,DEVICE_E,2026-05-16 02:49:00,2,7,0,61.11,1,0,0,0,1
TXN002480,USER00729,246.23,Swiggy,Kolkata,DEVICE_B,2026-02-10 05:06:00,5,11,0,6.26,1,0,0,0,0
TXN002481,USER00801,127.24,Apple,Kolkata,DEVICE_E,2026-12-07 12:00:00,12,29,0,62.44,0,0,0,0,0
TXN002482,USER00102,775.7,Flipkart,Pune,DEVICE_E,2026-05-10 22:36:00,22,21,0,40.9,0,0,0,0,0
TXN002483,USER01449,1598.1,Walmart,Kolkata,DEVICE_B,2026-02-15 00:31:00,0,5,0,18.68,1,0,0,0,1
TXN002484,USER01416,4586.37,Zomato,Delhi,DEVICE_D,2026-08-16 01:04:00,1,29,0,28.4,1,0,0,0,0
TXN002485,USER00779,542.2,Zomato,Chennai,DEVICE_D,2026-01-11 09:04:00,9,7,0,40.03,0,0,0,0,0
TXN002486,USER00214,1680.99,Uber,Kolkata,DEVICE_B,2026-09-13 20:00:00,20,46,0,32.54,0,0,0,0,0
TXN002487,USER01715,844.55,Paytm,Ahmedabad,DEVICE_B,2026-12-08 15:45:00,15,47,0,7.91,0,0,0,0,0
TXN002488,USER01112,5190.81,Myntra,Mumbai,DEVICE_D,2026-02-02 06:19:00,6,28,0,33.49,0,0,0,0,0
TXN002489,USER01577,1057.86,Myntra,Pune,DEVICE_D,2026-07-24 22:08:00,22,30,0,7.52,0,0,0,0,0
TXN002490,USER00401,738.13,Apple,Kolkata,DEVICE_D,2026-02-02 06:03:00,6,4,0,40.36,0,0,0,0,0
TXN002491,USER00588,1278.42,Amazon,Ahmedabad,DEVICE_D,2026-06-24 17:41:00,17,10,0,5.9,0,0,0,0,0
TXN002492,USER00889,1304.47,Amazon,Chennai,DEVICE_C,2026-03-19 11:37:00,11,16,0,16.98,0,0,0,0,0
TXN002493,USER01070,3853.48,Paytm,Pune,DEVICE_B,2026-11-10 12:14:00,12,12,1,23.61,0,0,0,0,0
TXN002494,USER01696,1101.66,Netflix,Ahmedabad,DEVICE_A,2026-02-15 02:37:00,2,19,0,11.1,1,0,0,0,0
TXN002495,USER01487,1615.3,Flipkart,Bangalore,DEVICE_C,2026-04-11 11:10:00,11,30,0,30.55,0,0,0,0,0
TXN002496,USER00592,247.48,Uber,Bangalore,DEVICE_A,2026-06-17 20:08:00,20,25,0,51.9,0,0,0,0,0
TXN002497,USER01334,387.68,Swiggy,Ahmedabad,DEVICE_A,2026-09-03 11:04:00,11,27,0,4.12,0,0,0,0,0
TXN002498,USER01110,781.49,Amazon,Delhi,DEVICE_E,2026-12-24 17:36:00,17,24,0,0.68,0,0,0,0,0
TXN002499,USER00092,1203.97,Uber,Chennai,DEVICE_B,2026-01-12 16:10:00,16,47,0,19.7,0,0,0,0,0
TXN002500,USER01684,552.52,Zomato,Ahmedabad,DEVICE_C,2026-05-21 16:00:00,16,17,0,18.44,0,0,0,0,0
TXN002501,USER00673,1415.42,Netflix,Mumbai,DEVICE_B,2026-09-04 20:00:00,20,44,0,8.35,0,0,0,0,0
TXN002502,USER00714,684.73,Swiggy,Chennai,DEVICE_D,2026-05-13 15:55:00,15,31,0,30.79,0,0,0,0,0
TXN002503,USER00936,5056.7,Paytm,Mumbai,DEVICE_B,2026-04-01 21:40:00,21,28,0,34.99,0,0,0,0,0
TXN002504,USER01952,910.48,Uber,Mumbai,DEVICE_A,2026-03-26 06:25:00,6,2,0,8.07,0,0,0,0,0
TXN002505,USER00242,1616.05,Apple,Chennai,DEVICE_D,2026-07-08 06:11:00,6,34,0,22.93,0,0,0,0,0
TXN002506,USER01889,901.06,Swiggy,Pune,DEVICE_B,2026-01-05 09:03:00,9,37,0,20.55,0,0,0,0,0
TXN002507,USER00002,1008.57,Paytm,Hyderabad,DEVICE_B,2026-08-22 01:43:00,1,14,0,8.39,1,0,0,0,1
TXN002508,USER00225,1793.13,Myntra,Chennai,DEVICE_A,2026-03-28 08:04:00,8,2,0,69.57,0,0,0,0,0
TXN002509,USER00801,1241.64,Paytm,Ahmedabad,DEVICE_D,2026-07-31 00:46:00,0,20,0,8.51,1,0,0,0,1
TXN002510,USER01769,685.72,Paytm,Pune,DEVICE_A,2026-10-05 01:56:00,1,2,1,19.37,1,0,0,0,0
TXN002511,USER01997,1482.56,Swiggy,Mumbai,DEVICE_B,2026-01-05 07:03:00,7,34,0,9.56,0,0,0,0,0
TXN002512,USER01950,950.86,Netflix,Pune,DEVICE_C,2026-05-06 21:12:00,21,49,0,0.24,0,0,0,0,0
TXN002513,USER01953,1852.63,Swiggy,Pune,DEVICE_C,2026-04-13 12:54:00,12,7,0,1.92,0,0,0,0,0
TXN002514,USER00589,3080.54,Walmart,Kolkata,DEVICE_E,2026-03-16 05:06:00,5,47,0,5.29,1,0,0,0,0
TXN002515,USER00116,2678.01,Flipkart,Ahmedabad,DEVICE_C,2026-08-25 03:38:00,3,2,0,33.44,1,0,0,0,0
TXN002516,USER01690,421.6,Netflix,Bangalore,DEVICE_D,2026-11-27 06:35:00,6,10,0,11.67,0,0,0,0,0
TXN002517,USER00918,71.82,Apple,Bangalore,DEVICE_E,2026-09-21 11:56:00,11,47,0,17.76,0,0,0,0,0
TXN002518,USER01127,8365.39,Netflix,Ahmedabad,DEVICE_D,2026-06-02 17:24:00,17,1,0,57.6,0,0,0,1,0
TXN002519,USER00194,1758.39,Zomato,Ahmedabad,DEVICE_C,2026-12-06 23:20:00,23,32,0,3.18,0,0,0,0,0
TXN002520,USER01190,1540.08,Apple,Delhi,DEVICE_C,2026-07-18 14:31:00,14,7,0,39.58,0,0,0,0,0
TXN002521,USER00871,577.91,Myntra,Bangalore,DEVICE_B,2026-02-22 20:39:00,20,11,0,9.54,0,0,0,0,0
TXN002522,USER00090,173.29,Swiggy,Hyderabad,DEVICE_D,2026-09-29 12:18:00,12,18,0,8.23,0,0,0,0,0
TXN002523,USER01710,180.79,Paytm,Mumbai,DEVICE_A,2026-12-27 22:35:00,22,17,0,19.64,0,0,0,0,0
TXN002524,USER00122,809.52,Swiggy,Chennai,DEVICE_B,2026-02-07 14:39:00,14,49,0,45.78,0,0,0,0,0
TXN002525,USER00143,1258.56,Zomato,Chennai,DEVICE_D,2026-10-30 21:00:00,21,20,0,8.57,0,0,0,0,0
TXN002526,USER00994,4997.54,Uber,Hyderabad,DEVICE_E,2026-11-26 06:14:00,6,21,1,28.66,0,0,0,0,0
TXN002527,USER00106,1364.95,Zomato,Bangalore,DEVICE_D,2026-07-20 21:45:00,21,42,0,0.39,0,0,0,0,0
TXN002528,USER00887,2003.73,Walmart,Mumbai,DEVICE_E,2026-08-12 01:37:00,1,29,0,19.52,1,0,0,0,0
TXN002529,USER00428,679.01,Paytm,Bangalore,DEVICE_E,2026-01-28 02:41:00,2,17,0,19.92,1,0,0,0,0
TXN002530,USER01329,726.31,Paytm,Pune,DEVICE_C,2026-06-15 19:01:00,19,5,0,16.24,0,0,0,0,0
TXN002531,USER01896,291.2,Amazon,Delhi,DEVICE_A,2026-01-19 22:10:00,22,0,0,55.56,0,0,0,1,0
TXN002532,USER01995,363.05,Uber,Bangalore,DEVICE_D,2026-07-07 20:21:00,20,8,1,55.8,0,0,0,0,0
TXN002533,USER00317,359.85,Amazon,Delhi,DEVICE_A,2026-01-31 08:09:00,8,15,1,8.37,0,0,0,0,0
TXN002534,USER01987,790.72,Myntra,Ahmedabad,DEVICE_E,2026-12-15 20:14:00,20,28,0,12.19,0,0,0,0,0
TXN002535,USER00635,245.31,Flipkart,Ahmedabad,DEVICE_C,2026-08-02 12:02:00,12,28,0,31.44,0,0,0,0,0
TXN002536,USER01926,528.4,Flipkart,Chennai,DEVICE_A,2026-05-19 05:03:00,5,4,0,37.15,1,0,0,0,0
TXN002537,USER00009,1058.65,Swiggy,Mumbai,DEVICE_B,2026-11-15 13:05:00,13,18,0,10.82,0,0,0,0,0
TXN002538,USER00774,126.13,Flipkart,Kolkata,DEVICE_E,2026-10-07 04:34:00,4,21,0,8.59,1,0,0,0,0
TXN002539,USER01097,4162.97,Paytm,Pune,DEVICE_B,2026-06-02 07:42:00,7,48,0,34.36,0,0,0,0,0
TXN002540,USER01383,5449.93,Zomato,Delhi,DEVICE_A,2026-11-06 22:43:00,22,7,0,9.46,0,0,0,0,0
TXN002541,USER00223,2778.48,Uber,Bangalore,DEVICE_A,2026-03-11 09:48:00,9,17,1,10.39,0,0,0,0,0
TXN002542,USER01440,1560.39,Swiggy,Ahmedabad,DEVICE_A,2026-12-05 14:41:00,14,43,0,2.91,0,0,0,0,0
TXN002543,USER00553,1470.62,Swiggy,Pune,DEVICE_D,2026-11-17 19:29:00,19,47,0,15.66,0,0,0,0,0
TXN002544,USER01394,1769.24,Uber,Bangalore,DEVICE_E,2026-07-10 20:23:00,20,13,0,7.9,0,0,0,0,0
TXN002545,USER00716,1185.01,Paytm,Pune,DEVICE_E,2026-10-05 18:59:00,18,3,0,17.86,0,0,0,0,0
TXN002546,USER01288,1291.81,Myntra,Chennai,DEVICE_E,2026-12-04 14:49:00,14,39,0,11.89,0,0,0,0,0
TXN002547,USER01864,245.92,Myntra,Hyderabad,DEVICE_D,2026-06-04 05:54:00,5,26,0,27.58,1,0,0,0,0
TXN002548,USER01714,1217.49,Swiggy,Pune,DEVICE_A,2026-09-19 22:08:00,22,23,0,6.51,0,0,0,0,0
TXN002549,USER01884,1717.78,Myntra,Ahmedabad,DEVICE_A,2026-09-08 01:29:00,1,29,0,3.77,1,0,0,0,0
TXN002550,USER01342,1486.93,Paytm,Kolkata,DEVICE_B,2026-04-09 14:35:00,14,11,0,24.28,0,0,0,0,0
TXN002551,USER01108,3081.8,Walmart,Hyderabad,DEVICE_D,2026-02-05 00:11:00,0,42,0,9.69,1,0,0,0,0
TXN002552,USER01342,4114.95,Walmart,Ahmedabad,DEVICE_C,2026-08-10 03:55:00,3,12,0,16.58,1,0,0,0,0
TXN002553,USER00111,683.47,Amazon,Bangalore,DEVICE_D,2026-07-15 19:36:00,19,39,0,56.63,0,0,0,0,0
TXN002554,USER00251,395.14,Netflix,Ahmedabad,DEVICE_B,2026-08-04 23:42:00,23,49,0,13.24,0,0,0,0,0
TXN002555,USER00383,3395.66,Apple,Hyderabad,DEVICE_B,2026-03-11 22:40:00,22,44,0,3.31,0,0,0,0,0
TXN002556,USER00007,1995.67,Flipkart,Pune,DEVICE_B,2026-08-15 20:56:00,20,3,1,11.13,0,0,0,0,0
TXN002557,USER00459,654.94,Myntra,Kolkata,DEVICE_A,2026-07-19 21:52:00,21,25,0,13.02,0,0,0,0,0
TXN002558,USER01108,896.93,Walmart,Kolkata,DEVICE_C,2026-06-17 23:52:00,23,0,0,29.05,0,0,0,1,0
TXN002559,USER00208,834.17,Zomato,Mumbai,DEVICE_B,2026-08-15 18:01:00,18,26,0,4.34,0,0,0,0,0
TXN002560,USER00900,1399.32,Uber,Ahmedabad,DEVICE_E,2026-02-28 03:26:00,3,22,0,8.52,1,0,0,0,0
TXN002561,USER01414,3995.75,Netflix,Hyderabad,DEVICE_A,2026-11-27 08:42:00,8,41,0,1.03,0,0,0,0,0
TXN002562,USER01338,489.79,Amazon,Mumbai,DEVICE_C,2026-02-15 20:22:00,20,37,0,24.21,0,0,0,0,0
TXN002563,USER00022,1427.07,Apple,Bangalore,DEVICE_E,2026-08-17 17:48:00,17,10,0,27.25,0,0,0,0,0
TXN002564,USER00410,1380.75,Walmart,Bangalore,DEVICE_C,2026-09-06 10:31:00,10,38,0,12.22,0,0,0,0,0
TXN002565,USER00895,183.41,Amazon,Bangalore,DEVICE_C,2026-11-02 08:50:00,8,41,0,15.46,0,0,0,0,0
TXN002566,USER00515,10449.95,Netflix,Chennai,DEVICE_E,2026-10-15 15:47:00,15,43,0,27.71,0,1,0,0,0
TXN002567,USER01151,1324.11,Uber,Hyderabad,DEVICE_D,2026-01-26 17:50:00,17,20,0,6.25,0,0,0,0,0
TXN002568,USER00809,3105.35,Flipkart,Delhi,DEVICE_C,2026-09-30 02:46:00,2,21,0,18.68,1,0,0,0,0
TXN002569,USER01724,255.68,Walmart,Kolkata,DEVICE_D,2026-03-28 15:30:00,15,27,1,66.44,0,0,0,0,0
TXN002570,USER00874,6213.45,Uber,Delhi,DEVICE_C,2026-11-07 05:48:00,5,37,0,21.46,1,0,0,0,0
TXN002571,USER00014,798.58,Apple,Bangalore,DEVICE_E,2026-06-27 15:42:00,15,5,0,1.63,0,0,0,0,0
TXN002572,USER00971,137.96,Myntra,Pune,DEVICE_C,2026-08-20 21:19:00,21,24,0,6.86,0,0,0,0,0
TXN002573,USER00978,304.89,Netflix,Ahmedabad,DEVICE_B,2026-04-24 10:19:00,10,3,0,14.64,0,0,0,0,0
TXN002574,USER01014,362.93,Apple,Pune,DEVICE_B,2026-11-23 01:01:00,1,33,0,1.51,1,0,0,0,0
TXN002575,USER01036,546.72,Flipkart,Hyderabad,DEVICE_C,2026-08-03 15:40:00,15,25,0,22.58,0,0,0,0,0
TXN002576,USER00087,343.49,Uber,Pune,DEVICE_E,2026-04-28 10:08:00,10,38,0,21.24,0,0,0,0,0
TXN002577,USER01548,2274.25,Paytm,Mumbai,DEVICE_E,2026-10-19 14:48:00,14,26,0,41.8,0,0,0,0,0
TXN002578,USER00909,1288.35,Flipkart,Ahmedabad,DEVICE_A,2026-11-16 23:29:00,23,38,0,13.86,0,0,0,0,0
TXN002579,USER01561,1737.41,Swiggy,Ahmedabad,DEVICE_E,2026-10-15 02:11:00,2,20,0,23.56,1,0,0,0,1
TXN002580,USER01325,1614.92,Walmart,Delhi,DEVICE_D,2026-06-20 17:09:00,17,20,0,4.02,0,0,0,0,0
TXN002581,USER01267,879.58,Myntra,Pune,DEVICE_C,2026-02-18 19:56:00,19,28,0,0.06,0,0,0,0,0
TXN002582,USER00122,269.49,Netflix,Bangalore,DEVICE_B,2026-06-21 12:54:00,12,33,1,3.78,0,0,0,0,0
TXN002583,USER01171,281.41,Zomato,Delhi,DEVICE_E,2026-10-14 04:33:00,4,26,0,1.28,1,0,0,0,0
TXN002584,USER01591,292.38,Uber,Delhi,DEVICE_B,2026-09-26 02:05:00,2,41,0,11.16,1,0,0,0,0
TXN002585,USER00750,410.44,Paytm,Kolkata,DEVICE_A,2026-08-14 15:15:00,15,45,0,12.63,0,0,0,0,0
TXN002586,USER01380,5034.54,Zomato,Delhi,DEVICE_C,2026-08-28 02:16:00,2,25,0,20.68,1,0,0,0,0
TXN002587,USER00685,285.36,Walmart,Bangalore,DEVICE_E,2026-10-04 19:59:00,19,4,0,3.03,0,0,0,0,0
TXN002588,USER01928,4147.87,Walmart,Kolkata,DEVICE_B,2026-03-13 17:24:00,17,19,1,4.83,0,0,0,0,0
TXN002589,USER01757,424.64,Netflix,Ahmedabad,DEVICE_E,2026-02-20 08:55:00,8,7,0,32.02,0,0,0,0,1
TXN002590,USER01655,323.87,Paytm,Bangalore,DEVICE_A,2026-02-18 21:54:00,21,17,0,17.19,0,0,0,0,0
TXN002591,USER00309,1602.65,Walmart,Chennai,DEVICE_B,2026-10-04 09:41:00,9,4,0,0.6,0,0,0,0,0
TXN002592,USER00695,3430.66,Zomato,Ahmedabad,DEVICE_B,2026-09-26 12:13:00,12,3,0,37.73,0,0,0,0,0
TXN002593,USER00288,254.2,Paytm,Ahmedabad,DEVICE_C,2026-11-21 04:57:00,4,42,0,19.87,1,0,0,0,0
TXN002594,USER00307,1011.63,Zomato,Pune,DEVICE_C,2026-08-10 19:53:00,19,4,0,4.13,0,0,0,0,0
TXN002595,USER01836,3191.99,Flipkart,Chennai,DEVICE_B,2026-04-06 03:17:00,3,15,1,5.81,1,0,0,0,1
TXN002596,USER01618,2489.41,Apple,Pune,DEVICE_C,2026-02-22 19:09:00,19,8,0,16.13,0,0,0,0,0
TXN002597,USER01990,273.03,Paytm,Chennai,DEVICE_B,2026-01-24 05:39:00,5,24,0,16.46,1,0,0,0,0
TXN002598,USER00914,911.94,Amazon,Delhi,DEVICE_D,2026-06-20 02:04:00,2,37,0,32.71,1,0,0,0,0
TXN002599,USER01747,257.71,Apple,Hyderabad,DEVICE_E,2026-11-07 14:25:00,14,7,0,8.88,0,0,0,0,0
TXN002600,USER00662,1535.66,Apple,Bangalore,DEVICE_D,2026-08-01 20:03:00,20,0,0,15.94,0,0,0,1,0
TXN002601,USER00549,1272.79,Paytm,Chennai,DEVICE_D,2026-11-16 00:50:00,0,30,0,17.47,1,0,0,0,0
TXN002602,USER01376,1823.6,Myntra,Ahmedabad,DEVICE_E,2026-07-05 06:45:00,6,32,1,16.36,0,0,0,0,0
TXN002603,USER00312,464.27,Walmart,Ahmedabad,DEVICE_B,2026-10-22 01:18:00,1,4,0,1.51,1,0,0,0,0
TXN002604,USER00873,584.57,Flipkart,Hyderabad,DEVICE_B,2026-08-25 22:54:00,22,17,0,10.6,0,0,0,0,0
TXN002605,USER01083,2669.5,Myntra,Chennai,DEVICE_C,2026-09-10 16:45:00,16,35,0,8.28,0,0,0,0,0
TXN002606,USER01667,2773.54,Myntra,Ahmedabad,DEVICE_A,2026-02-14 00:36:00,0,47,1,98.61,1,0,0,0,1
TXN002607,USER00924,4939.6,Amazon,Pune,DEVICE_B,2026-08-07 02:04:00,2,19,0,12.54,1,0,0,0,0
TXN002608,USER01738,3940.14,Uber,Chennai,DEVICE_E,2026-04-19 08:49:00,8,23,0,11.43,0,0,0,0,0
TXN002609,USER00755,248.68,Paytm,Hyderabad,DEVICE_A,2026-12-30 04:12:00,4,18,0,13.22,1,0,0,0,0
TXN002610,USER00035,3300.08,Zomato,Chennai,DEVICE_E,2026-12-31 16:19:00,16,27,0,50.34,0,0,0,0,0
TXN002611,USER00445,1063.14,Walmart,Delhi,DEVICE_E,2026-04-04 17:00:00,17,29,0,18.91,0,0,0,0,0
TXN002612,USER00093,2110.62,Myntra,Delhi,DEVICE_E,2026-03-27 21:02:00,21,38,0,9.86,0,0,0,0,0
TXN002613,USER01974,808.93,Flipkart,Kolkata,DEVICE_A,2026-08-22 11:34:00,11,14,0,48.74,0,0,0,0,0
TXN002614,USER01983,481.31,Uber,Delhi,DEVICE_D,2026-07-04 15:32:00,15,49,0,53.14,0,0,0,0,0
TXN002615,USER01231,848.75,Amazon,Mumbai,DEVICE_E,2026-03-03 13:09:00,13,8,0,6.14,0,0,0,0,0
TXN002616,USER00353,1162.25,Swiggy,Kolkata,DEVICE_C,2026-12-09 06:18:00,6,38,0,10.0,0,0,0,0,0
TXN002617,USER00903,1423.83,Walmart,Chennai,DEVICE_B,2026-03-26 08:31:00,8,30,0,67.9,0,0,0,0,0
TXN002618,USER01356,2634.03,Swiggy,Mumbai,DEVICE_B,2026-04-22 22:34:00,22,0,0,15.58,0,0,0,1,1
TXN002619,USER01841,430.97,Apple,Bangalore,DEVICE_B,2026-10-24 06:42:00,6,12,0,11.3,0,0,0,0,0
TXN002620,USER00862,398.51,Myntra,Hyderabad,DEVICE_A,2026-08-10 23:51:00,23,35,0,4.35,0,0,0,0,0
TXN002621,USER01749,252.96,Netflix,Bangalore,DEVICE_C,2026-06-07 14:59:00,14,1,0,9.7,0,0,0,1,0
TXN002622,USER00159,897.94,Walmart,Mumbai,DEVICE_C,2026-09-26 20:48:00,20,41,0,19.95,0,0,0,0,0
TXN002623,USER01978,499.12,Zomato,Ahmedabad,DEVICE_C,2026-11-07 06:39:00,6,36,0,0.79,0,0,0,0,0
TXN002624,USER00957,814.04,Uber,Delhi,DEVICE_C,2026-06-01 18:32:00,18,34,0,1.74,0,0,0,0,0
TXN002625,USER00024,1121.23,Flipkart,Pune,DEVICE_C,2026-01-24 00:50:00,0,36,1,0.11,1,0,0,0,1
TXN002626,USER00404,220.44,Walmart,Chennai,DEVICE_D,2026-12-25 06:03:00,6,10,1,4.94,0,0,0,0,0
TXN002627,USER00805,665.17,Zomato,Kolkata,DEVICE_C,2026-07-25 05:17:00,5,17,0,4.04,1,0,0,0,0
TXN002628,USER00516,1519.93,Paytm,Ahmedabad,DEVICE_C,2026-04-22 13:39:00,13,19,0,38.05,0,0,0,0,0
TXN002629,USER00732,1166.69,Swiggy,Pune,DEVICE_A,2026-12-25 06:03:00,6,1,0,4.1,0,0,0,1,0
TXN002630,USER01388,783.14,Paytm,Ahmedabad,DEVICE_A,2026-10-24 06:06:00,6,23,0,21.65,0,0,0,0,0
TXN002631,USER01406,1062.04,Uber,Pune,DEVICE_C,2026-03-06 01:01:00,1,15,0,2.52,1,0,0,0,1
TXN002632,USER00532,858.57,Amazon,Chennai,DEVICE_D,2026-01-18 05:34:00,5,22,0,18.01,1,0,0,0,0
TXN002633,USER00956,447.33,Myntra,Delhi,DEVICE_C,2026-11-19 15:17:00,15,49,0,11.44,0,0,0,0,0
TXN002634,USER00152,384.3,Walmart,Chennai,DEVICE_C,2026-02-22 07:01:00,7,37,0,10.51,0,0,0,0,0
TXN002635,USER01586,12315.1,Netflix,Hyderabad,DEVICE_C,2026-09-05 21:18:00,21,46,0,38.84,0,1,0,0,1
TXN002636,USER01713,1930.99,Swiggy,Pune,DEVICE_E,2026-01-28 06:34:00,6,43,0,3.67,0,0,0,0,0
TXN002637,USER00947,2902.06,Swiggy,Hyderabad,DEVICE_D,2026-05-01 03:11:00,3,28,0,18.09,1,0,0,0,0
TXN002638,USER00608,1888.2,Walmart,Ahmedabad,DEVICE_B,2026-07-17 06:59:00,6,29,0,34.5,0,0,0,0,0
TXN002639,USER01641,3841.78,Apple,Hyderabad,DEVICE_C,2026-02-14 20:06:00,20,3,0,25.03,0,0,0,0,0
TXN002640,USER00420,1837.14,Paytm,Bangalore,DEVICE_B,2026-04-26 09:34:00,9,28,0,81.9,0,0,0,0,0
TXN002641,USER01274,164.94,Swiggy,Ahmedabad,DEVICE_D,2026-09-05 11:02:00,11,43,0,0.04,0,0,0,0,0
TXN002642,USER01141,515.71,Zomato,Delhi,DEVICE_C,2026-08-04 21:09:00,21,42,0,43.15,0,0,0,0,0
TXN002643,USER00866,1356.47,Flipkart,Hyderabad,DEVICE_B,2026-05-16 17:40:00,17,40,0,19.01,0,0,0,0,0
TXN002644,USER01536,1323.57,Myntra,Mumbai,DEVICE_B,2026-02-27 12:06:00,12,26,0,0.05,0,0,0,0,0
TXN002645,USER01764,1234.32,Swiggy,Hyderabad,DEVICE_D,2026-10-07 05:41:00,5,32,1,12.53,1,0,0,0,1
TXN002646,USER00578,401.75,Zomato,Kolkata,DEVICE_C,2026-07-19 22:28:00,22,17,0,29.17,0,0,0,0,0
TXN002647,USER00335,661.69,Uber,Bangalore,DEVICE_E,2026-03-22 16:40:00,16,5,0,4.03,0,0,0,0,0
TXN002648,USER01442,1370.33,Uber,Mumbai,DEVICE_D,2026-03-29 14:36:00,14,31,0,22.69,0,0,0,0,0
TXN002649,USER00932,1133.05,Myntra,Pune,DEVICE_E,2026-10-24 15:33:00,15,30,0,3.01,0,0,0,0,0
TXN002650,USER01798,2203.76,Apple,Delhi,DEVICE_C,2026-05-03 01:27:00,1,11,0,32.54,1,0,0,0,0
TXN002651,USER00295,416.82,Netflix,Delhi,DEVICE_B,2026-09-11 01:44:00,1,22,0,16.81,1,0,0,0,0
TXN002652,USER01962,1698.17,Myntra,Kolkata,DEVICE_D,2026-01-04 11:24:00,11,28,0,0.69,0,0,0,0,0
TXN002653,USER00755,654.84,Amazon,Pune,DEVICE_D,2026-03-18 08:49:00,8,2,0,1.91,0,0,0,0,0
TXN002654,USER01395,795.94,Apple,Hyderabad,DEVICE_D,2026-08-19 09:18:00,9,32,0,39.88,0,0,0,0,0
TXN002655,USER00186,1042.94,Swiggy,Mumbai,DEVICE_A,2026-06-16 11:55:00,11,38,0,0.67,0,0,0,0,0
TXN002656,USER01270,230.83,Myntra,Kolkata,DEVICE_C,2026-03-02 14:43:00,14,27,0,7.09,0,0,0,0,0
TXN002657,USER00637,1229.57,Paytm,Mumbai,DEVICE_A,2026-09-12 13:17:00,13,17,0,16.74,0,0,0,0,0
TXN002658,USER01292,3401.36,Uber,Hyderabad,DEVICE_D,2026-11-26 03:44:00,3,43,0,4.8,1,0,0,0,0
TXN002659,USER01667,367.06,Zomato,Pune,DEVICE_D,2026-10-14 22:11:00,22,21,0,5.08,0,0,0,0,0
TXN002660,USER01261,5837.08,Myntra,Hyderabad,DEVICE_E,2026-04-04 14:14:00,14,19,0,29.93,0,0,0,0,0
TXN002661,USER00530,612.3,Paytm,Chennai,DEVICE_A,2026-08-04 09:14:00,9,15,0,6.88,0,0,0,0,0
TXN002662,USER01576,1863.34,Apple,Chennai,DEVICE_B,2026-02-03 17:24:00,17,6,0,0.79,0,0,0,0,0
TXN002663,USER00021,333.33,Amazon,Hyderabad,DEVICE_C,2026-04-22 02:11:00,2,48,0,25.54,1,0,0,0,0
TXN002664,USER00911,7655.98,Zomato,Bangalore,DEVICE_B,2026-08-26 19:40:00,19,3,0,61.74,0,0,0,0,0
TXN002665,USER01761,422.34,Flipkart,Kolkata,DEVICE_B,2026-03-22 04:25:00,4,41,0,35.67,1,0,0,0,0
TXN002666,USER00867,1321.33,Amazon,Chennai,DEVICE_C,2026-10-10 11:02:00,11,37,0,15.91,0,0,0,0,0
TXN002667,USER00794,676.95,Swiggy,Ahmedabad,DEVICE_D,2026-06-13 02:44:00,2,33,0,11.06,1,0,0,0,0
TXN002668,USER01544,1048.47,Paytm,Hyderabad,DEVICE_E,2026-11-25 16:47:00,16,35,0,51.85,0,0,0,0,0
TXN002669,USER00100,1213.04,Myntra,Ahmedabad,DEVICE_D,2026-04-26 10:19:00,10,17,0,29.07,0,0,0,0,0
TXN002670,USER00752,817.65,Myntra,Ahmedabad,DEVICE_D,2026-12-08 03:36:00,3,32,0,16.91,1,0,0,0,1
TXN002671,USER00478,594.78,Walmart,Mumbai,DEVICE_A,2026-07-31 03:09:00,3,0,1,42.38,1,0,0,1,1
TXN002672,USER01623,1051.01,Uber,Kolkata,DEVICE_B,2026-04-20 19:12:00,19,47,0,18.41,0,0,0,0,0
TXN002673,USER01322,1030.63,Swiggy,Pune,DEVICE_B,2026-12-14 03:16:00,3,24,0,72.62,1,0,0,0,0
TXN002674,USER00940,1467.7,Paytm,Chennai,DEVICE_B,2026-04-27 01:07:00,1,44,0,39.08,1,0,0,0,0
TXN002675,USER00526,1695.99,Myntra,Pune,DEVICE_E,2026-01-27 23:54:00,23,13,0,15.99,0,0,0,0,0
TXN002676,USER00334,2275.37,Flipkart,Bangalore,DEVICE_E,2026-01-03 20:09:00,20,10,0,51.24,0,0,0,0,0
TXN002677,USER00002,1817.98,Zomato,Kolkata,DEVICE_E,2026-01-13 20:21:00,20,7,0,8.38,0,0,0,0,0
TXN002678,USER00375,1235.22,Swiggy,Kolkata,DEVICE_C,2026-10-08 00:06:00,0,41,0,24.14,1,0,0,0,1
TXN002679,USER00293,870.57,Apple,Delhi,DEVICE_E,2026-11-19 01:18:00,1,15,0,3.76,1,0,0,0,1
TXN002680,USER00837,275.99,Flipkart,Mumbai,DEVICE_A,2026-08-16 00:15:00,0,38,1,45.15,1,0,0,0,0
TXN002681,USER01958,1261.17,Zomato,Bangalore,DEVICE_A,2026-09-19 05:09:00,5,36,0,5.7,1,0,0,0,0
TXN002682,USER01005,2936.65,Netflix,Ahmedabad,DEVICE_D,2026-04-01 13:02:00,13,30,0,59.53,0,0,0,0,0
TXN002683,USER00553,549.86,Uber,Bangalore,DEVICE_D,2026-09-21 03:49:00,3,41,0,0.34,1,0,0,0,0
TXN002684,USER00318,601.04,Swiggy,Pune,DEVICE_D,2026-05-06 07:01:00,7,17,0,22.9,0,0,0,0,0
TXN002685,USER01526,3550.73,Paytm,Bangalore,DEVICE_D,2026-03-01 04:53:00,4,6,0,3.25,1,0,0,0,0
TXN002686,USER01852,4765.9,Amazon,Mumbai,DEVICE_A,2026-09-13 14:48:00,14,3,0,29.46,0,0,0,0,0
TXN002687,USER00381,517.29,Zomato,Bangalore,DEVICE_D,2026-08-28 00:35:00,0,31,0,13.54,1,0,0,0,1
TXN002688,USER01647,10898.11,Apple,Delhi,DEVICE_A,2026-09-12 20:06:00,20,30,0,48.08,0,1,0,0,0
TXN002689,USER00014,1596.78,Myntra,Chennai,DEVICE_E,2026-02-21 23:01:00,23,9,0,25.11,0,0,0,0,0
TXN002690,USER00504,2517.72,Amazon,Mumbai,DEVICE_E,2026-03-05 14:20:00,14,29,1,29.24,0,0,0,0,1
TXN002691,USER00231,798.77,Flipkart,Bangalore,DEVICE_C,2026-04-26 10:58:00,10,49,0,2.57,0,0,0,0,0
TXN002692,USER01108,1383.45,Uber,Hyderabad,DEVICE_D,2026-09-23 13:11:00,13,49,0,2.03,0,0,0,0,0
TXN002693,USER00130,1608.8,Paytm,Chennai,DEVICE_E,2026-01-27 21:56:00,21,34,0,38.02,0,0,0,0,0
TXN002694,USER01767,488.05,Amazon,Pune,DEVICE_E,2026-12-25 13:25:00,13,44,0,5.12,0,0,0,0,0
TXN002695,USER00838,4856.86,Apple,Ahmedabad,DEVICE_B,2026-09-24 14:49:00,14,30,0,40.34,0,0,0,0,0
TXN002696,USER01169,1058.63,Zomato,Kolkata,DEVICE_B,2026-10-09 06:52:00,6,30,0,3.08,0,0,0,0,0
TXN002697,USER00891,699.18,Paytm,Mumbai,DEVICE_A,2026-04-21 08:52:00,8,45,0,7.38,0,0,0,0,0
TXN002698,USER01881,386.48,Netflix,Hyderabad,DEVICE_C,2026-09-27 01:06:00,1,45,1,52.83,1,0,0,0,0
TXN002699,USER00028,1819.14,Myntra,Kolkata,DEVICE_B,2026-03-08 15:42:00,15,32,0,36.62,0,0,0,0,0
TXN002700,USER00066,1380.63,Uber,Hyderabad,DEVICE_C,2026-08-21 11:53:00,11,4,0,1.12,0,0,0,0,0
TXN002701,USER01187,455.74,Amazon,Bangalore,DEVICE_E,2026-11-30 04:36:00,4,9,0,11.89,1,0,0,0,0
TXN002702,USER01253,1243.99,Uber,Ahmedabad,DEVICE_A,2026-04-17 10:19:00,10,45,0,48.13,0,0,0,0,0
TXN002703,USER00261,1701.24,Uber,Mumbai,DEVICE_C,2026-06-30 15:23:00,15,22,0,0.3,0,0,0,0,0
TXN002704,USER01473,768.56,Uber,Ahmedabad,DEVICE_B,2026-02-21 18:21:00,18,6,0,2.27,0,0,0,0,0
TXN002705,USER01448,1534.85,Zomato,Ahmedabad,DEVICE_E,2026-09-13 13:14:00,13,46,0,20.72,0,0,0,0,0
TXN002706,USER00460,1101.31,Uber,Pune,DEVICE_D,2026-09-11 11:14:00,11,27,1,2.22,0,0,0,0,0
TXN002707,USER01976,899.96,Netflix,Bangalore,DEVICE_E,2026-06-04 23:44:00,23,20,0,11.91,0,0,0,0,0
TXN002708,USER01700,462.2,Flipkart,Kolkata,DEVICE_B,2026-07-19 23:47:00,23,30,0,14.18,0,0,0,0,0
TXN002709,USER00301,1311.79,Apple,Pune,DEVICE_B,2026-10-25 09:25:00,9,40,0,39.36,0,0,0,0,0
TXN002710,USER00919,169.59,Paytm,Ahmedabad,DEVICE_D,2026-07-21 02:22:00,2,26,0,63.11,1,0,0,0,0
TXN002711,USER01327,4000.97,Netflix,Delhi,DEVICE_E,2026-03-15 02:27:00,2,28,0,14.36,1,0,0,0,1
TXN002712,USER00287,3192.44,Paytm,Hyderabad,DEVICE_C,2026-03-11 19:45:00,19,9,0,14.28,0,0,0,0,0
TXN002713,USER01419,436.13,Apple,Delhi,DEVICE_C,2026-09-27 00:08:00,0,7,0,25.95,1,0,0,0,0
TXN002714,USER01034,300.36,Flipkart,Kolkata,DEVICE_E,2026-07-11 16:17:00,16,8,0,4.28,0,0,0,0,0
TXN002715,USER01731,3141.02,Swiggy,Bangalore,DEVICE_C,2026-06-09 16:12:00,16,10,1,56.56,0,0,0,0,0
TXN002716,USER00630,944.34,Paytm,Pune,DEVICE_E,2026-01-13 01:10:00,1,21,0,0.02,1,0,0,0,0
TXN002717,USER00270,1157.31,Paytm,Pune,DEVICE_E,2026-06-15 04:19:00,4,39,1,0.04,1,0,0,0,0
TXN002718,USER00592,1120.46,Flipkart,Pune,DEVICE_B,2026-03-25 16:39:00,16,25,0,19.65,0,0,0,0,1
TXN002719,USER01994,336.08,Amazon,Chennai,DEVICE_A,2026-09-28 10:45:00,10,49,0,8.36,0,0,0,0,0
TXN002720,USER01629,2223.67,Netflix,Hyderabad,DEVICE_B,2026-09-08 18:43:00,18,36,0,10.15,0,0,0,0,0
TXN002721,USER01802,1642.52,Amazon,Chennai,DEVICE_C,2026-11-02 03:48:00,3,39,0,5.01,1,0,0,0,0
TXN002722,USER00844,1115.32,Amazon,Mumbai,DEVICE_A,2026-02-13 08:54:00,8,1,0,10.48,0,0,0,1,1
TXN002723,USER00862,142.31,Amazon,Hyderabad,DEVICE_E,2026-06-13 11:31:00,11,49,0,35.2,0,0,0,0,0
TXN002724,USER01385,1725.46,Uber,Delhi,DEVICE_C,2026-03-21 21:28:00,21,18,0,24.03,0,0,0,0,0
TXN002725,USER01281,1541.3,Myntra,Chennai,DEVICE_D,2026-09-25 19:13:00,19,49,1,1.99,0,0,0,0,1
TXN002726,USER00133,1007.31,Paytm,Kolkata,DEVICE_C,2026-12-25 15:05:00,15,15,0,1.17,0,0,0,0,0
TXN002727,USER01300,2614.24,Amazon,Mumbai,DEVICE_A,2026-01-17 07:30:00,7,3,0,14.11,0,0,0,0,0
TXN002728,USER01800,3029.22,Netflix,Hyderabad,DEVICE_A,2026-08-14 22:40:00,22,48,0,26.2,0,0,0,0,0
TXN002729,USER01707,1483.44,Myntra,Pune,DEVICE_E,2026-05-12 17:05:00,17,37,0,21.84,0,0,0,0,0
TXN002730,USER00972,281.22,Myntra,Kolkata,DEVICE_D,2026-10-26 18:42:00,18,43,0,39.92,0,0,0,0,0
TXN002731,USER00513,351.15,Amazon,Ahmedabad,DEVICE_E,2026-02-28 04:15:00,4,6,0,2.86,1,0,0,0,0
TXN002732,USER00313,585.26,Zomato,Mumbai,DEVICE_D,2026-11-14 02:12:00,2,13,1,18.62,1,0,0,0,1
TXN002733,USER00576,876.79,Amazon,Delhi,DEVICE_D,2026-04-25 02:52:00,2,11,0,29.05,1,0,0,0,0
TXN002734,USER00886,2338.78,Zomato,Pune,DEVICE_E,2026-09-20 15:32:00,15,20,0,55.56,0,0,0,0,0
TXN002735,USER01308,1475.13,Amazon,Kolkata,DEVICE_C,2026-07-27 02:42:00,2,33,1,2.13,1,0,0,0,0
TXN002736,USER01145,944.66,Netflix,Hyderabad,DEVICE_B,2026-07-10 00:37:00,0,20,1,5.48,1,0,0,0,0
TXN002737,USER01131,1931.56,Zomato,Mumbai,DEVICE_D,2026-12-17 00:33:00,0,35,1,8.76,1,0,0,0,0
TXN002738,USER01957,545.74,Uber,Bangalore,DEVICE_A,2026-10-17 05:18:00,5,39,0,15.56,1,0,0,0,0
TXN002739,USER00687,1927.99,Myntra,Ahmedabad,DEVICE_E,2026-01-26 01:01:00,1,41,0,10.51,1,0,0,0,0
TXN002740,USER01228,1346.1,Amazon,Hyderabad,DEVICE_C,2026-08-17 06:39:00,6,48,0,39.48,0,0,0,0,0
TXN002741,USER00165,1756.17,Myntra,Hyderabad,DEVICE_D,2026-11-22 15:33:00,15,6,0,60.13,0,0,0,0,0
TXN002742,USER00305,2348.71,Amazon,Pune,DEVICE_C,2026-10-02 23:41:00,23,20,0,1.45,0,0,0,0,0
TXN002743,USER01521,1050.67,Paytm,Hyderabad,DEVICE_E,2026-07-09 12:39:00,12,9,0,24.06,0,0,0,0,0
TXN002744,USER01656,182.74,Paytm,Pune,DEVICE_A,2026-03-28 13:58:00,13,20,0,2.43,0,0,0,0,0
TXN002745,USER01580,605.95,Walmart,Hyderabad,DEVICE_D,2026-06-18 02:56:00,2,48,0,45.65,1,0,0,0,0
TXN002746,USER01848,2216.05,Amazon,Bangalore,DEVICE_D,2026-09-24 14:54:00,14,15,0,3.07,0,0,0,0,0
TXN002747,USER00156,659.59,Walmart,Kolkata,DEVICE_C,2026-12-08 01:08:00,1,24,0,95.38,1,0,0,0,1
TXN002748,USER01391,603.05,Flipkart,Kolkata,DEVICE_E,2026-01-28 09:49:00,9,12,0,11.16,0,0,0,0,0
TXN002749,USER01743,1159.82,Flipkart,Kolkata,DEVICE_B,2026-06-26 10:13:00,10,49,1,9.62,0,0,0,0,0
TXN002750,USER01926,2933.78,Myntra,Delhi,DEVICE_D,2026-12-13 14:25:00,14,26,0,17.65,0,0,0,0,0
TXN002751,USER00620,1656.09,Zomato,Bangalore,DEVICE_A,2026-04-15 01:04:00,1,36,0,10.03,1,0,0,0,0
TXN002752,USER01275,5253.77,Amazon,Bangalore,DEVICE_D,2026-06-01 01:00:00,1,7,0,5.35,1,0,0,0,0
TXN002753,USER00957,1573.97,Apple,Ahmedabad,DEVICE_D,2026-09-16 19:16:00,19,29,0,19.84,0,0,0,0,0
TXN002754,USER01940,1520.17,Amazon,Mumbai,DEVICE_B,2026-03-07 10:41:00,10,30,0,26.07,0,0,0,0,0
TXN002755,USER01906,888.62,Amazon,Chennai,DEVICE_B,2026-03-22 22:18:00,22,6,1,58.13,0,0,0,0,0
TXN002756,USER00334,271.44,Apple,Kolkata,DEVICE_E,2026-10-05 20:29:00,20,29,0,10.52,0,0,0,0,0
TXN002757,USER01666,1252.09,Flipkart,Chennai,DEVICE_D,2026-09-19 23:56:00,23,17,0,24.47,0,0,0,0,0
TXN002758,USER00969,1138.38,Walmart,Mumbai,DEVICE_D,2026-05-18 19:42:00,19,22,0,35.87,0,0,0,0,0
TXN002759,USER00511,1992.62,Myntra,Bangalore,DEVICE_C,2026-11-04 16:44:00,16,37,0,35.6,0,0,0,0,0
TXN002760,USER01317,1442.86,Flipkart,Mumbai,DEVICE_C,2026-10-27 13:31:00,13,44,0,0.7,0,0,0,0,0
TXN002761,USER01044,1397.33,Apple,Hyderabad,DEVICE_A,2026-06-15 15:36:00,15,40,0,8.79,0,0,0,0,0
TXN002762,USER00282,3047.29,Amazon,Mumbai,DEVICE_A,2026-03-01 22:47:00,22,29,0,0.27,0,0,0,0,0
TXN002763,USER00797,866.95,Flipkart,Mumbai,DEVICE_C,2026-07-04 12:15:00,12,29,0,16.38,0,0,0,0,0
TXN002764,USER01025,2332.61,Netflix,Pune,DEVICE_A,2026-04-20 13:23:00,13,7,0,40.06,0,0,0,0,0
TXN002765,USER00119,3496.95,Paytm,Hyderabad,DEVICE_D,2026-10-17 23:47:00,23,11,0,33.74,0,0,0,0,0
TXN002766,USER01059,666.31,Amazon,Pune,DEVICE_B,2026-02-04 05:11:00,5,9,0,33.35,1,0,0,0,0
TXN002767,USER00198,759.53,Swiggy,Chennai,DEVICE_D,2026-12-06 10:20:00,10,6,0,8.67,0,0,0,0,0
TXN002768,USER00485,549.34,Apple,Ahmedabad,DEVICE_C,2026-09-14 14:07:00,14,38,0,0.95,0,0,0,0,0
TXN002769,USER01781,323.19,Uber,Hyderabad,DEVICE_E,2026-12-27 12:33:00,12,16,0,3.78,0,0,0,0,0
TXN002770,USER01083,5764.42,Zomato,Ahmedabad,DEVICE_E,2026-02-12 03:00:00,3,31,0,22.22,1,0,0,0,1
TXN002771,USER00837,19275.4,Uber,Delhi,DEVICE_C,2026-11-29 11:47:00,11,4,0,2.87,0,1,0,0,0
TXN002772,USER01185,1325.35,Flipkart,Mumbai,DEVICE_D,2026-12-15 07:36:00,7,41,0,2.68,0,0,0,0,0
TXN002773,USER01009,814.38,Amazon,Ahmedabad,DEVICE_A,2026-12-09 06:00:00,6,20,0,8.73,0,0,0,0,0
TXN002774,USER00691,5240.1,Zomato,Mumbai,DEVICE_A,2026-06-07 14:28:00,14,30,1,1.99,0,0,0,0,0
TXN002775,USER01230,1883.57,Zomato,Pune,DEVICE_E,2026-06-12 01:56:00,1,14,0,8.0,1,0,0,0,0
TXN002776,USER01036,556.26,Myntra,Chennai,DEVICE_C,2026-05-28 21:19:00,21,12,0,69.93,0,0,0,0,0
TXN002777,USER00490,497.5,Uber,Pune,DEVICE_C,2026-10-14 07:01:00,7,45,0,0.4,0,0,0,0,0
TXN002778,USER00276,2291.56,Amazon,Bangalore,DEVICE_B,2026-02-13 15:03:00,15,48,0,35.5,0,0,0,0,0
TXN002779,USER00693,1548.16,Myntra,Hyderabad,DEVICE_E,2026-01-30 09:31:00,9,6,0,101.1,0,0,0,0,0
TXN002780,USER00242,3011.19,Walmart,Bangalore,DEVICE_C,2026-09-24 23:51:00,23,23,0,11.47,0,0,0,0,0
TXN002781,USER01240,2066.04,Uber,Delhi,DEVICE_B,2026-04-13 14:10:00,14,3,0,57.31,0,0,0,0,0
TXN002782,USER01275,365.56,Paytm,Hyderabad,DEVICE_A,2026-01-26 19:32:00,19,40,0,6.05,0,0,0,0,0
TXN002783,USER01835,546.61,Paytm,Delhi,DEVICE_E,2026-04-08 02:41:00,2,18,0,80.68,1,0,0,0,0
TXN002784,USER00126,497.67,Myntra,Delhi,DEVICE_E,2026-08-23 19:20:00,19,45,0,39.55,0,0,0,0,0
TXN002785,USER00217,1333.17,Walmart,Delhi,DEVICE_C,2026-03-20 22:41:00,22,34,0,43.2,0,0,0,0,0
TXN002786,USER01330,981.49,Netflix,Kolkata,DEVICE_C,2026-06-17 04:46:00,4,28,0,2.79,1,0,0,0,1
TXN002787,USER01821,727.71,Netflix,Hyderabad,DEVICE_D,2026-04-29 12:56:00,12,35,0,40.81,0,0,0,0,0
TXN002788,USER01209,828.92,Paytm,Ahmedabad,DEVICE_A,2026-04-01 08:18:00,8,33,0,56.89,0,0,0,0,0
TXN002789,USER01063,2011.48,Swiggy,Hyderabad,DEVICE_A,2026-04-08 12:38:00,12,7,0,34.19,0,0,0,0,0
TXN002790,USER01247,931.86,Apple,Kolkata,DEVICE_B,2026-03-25 14:57:00,14,1,0,1.92,0,0,0,1,1
TXN002791,USER01208,594.11,Apple,Chennai,DEVICE_B,2026-04-19 22:12:00,22,3,0,1.77,0,0,0,0,0
TXN002792,USER00495,338.76,Swiggy,Ahmedabad,DEVICE_D,2026-10-03 16:44:00,16,1,0,8.85,0,0,0,1,1
TXN002793,USER00427,486.57,Myntra,Kolkata,DEVICE_A,2026-07-11 14:45:00,14,29,0,24.41,0,0,0,0,0
TXN002794,USER01202,2867.98,Apple,Ahmedabad,DEVICE_B,2026-11-19 16:47:00,16,28,0,0.25,0,0,0,0,0
TXN002795,USER00919,601.02,Apple,Mumbai,DEVICE_A,2026-12-16 05:05:00,5,3,1,60.17,1,0,0,0,1
TXN002796,USER01452,5610.37,Uber,Bangalore,DEVICE_A,2026-10-07 17:55:00,17,20,0,14.91,0,0,0,0,0
TXN002797,USER01318,1932.58,Uber,Bangalore,DEVICE_B,2026-04-19 10:05:00,10,8,1,8.87,0,0,0,0,0
TXN002798,USER01876,525.92,Swiggy,Delhi,DEVICE_C,2026-05-18 06:24:00,6,1,1,16.48,0,0,0,1,0
TXN002799,USER00151,631.84,Amazon,Hyderabad,DEVICE_C,2026-03-19 07:41:00,7,19,0,25.16,0,0,0,0,0
TXN002800,USER00384,164.37,Walmart,Hyderabad,DEVICE_B,2026-12-10 08:34:00,8,48,0,6.38,0,0,0,0,0
TXN002801,USER01662,738.2,Myntra,Delhi,DEVICE_D,2026-02-06 14:03:00,14,32,0,6.88,0,0,0,0,0
TXN002802,USER01837,6333.91,Uber,Mumbai,DEVICE_E,2026-05-28 14:49:00,14,5,0,12.63,0,0,0,0,0
TXN002803,USER00308,4769.0,Uber,Bangalore,DEVICE_A,2026-03-12 23:50:00,23,28,0,22.17,0,0,0,0,0
TXN002804,USER01360,4663.69,Netflix,Kolkata,DEVICE_E,2026-06-11 07:27:00,7,15,0,24.51,0,0,0,0,0
TXN002805,USER01970,1897.58,Walmart,Chennai,DEVICE_B,2026-09-13 19:37:00,19,35,0,7.83,0,0,0,0,0
TXN002806,USER00746,934.37,Netflix,Ahmedabad,DEVICE_A,2026-02-08 02:26:00,2,4,0,7.79,1,0,0,0,0
TXN002807,USER00892,1197.54,Amazon,Ahmedabad,DEVICE_E,2026-04-23 11:19:00,11,36,0,13.35,0,0,0,0,0
TXN002808,USER00375,1790.49,Walmart,Ahmedabad,DEVICE_C,2026-12-29 01:00:00,1,8,0,15.61,1,0,0,0,0
TXN002809,USER01032,1080.68,Apple,Ahmedabad,DEVICE_D,2026-03-08 05:58:00,5,31,0,20.96,1,0,0,0,0
TXN002810,USER01365,540.52,Netflix,Pune,DEVICE_E,2026-07-05 14:47:00,14,36,1,19.23,0,0,0,0,0
TXN002811,USER00129,1027.87,Paytm,Mumbai,DEVICE_D,2026-07-20 07:06:00,7,33,0,9.32,0,0,0,0,0
TXN002812,USER01015,324.58,Myntra,Ahmedabad,DEVICE_C,2026-10-25 07:40:00,7,38,0,7.04,0,0,0,0,0
TXN002813,USER01800,1872.96,Apple,Hyderabad,DEVICE_E,2026-12-30 02:06:00,2,46,0,7.36,1,0,0,0,0
TXN002814,USER00669,483.97,Walmart,Pune,DEVICE_B,2026-11-06 03:41:00,3,39,1,20.74,1,0,0,0,0
TXN002815,USER01376,1831.16,Paytm,Delhi,DEVICE_A,2026-11-04 23:42:00,23,28,0,11.35,0,0,0,0,0
TXN002816,USER01382,414.82,Amazon,Bangalore,DEVICE_C,2026-11-20 23:05:00,23,30,1,2.89,0,0,0,0,0
TXN002817,USER00517,944.21,Paytm,Pune,DEVICE_D,2026-11-08 12:27:00,12,2,0,0.12,0,0,0,0,0
TXN002818,USER01519,1404.58,Uber,Delhi,DEVICE_D,2026-10-11 04:03:00,4,42,0,0.6,1,0,0,0,0
TXN002819,USER00086,946.15,Swiggy,Hyderabad,DEVICE_C,2026-08-27 15:49:00,15,24,0,40.43,0,0,0,0,0
TXN002820,USER01199,1950.46,Paytm,Ahmedabad,DEVICE_B,2026-09-29 20:37:00,20,41,0,12.24,0,0,0,0,0
TXN002821,USER01826,1640.78,Zomato,Delhi,DEVICE_B,2026-08-25 05:38:00,5,35,0,21.43,1,0,0,0,0
TXN002822,USER01217,750.25,Amazon,Kolkata,DEVICE_D,2026-05-06 07:10:00,7,43,0,52.91,0,0,0,0,0
TXN002823,USER00311,644.86,Apple,Pune,DEVICE_C,2026-10-16 23:59:00,23,12,0,2.7,0,0,0,0,0
TXN002824,USER01143,604.83,Netflix,Pune,DEVICE_C,2026-05-27 09:39:00,9,38,0,11.87,0,0,0,0,0
TXN002825,USER01242,531.44,Flipkart,Ahmedabad,DEVICE_A,2026-10-02 19:40:00,19,18,0,15.49,0,0,0,0,0
TXN002826,USER00427,7240.19,Amazon,Bangalore,DEVICE_D,2026-11-04 04:19:00,4,15,0,36.84,1,0,0,0,0
TXN002827,USER01994,621.69,Zomato,Delhi,DEVICE_B,2026-02-02 16:58:00,16,41,0,101.4,0,0,0,0,0
TXN002828,USER01438,2930.4,Uber,Bangalore,DEVICE_E,2026-08-23 06:16:00,6,29,0,24.87,0,0,0,0,0
TXN002829,USER00114,1270.75,Netflix,Pune,DEVICE_B,2026-11-03 07:02:00,7,38,0,20.54,0,0,0,0,0
TXN002830,USER01169,796.45,Myntra,Delhi,DEVICE_B,2026-03-02 00:47:00,0,34,0,50.59,1,0,0,0,0
TXN002831,USER01562,1306.02,Flipkart,Delhi,DEVICE_E,2026-01-26 19:16:00,19,1,0,36.33,0,0,0,1,0
TXN002832,USER01672,1379.07,Paytm,Bangalore,DEVICE_D,2026-12-01 16:04:00,16,0,0,40.06,0,0,0,1,1
TXN002833,USER00303,225.42,Zomato,Kolkata,DEVICE_A,2026-04-19 07:32:00,7,47,0,0.05,0,0,0,0,0
TXN002834,USER00744,1022.56,Paytm,Delhi,DEVICE_B,2026-10-07 19:27:00,19,44,1,14.45,0,0,0,0,1
TXN002835,USER01905,1102.96,Myntra,Kolkata,DEVICE_B,2026-12-14 21:52:00,21,2,0,30.53,0,0,0,0,0
TXN002836,USER00588,815.52,Amazon,Mumbai,DEVICE_D,2026-04-05 03:08:00,3,25,0,4.0,1,0,0,0,1
TXN002837,USER00987,162.29,Swiggy,Chennai,DEVICE_D,2026-10-12 14:24:00,14,27,0,27.84,0,0,0,0,0
TXN002838,USER01864,813.33,Zomato,Mumbai,DEVICE_C,2026-04-19 17:10:00,17,26,0,0.18,0,0,0,0,0
TXN002839,USER00345,4685.2,Walmart,Chennai,DEVICE_D,2026-06-23 23:26:00,23,13,0,17.12,0,0,0,0,0
TXN002840,USER00814,1799.9,Apple,Mumbai,DEVICE_D,2026-01-27 12:21:00,12,49,0,38.12,0,0,0,0,0
TXN002841,USER01988,425.23,Walmart,Chennai,DEVICE_B,2026-07-30 21:50:00,21,42,0,11.29,0,0,0,0,0
TXN002842,USER00801,2450.06,Swiggy,Delhi,DEVICE_A,2026-02-01 14:18:00,14,23,0,26.9,0,0,0,0,0
TXN002843,USER01025,404.87,Myntra,Bangalore,DEVICE_B,2026-12-07 09:50:00,9,34,0,15.12,0,0,0,0,0
TXN002844,USER01171,1396.9,Walmart,Bangalore,DEVICE_D,2026-06-29 07:49:00,7,33,0,20.84,0,0,0,0,0
TXN002845,USER01311,1407.49,Uber,Ahmedabad,DEVICE_C,2026-10-25 15:59:00,15,23,0,14.54,0,0,0,0,0
TXN002846,USER02000,788.12,Zomato,Hyderabad,DEVICE_A,2026-10-27 13:45:00,13,5,0,12.92,0,0,0,0,0
TXN002847,USER01678,2801.81,Uber,Ahmedabad,DEVICE_C,2026-02-01 22:39:00,22,30,0,36.86,0,0,0,0,0
TXN002848,USER01077,2160.96,Flipkart,Chennai,DEVICE_E,2026-10-11 19:28:00,19,28,0,1.95,0,0,0,0,0
TXN002849,USER01328,545.78,Swiggy,Hyderabad,DEVICE_C,2026-08-02 12:26:00,12,35,0,17.57,0,0,0,0,0
TXN002850,USER01093,844.66,Flipkart,Kolkata,DEVICE_C,2026-11-23 18:30:00,18,28,0,2.44,0,0,0,0,0
TXN002851,USER00361,507.22,Flipkart,Kolkata,DEVICE_D,2026-03-10 19:44:00,19,12,0,16.55,0,0,0,0,0
TXN002852,USER01626,654.5,Flipkart,Hyderabad,DEVICE_D,2026-06-22 09:52:00,9,7,0,66.26,0,0,0,0,0
TXN002853,USER01982,1968.67,Amazon,Chennai,DEVICE_D,2026-12-09 00:32:00,0,14,0,1.18,1,0,0,0,0
TXN002854,USER01244,1083.4,Amazon,Bangalore,DEVICE_D,2026-06-20 07:39:00,7,32,0,10.96,0,0,0,0,0
TXN002855,USER01986,2769.68,Swiggy,Chennai,DEVICE_D,2026-10-18 18:36:00,18,24,0,32.39,0,0,0,0,0
TXN002856,USER01010,264.38,Netflix,Kolkata,DEVICE_C,2026-02-16 22:01:00,22,15,1,9.23,0,0,0,0,0
TXN002857,USER00704,1405.85,Walmart,Delhi,DEVICE_E,2026-04-22 12:58:00,12,20,0,14.69,0,0,0,0,0
TXN002858,USER01990,2317.08,Amazon,Hyderabad,DEVICE_D,2026-12-04 03:18:00,3,36,0,2.44,1,0,0,0,0
TXN002859,USER00575,1201.42,Paytm,Hyderabad,DEVICE_E,2026-02-18 19:53:00,19,44,0,5.05,0,0,0,0,0
TXN002860,USER01609,321.62,Uber,Kolkata,DEVICE_E,2026-01-08 18:58:00,18,16,0,23.19,0,0,0,0,0
TXN002861,USER01185,426.24,Amazon,Chennai,DEVICE_B,2026-12-10 14:16:00,14,33,0,35.27,0,0,0,0,0
TXN002862,USER01705,2484.15,Myntra,Hyderabad,DEVICE_B,2026-12-29 14:41:00,14,12,0,20.79,0,0,0,0,0
TXN002863,USER01113,678.81,Flipkart,Bangalore,DEVICE_A,2026-08-15 22:20:00,22,33,0,36.27,0,0,0,0,0
TXN002864,USER00688,543.71,Amazon,Hyderabad,DEVICE_B,2026-07-16 07:20:00,7,42,0,18.61,0,0,0,0,0
TXN002865,USER00781,808.4,Swiggy,Chennai,DEVICE_D,2026-08-14 15:09:00,15,14,0,33.24,0,0,0,0,0
TXN002866,USER00585,873.13,Uber,Kolkata,DEVICE_E,2026-08-11 09:57:00,9,40,0,81.36,0,0,0,0,0
TXN002867,USER01781,3189.38,Uber,Bangalore,DEVICE_A,2026-10-24 07:17:00,7,21,0,1.73,0,0,0,0,0
TXN002868,USER00589,228.0,Netflix,Bangalore,DEVICE_B,2026-10-30 16:19:00,16,3,0,13.07,0,0,0,0,0
TXN002869,USER01183,1841.34,Apple,Hyderabad,DEVICE_C,2026-06-03 10:12:00,10,48,0,4.21,0,0,0,0,0
TXN002870,USER00489,4083.24,Apple,Chennai,DEVICE_A,2026-11-23 23:31:00,23,46,0,12.52,0,0,0,0,0
TXN002871,USER00971,2567.77,Walmart,Hyderabad,DEVICE_D,2026-03-03 21:01:00,21,38,0,13.85,0,0,0,0,0
TXN002872,USER01348,8878.7,Paytm,Pune,DEVICE_E,2026-07-23 19:29:00,19,22,0,19.45,0,0,0,0,0
TXN002873,USER01634,726.64,Zomato,Delhi,DEVICE_D,2026-12-17 04:33:00,4,12,0,11.57,1,0,0,0,0
TXN002874,USER01405,2447.84,Swiggy,Ahmedabad,DEVICE_D,2026-10-29 12:42:00,12,7,0,7.85,0,0,0,0,0
TXN002875,USER01126,1014.95,Myntra,Kolkata,DEVICE_C,2026-07-25 08:03:00,8,0,0,0.88,0,0,0,1,0
TXN002876,USER00494,687.46,Amazon,Pune,DEVICE_C,2026-04-17 05:19:00,5,40,0,0.71,1,0,0,0,0
TXN002877,USER01668,148.7,Swiggy,Ahmedabad,DEVICE_E,2026-08-08 04:10:00,4,49,1,3.85,1,0,0,0,0
TXN002878,USER01638,721.77,Paytm,Delhi,DEVICE_B,2026-11-10 21:16:00,21,16,0,11.92,0,0,0,0,0
TXN002879,USER00019,2860.0,Apple,Bangalore,DEVICE_D,2026-09-09 10:23:00,10,16,0,10.81,0,0,0,0,0
TXN002880,USER01478,234.14,Swiggy,Hyderabad,DEVICE_B,2026-09-28 01:22:00,1,7,0,4.23,1,0,0,0,0
TXN002881,USER01506,7243.63,Amazon,Delhi,DEVICE_E,2026-03-26 07:57:00,7,2,0,34.56,0,0,0,0,0
TXN002882,USER01618,1585.77,Netflix,Mumbai,DEVICE_D,2026-02-25 22:34:00,22,28,0,23.01,0,0,0,0,0
TXN002883,USER00397,405.49,Walmart,Delhi,DEVICE_B,2026-05-02 13:28:00,13,21,0,8.41,0,0,0,0,0
TXN002884,USER01001,1347.19,Netflix,Hyderabad,DEVICE_D,2026-09-09 00:10:00,0,42,1,31.89,1,0,0,0,0
TXN002885,USER01303,2034.68,Apple,Ahmedabad,DEVICE_C,2026-10-31 19:20:00,19,1,0,90.65,0,0,0,1,0
TXN002886,USER00851,706.28,Flipkart,Hyderabad,DEVICE_C,2026-02-13 18:11:00,18,1,0,5.62,0,0,0,1,0
TXN002887,USER01389,625.43,Apple,Kolkata,DEVICE_A,2026-02-06 05:35:00,5,47,0,9.01,1,0,0,0,1
TXN002888,USER01355,6481.8,Walmart,Delhi,DEVICE_E,2026-07-01 03:17:00,3,16,0,98.95,1,0,0,0,0
TXN002889,USER01665,807.63,Amazon,Hyderabad,DEVICE_B,2026-10-09 23:36:00,23,8,0,2.97,0,0,0,0,0
TXN002890,USER01368,963.66,Paytm,Hyderabad,DEVICE_D,2026-09-07 15:39:00,15,32,0,1.61,0,0,0,0,0
TXN002891,USER00822,3608.48,Zomato,Pune,DEVICE_A,2026-05-23 11:39:00,11,28,1,14.72,0,0,0,0,0
TXN002892,USER00455,1027.03,Netflix,Kolkata,DEVICE_E,2026-01-06 14:16:00,14,28,0,12.64,0,0,0,0,1
TXN002893,USER01625,2182.17,Apple,Pune,DEVICE_E,2026-01-30 05:49:00,5,43,0,1.63,1,0,0,0,0
TXN002894,USER00725,717.22,Paytm,Kolkata,DEVICE_E,2026-01-17 03:59:00,3,5,0,6.85,1,0,0,0,0
TXN002895,USER01679,585.25,Netflix,Kolkata,DEVICE_B,2026-10-06 12:49:00,12,42,1,10.86,0,0,0,0,0
TXN002896,USER01089,1545.02,Apple,Ahmedabad,DEVICE_C,2026-02-26 02:52:00,2,5,0,34.54,1,0,0,0,0
TXN002897,USER01100,453.55,Walmart,Pune,DEVICE_A,2026-04-28 11:19:00,11,36,1,24.61,0,0,0,0,0
TXN002898,USER00711,1581.96,Netflix,Kolkata,DEVICE_B,2026-02-19 05:20:00,5,44,0,49.19,1,0,0,0,0
TXN002899,USER00143,480.13,Apple,Mumbai,DEVICE_D,2026-12-20 02:44:00,2,0,0,8.08,1,0,0,1,0
TXN002900,USER00917,1568.43,Amazon,Ahmedabad,DEVICE_B,2026-12-03 17:13:00,17,15,0,7.4,0,0,0,0,0
TXN002901,USER01939,3332.69,Walmart,Bangalore,DEVICE_D,2026-07-10 12:50:00,12,10,0,12.44,0,0,0,0,0
TXN002902,USER00828,182.34,Paytm,Hyderabad,DEVICE_D,2026-01-24 15:17:00,15,21,0,0.15,0,0,0,0,0
TXN002903,USER00605,757.44,Paytm,Chennai,DEVICE_E,2026-09-14 06:51:00,6,33,0,4.65,0,0,0,0,0
TXN002904,USER01497,187.97,Zomato,Kolkata,DEVICE_B,2026-01-27 16:11:00,16,0,0,4.75,0,0,0,1,0
TXN002905,USER01441,842.19,Swiggy,Bangalore,DEVICE_C,2026-08-24 01:15:00,1,12,0,1.26,1,0,0,0,0
TXN002906,USER00305,1484.18,Flipkart,Kolkata,DEVICE_D,2026-09-01 15:08:00,15,48,0,12.14,0,0,0,0,0
TXN002907,USER00736,807.54,Amazon,Ahmedabad,DEVICE_E,2026-06-29 10:36:00,10,45,1,47.19,0,0,0,0,0
TXN002908,USER01521,159.68,Walmart,Ahmedabad,DEVICE_C,2026-01-28 19:05:00,19,48,0,0.08,0,0,0,0,0
TXN002909,USER00291,2462.51,Netflix,Bangalore,DEVICE_B,2026-06-10 07:41:00,7,41,0,19.8,0,0,0,0,0
TXN002910,USER01964,294.78,Paytm,Chennai,DEVICE_C,2026-08-11 18:43:00,18,27,0,42.29,0,0,0,0,0
TXN002911,USER00102,2326.36,Amazon,Ahmedabad,DEVICE_B,2026-05-08 11:46:00,11,48,0,2.28,0,0,0,0,0
TXN002912,USER01291,559.97,Walmart,Delhi,DEVICE_D,2026-12-20 14:39:00,14,12,0,49.84,0,0,0,0,0
TXN002913,USER00867,501.05,Walmart,Mumbai,DEVICE_A,2026-05-16 03:35:00,3,37,0,34.13,1,0,0,0,1
TXN002914,USER00968,1107.39,Netflix,Hyderabad,DEVICE_A,2026-05-12 22:32:00,22,29,1,4.83,0,0,0,0,0
TXN002915,USER01646,2862.98,Walmart,Delhi,DEVICE_D,2026-11-24 11:19:00,11,35,0,47.15,0,0,0,0,0
TXN002916,USER00974,6374.28,Myntra,Pune,DEVICE_C,2026-08-11 19:01:00,19,3,0,32.59,0,0,0,0,0
TXN002917,USER00842,758.12,Amazon,Chennai,DEVICE_B,2026-09-12 15:21:00,15,13,0,2.36,0,0,0,0,0
TXN002918,USER00962,339.75,Apple,Mumbai,DEVICE_A,2026-05-02 03:35:00,3,35,0,35.51,1,0,0,0,0
TXN002919,USER00942,1497.03,Paytm,Mumbai,DEVICE_B,2026-09-13 21:56:00,21,22,1,15.63,0,0,0,0,0
TXN002920,USER01801,328.56,Paytm,Mumbai,DEVICE_D,2026-02-17 15:01:00,15,4,0,33.85,0,0,0,0,0
TXN002921,USER01027,2141.74,Apple,Chennai,DEVICE_C,2026-05-10 02:46:00,2,45,0,19.23,1,0,0,0,0
TXN002922,USER00085,1634.69,Amazon,Kolkata,DEVICE_B,2026-04-23 14:08:00,14,14,0,9.95,0,0,0,0,0
TXN002923,USER01818,3711.87,Flipkart,Kolkata,DEVICE_C,2026-09-18 14:49:00,14,22,0,18.38,0,0,0,0,0
TXN002924,USER00328,2830.42,Amazon,Ahmedabad,DEVICE_A,2026-02-08 11:23:00,11,7,0,20.22,0,0,0,0,0
TXN002925,USER00816,1243.42,Uber,Pune,DEVICE_B,2026-09-08 15:58:00,15,10,0,29.07,0,0,0,0,0
TXN002926,USER01474,1127.84,Walmart,Kolkata,DEVICE_E,2026-05-19 04:16:00,4,6,0,35.52,1,0,0,0,0
TXN002927,USER00454,493.47,Swiggy,Ahmedabad,DEVICE_A,2026-10-24 09:59:00,9,22,1,21.77,0,0,0,0,0
TXN002928,USER01948,484.68,Netflix,Delhi,DEVICE_C,2026-02-28 05:50:00,5,44,0,91.41,1,0,0,0,0
TXN002929,USER00629,1056.65,Myntra,Ahmedabad,DEVICE_D,2026-11-18 08:59:00,8,45,0,30.15,0,0,0,0,0
TXN002930,USER01245,415.93,Swiggy,Hyderabad,DEVICE_E,2026-04-13 15:37:00,15,40,0,48.33,0,0,0,0,0
TXN002931,USER01178,861.75,Apple,Ahmedabad,DEVICE_B,2026-07-20 06:32:00,6,26,0,7.7,0,0,0,0,0
TXN002932,USER00665,718.04,Netflix,Mumbai,DEVICE_A,2026-11-14 07:25:00,7,30,0,7.6,0,0,0,0,0
TXN002933,USER00012,1869.27,Netflix,Pune,DEVICE_B,2026-09-05 23:07:00,23,46,0,9.0,0,0,0,0,0
TXN002934,USER01157,1074.72,Netflix,Pune,DEVICE_B,2026-02-25 18:29:00,18,39,0,11.59,0,0,0,0,0
TXN002935,USER00304,2685.16,Paytm,Mumbai,DEVICE_E,2026-03-28 00:46:00,0,1,0,65.09,1,0,0,1,0
TXN002936,USER01317,835.81,Myntra,Delhi,DEVICE_E,2026-03-31 21:51:00,21,43,0,1.53,0,0,0,0,0
TXN002937,USER00975,382.84,Paytm,Ahmedabad,DEVICE_E,2026-09-18 03:44:00,3,47,0,13.8,1,0,0,0,0
TXN002938,USER01324,1797.51,Walmart,Kolkata,DEVICE_E,2026-02-07 04:28:00,4,30,1,3.51,1,0,0,0,0
TXN002939,USER01764,980.81,Uber,Ahmedabad,DEVICE_D,2026-11-26 15:28:00,15,7,0,33.31,0,0,0,0,0
TXN002940,USER00783,860.0,Zomato,Mumbai,DEVICE_C,2026-07-28 08:02:00,8,0,0,0.63,0,0,0,1,0
TXN002941,USER00043,750.02,Myntra,Mumbai,DEVICE_E,2026-05-26 18:19:00,18,24,0,12.14,0,0,0,0,0
TXN002942,USER00944,1085.33,Swiggy,Chennai,DEVICE_A,2026-03-28 15:21:00,15,16,0,10.04,0,0,0,0,0
TXN002943,USER00343,859.77,Walmart,Bangalore,DEVICE_B,2026-03-18 05:28:00,5,29,0,1.93,1,0,0,0,0
TXN002944,USER01350,1746.09,Amazon,Pune,DEVICE_E,2026-12-30 15:44:00,15,23,0,9.46,0,0,0,0,0
TXN002945,USER01838,2134.4,Apple,Delhi,DEVICE_A,2026-12-24 13:26:00,13,30,0,33.11,0,0,0,0,0
TXN002946,USER00498,785.75,Uber,Ahmedabad,DEVICE_D,2026-03-04 11:26:00,11,12,0,2.96,0,0,0,0,0
TXN002947,USER00364,6632.24,Walmart,Delhi,DEVICE_A,2026-03-08 00:50:00,0,14,0,82.09,1,0,0,0,1
TXN002948,USER00891,656.36,Amazon,Kolkata,DEVICE_A,2026-03-16 12:31:00,12,25,0,1.2,0,0,0,0,0
TXN002949,USER00427,1114.56,Uber,Delhi,DEVICE_D,2026-04-07 03:30:00,3,31,0,6.82,1,0,0,0,1
TXN002950,USER01005,254.65,Amazon,Kolkata,DEVICE_D,2026-12-08 16:18:00,16,44,0,29.82,0,0,0,0,0
TXN002951,USER00021,998.22,Myntra,Ahmedabad,DEVICE_B,2026-10-31 18:36:00,18,34,0,8.85,0,0,0,0,0
TXN002952,USER00407,913.05,Amazon,Chennai,DEVICE_E,2026-04-02 04:40:00,4,15,0,13.09,1,0,0,0,0
TXN002953,USER00619,1048.74,Uber,Ahmedabad,DEVICE_A,2026-05-18 00:16:00,0,8,0,4.13,1,0,0,0,0
TXN002954,USER01015,2641.95,Amazon,Chennai,DEVICE_C,2026-07-26 00:31:00,0,18,1,25.14,1,0,0,0,0
TXN002955,USER00336,4971.52,Swiggy,Hyderabad,DEVICE_C,2026-11-24 20:19:00,20,39,0,3.96,0,0,0,0,0
TXN002956,USER01839,2972.75,Walmart,Kolkata,DEVICE_B,2026-05-29 09:31:00,9,39,0,37.77,0,0,0,0,0
TXN002957,USER01141,999.81,Uber,Pune,DEVICE_C,2026-07-05 02:08:00,2,45,0,15.51,1,0,0,0,0
TXN002958,USER01148,1309.13,Swiggy,Chennai,DEVICE_B,2026-05-17 17:58:00,17,44,0,15.89,0,0,0,0,0
TXN002959,USER00399,4319.16,Amazon,Ahmedabad,DEVICE_E,2026-03-23 09:13:00,9,2,0,54.21,0,0,0,0,0
TXN002960,USER00793,445.41,Amazon,Kolkata,DEVICE_B,2026-09-17 22:35:00,22,25,0,29.66,0,0,0,0,0
TXN002961,USER01828,2222.54,Netflix,Pune,DEVICE_D,2026-03-31 05:48:00,5,36,0,27.18,1,0,0,0,1
TXN002962,USER00715,493.13,Uber,Ahmedabad,DEVICE_D,2026-07-14 04:50:00,4,7,0,39.04,1,0,0,0,0
TXN002963,USER00051,3068.07,Myntra,Pune,DEVICE_D,2026-08-22 22:14:00,22,5,0,1.93,0,0,0,0,0
TXN002964,USER01807,972.17,Amazon,Ahmedabad,DEVICE_D,2026-02-26 15:08:00,15,4,0,25.9,0,0,0,0,0
TXN002965,USER00324,496.87,Apple,Delhi,DEVICE_D,2026-06-26 16:08:00,16,20,0,5.31,0,0,0,0,0
TXN002966,USER00789,606.7,Paytm,Hyderabad,DEVICE_D,2026-10-04 19:59:00,19,26,0,6.6,0,0,0,0,0
TXN002967,USER00141,699.89,Zomato,Bangalore,DEVICE_D,2026-09-18 04:14:00,4,43,0,0.31,1,0,0,0,0
TXN002968,USER00470,2585.44,Paytm,Mumbai,DEVICE_D,2026-06-25 10:54:00,10,37,0,44.83,0,0,0,0,0
TXN002969,USER00787,3661.04,Myntra,Mumbai,DEVICE_D,2026-03-03 17:55:00,17,7,0,26.87,0,0,0,0,0
TXN002970,USER01826,763.77,Walmart,Hyderabad,DEVICE_E,2026-06-21 20:30:00,20,21,0,3.0,0,0,0,0,1
TXN002971,USER01358,500.09,Flipkart,Kolkata,DEVICE_D,2026-06-02 04:41:00,4,22,1,7.95,1,0,0,0,1
TXN002972,USER01917,6814.52,Apple,Kolkata,DEVICE_B,2026-05-28 20:27:00,20,24,0,13.08,0,0,0,0,0
TXN002973,USER00964,2291.84,Flipkart,Kolkata,DEVICE_E,2026-05-23 11:24:00,11,6,0,13.62,0,0,0,0,0
TXN002974,USER01008,545.77,Amazon,Bangalore,DEVICE_C,2026-09-12 16:38:00,16,13,0,18.11,0,0,0,0,0
TXN002975,USER00373,1515.57,Walmart,Pune,DEVICE_A,2026-01-07 18:48:00,18,40,0,12.78,0,0,0,0,0
TXN002976,USER01588,756.7,Swiggy,Mumbai,DEVICE_E,2026-10-06 01:18:00,1,28,0,20.92,1,0,0,0,0
TXN002977,USER00494,344.93,Amazon,Hyderabad,DEVICE_D,2026-04-10 15:28:00,15,16,0,43.06,0,0,0,0,0
TXN002978,USER01563,829.61,Flipkart,Kolkata,DEVICE_E,2026-02-07 00:25:00,0,5,0,10.15,1,0,0,0,0
TXN002979,USER01693,319.39,Amazon,Chennai,DEVICE_A,2026-08-02 08:53:00,8,31,0,41.86,0,0,0,0,0
TXN002980,USER00751,711.6,Zomato,Delhi,DEVICE_A,2026-11-10 18:07:00,18,18,0,4.96,0,0,0,0,0
TXN002981,USER01180,774.26,Netflix,Bangalore,DEVICE_D,2026-11-21 08:36:00,8,26,1,2.59,0,0,0,0,0
TXN002982,USER00291,674.69,Zomato,Ahmedabad,DEVICE_D,2026-07-10 06:21:00,6,29,0,5.47,0,0,0,0,0
TXN002983,USER01672,2489.55,Walmart,Kolkata,DEVICE_B,2026-10-01 22:42:00,22,49,0,4.63,0,0,0,0,0
TXN002984,USER01168,1577.97,Swiggy,Mumbai,DEVICE_A,2026-02-15 15:45:00,15,32,0,84.1,0,0,0,0,0
TXN002985,USER00106,616.88,Zomato,Delhi,DEVICE_D,2026-02-20 01:02:00,1,36,0,9.59,1,0,0,0,0
TXN002986,USER01444,1466.19,Uber,Hyderabad,DEVICE_A,2026-04-09 23:45:00,23,44,0,21.08,0,0,0,0,0
TXN002987,USER00670,3552.33,Swiggy,Kolkata,DEVICE_B,2026-11-12 04:35:00,4,10,0,23.82,1,0,0,0,1
TXN002988,USER01682,519.6,Flipkart,Mumbai,DEVICE_C,2026-12-06 05:58:00,5,40,0,11.78,1,0,0,0,0
TXN002989,USER00002,336.07,Zomato,Delhi,DEVICE_A,2026-02-21 18:21:00,18,9,0,5.06,0,0,0,0,0
TXN002990,USER01969,413.19,Netflix,Chennai,DEVICE_B,2026-09-02 00:27:00,0,28,0,11.53,1,0,0,0,0
TXN002991,USER00589,1538.97,Swiggy,Bangalore,DEVICE_B,2026-01-26 03:37:00,3,21,0,12.84,1,0,0,0,0
TXN002992,USER00644,4191.63,Amazon,Hyderabad,DEVICE_B,2026-09-18 17:26:00,17,19,0,61.59,0,0,0,0,0
TXN002993,USER00090,2352.03,Netflix,Ahmedabad,DEVICE_E,2026-12-07 13:45:00,13,18,0,16.82,0,0,0,0,0
TXN002994,USER01369,3485.73,Amazon,Mumbai,DEVICE_D,2026-09-20 17:41:00,17,23,0,70.05,0,0,0,0,0
TXN002995,USER00350,151.5,Zomato,Pune,DEVICE_A,2026-02-22 13:26:00,13,27,1,17.19,0,0,0,0,0
TXN002996,USER01483,518.01,Apple,Chennai,DEVICE_E,2026-09-13 03:12:00,3,1,0,3.13,1,0,0,1,1
TXN002997,USER01287,401.0,Apple,Bangalore,DEVICE_A,2026-04-20 13:44:00,13,39,0,9.7,0,0,0,0,0
TXN002998,USER01375,1813.03,Flipkart,Bangalore,DEVICE_E,2026-03-03 13:05:00,13,17,0,31.43,0,0,0,0,0
TXN002999,USER01132,916.53,Netflix,Pune,DEVICE_D,2026-12-22 16:18:00,16,17,0,10.95,0,0,0,0,0
TXN003000,USER01610,73.73,Amazon,Ahmedabad,DEVICE_B,2026-04-09 11:46:00,11,1,0,2.1,0,0,0,1,0
TXN003001,USER01063,2172.69,Myntra,Chennai,DEVICE_A,2026-04-04 22:43:00,22,46,0,2.02,0,0,0,0,0
TXN003002,USER00909,3137.79,Netflix,Mumbai,DEVICE_B,2026-09-10 16:26:00,16,48,0,5.41,0,0,0,0,0
TXN003003,USER00159,6690.81,Uber,Bangalore,DEVICE_D,2026-09-10 00:16:00,0,22,0,16.64,1,0,0,0,1
TXN003004,USER01607,1272.25,Flipkart,Hyderabad,DEVICE_A,2026-06-18 04:13:00,4,46,0,35.46,1,0,0,0,0
TXN003005,USER00959,1914.33,Paytm,Delhi,DEVICE_C,2026-08-09 11:31:00,11,14,0,15.26,0,0,0,0,0
TXN003006,USER00312,392.62,Paytm,Hyderabad,DEVICE_C,2026-09-29 04:16:00,4,24,0,27.41,1,0,0,0,0
TXN003007,USER01265,250.26,Amazon,Ahmedabad,DEVICE_C,2026-06-26 17:31:00,17,44,1,20.75,0,0,0,0,0
TXN003008,USER01962,3358.18,Apple,Kolkata,DEVICE_D,2026-01-29 14:11:00,14,17,0,14.85,0,0,0,0,0
TXN003009,USER00445,1794.3,Swiggy,Ahmedabad,DEVICE_C,2026-10-03 21:26:00,21,20,0,4.84,0,0,0,0,0
TXN003010,USER00298,3373.86,Uber,Bangalore,DEVICE_A,2026-12-27 07:55:00,7,46,1,42.94,0,0,0,0,0
TXN003011,USER00952,871.17,Paytm,Delhi,DEVICE_C,2026-02-22 01:51:00,1,31,0,6.45,1,0,0,0,0
TXN003012,USER00036,9256.32,Amazon,Chennai,DEVICE_A,2026-11-26 00:51:00,0,49,0,5.83,1,0,0,0,0
TXN003013,USER01108,1453.57,Amazon,Delhi,DEVICE_D,2026-10-07 11:00:00,11,18,0,5.96,0,0,0,0,0
TXN003014,USER01476,556.55,Zomato,Ahmedabad,DEVICE_B,2026-01-22 04:11:00,4,17,1,2.01,1,0,0,0,0
TXN003015,USER01910,823.73,Apple,Delhi,DEVICE_E,2026-08-28 11:39:00,11,23,0,13.81,0,0,0,0,0
TXN003016,USER01799,258.92,Netflix,Pune,DEVICE_C,2026-11-05 00:51:00,0,46,0,7.94,1,0,0,0,0
TXN003017,USER01846,469.61,Swiggy,Delhi,DEVICE_E,2026-04-16 21:20:00,21,41,0,14.76,0,0,0,0,0
TXN003018,USER01409,774.03,Zomato,Bangalore,DEVICE_B,2026-06-20 07:10:00,7,29,0,12.07,0,0,0,0,0
TXN003019,USER01196,4424.04,Paytm,Pune,DEVICE_D,2026-03-12 14:36:00,14,28,1,14.67,0,0,0,0,0
TXN003020,USER01400,1033.55,Swiggy,Ahmedabad,DEVICE_D,2026-10-24 02:44:00,2,20,0,7.07,1,0,0,0,0
TXN003021,USER01709,2910.07,Flipkart,Ahmedabad,DEVICE_B,2026-10-02 15:13:00,15,20,1,33.76,0,0,0,0,0
TXN003022,USER01386,1002.37,Apple,Ahmedabad,DEVICE_E,2026-08-08 00:36:00,0,47,0,15.28,1,0,0,0,0
TXN003023,USER00559,435.51,Paytm,Pune,DEVICE_C,2026-08-08 08:47:00,8,40,0,4.67,0,0,0,0,0
TXN003024,USER00891,1791.76,Amazon,Kolkata,DEVICE_A,2026-11-06 09:46:00,9,1,1,46.42,0,0,0,1,0
TXN003025,USER00141,512.69,Paytm,Kolkata,DEVICE_D,2026-09-12 11:01:00,11,44,0,2.32,0,0,0,0,0
TXN003026,USER00887,767.13,Myntra,Pune,DEVICE_B,2026-04-01 15:21:00,15,0,0,26.44,0,0,0,1,0
TXN003027,USER01942,6825.6,Walmart,Pune,DEVICE_E,2026-04-07 06:26:00,6,21,0,22.69,0,0,0,0,0
TXN003028,USER01142,1889.49,Walmart,Ahmedabad,DEVICE_C,2026-01-06 19:30:00,19,39,0,1.51,0,0,0,0,0
TXN003029,USER01301,524.12,Paytm,Ahmedabad,DEVICE_E,2026-10-04 23:05:00,23,37,0,46.36,0,0,0,0,0
TXN003030,USER00726,2119.42,Myntra,Ahmedabad,DEVICE_C,2026-02-13 22:51:00,22,18,1,7.61,0,0,0,0,0
TXN003031,USER01244,471.54,Paytm,Mumbai,DEVICE_A,2026-10-10 19:04:00,19,18,0,27.01,0,0,0,0,0
TXN003032,USER01929,226.18,Walmart,Kolkata,DEVICE_A,2026-10-18 12:00:00,12,1,1,6.49,0,0,0,1,1
TXN003033,USER01050,2931.43,Zomato,Bangalore,DEVICE_B,2026-10-02 01:06:00,1,28,0,14.92,1,0,0,0,0
TXN003034,USER00521,1429.89,Flipkart,Mumbai,DEVICE_B,2026-05-02 06:31:00,6,49,0,71.75,0,0,0,0,0
TXN003035,USER01807,918.26,Walmart,Chennai,DEVICE_C,2026-01-29 16:15:00,16,49,0,18.87,0,0,0,0,0
TXN003036,USER00010,244.96,Flipkart,Chennai,DEVICE_C,2026-11-26 19:42:00,19,22,0,7.03,0,0,0,0,0
TXN003037,USER00984,825.68,Amazon,Chennai,DEVICE_C,2026-12-26 03:30:00,3,46,0,12.26,1,0,0,0,1
TXN003038,USER00378,1303.76,Flipkart,Chennai,DEVICE_C,2026-06-02 09:22:00,9,47,0,22.54,0,0,0,0,0
TXN003039,USER01657,384.13,Zomato,Chennai,DEVICE_A,2026-07-08 21:23:00,21,26,0,11.78,0,0,0,0,0
TXN003040,USER01661,1139.15,Myntra,Hyderabad,DEVICE_B,2026-11-19 01:42:00,1,44,0,48.33,1,0,0,0,0
TXN003041,USER00682,4426.16,Flipkart,Pune,DEVICE_B,2026-07-13 02:59:00,2,22,0,40.42,1,0,0,0,0
TXN003042,USER00584,1344.74,Swiggy,Bangalore,DEVICE_D,2026-07-16 07:12:00,7,27,0,3.18,0,0,0,0,0
TXN003043,USER00152,1855.49,Netflix,Mumbai,DEVICE_B,2026-08-16 20:40:00,20,27,0,30.74,0,0,0,0,0
TXN003044,USER00720,738.15,Walmart,Chennai,DEVICE_B,2026-06-08 00:53:00,0,4,0,57.09,1,0,0,0,0
TXN003045,USER01073,425.82,Myntra,Hyderabad,DEVICE_E,2026-11-10 04:51:00,4,17,0,7.62,1,0,0,0,0
TXN003046,USER01178,661.57,Uber,Ahmedabad,DEVICE_E,2026-06-05 20:00:00,20,29,0,5.44,0,0,0,0,0
TXN003047,USER00859,2833.99,Amazon,Ahmedabad,DEVICE_D,2026-10-07 05:02:00,5,23,0,0.19,1,0,0,0,0
TXN003048,USER01317,1004.71,Netflix,Kolkata,DEVICE_C,2026-04-10 17:26:00,17,36,0,2.46,0,0,0,0,0
TXN003049,USER01604,914.14,Swiggy,Hyderabad,DEVICE_D,2026-05-22 01:12:00,1,15,0,64.84,1,0,0,0,1
TXN003050,USER00050,695.73,Apple,Hyderabad,DEVICE_D,2026-04-02 11:39:00,11,28,0,9.92,0,0,0,0,0
TXN003051,USER00664,349.22,Zomato,Bangalore,DEVICE_A,2026-08-30 23:20:00,23,29,1,9.8,0,0,0,0,0
TXN003052,USER00531,3754.21,Paytm,Chennai,DEVICE_B,2026-08-14 06:44:00,6,24,0,6.2,0,0,0,0,0
TXN003053,USER01636,909.36,Netflix,Hyderabad,DEVICE_A,2026-09-02 02:58:00,2,37,1,3.58,1,0,0,0,0
TXN003054,USER01084,679.68,Myntra,Pune,DEVICE_B,2026-10-06 07:45:00,7,38,0,14.22,0,0,0,0,0
TXN003055,USER01191,1178.21,Myntra,Hyderabad,DEVICE_D,2026-11-20 04:29:00,4,0,0,25.69,1,0,0,1,0
TXN003056,USER01226,680.89,Myntra,Chennai,DEVICE_B,2026-06-11 15:50:00,15,39,0,16.01,0,0,0,0,0
TXN003057,USER00857,1453.31,Amazon,Bangalore,DEVICE_C,2026-07-18 18:07:00,18,38,0,0.72,0,0,0,0,0
TXN003058,USER00146,592.22,Flipkart,Hyderabad,DEVICE_C,2026-05-26 06:03:00,6,38,1,32.54,0,0,0,0,0
TXN003059,USER00915,1225.66,Walmart,Mumbai,DEVICE_D,2026-10-08 20:34:00,20,30,1,53.65,0,0,0,0,1
TXN003060,USER01700,1045.96,Apple,Delhi,DEVICE_E,2026-06-13 17:03:00,17,38,1,11.61,0,0,0,0,1
TXN003061,USER01994,5825.05,Paytm,Ahmedabad,DEVICE_C,2026-12-14 15:43:00,15,30,1,9.13,0,0,0,0,0
TXN003062,USER00993,6120.61,Myntra,Kolkata,DEVICE_D,2026-01-20 21:53:00,21,32,0,5.22,0,0,0,0,0
TXN003063,USER01463,2227.7,Paytm,Delhi,DEVICE_A,2026-12-31 18:19:00,18,11,0,7.19,0,0,0,0,0
TXN003064,USER00242,1012.86,Uber,Delhi,DEVICE_E,2026-01-22 18:36:00,18,24,0,20.68,0,0,0,0,0
TXN003065,USER00581,2259.18,Amazon,Bangalore,DEVICE_C,2026-06-26 10:28:00,10,22,0,29.41,0,0,0,0,0
TXN003066,USER00687,2195.33,Myntra,Ahmedabad,DEVICE_D,2026-05-16 00:34:00,0,42,0,8.08,1,0,0,0,0
TXN003067,USER01585,718.25,Uber,Hyderabad,DEVICE_D,2026-04-13 01:40:00,1,47,0,8.3,1,0,0,0,0
TXN003068,USER00483,248.47,Apple,Delhi,DEVICE_A,2026-08-15 08:22:00,8,27,1,12.0,0,0,0,0,0
TXN003069,USER01132,197.8,Apple,Delhi,DEVICE_A,2026-12-20 19:28:00,19,32,0,3.73,0,0,0,0,0
TXN003070,USER01250,985.24,Walmart,Ahmedabad,DEVICE_E,2026-02-24 10:34:00,10,37,0,52.4,0,0,0,0,0
TXN003071,USER00673,696.13,Swiggy,Kolkata,DEVICE_C,2026-03-09 02:00:00,2,25,0,24.45,1,0,0,0,0
TXN003072,USER00631,672.02,Walmart,Chennai,DEVICE_D,2026-01-30 22:05:00,22,23,0,11.37,0,0,0,0,0
TXN003073,USER00661,531.55,Flipkart,Pune,DEVICE_E,2026-11-06 09:58:00,9,4,1,2.61,0,0,0,0,1
TXN003074,USER00662,511.18,Paytm,Pune,DEVICE_E,2026-05-21 07:29:00,7,43,0,37.79,0,0,0,0,0
TXN003075,USER01456,1977.04,Zomato,Ahmedabad,DEVICE_A,2026-06-04 01:32:00,1,16,1,13.22,1,0,0,0,0
TXN003076,USER00805,71.79,Apple,Hyderabad,DEVICE_D,2026-12-13 10:24:00,10,44,0,31.88,0,0,0,0,0
TXN003077,USER01679,1862.06,Zomato,Hyderabad,DEVICE_B,2026-04-09 08:21:00,8,36,0,0.68,0,0,0,0,0
TXN003078,USER00419,855.4,Amazon,Kolkata,DEVICE_A,2026-07-31 20:04:00,20,14,1,6.39,0,0,0,0,0
TXN003079,USER00988,4010.49,Netflix,Chennai,DEVICE_D,2026-07-15 14:39:00,14,1,0,19.46,0,0,0,1,0
TXN003080,USER01479,1393.66,Myntra,Ahmedabad,DEVICE_E,2026-09-22 13:31:00,13,33,0,13.39,0,0,0,0,0
TXN003081,USER01184,230.49,Amazon,Hyderabad,DEVICE_E,2026-02-20 09:55:00,9,19,0,6.99,0,0,0,0,0
TXN003082,USER01547,203.49,Apple,Pune,DEVICE_C,2026-05-17 03:46:00,3,29,0,4.49,1,0,0,0,0
TXN003083,USER00650,392.22,Uber,Pune,DEVICE_B,2026-06-30 13:44:00,13,15,0,7.19,0,0,0,0,0
TXN003084,USER00969,1391.55,Paytm,Mumbai,DEVICE_A,2026-04-08 09:51:00,9,43,0,27.12,0,0,0,0,0
TXN003085,USER00590,234.73,Zomato,Kolkata,DEVICE_C,2026-11-24 14:49:00,14,3,1,4.06,0,0,0,0,0
TXN003086,USER01101,1211.16,Walmart,Bangalore,DEVICE_C,2026-12-29 10:27:00,10,30,0,18.02,0,0,0,0,0
TXN003087,USER00509,2063.53,Netflix,Chennai,DEVICE_B,2026-08-13 03:27:00,3,25,0,11.02,1,0,0,0,0
TXN003088,USER00441,681.88,Swiggy,Kolkata,DEVICE_A,2026-12-25 12:49:00,12,40,1,28.8,0,0,0,0,0
TXN003089,USER01278,493.13,Amazon,Delhi,DEVICE_A,2026-04-02 17:47:00,17,11,1,4.5,0,0,0,0,0
TXN003090,USER00921,158.24,Swiggy,Ahmedabad,DEVICE_E,2026-08-10 02:33:00,2,1,0,6.3,1,0,0,1,1
TXN003091,USER00770,4268.79,Zomato,Hyderabad,DEVICE_A,2026-01-17 22:39:00,22,7,0,10.17,0,0,0,0,0
TXN003092,USER01344,5676.52,Zomato,Mumbai,DEVICE_C,2026-05-27 17:31:00,17,13,0,3.64,0,0,0,0,0
TXN003093,USER01827,3287.37,Myntra,Pune,DEVICE_E,2026-07-29 19:51:00,19,23,0,12.37,0,0,0,0,0
TXN003094,USER00263,854.94,Uber,Mumbai,DEVICE_A,2026-03-27 20:11:00,20,42,0,10.76,0,0,0,0,0
TXN003095,USER01621,1044.93,Uber,Bangalore,DEVICE_B,2026-08-30 23:41:00,23,39,0,92.28,0,0,0,0,0
TXN003096,USER01682,2032.54,Flipkart,Ahmedabad,DEVICE_C,2026-03-24 04:23:00,4,40,0,18.02,1,0,0,0,0
TXN003097,USER01859,1251.34,Walmart,Kolkata,DEVICE_D,2026-03-09 02:04:00,2,24,0,1.44,1,0,0,0,0
TXN003098,USER01578,66.4,Apple,Mumbai,DEVICE_B,2026-09-08 20:33:00,20,6,0,12.32,0,0,0,0,0
TXN003099,USER01398,2505.67,Apple,Kolkata,DEVICE_B,2026-11-25 12:35:00,12,31,0,42.16,0,0,0,0,0
TXN003100,USER00637,3284.75,Zomato,Ahmedabad,DEVICE_A,2026-12-23 11:23:00,11,22,0,40.31,0,0,0,0,0
TXN003101,USER01191,2877.3,Amazon,Hyderabad,DEVICE_E,2026-02-01 10:23:00,10,45,0,65.3,0,0,0,0,0
TXN003102,USER01961,1647.56,Paytm,Hyderabad,DEVICE_E,2026-01-05 14:17:00,14,38,0,44.93,0,0,0,0,0
TXN003103,USER01777,2597.39,Apple,Pune,DEVICE_C,2026-11-29 22:45:00,22,25,0,3.88,0,0,0,0,0
TXN003104,USER00459,307.49,Apple,Mumbai,DEVICE_A,2026-07-02 23:42:00,23,41,0,0.07,0,0,0,0,0
TXN003105,USER00999,1008.07,Amazon,Hyderabad,DEVICE_E,2026-06-08 00:59:00,0,6,0,19.16,1,0,0,0,0
TXN003106,USER01304,600.77,Walmart,Ahmedabad,DEVICE_D,2026-07-02 04:36:00,4,46,0,24.24,1,0,0,0,0
TXN003107,USER00700,4049.12,Netflix,Kolkata,DEVICE_A,2026-02-20 21:18:00,21,49,0,2.81,0,0,0,0,0
TXN003108,USER00302,1294.1,Uber,Pune,DEVICE_A,2026-08-31 02:57:00,2,44,0,3.65,1,0,0,0,0
TXN003109,USER01555,950.39,Myntra,Hyderabad,DEVICE_E,2026-05-15 04:16:00,4,3,1,65.98,1,0,0,0,1
TXN003110,USER01604,438.73,Myntra,Ahmedabad,DEVICE_B,2026-10-29 03:44:00,3,43,0,57.59,1,0,0,0,1
TXN003111,USER01242,422.69,Myntra,Ahmedabad,DEVICE_A,2026-11-19 21:28:00,21,24,0,3.42,0,0,0,0,0
TXN003112,USER01126,397.13,Amazon,Pune,DEVICE_B,2026-02-25 11:06:00,11,17,0,5.67,0,0,0,0,0
TXN003113,USER00554,2144.45,Myntra,Delhi,DEVICE_C,2026-08-16 10:40:00,10,6,0,44.53,0,0,0,0,0
TXN003114,USER00288,1878.37,Zomato,Kolkata,DEVICE_C,2026-07-17 17:23:00,17,21,0,11.42,0,0,0,0,0
TXN003115,USER01191,1373.47,Flipkart,Ahmedabad,DEVICE_E,2026-04-19 18:50:00,18,3,0,32.0,0,0,0,0,0
TXN003116,USER00621,2235.08,Amazon,Pune,DEVICE_C,2026-06-28 05:06:00,5,28,0,10.08,1,0,0,0,0
TXN003117,USER01006,531.14,Amazon,Chennai,DEVICE_E,2026-07-08 14:25:00,14,23,0,26.67,0,0,0,0,0
TXN003118,USER00036,208.66,Uber,Ahmedabad,DEVICE_E,2026-06-16 02:31:00,2,39,0,10.11,1,0,0,0,0
TXN003119,USER00744,2028.35,Myntra,Hyderabad,DEVICE_B,2026-08-27 06:21:00,6,49,0,45.89,0,0,0,0,0
TXN003120,USER01765,1042.5,Swiggy,Hyderabad,DEVICE_B,2026-04-17 16:18:00,16,37,0,7.88,0,0,0,0,0
TXN003121,USER00353,2320.56,Netflix,Kolkata,DEVICE_C,2026-01-10 18:41:00,18,40,0,14.81,0,0,0,0,0
TXN003122,USER01700,1609.18,Flipkart,Ahmedabad,DEVICE_B,2026-03-29 03:58:00,3,11,0,14.75,1,0,0,0,1
TXN003123,USER01923,1026.41,Amazon,Bangalore,DEVICE_A,2026-11-15 15:16:00,15,8,0,20.93,0,0,0,0,0
TXN003124,USER00073,1319.53,Flipkart,Chennai,DEVICE_D,2026-03-25 13:46:00,13,14,1,7.33,0,0,0,0,1
TXN003125,USER00648,3897.85,Amazon,Pune,DEVICE_A,2026-07-05 10:10:00,10,12,0,20.58,0,0,0,0,0
TXN003126,USER01377,844.62,Walmart,Chennai,DEVICE_A,2026-03-19 16:18:00,16,29,0,3.04,0,0,0,0,0
TXN003127,USER01915,2128.31,Uber,Pune,DEVICE_E,2026-04-04 13:44:00,13,34,0,44.81,0,0,0,0,0
TXN003128,USER01094,1448.35,Zomato,Ahmedabad,DEVICE_D,2026-10-21 07:55:00,7,34,0,3.11,0,0,0,0,0
TXN003129,USER00425,242.94,Walmart,Chennai,DEVICE_E,2026-10-05 04:20:00,4,25,0,36.69,1,0,0,0,0
TXN003130,USER00999,336.08,Paytm,Mumbai,DEVICE_B,2026-03-11 05:17:00,5,18,0,23.63,1,0,0,0,0
TXN003131,USER00708,1058.22,Myntra,Delhi,DEVICE_B,2026-01-30 11:03:00,11,20,0,8.34,0,0,0,0,0
TXN003132,USER01805,700.7,Paytm,Delhi,DEVICE_D,2026-08-20 00:51:00,0,20,0,7.93,1,0,0,0,0
TXN003133,USER00561,466.34,Netflix,Bangalore,DEVICE_C,2026-08-10 06:26:00,6,12,0,67.65,0,0,0,0,0
TXN003134,USER00828,2874.59,Swiggy,Chennai,DEVICE_B,2026-09-04 17:29:00,17,20,0,4.34,0,0,0,0,0
TXN003135,USER01666,285.47,Zomato,Chennai,DEVICE_A,2026-10-09 14:44:00,14,23,0,25.67,0,0,0,0,0
TXN003136,USER00956,917.11,Walmart,Hyderabad,DEVICE_D,2026-07-22 16:09:00,16,25,0,4.06,0,0,0,0,0
TXN003137,USER00517,499.39,Flipkart,Pune,DEVICE_D,2026-06-27 19:24:00,19,43,0,47.16,0,0,0,0,0
TXN003138,USER00428,4165.13,Flipkart,Kolkata,DEVICE_B,2026-07-21 08:51:00,8,30,0,27.09,0,0,0,0,0
TXN003139,USER01563,10569.9,Netflix,Mumbai,DEVICE_B,2026-10-01 06:32:00,6,29,1,53.97,0,1,0,0,0
TXN003140,USER00160,828.73,Amazon,Mumbai,DEVICE_E,2026-03-31 20:40:00,20,23,1,42.26,0,0,0,0,1
TXN003141,USER00149,2353.73,Flipkart,Ahmedabad,DEVICE_E,2026-12-31 20:58:00,20,31,1,15.95,0,0,0,0,0
TXN003142,USER00776,3438.45,Myntra,Bangalore,DEVICE_A,2026-12-30 22:00:00,22,29,0,3.3,0,0,0,0,0
TXN003143,USER01254,2462.3,Swiggy,Delhi,DEVICE_D,2026-06-03 04:29:00,4,25,0,5.01,1,0,0,0,0
TXN003144,USER01736,2234.88,Uber,Ahmedabad,DEVICE_C,2026-09-22 10:55:00,10,37,0,4.51,0,0,0,0,0
TXN003145,USER01586,222.39,Myntra,Chennai,DEVICE_C,2026-10-10 00:59:00,0,17,0,4.99,1,0,0,0,0
TXN003146,USER00067,3161.1,Swiggy,Kolkata,DEVICE_D,2026-10-21 00:14:00,0,40,0,12.94,1,0,0,0,0
TXN003147,USER01014,1515.27,Netflix,Bangalore,DEVICE_A,2026-08-27 16:27:00,16,48,0,40.47,0,0,0,0,0
TXN003148,USER01836,892.35,Myntra,Pune,DEVICE_E,2026-07-08 15:23:00,15,11,0,0.47,0,0,0,0,0
TXN003149,USER00381,1022.2,Uber,Mumbai,DEVICE_E,2026-04-27 20:26:00,20,20,0,5.45,0,0,0,0,0
TXN003150,USER00058,1383.08,Uber,Mumbai,DEVICE_E,2026-07-08 07:57:00,7,22,0,18.17,0,0,0,0,0
TXN003151,USER01283,872.53,Apple,Mumbai,DEVICE_C,2026-12-19 07:19:00,7,27,0,40.1,0,0,0,0,0
TXN003152,USER00342,796.78,Amazon,Chennai,DEVICE_C,2026-09-23 06:48:00,6,16,0,7.06,0,0,0,0,0
TXN003153,USER01862,454.9,Netflix,Chennai,DEVICE_A,2026-11-05 22:12:00,22,14,0,9.64,0,0,0,0,0
TXN003154,USER01154,1735.68,Myntra,Chennai,DEVICE_C,2026-12-14 18:49:00,18,22,0,9.35,0,0,0,0,0
TXN003155,USER00727,948.22,Zomato,Hyderabad,DEVICE_B,2026-10-16 19:02:00,19,33,0,6.95,0,0,0,0,0
TXN003156,USER01196,537.21,Zomato,Delhi,DEVICE_C,2026-04-14 07:30:00,7,27,0,24.0,0,0,0,0,0
TXN003157,USER00770,1197.5,Netflix,Pune,DEVICE_E,2026-06-15 15:15:00,15,3,0,21.33,0,0,0,0,0
TXN003158,USER00614,1139.73,Myntra,Mumbai,DEVICE_A,2026-08-31 17:16:00,17,40,0,37.07,0,0,0,0,0
TXN003159,USER01233,1728.9,Walmart,Mumbai,DEVICE_D,2026-10-27 00:19:00,0,11,0,49.92,1,0,0,0,0
TXN003160,USER01827,1067.53,Walmart,Ahmedabad,DEVICE_D,2026-09-29 02:41:00,2,1,0,46.15,1,0,0,1,0
TXN003161,USER00354,1910.54,Amazon,Hyderabad,DEVICE_A,2026-08-24 05:15:00,5,24,1,15.54,1,0,0,0,1
TXN003162,USER01495,857.67,Myntra,Mumbai,DEVICE_B,2026-11-08 07:55:00,7,23,0,4.11,0,0,0,0,0
TXN003163,USER01822,915.05,Uber,Pune,DEVICE_D,2026-08-24 23:21:00,23,30,0,5.02,0,0,0,0,0
TXN003164,USER00116,1407.83,Flipkart,Mumbai,DEVICE_E,2026-08-24 12:33:00,12,3,0,17.84,0,0,0,0,0
TXN003165,USER01288,1553.76,Zomato,Chennai,DEVICE_D,2026-11-15 04:13:00,4,43,0,50.12,1,0,0,0,0
TXN003166,USER00662,3263.17,Myntra,Chennai,DEVICE_D,2026-10-15 06:33:00,6,33,0,15.12,0,0,0,0,0
TXN003167,USER01836,2815.65,Myntra,Delhi,DEVICE_E,2026-05-28 19:31:00,19,5,0,54.89,0,0,0,0,0
TXN003168,USER01466,1054.43,Flipkart,Pune,DEVICE_C,2026-09-16 05:24:00,5,30,0,6.08,1,0,0,0,0
TXN003169,USER01572,308.24,Flipkart,Pune,DEVICE_B,2026-10-11 12:41:00,12,38,0,1.81,0,0,0,0,0
TXN003170,USER00453,2029.65,Swiggy,Mumbai,DEVICE_E,2026-01-15 16:49:00,16,49,0,31.82,0,0,0,0,0
TXN003171,USER01869,1763.46,Apple,Bangalore,DEVICE_E,2026-02-25 03:50:00,3,23,0,42.3,1,0,0,0,0
TXN003172,USER01501,1333.18,Amazon,Mumbai,DEVICE_A,2026-06-11 10:10:00,10,24,0,11.89,0,0,0,0,0
TXN003173,USER00287,2199.27,Zomato,Mumbai,DEVICE_B,2026-12-31 20:40:00,20,4,1,2.16,0,0,0,0,0
TXN003174,USER01327,787.04,Flipkart,Delhi,DEVICE_C,2026-05-16 19:40:00,19,9,0,0.86,0,0,0,0,0
TXN003175,USER01017,260.99,Walmart,Bangalore,DEVICE_E,2026-04-08 01:03:00,1,17,0,1.29,1,0,0,0,0
TXN003176,USER00311,499.23,Netflix,Ahmedabad,DEVICE_C,2026-02-12 01:08:00,1,28,0,11.56,1,0,0,0,0
TXN003177,USER00208,80.86,Walmart,Mumbai,DEVICE_E,2026-10-14 03:23:00,3,10,0,5.35,1,0,0,0,0
TXN003178,USER00618,1635.09,Swiggy,Kolkata,DEVICE_E,2026-03-01 20:14:00,20,48,0,12.4,0,0,0,0,0
TXN003179,USER00446,1033.37,Swiggy,Kolkata,DEVICE_A,2026-08-29 16:16:00,16,29,1,13.41,0,0,0,0,0
TXN003180,USER00670,2379.47,Flipkart,Pune,DEVICE_D,2026-10-07 13:41:00,13,42,0,12.25,0,0,0,0,0
TXN003181,USER00633,2160.74,Swiggy,Pune,DEVICE_B,2026-03-03 13:14:00,13,4,0,19.35,0,0,0,0,0
TXN003182,USER00055,705.69,Uber,Bangalore,DEVICE_A,2026-05-05 15:47:00,15,5,1,22.75,0,0,0,0,0
TXN003183,USER00912,522.14,Paytm,Kolkata,DEVICE_C,2026-11-07 10:22:00,10,13,1,10.08,0,0,0,0,1
TXN003184,USER01036,539.71,Myntra,Chennai,DEVICE_E,2026-08-27 10:24:00,10,15,0,8.22,0,0,0,0,0
TXN003185,USER00657,6146.12,Myntra,Chennai,DEVICE_E,2026-03-08 08:23:00,8,13,0,9.19,0,0,0,0,0
TXN003186,USER01424,956.99,Flipkart,Bangalore,DEVICE_B,2026-12-04 13:14:00,13,32,0,1.46,0,0,0,0,0
TXN003187,USER01932,857.39,Swiggy,Ahmedabad,DEVICE_A,2026-04-07 03:54:00,3,36,0,7.76,1,0,0,0,1
TXN003188,USER01672,1425.54,Netflix,Mumbai,DEVICE_A,2026-07-23 05:57:00,5,4,1,4.46,1,0,0,0,0
TXN003189,USER00980,263.0,Uber,Pune,DEVICE_C,2026-11-16 09:46:00,9,39,0,6.87,0,0,0,0,0
TXN003190,USER00515,767.02,Amazon,Bangalore,DEVICE_A,2026-06-11 07:05:00,7,13,0,25.06,0,0,0,0,0
TXN003191,USER01680,507.26,Swiggy,Kolkata,DEVICE_A,2026-06-30 03:56:00,3,39,0,89.38,1,0,0,0,0
TXN003192,USER01566,420.02,Uber,Bangalore,DEVICE_D,2026-11-07 09:10:00,9,8,0,51.42,0,0,0,0,0
TXN003193,USER00237,866.16,Apple,Kolkata,DEVICE_B,2026-08-16 13:10:00,13,26,0,34.48,0,0,0,0,0
TXN003194,USER01303,1144.26,Amazon,Pune,DEVICE_A,2026-01-23 14:07:00,14,2,0,26.73,0,0,0,0,0
TXN003195,USER00348,354.45,Myntra,Chennai,DEVICE_C,2026-10-23 06:54:00,6,9,0,57.99,0,0,0,0,0
TXN003196,USER00627,789.16,Apple,Bangalore,DEVICE_E,2026-07-28 13:11:00,13,47,0,27.89,0,0,0,0,0
TXN003197,USER01128,1178.48,Flipkart,Pune,DEVICE_A,2026-10-15 19:38:00,19,10,0,12.73,0,0,0,0,0
TXN003198,USER00630,1646.54,Zomato,Pune,DEVICE_A,2026-08-18 16:02:00,16,33,0,18.39,0,0,0,0,0
TXN003199,USER01541,857.86,Flipkart,Hyderabad,DEVICE_E,2026-12-31 13:41:00,13,0,0,7.3,0,0,0,1,0
TXN003200,USER01896,1475.91,Netflix,Ahmedabad,DEVICE_D,2026-03-19 17:40:00,17,9,0,0.07,0,0,0,0,0
TXN003201,USER01272,798.69,Uber,Kolkata,DEVICE_B,2026-11-02 17:49:00,17,5,0,8.73,0,0,0,0,0
TXN003202,USER00364,3474.92,Zomato,Hyderabad,DEVICE_D,2026-01-05 18:21:00,18,7,0,10.38,0,0,0,0,0
TXN003203,USER00321,1789.37,Amazon,Chennai,DEVICE_C,2026-06-18 08:13:00,8,30,0,26.42,0,0,0,0,0
TXN003204,USER01657,599.41,Amazon,Pune,DEVICE_A,2026-04-07 08:10:00,8,5,0,39.21,0,0,0,0,0
TXN003205,USER00286,702.19,Apple,Pune,DEVICE_D,2026-05-21 20:05:00,20,30,0,65.75,0,0,0,0,0
TXN003206,USER00149,1560.96,Netflix,Mumbai,DEVICE_B,2026-06-12 09:44:00,9,33,0,8.67,0,0,0,0,0
TXN003207,USER01108,683.67,Myntra,Kolkata,DEVICE_C,2026-09-14 04:03:00,4,39,0,63.12,1,0,0,0,0
TXN003208,USER01990,193.05,Swiggy,Ahmedabad,DEVICE_D,2026-08-14 13:20:00,13,28,0,32.13,0,0,0,0,0
TXN003209,USER00406,1431.03,Swiggy,Ahmedabad,DEVICE_A,2026-02-20 14:07:00,14,2,0,0.63,0,0,0,0,0
TXN003210,USER00978,776.68,Zomato,Mumbai,DEVICE_B,2026-09-10 08:37:00,8,21,1,18.09,0,0,0,0,0
TXN003211,USER00456,2022.07,Netflix,Chennai,DEVICE_A,2026-10-06 22:58:00,22,11,0,9.1,0,0,0,0,0
TXN003212,USER01767,1137.69,Netflix,Mumbai,DEVICE_A,2026-05-21 12:24:00,12,37,0,0.69,0,0,0,0,0
TXN003213,USER00800,1961.19,Amazon,Pune,DEVICE_C,2026-10-29 14:26:00,14,18,0,15.16,0,0,0,0,0
TXN003214,USER01185,10584.35,Myntra,Kolkata,DEVICE_B,2026-08-31 16:20:00,16,6,0,17.58,0,1,0,0,0
TXN003215,USER01013,3476.81,Uber,Delhi,DEVICE_E,2026-02-27 20:54:00,20,22,0,5.81,0,0,0,0,0
TXN003216,USER00784,799.81,Myntra,Kolkata,DEVICE_A,2026-05-14 05:01:00,5,12,0,56.23,1,0,0,0,0
TXN003217,USER00460,1604.95,Walmart,Kolkata,DEVICE_B,2026-03-27 06:21:00,6,3,0,18.86,0,0,0,0,0
TXN003218,USER01574,1219.08,Netflix,Hyderabad,DEVICE_A,2026-04-28 23:50:00,23,20,0,3.87,0,0,0,0,0
TXN003219,USER01524,1396.27,Flipkart,Delhi,DEVICE_D,2026-08-09 11:46:00,11,13,0,25.55,0,0,0,0,0
TXN003220,USER00738,267.51,Paytm,Delhi,DEVICE_D,2026-12-17 20:20:00,20,35,0,13.83,0,0,0,0,0
TXN003221,USER00509,2832.66,Netflix,Delhi,DEVICE_B,2026-09-05 05:56:00,5,49,1,12.82,1,0,0,0,1
TXN003222,USER01678,137.72,Zomato,Kolkata,DEVICE_C,2026-04-07 23:36:00,23,6,0,35.98,0,0,0,0,0
TXN003223,USER01828,1079.86,Flipkart,Chennai,DEVICE_E,2026-11-14 06:39:00,6,12,0,2.97,0,0,0,0,0
TXN003224,USER00481,225.66,Zomato,Delhi,DEVICE_D,2026-12-22 12:56:00,12,34,0,13.51,0,0,0,0,0
TXN003225,USER01687,582.23,Apple,Bangalore,DEVICE_C,2026-12-16 05:25:00,5,48,0,30.35,1,0,0,0,0
TXN003226,USER00114,1324.36,Paytm,Mumbai,DEVICE_E,2026-06-22 02:44:00,2,32,0,21.6,1,0,0,0,0
TXN003227,USER00749,2396.49,Paytm,Chennai,DEVICE_D,2026-07-12 22:27:00,22,10,0,0.11,0,0,0,0,0
TXN003228,USER01602,2751.2,Amazon,Bangalore,DEVICE_E,2026-12-03 01:24:00,1,38,0,30.97,1,0,0,0,0
TXN003229,USER00361,921.75,Netflix,Kolkata,DEVICE_A,2026-01-31 04:01:00,4,24,0,57.89,1,0,0,0,0
TXN003230,USER00341,2674.36,Amazon,Kolkata,DEVICE_B,2026-07-09 11:59:00,11,45,0,24.39,0,0,0,0,0
TXN003231,USER00770,1036.54,Swiggy,Bangalore,DEVICE_D,2026-11-07 15:55:00,15,38,0,41.73,0,0,0,0,0
TXN003232,USER00761,577.69,Zomato,Hyderabad,DEVICE_D,2026-10-31 15:09:00,15,23,0,8.95,0,0,0,0,0
TXN003233,USER00969,1534.52,Walmart,Hyderabad,DEVICE_A,2026-09-10 12:45:00,12,21,0,8.63,0,0,0,0,0
TXN003234,USER00449,480.22,Walmart,Bangalore,DEVICE_D,2026-11-22 21:36:00,21,42,0,7.74,0,0,0,0,0
TXN003235,USER01867,972.75,Swiggy,Ahmedabad,DEVICE_D,2026-11-22 05:59:00,5,47,0,26.56,1,0,0,0,0
TXN003236,USER00835,712.78,Apple,Hyderabad,DEVICE_D,2026-03-30 14:02:00,14,48,1,56.97,0,0,0,0,1
TXN003237,USER01204,271.77,Walmart,Mumbai,DEVICE_D,2026-05-11 10:48:00,10,45,0,43.33,0,0,0,0,0
TXN003238,USER01726,1475.29,Zomato,Mumbai,DEVICE_D,2026-04-11 15:35:00,15,21,0,3.26,0,0,0,0,0
TXN003239,USER01431,1248.37,Walmart,Ahmedabad,DEVICE_C,2026-12-12 03:24:00,3,14,0,19.68,1,0,0,0,0
TXN003240,USER01690,3088.56,Swiggy,Kolkata,DEVICE_D,2026-04-18 02:56:00,2,17,0,110.22,1,0,0,0,0
TXN003241,USER01220,204.05,Flipkart,Hyderabad,DEVICE_A,2026-08-01 17:33:00,17,43,0,7.0,0,0,0,0,0
TXN003242,USER01490,577.11,Amazon,Ahmedabad,DEVICE_D,2026-02-26 02:39:00,2,44,0,20.15,1,0,0,0,1
TXN003243,USER00311,3026.61,Uber,Delhi,DEVICE_E,2026-11-10 10:57:00,10,31,0,47.42,0,0,0,0,0
TXN003244,USER00262,1766.25,Zomato,Ahmedabad,DEVICE_E,2026-03-11 02:46:00,2,35,0,45.96,1,0,0,0,0
TXN003245,USER01443,2104.71,Amazon,Bangalore,DEVICE_A,2026-10-06 13:47:00,13,9,0,7.76,0,0,0,0,0
TXN003246,USER00406,4050.41,Paytm,Mumbai,DEVICE_C,2026-09-16 02:22:00,2,8,0,1.97,1,0,0,0,1
TXN003247,USER01963,551.15,Myntra,Ahmedabad,DEVICE_A,2026-04-15 20:06:00,20,43,0,20.77,0,0,0,0,0
TXN003248,USER00143,503.82,Walmart,Pune,DEVICE_C,2026-07-23 16:24:00,16,24,0,58.74,0,0,0,0,0
TXN003249,USER00342,2369.3,Walmart,Hyderabad,DEVICE_B,2026-07-15 21:01:00,21,3,0,14.18,0,0,0,0,0
TXN003250,USER01340,1939.89,Apple,Pune,DEVICE_E,2026-06-01 18:27:00,18,37,0,12.24,0,0,0,0,0
TXN003251,USER01125,979.77,Amazon,Hyderabad,DEVICE_E,2026-03-18 22:06:00,22,45,1,39.89,0,0,0,0,0
TXN003252,USER00244,954.96,Myntra,Ahmedabad,DEVICE_E,2026-11-12 14:57:00,14,35,0,11.05,0,0,0,0,0
TXN003253,USER00490,457.66,Walmart,Ahmedabad,DEVICE_C,2026-06-20 22:47:00,22,41,0,22.85,0,0,0,0,0
TXN003254,USER00012,4539.72,Paytm,Mumbai,DEVICE_A,2026-09-30 17:38:00,17,36,0,9.84,0,0,0,0,0
TXN003255,USER01263,6794.1,Apple,Mumbai,DEVICE_C,2026-07-12 03:11:00,3,38,0,9.47,1,0,0,0,0
TXN003256,USER00561,2997.08,Amazon,Ahmedabad,DEVICE_E,2026-01-24 12:36:00,12,6,1,4.16,0,0,0,0,1
TXN003257,USER00042,1973.61,Apple,Delhi,DEVICE_E,2026-01-25 18:31:00,18,41,0,1.85,0,0,0,0,0
TXN003258,USER00678,1864.77,Amazon,Hyderabad,DEVICE_E,2026-08-27 10:35:00,10,25,0,43.28,0,0,0,0,0
TXN003259,USER00594,1477.21,Netflix,Ahmedabad,DEVICE_E,2026-09-23 23:24:00,23,19,0,4.0,0,0,0,0,0
TXN003260,USER01453,224.45,Netflix,Hyderabad,DEVICE_B,2026-09-27 16:49:00,16,44,0,1.28,0,0,0,0,0
TXN003261,USER01827,714.64,Swiggy,Chennai,DEVICE_E,2026-12-04 21:45:00,21,46,0,17.46,0,0,0,0,0
TXN003262,USER01182,2293.44,Zomato,Kolkata,DEVICE_C,2026-08-13 21:30:00,21,20,0,15.79,0,0,0,0,0
TXN003263,USER01240,511.69,Apple,Delhi,DEVICE_E,2026-03-31 20:50:00,20,4,0,16.78,0,0,0,0,0
TXN003264,USER01694,1261.28,Swiggy,Mumbai,DEVICE_D,2026-02-06 08:49:00,8,29,0,12.63,0,0,0,0,0
TXN003265,USER01486,3106.53,Apple,Pune,DEVICE_B,2026-12-27 22:02:00,22,47,0,3.06,0,0,0,0,0
TXN003266,USER00134,3151.68,Walmart,Mumbai,DEVICE_E,2026-09-05 01:14:00,1,37,1,0.42,1,0,0,0,1
TXN003267,USER01091,2549.0,Uber,Bangalore,DEVICE_D,2026-08-27 13:32:00,13,35,0,0.95,0,0,0,0,0
TXN003268,USER01872,1415.62,Apple,Kolkata,DEVICE_C,2026-08-18 21:15:00,21,37,0,57.35,0,0,0,0,0
TXN003269,USER01031,2248.48,Walmart,Mumbai,DEVICE_B,2026-04-18 08:39:00,8,22,1,15.18,0,0,0,0,0
TXN003270,USER00948,882.49,Myntra,Hyderabad,DEVICE_E,2026-06-23 04:34:00,4,22,0,10.21,1,0,0,0,0
TXN003271,USER01550,5078.53,Netflix,Mumbai,DEVICE_C,2026-08-31 20:42:00,20,47,0,10.58,0,0,0,0,0
TXN003272,USER00073,261.99,Swiggy,Ahmedabad,DEVICE_D,2026-10-24 02:00:00,2,5,0,21.12,1,0,0,0,1
TXN003273,USER00399,1165.78,Uber,Hyderabad,DEVICE_B,2026-12-09 14:51:00,14,42,0,9.45,0,0,0,0,0
TXN003274,USER01429,717.63,Paytm,Hyderabad,DEVICE_E,2026-11-10 10:03:00,10,45,0,31.84,0,0,0,0,0
TXN003275,USER01699,2026.71,Netflix,Delhi,DEVICE_C,2026-01-08 06:18:00,6,22,0,6.02,0,0,0,0,0
TXN003276,USER00578,807.91,Swiggy,Mumbai,DEVICE_B,2026-10-26 16:56:00,16,14,0,9.15,0,0,0,0,0
TXN003277,USER00859,9665.47,Uber,Delhi,DEVICE_D,2026-08-20 14:49:00,14,0,0,54.67,0,0,0,1,0
TXN003278,USER00130,2500.26,Paytm,Pune,DEVICE_E,2026-11-25 09:22:00,9,35,0,6.03,0,0,0,0,0
TXN003279,USER00931,446.42,Flipkart,Pune,DEVICE_B,2026-01-14 00:15:00,0,38,0,21.67,1,0,0,0,1
TXN003280,USER01490,99.54,Walmart,Kolkata,DEVICE_D,2026-04-15 12:21:00,12,27,0,9.07,0,0,0,0,0
TXN003281,USER01230,393.8,Flipkart,Hyderabad,DEVICE_D,2026-10-07 12:27:00,12,9,0,12.74,0,0,0,0,0
TXN003282,USER01812,1817.7,Walmart,Ahmedabad,DEVICE_C,2026-01-20 02:54:00,2,32,0,0.92,1,0,0,0,0
TXN003283,USER01792,865.28,Amazon,Ahmedabad,DEVICE_D,2026-07-17 09:50:00,9,45,1,3.66,0,0,0,0,0
TXN003284,USER00266,654.36,Zomato,Pune,DEVICE_D,2026-07-25 22:39:00,22,23,0,2.15,0,0,0,0,0
TXN003285,USER01561,571.89,Uber,Kolkata,DEVICE_A,2026-06-17 12:23:00,12,5,0,37.25,0,0,0,0,0
TXN003286,USER01986,2314.26,Flipkart,Mumbai,DEVICE_D,2026-05-04 17:28:00,17,13,0,65.24,0,0,0,0,0
TXN003287,USER00793,814.03,Zomato,Kolkata,DEVICE_E,2026-01-12 03:40:00,3,31,0,1.41,1,0,0,0,0
TXN003288,USER00253,741.28,Uber,Kolkata,DEVICE_B,2026-08-10 15:06:00,15,18,0,1.6,0,0,0,0,0
TXN003289,USER00822,2683.96,Swiggy,Mumbai,DEVICE_E,2026-11-13 11:27:00,11,5,0,16.07,0,0,0,0,0
TXN003290,USER01313,4472.98,Amazon,Delhi,DEVICE_E,2026-01-10 21:56:00,21,19,0,14.02,0,0,0,0,0
TXN003291,USER00164,402.43,Swiggy,Delhi,DEVICE_C,2026-12-29 15:47:00,15,24,1,21.03,0,0,0,0,0
TXN003292,USER00095,3166.33,Walmart,Hyderabad,DEVICE_A,2026-06-07 15:31:00,15,19,0,26.7,0,0,0,0,0
TXN003293,USER01806,992.84,Zomato,Ahmedabad,DEVICE_A,2026-11-19 20:27:00,20,37,0,31.91,0,0,0,0,0
TXN003294,USER00833,2505.82,Uber,Hyderabad,DEVICE_E,2026-02-21 12:25:00,12,10,0,3.23,0,0,0,0,0
TXN003295,USER01134,1978.36,Apple,Mumbai,DEVICE_B,2026-11-20 18:43:00,18,31,0,0.77,0,0,0,0,0
TXN003296,USER00336,1116.58,Zomato,Mumbai,DEVICE_A,2026-10-04 09:22:00,9,28,0,43.99,0,0,0,0,0
TXN003297,USER00822,1159.94,Myntra,Chennai,DEVICE_A,2026-11-26 15:37:00,15,29,0,12.68,0,0,0,0,0
TXN003298,USER00238,2001.08,Paytm,Chennai,DEVICE_E,2026-07-08 02:36:00,2,28,1,70.98,1,0,0,0,0
TXN003299,USER00381,408.77,Flipkart,Bangalore,DEVICE_A,2026-04-14 15:56:00,15,21,0,15.22,0,0,0,0,0
TXN003300,USER01460,392.09,Uber,Ahmedabad,DEVICE_C,2026-01-26 03:30:00,3,10,0,14.27,1,0,0,0,0
TXN003301,USER00899,7135.39,Netflix,Pune,DEVICE_E,2026-02-11 18:30:00,18,48,0,19.51,0,0,0,0,0
TXN003302,USER00483,3136.7,Netflix,Hyderabad,DEVICE_A,2026-08-13 15:08:00,15,19,0,3.73,0,0,0,0,0
TXN003303,USER01961,2679.01,Paytm,Kolkata,DEVICE_A,2026-03-15 21:44:00,21,40,0,5.86,0,0,0,0,0
TXN003304,USER00902,952.86,Walmart,Pune,DEVICE_A,2026-04-22 15:47:00,15,13,0,47.25,0,0,0,0,0
TXN003305,USER01049,250.89,Zomato,Bangalore,DEVICE_E,2026-08-05 03:29:00,3,26,0,4.77,1,0,0,0,1
TXN003306,USER01677,680.48,Zomato,Pune,DEVICE_B,2026-08-28 04:39:00,4,37,0,5.3,1,0,0,0,1
TXN003307,USER01141,1586.13,Netflix,Ahmedabad,DEVICE_D,2026-02-04 06:14:00,6,3,1,14.27,0,0,0,0,0
TXN003308,USER00482,3089.42,Zomato,Ahmedabad,DEVICE_A,2026-03-28 23:23:00,23,6,0,20.5,0,0,0,0,0
TXN003309,USER01416,1612.43,Paytm,Ahmedabad,DEVICE_D,2026-02-10 20:14:00,20,29,0,0.02,0,0,0,0,0
TXN003310,USER00917,1653.51,Zomato,Bangalore,DEVICE_D,2026-09-13 16:49:00,16,9,1,12.2,0,0,0,0,0
TXN003311,USER00994,939.86,Walmart,Delhi,DEVICE_A,2026-11-23 20:46:00,20,6,1,10.18,0,0,0,0,0
TXN003312,USER00964,1967.98,Flipkart,Kolkata,DEVICE_A,2026-10-14 17:39:00,17,4,0,40.14,0,0,0,0,0
TXN003313,USER00537,483.87,Myntra,Ahmedabad,DEVICE_D,2026-07-29 19:28:00,19,3,0,36.61,0,0,0,0,0
TXN003314,USER01103,1226.37,Flipkart,Delhi,DEVICE_B,2026-03-23 15:07:00,15,46,0,47.27,0,0,0,0,0
TXN003315,USER01604,892.07,Myntra,Ahmedabad,DEVICE_D,2026-06-10 13:18:00,13,35,0,36.91,0,0,0,0,0
TXN003316,USER01197,4027.34,Apple,Chennai,DEVICE_B,2026-03-20 19:19:00,19,14,0,30.9,0,0,0,0,0
TXN003317,USER01980,83.92,Flipkart,Bangalore,DEVICE_C,2026-08-04 08:24:00,8,38,1,39.18,0,0,0,0,0
TXN003318,USER01036,956.69,Paytm,Pune,DEVICE_B,2026-02-18 13:33:00,13,37,0,3.84,0,0,0,0,0
TXN003319,USER01824,1372.38,Amazon,Chennai,DEVICE_E,2026-07-22 14:45:00,14,35,0,8.34,0,0,0,0,0
TXN003320,USER00128,206.81,Apple,Kolkata,DEVICE_A,2026-08-09 20:55:00,20,1,0,23.02,0,0,0,1,0
TXN003321,USER01632,2135.51,Myntra,Ahmedabad,DEVICE_C,2026-07-25 20:04:00,20,14,0,51.31,0,0,0,0,0
TXN003322,USER00092,974.14,Myntra,Kolkata,DEVICE_D,2026-06-20 09:52:00,9,19,0,21.99,0,0,0,0,0
TXN003323,USER01677,464.72,Apple,Hyderabad,DEVICE_B,2026-09-18 15:23:00,15,33,0,4.66,0,0,0,0,0
TXN003324,USER00543,2742.58,Myntra,Ahmedabad,DEVICE_C,2026-06-18 22:41:00,22,12,0,57.89,0,0,0,0,0
TXN003325,USER00846,561.47,Uber,Mumbai,DEVICE_E,2026-02-27 19:53:00,19,24,0,28.57,0,0,0,0,0
TXN003326,USER01556,2270.37,Amazon,Delhi,DEVICE_B,2026-02-25 13:53:00,13,13,0,25.21,0,0,0,0,0
TXN003327,USER01682,1297.21,Paytm,Hyderabad,DEVICE_D,2026-10-11 11:12:00,11,40,0,28.75,0,0,0,0,0
TXN003328,USER00989,758.26,Uber,Pune,DEVICE_D,2026-07-28 05:52:00,5,47,0,21.53,1,0,0,0,1
TXN003329,USER01852,442.12,Myntra,Hyderabad,DEVICE_B,2026-05-11 08:17:00,8,8,0,0.45,0,0,0,0,0
TXN003330,USER00447,577.01,Flipkart,Pune,DEVICE_E,2026-10-18 13:59:00,13,48,1,5.85,0,0,0,0,1
TXN003331,USER00390,2420.7,Uber,Delhi,DEVICE_A,2026-09-06 19:33:00,19,34,1,62.73,0,0,0,0,1
TXN003332,USER00672,3095.6,Flipkart,Delhi,DEVICE_A,2026-08-27 19:28:00,19,21,0,6.81,0,0,0,0,0
TXN003333,USER01885,2049.62,Apple,Kolkata,DEVICE_D,2026-03-20 13:29:00,13,4,0,29.54,0,0,0,0,0
TXN003334,USER00043,1068.21,Zomato,Kolkata,DEVICE_E,2026-12-27 04:05:00,4,43,0,11.05,1,0,0,0,0
TXN003335,USER00254,2045.9,Swiggy,Bangalore,DEVICE_D,2026-10-31 03:46:00,3,36,1,47.62,1,0,0,0,0
TXN003336,USER01154,1457.88,Myntra,Chennai,DEVICE_A,2026-07-22 21:53:00,21,13,0,16.31,0,0,0,0,0
TXN003337,USER01084,637.95,Swiggy,Kolkata,DEVICE_D,2026-04-22 15:29:00,15,16,0,19.99,0,0,0,0,0
TXN003338,USER00663,480.88,Amazon,Hyderabad,DEVICE_B,2026-11-08 02:02:00,2,4,0,5.48,1,0,0,0,0
TXN003339,USER00467,826.97,Flipkart,Bangalore,DEVICE_B,2026-05-25 22:42:00,22,12,0,1.18,0,0,0,0,0
TXN003340,USER00287,619.45,Uber,Pune,DEVICE_E,2026-09-04 02:07:00,2,46,0,28.26,1,0,0,0,0
TXN003341,USER01011,1232.57,Swiggy,Bangalore,DEVICE_A,2026-09-24 17:50:00,17,30,0,1.4,0,0,0,0,0
TXN003342,USER01541,4654.46,Walmart,Hyderabad,DEVICE_E,2026-06-01 22:54:00,22,48,0,25.59,0,0,0,0,0
TXN003343,USER01491,1410.76,Myntra,Kolkata,DEVICE_E,2026-12-28 07:23:00,7,9,0,16.22,0,0,0,0,0
TXN003344,USER01954,4114.51,Swiggy,Ahmedabad,DEVICE_A,2026-07-05 15:41:00,15,47,0,34.3,0,0,0,0,0
TXN003345,USER00778,1097.15,Uber,Pune,DEVICE_C,2026-11-06 16:37:00,16,22,0,4.61,0,0,0,0,0
TXN003346,USER00345,942.94,Uber,Hyderabad,DEVICE_C,2026-09-18 02:27:00,2,28,0,15.6,1,0,0,0,0
TXN003347,USER00642,280.47,Amazon,Mumbai,DEVICE_D,2026-06-14 15:11:00,15,15,0,19.05,0,0,0,0,1
TXN003348,USER00382,1950.44,Netflix,Kolkata,DEVICE_C,2026-03-08 10:45:00,10,16,0,1.54,0,0,0,0,0
TXN003349,USER01803,607.6,Paytm,Chennai,DEVICE_B,2026-04-27 22:31:00,22,6,1,26.86,0,0,0,0,0
TXN003350,USER00690,505.44,Walmart,Pune,DEVICE_E,2026-02-15 07:56:00,7,42,0,9.85,0,0,0,0,0
TXN003351,USER01277,440.61,Swiggy,Hyderabad,DEVICE_D,2026-11-30 16:25:00,16,13,0,2.76,0,0,0,0,0
TXN003352,USER01951,1507.94,Paytm,Kolkata,DEVICE_E,2026-02-19 18:11:00,18,43,0,9.79,0,0,0,0,0
TXN003353,USER01080,651.89,Walmart,Delhi,DEVICE_A,2026-01-29 02:55:00,2,8,1,2.07,1,0,0,0,0
TXN003354,USER01487,4827.29,Netflix,Mumbai,DEVICE_C,2026-09-18 19:15:00,19,6,0,43.78,0,0,0,0,0
TXN003355,USER00457,3002.24,Swiggy,Pune,DEVICE_A,2026-04-20 11:31:00,11,13,0,12.2,0,0,0,0,0
TXN003356,USER00983,678.08,Walmart,Pune,DEVICE_D,2026-08-21 12:07:00,12,15,0,2.97,0,0,0,0,0
TXN003357,USER00083,129.45,Paytm,Chennai,DEVICE_B,2026-12-17 11:24:00,11,9,0,5.81,0,0,0,0,0
TXN003358,USER01929,1219.92,Flipkart,Kolkata,DEVICE_C,2026-10-29 23:16:00,23,4,0,25.79,0,0,0,0,0
TXN003359,USER01123,829.61,Uber,Delhi,DEVICE_A,2026-04-17 23:54:00,23,6,1,30.84,0,0,0,0,0
TXN003360,USER00149,2442.88,Zomato,Kolkata,DEVICE_C,2026-02-17 13:19:00,13,21,0,0.84,0,0,0,0,0
TXN003361,USER01353,1110.0,Apple,Delhi,DEVICE_E,2026-06-09 12:01:00,12,23,1,1.23,0,0,0,0,0
TXN003362,USER01180,3089.78,Myntra,Chennai,DEVICE_B,2026-03-27 22:16:00,22,39,0,49.82,0,0,0,0,0
TXN003363,USER00190,1709.49,Zomato,Mumbai,DEVICE_C,2026-08-28 05:52:00,5,41,1,8.04,1,0,0,0,0
TXN003364,USER01518,347.58,Swiggy,Pune,DEVICE_B,2026-08-27 01:26:00,1,21,0,4.3,1,0,0,0,0
TXN003365,USER00883,559.9,Swiggy,Delhi,DEVICE_E,2026-05-16 06:22:00,6,34,0,2.63,0,0,0,0,0
TXN003366,USER00263,728.5,Walmart,Bangalore,DEVICE_E,2026-06-03 02:00:00,2,45,0,12.92,1,0,0,0,0
TXN003367,USER01104,942.36,Uber,Chennai,DEVICE_A,2026-11-25 22:24:00,22,2,0,29.49,0,0,0,0,0
TXN003368,USER00400,860.33,Netflix,Chennai,DEVICE_D,2026-08-28 18:54:00,18,46,0,14.73,0,0,0,0,0
TXN003369,USER00764,2093.49,Amazon,Hyderabad,DEVICE_A,2026-07-21 00:55:00,0,41,0,0.42,1,0,0,0,0
TXN003370,USER00609,1724.21,Walmart,Mumbai,DEVICE_B,2026-05-28 15:10:00,15,6,0,13.23,0,0,0,0,0
TXN003371,USER01284,750.68,Amazon,Bangalore,DEVICE_A,2026-04-15 18:43:00,18,18,0,7.47,0,0,0,0,0
TXN003372,USER01796,1991.17,Apple,Bangalore,DEVICE_C,2026-10-04 13:49:00,13,41,0,22.97,0,0,0,0,0
TXN003373,USER01639,382.21,Paytm,Hyderabad,DEVICE_A,2026-03-20 04:03:00,4,45,0,14.83,1,0,0,0,0
TXN003374,USER01576,2057.46,Walmart,Delhi,DEVICE_D,2026-07-26 18:51:00,18,7,1,67.24,0,0,0,0,0
TXN003375,USER00785,2397.22,Apple,Delhi,DEVICE_D,2026-03-16 18:36:00,18,22,1,18.23,0,0,0,0,0
TXN003376,USER00101,1405.22,Myntra,Ahmedabad,DEVICE_B,2026-04-05 18:40:00,18,19,0,20.02,0,0,0,0,0
TXN003377,USER01383,1760.09,Walmart,Ahmedabad,DEVICE_E,2026-08-10 17:58:00,17,32,0,14.69,0,0,0,0,0
TXN003378,USER01404,1981.12,Uber,Bangalore,DEVICE_D,2026-12-01 18:57:00,18,5,0,7.45,0,0,0,0,0
TXN003379,USER00820,2815.65,Uber,Mumbai,DEVICE_B,2026-12-08 07:20:00,7,14,0,19.92,0,0,0,0,0
TXN003380,USER01245,2138.03,Swiggy,Delhi,DEVICE_D,2026-09-28 21:28:00,21,4,0,8.1,0,0,0,0,0
TXN003381,USER00820,3251.11,Myntra,Chennai,DEVICE_D,2026-03-23 05:23:00,5,13,0,25.27,1,0,0,0,1
TXN003382,USER00420,266.23,Swiggy,Kolkata,DEVICE_E,2026-06-01 01:17:00,1,8,0,5.41,1,0,0,0,0
TXN003383,USER00124,1235.46,Amazon,Hyderabad,DEVICE_C,2026-07-24 21:36:00,21,25,0,9.17,0,0,0,0,0
TXN003384,USER00422,1052.21,Zomato,Mumbai,DEVICE_B,2026-10-02 14:24:00,14,31,0,17.52,0,0,0,0,0
TXN003385,USER01255,1257.68,Netflix,Delhi,DEVICE_D,2026-12-30 06:26:00,6,30,1,19.8,0,0,0,0,1
TXN003386,USER01714,2467.2,Myntra,Kolkata,DEVICE_D,2026-04-07 21:52:00,21,5,0,22.09,0,0,0,0,0
TXN003387,USER01087,1231.63,Paytm,Bangalore,DEVICE_A,2026-05-21 07:59:00,7,0,0,24.1,0,0,0,1,0
TXN003388,USER01509,1187.62,Netflix,Hyderabad,DEVICE_C,2026-09-07 12:45:00,12,18,0,7.66,0,0,0,0,0
TXN003389,USER01652,1669.59,Netflix,Delhi,DEVICE_E,2026-07-02 09:57:00,9,14,0,44.62,0,0,0,0,0
TXN003390,USER01727,282.61,Flipkart,Bangalore,DEVICE_B,2026-01-05 08:28:00,8,33,0,0.61,0,0,0,0,0
TXN003391,USER01598,4448.96,Walmart,Delhi,DEVICE_D,2026-06-09 09:56:00,9,18,0,4.18,0,0,0,0,0
TXN003392,USER00768,997.97,Paytm,Hyderabad,DEVICE_B,2026-07-07 13:47:00,13,48,0,1.45,0,0,0,0,0
TXN003393,USER00483,4143.57,Myntra,Chennai,DEVICE_E,2026-06-21 08:03:00,8,10,0,22.27,0,0,0,0,0
TXN003394,USER00519,508.19,Swiggy,Pune,DEVICE_C,2026-04-29 14:00:00,14,17,0,6.39,0,0,0,0,0
TXN003395,USER00155,482.45,Amazon,Chennai,DEVICE_A,2026-07-22 22:02:00,22,23,0,4.44,0,0,0,0,0
TXN003396,USER00092,893.54,Walmart,Pune,DEVICE_C,2026-01-20 12:12:00,12,45,0,13.1,0,0,0,0,0
TXN003397,USER00982,1132.55,Flipkart,Kolkata,DEVICE_A,2026-04-26 18:00:00,18,8,0,19.3,0,0,0,0,0
TXN003398,USER01550,694.39,Amazon,Bangalore,DEVICE_B,2026-03-09 21:28:00,21,10,0,19.31,0,0,0,0,0
TXN003399,USER00455,531.62,Myntra,Pune,DEVICE_C,2026-08-21 18:24:00,18,42,0,16.3,0,0,0,0,0
TXN003400,USER01765,1530.66,Zomato,Chennai,DEVICE_C,2026-02-18 05:14:00,5,3,0,96.53,1,0,0,0,0
TXN003401,USER00598,4043.31,Netflix,Hyderabad,DEVICE_C,2026-03-11 07:03:00,7,17,0,39.35,0,0,0,0,0
TXN003402,USER01669,4881.91,Flipkart,Bangalore,DEVICE_E,2026-07-14 02:24:00,2,43,0,5.46,1,0,0,0,0
TXN003403,USER00510,842.16,Amazon,Delhi,DEVICE_B,2026-09-03 06:56:00,6,22,0,28.44,0,0,0,0,0
TXN003404,USER01207,415.12,Swiggy,Pune,DEVICE_A,2026-05-19 21:55:00,21,40,0,16.85,0,0,0,0,0
TXN003405,USER00386,865.6,Flipkart,Ahmedabad,DEVICE_C,2026-12-21 16:43:00,16,36,0,1.46,0,0,0,0,0
TXN003406,USER01598,5117.1,Amazon,Pune,DEVICE_B,2026-05-01 14:48:00,14,0,0,1.02,0,0,0,1,0
TXN003407,USER01755,2767.99,Flipkart,Mumbai,DEVICE_E,2026-10-11 16:04:00,16,24,0,32.15,0,0,0,0,0
TXN003408,USER00405,1551.72,Swiggy,Pune,DEVICE_E,2026-05-25 02:32:00,2,8,0,15.75,1,0,0,0,0
TXN003409,USER00246,720.3,Swiggy,Pune,DEVICE_B,2026-06-22 08:56:00,8,38,0,16.94,0,0,0,0,0
TXN003410,USER00742,2491.84,Paytm,Delhi,DEVICE_A,2026-10-07 07:52:00,7,0,0,8.2,0,0,0,1,0
TXN003411,USER01615,8403.21,Uber,Hyderabad,DEVICE_B,2026-08-06 11:24:00,11,16,0,53.28,0,0,0,0,0
TXN003412,USER00661,964.44,Netflix,Kolkata,DEVICE_B,2026-10-03 17:47:00,17,2,0,24.99,0,0,0,0,0
TXN003413,USER00650,186.19,Walmart,Bangalore,DEVICE_D,2026-09-12 17:35:00,17,22,0,52.56,0,0,0,0,0
TXN003414,USER01495,435.48,Walmart,Delhi,DEVICE_E,2026-07-16 10:10:00,10,0,0,2.09,0,0,0,1,1
TXN003415,USER01850,1160.1,Myntra,Bangalore,DEVICE_A,2026-11-16 06:19:00,6,23,1,17.53,0,0,0,0,0
TXN003416,USER01912,953.26,Apple,Ahmedabad,DEVICE_D,2026-03-16 02:06:00,2,12,0,20.3,1,0,0,0,0
TXN003417,USER01447,3731.28,Myntra,Chennai,DEVICE_B,2026-07-19 02:31:00,2,19,0,2.69,1,0,0,0,0
TXN003418,USER00901,643.92,Apple,Mumbai,DEVICE_E,2026-01-28 12:13:00,12,19,0,8.5,0,0,0,0,0
TXN003419,USER00065,937.3,Flipkart,Ahmedabad,DEVICE_D,2026-01-09 20:35:00,20,11,0,4.84,0,0,0,0,0
TXN003420,USER01037,612.34,Apple,Hyderabad,DEVICE_D,2026-10-09 14:51:00,14,16,0,83.29,0,0,0,0,0
TXN003421,USER00213,2210.75,Uber,Delhi,DEVICE_A,2026-04-07 07:18:00,7,20,0,15.68,0,0,0,0,0
TXN003422,USER00242,505.51,Uber,Mumbai,DEVICE_B,2026-07-27 02:06:00,2,39,0,7.57,1,0,0,0,0
TXN003423,USER00493,887.72,Netflix,Pune,DEVICE_A,2026-12-01 21:43:00,21,23,0,21.84,0,0,0,0,0
TXN003424,USER01237,278.35,Amazon,Hyderabad,DEVICE_D,2026-04-30 08:51:00,8,29,0,21.55,0,0,0,0,0
TXN003425,USER01717,681.46,Walmart,Ahmedabad,DEVICE_D,2026-10-23 05:48:00,5,22,0,8.53,1,0,0,0,0
TXN003426,USER00338,4897.55,Netflix,Hyderabad,DEVICE_A,2026-12-10 21:03:00,21,22,0,102.06,0,0,0,0,0
TXN003427,USER00173,5422.21,Uber,Kolkata,DEVICE_D,2026-09-15 10:45:00,10,46,0,33.11,0,0,0,0,0
TXN003428,USER00672,2011.28,Amazon,Ahmedabad,DEVICE_C,2026-11-15 02:24:00,2,16,0,10.23,1,0,0,0,0
TXN003429,USER00164,1631.19,Myntra,Ahmedabad,DEVICE_E,2026-03-08 05:00:00,5,1,0,21.58,1,0,0,1,0
TXN003430,USER00465,622.46,Walmart,Chennai,DEVICE_B,2026-07-30 00:43:00,0,41,0,24.79,1,0,0,0,0
TXN003431,USER00995,1311.76,Paytm,Kolkata,DEVICE_E,2026-02-04 22:28:00,22,23,0,3.82,0,0,0,0,0
TXN003432,USER00497,1273.0,Walmart,Kolkata,DEVICE_B,2026-04-10 21:49:00,21,32,0,42.1,0,0,0,0,0
TXN003433,USER00700,1113.93,Flipkart,Bangalore,DEVICE_D,2026-01-14 07:38:00,7,44,0,34.98,0,0,0,0,0
TXN003434,USER00395,2266.34,Zomato,Bangalore,DEVICE_A,2026-12-06 00:45:00,0,43,0,28.19,1,0,0,0,0
TXN003435,USER00703,469.14,Walmart,Pune,DEVICE_A,2026-03-30 23:53:00,23,14,0,5.04,0,0,0,0,0
TXN003436,USER01941,11002.09,Uber,Mumbai,DEVICE_D,2026-01-07 07:08:00,7,31,1,2.93,0,1,0,0,1
TXN003437,USER00308,4732.96,Flipkart,Chennai,DEVICE_B,2026-09-27 07:19:00,7,41,0,3.98,0,0,0,0,0
TXN003438,USER01792,528.07,Swiggy,Ahmedabad,DEVICE_D,2026-04-01 00:30:00,0,33,0,1.95,1,0,0,0,0
TXN003439,USER00183,1208.11,Apple,Hyderabad,DEVICE_B,2026-03-18 13:05:00,13,21,0,56.37,0,0,0,0,0
TXN003440,USER00629,639.74,Myntra,Pune,DEVICE_D,2026-10-29 05:26:00,5,30,1,38.14,1,0,0,0,0
TXN003441,USER01818,1944.11,Paytm,Chennai,DEVICE_D,2026-05-08 03:29:00,3,14,1,1.9,1,0,0,0,0
TXN003442,USER00510,1012.02,Myntra,Chennai,DEVICE_D,2026-07-20 23:24:00,23,19,0,22.66,0,0,0,0,0
TXN003443,USER01732,201.64,Swiggy,Ahmedabad,DEVICE_A,2026-11-06 01:56:00,1,41,0,5.64,1,0,0,0,0
TXN003444,USER00546,478.74,Zomato,Ahmedabad,DEVICE_B,2026-03-08 22:57:00,22,22,0,0.35,0,0,0,0,0
TXN003445,USER01588,3618.59,Walmart,Mumbai,DEVICE_D,2026-07-22 09:24:00,9,30,0,6.92,0,0,0,0,0
TXN003446,USER00624,900.57,Netflix,Bangalore,DEVICE_E,2026-03-10 06:48:00,6,1,1,11.6,0,0,0,1,1
TXN003447,USER01788,893.19,Flipkart,Ahmedabad,DEVICE_E,2026-05-11 07:56:00,7,12,0,0.4,0,0,0,0,0
TXN003448,USER00594,2002.7,Paytm,Chennai,DEVICE_A,2026-04-21 21:41:00,21,41,0,7.82,0,0,0,0,0
TXN003449,USER00744,2555.39,Swiggy,Chennai,DEVICE_C,2026-04-20 13:22:00,13,31,0,24.1,0,0,0,0,0
TXN003450,USER01251,1012.14,Zomato,Chennai,DEVICE_A,2026-10-31 10:00:00,10,48,1,5.19,0,0,0,0,0
TXN003451,USER01769,156.12,Myntra,Delhi,DEVICE_C,2026-01-19 16:46:00,16,15,0,13.27,0,0,0,0,0
TXN003452,USER01757,532.32,Swiggy,Chennai,DEVICE_A,2026-03-18 20:56:00,20,14,0,43.71,0,0,0,0,0
TXN003453,USER01460,159.24,Paytm,Chennai,DEVICE_E,2026-09-04 12:00:00,12,24,0,0.58,0,0,0,0,0
TXN003454,USER01949,311.18,Paytm,Ahmedabad,DEVICE_D,2026-05-01 11:28:00,11,11,1,30.8,0,0,0,0,0
TXN003455,USER01446,1175.41,Zomato,Hyderabad,DEVICE_B,2026-05-15 19:56:00,19,27,0,9.69,0,0,0,0,0
TXN003456,USER00554,1143.22,Myntra,Kolkata,DEVICE_D,2026-08-31 04:41:00,4,40,1,15.58,1,0,0,0,0
TXN003457,USER00021,3456.01,Uber,Delhi,DEVICE_E,2026-04-05 03:16:00,3,11,0,5.25,1,0,0,0,0
TXN003458,USER00554,1064.78,Paytm,Chennai,DEVICE_B,2026-03-15 10:20:00,10,20,0,17.3,0,0,0,0,0
TXN003459,USER00397,497.54,Flipkart,Kolkata,DEVICE_C,2026-04-27 02:46:00,2,11,0,26.24,1,0,0,0,0
TXN003460,USER00625,3237.72,Flipkart,Chennai,DEVICE_C,2026-04-11 05:23:00,5,48,0,4.5,1,0,0,0,0
TXN003461,USER00105,5303.0,Apple,Mumbai,DEVICE_E,2026-07-16 13:32:00,13,15,0,8.41,0,0,0,0,0
TXN003462,USER00192,2502.18,Myntra,Ahmedabad,DEVICE_B,2026-10-04 05:14:00,5,9,0,16.76,1,0,0,0,0
TXN003463,USER00017,1032.22,Swiggy,Ahmedabad,DEVICE_D,2026-12-18 06:22:00,6,9,0,10.78,0,0,0,0,0
TXN003464,USER01144,831.12,Flipkart,Mumbai,DEVICE_E,2026-10-05 00:26:00,0,1,0,6.94,1,0,0,1,1
TXN003465,USER00393,375.25,Zomato,Kolkata,DEVICE_C,2026-01-09 01:35:00,1,26,0,12.02,1,0,0,0,1
TXN003466,USER00425,538.56,Swiggy,Ahmedabad,DEVICE_E,2026-11-13 00:07:00,0,29,0,6.87,1,0,0,0,0
TXN003467,USER00129,732.52,Myntra,Delhi,DEVICE_D,2026-03-08 13:03:00,13,32,0,7.19,0,0,0,0,0
TXN003468,USER01154,333.0,Zomato,Hyderabad,DEVICE_A,2026-05-31 19:21:00,19,15,0,18.86,0,0,0,0,0
TXN003469,USER00572,811.24,Walmart,Delhi,DEVICE_A,2026-10-29 01:30:00,1,9,0,12.97,1,0,0,0,0
TXN003470,USER01584,851.12,Amazon,Delhi,DEVICE_D,2026-07-30 13:34:00,13,14,1,22.61,0,0,0,0,0
TXN003471,USER00029,3452.84,Flipkart,Mumbai,DEVICE_B,2026-01-13 22:08:00,22,25,0,36.33,0,0,0,0,0
TXN003472,USER01121,255.41,Flipkart,Mumbai,DEVICE_E,2026-10-14 14:11:00,14,14,0,57.28,0,0,0,0,0
TXN003473,USER01034,1280.72,Apple,Hyderabad,DEVICE_D,2026-09-09 21:00:00,21,5,0,3.28,0,0,0,0,0
TXN003474,USER00242,322.18,Uber,Pune,DEVICE_A,2026-06-30 23:56:00,23,16,0,19.68,0,0,0,0,0
TXN003475,USER01850,188.6,Apple,Pune,DEVICE_C,2026-03-29 19:53:00,19,44,0,17.46,0,0,0,0,0
TXN003476,USER01980,702.87,Myntra,Pune,DEVICE_D,2026-09-27 21:50:00,21,0,0,40.34,0,0,0,1,0
TXN003477,USER00232,1115.42,Apple,Chennai,DEVICE_D,2026-11-19 03:44:00,3,49,0,45.25,1,0,0,0,0
TXN003478,USER00789,3446.11,Uber,Hyderabad,DEVICE_D,2026-05-30 09:19:00,9,22,0,28.58,0,0,0,0,0
TXN003479,USER01308,860.64,Uber,Chennai,DEVICE_A,2026-09-26 11:11:00,11,33,0,18.1,0,0,0,0,0
TXN003480,USER00715,675.43,Paytm,Kolkata,DEVICE_A,2026-06-19 19:57:00,19,34,0,4.44,0,0,0,0,0
TXN003481,USER00759,583.03,Paytm,Kolkata,DEVICE_D,2026-10-27 00:27:00,0,42,1,6.48,1,0,0,0,1
TXN003482,USER00802,688.31,Amazon,Bangalore,DEVICE_D,2026-11-28 15:18:00,15,24,0,18.46,0,0,0,0,0
TXN003483,USER00776,46.08,Zomato,Pune,DEVICE_B,2026-04-18 08:28:00,8,0,0,3.0,0,0,0,1,0
TXN003484,USER01979,524.6,Walmart,Mumbai,DEVICE_C,2026-01-26 19:28:00,19,24,0,4.07,0,0,0,0,0
TXN003485,USER00726,2256.12,Uber,Bangalore,DEVICE_E,2026-07-23 04:30:00,4,37,0,48.48,1,0,0,0,0
TXN003486,USER00200,120.52,Walmart,Bangalore,DEVICE_E,2026-09-09 03:46:00,3,15,0,62.61,1,0,0,0,0
TXN003487,USER00945,754.75,Flipkart,Mumbai,DEVICE_E,2026-06-10 07:05:00,7,46,0,0.1,0,0,0,0,0
TXN003488,USER00079,845.7,Netflix,Ahmedabad,DEVICE_A,2026-07-16 04:32:00,4,40,0,39.68,1,0,0,0,0
TXN003489,USER01937,2089.65,Amazon,Bangalore,DEVICE_A,2026-12-27 13:51:00,13,11,0,55.62,0,0,0,0,0
TXN003490,USER00956,1218.06,Myntra,Ahmedabad,DEVICE_B,2026-07-09 06:36:00,6,9,0,14.92,0,0,0,0,0
TXN003491,USER01879,1602.92,Swiggy,Pune,DEVICE_A,2026-09-01 16:31:00,16,26,1,11.92,0,0,0,0,0
TXN003492,USER00856,560.4,Walmart,Delhi,DEVICE_D,2026-01-24 00:44:00,0,38,1,50.22,1,0,0,0,1
TXN003493,USER01197,225.32,Apple,Ahmedabad,DEVICE_C,2026-10-12 23:03:00,23,41,0,0.15,0,0,0,0,0
TXN003494,USER00467,680.61,Uber,Chennai,DEVICE_C,2026-05-18 22:25:00,22,6,0,36.71,0,0,0,0,0
TXN003495,USER00581,964.48,Walmart,Pune,DEVICE_C,2026-06-06 11:30:00,11,5,0,7.04,0,0,0,0,0
TXN003496,USER01440,3109.29,Swiggy,Ahmedabad,DEVICE_C,2026-03-28 14:25:00,14,44,0,20.5,0,0,0,0,0
TXN003497,USER00940,303.41,Uber,Hyderabad,DEVICE_E,2026-03-08 00:51:00,0,10,0,7.81,1,0,0,0,0
TXN003498,USER00449,7186.21,Myntra,Mumbai,DEVICE_E,2026-02-01 18:23:00,18,23,0,14.8,0,0,0,0,0
TXN003499,USER00087,1280.83,Netflix,Delhi,DEVICE_D,2026-07-01 05:21:00,5,39,1,33.04,1,0,0,0,0
TXN003500,USER00101,552.77,Apple,Kolkata,DEVICE_B,2026-06-22 11:51:00,11,24,0,4.0,0,0,0,0,0
TXN003501,USER01032,527.54,Walmart,Hyderabad,DEVICE_A,2026-08-05 10:17:00,10,36,0,21.81,0,0,0,0,0
TXN003502,USER00845,949.83,Paytm,Hyderabad,DEVICE_A,2026-10-24 02:23:00,2,2,0,45.72,1,0,0,0,0
TXN003503,USER01224,1031.84,Amazon,Ahmedabad,DEVICE_E,2026-02-18 01:10:00,1,3,0,46.26,1,0,0,0,0
TXN003504,USER01529,1109.77,Walmart,Hyderabad,DEVICE_C,2026-03-16 12:10:00,12,3,1,44.91,0,0,0,0,0
TXN003505,USER00087,1946.56,Walmart,Bangalore,DEVICE_D,2026-08-28 07:46:00,7,40,0,14.62,0,0,0,0,0
TXN003506,USER00043,604.82,Swiggy,Bangalore,DEVICE_B,2026-12-27 14:11:00,14,0,0,29.19,0,0,0,1,0
TXN003507,USER01409,1206.77,Swiggy,Bangalore,DEVICE_E,2026-05-17 05:09:00,5,29,0,11.84,1,0,0,0,0
TXN003508,USER01645,811.2,Amazon,Pune,DEVICE_D,2026-09-13 17:30:00,17,14,1,12.33,0,0,0,0,0
TXN003509,USER01459,4827.32,Walmart,Ahmedabad,DEVICE_D,2026-10-08 11:47:00,11,44,0,6.68,0,0,0,0,0
TXN003510,USER00408,215.48,Zomato,Bangalore,DEVICE_E,2026-12-29 21:50:00,21,30,0,6.72,0,0,0,0,0
TXN003511,USER01507,7560.13,Myntra,Delhi,DEVICE_D,2026-01-12 10:07:00,10,36,0,0.77,0,0,0,0,0
TXN003512,USER00664,495.1,Swiggy,Bangalore,DEVICE_C,2026-03-17 08:07:00,8,49,0,15.16,0,0,0,0,0
TXN003513,USER01041,412.83,Swiggy,Ahmedabad,DEVICE_D,2026-03-22 23:35:00,23,4,1,7.39,0,0,0,0,0
TXN003514,USER01669,840.04,Zomato,Mumbai,DEVICE_B,2026-03-05 05:41:00,5,42,0,4.16,1,0,0,0,1
TXN003515,USER00148,1332.04,Uber,Hyderabad,DEVICE_D,2026-08-04 13:43:00,13,20,0,2.6,0,0,0,0,0
TXN003516,USER00277,790.81,Walmart,Delhi,DEVICE_A,2026-06-26 15:50:00,15,34,0,8.52,0,0,0,0,0
TXN003517,USER00232,1877.58,Amazon,Ahmedabad,DEVICE_D,2026-02-27 12:16:00,12,3,1,45.85,0,0,0,0,0
TXN003518,USER01850,731.78,Swiggy,Kolkata,DEVICE_E,2026-09-01 00:02:00,0,6,0,14.53,1,0,0,0,0
TXN003519,USER01951,614.44,Amazon,Bangalore,DEVICE_A,2026-02-03 18:16:00,18,28,0,16.28,0,0,0,0,0
TXN003520,USER00366,477.18,Amazon,Kolkata,DEVICE_E,2026-12-28 15:32:00,15,35,0,1.12,0,0,0,0,0
TXN003521,USER01252,3409.85,Myntra,Hyderabad,DEVICE_B,2026-07-14 20:47:00,20,34,0,14.67,0,0,0,0,0
TXN003522,USER01675,1549.9,Paytm,Delhi,DEVICE_C,2026-04-13 09:36:00,9,31,1,22.03,0,0,0,0,0
TXN003523,USER00436,387.13,Swiggy,Hyderabad,DEVICE_B,2026-03-06 16:45:00,16,41,0,3.27,0,0,0,0,0
TXN003524,USER00399,729.9,Apple,Kolkata,DEVICE_A,2026-12-08 07:10:00,7,10,0,82.15,0,0,0,0,0
TXN003525,USER01235,333.13,Uber,Pune,DEVICE_C,2026-02-26 16:41:00,16,49,0,49.33,0,0,0,0,0
TXN003526,USER01415,12748.66,Amazon,Delhi,DEVICE_D,2026-09-12 11:52:00,11,32,0,99.53,0,1,0,0,1
TXN003527,USER00499,1293.1,Swiggy,Chennai,DEVICE_A,2026-03-10 15:46:00,15,40,0,8.94,0,0,0,0,0
TXN003528,USER00540,182.95,Uber,Pune,DEVICE_C,2026-07-29 15:44:00,15,16,0,34.55,0,0,0,0,0
TXN003529,USER00563,322.49,Apple,Delhi,DEVICE_E,2026-11-04 09:05:00,9,11,0,7.97,0,0,0,0,0
TXN003530,USER01515,355.89,Swiggy,Bangalore,DEVICE_C,2026-08-21 04:25:00,4,0,0,27.66,1,0,0,1,1
TXN003531,USER00442,1427.08,Walmart,Ahmedabad,DEVICE_E,2026-04-10 16:29:00,16,22,0,59.06,0,0,0,0,0
TXN003532,USER01285,237.92,Amazon,Kolkata,DEVICE_E,2026-11-30 04:49:00,4,6,1,3.37,1,0,0,0,0
TXN003533,USER00773,320.85,Apple,Hyderabad,DEVICE_C,2026-07-22 20:23:00,20,13,1,3.02,0,0,0,0,0
TXN003534,USER00350,874.65,Walmart,Ahmedabad,DEVICE_B,2026-12-13 04:46:00,4,40,0,2.21,1,0,0,0,1
TXN003535,USER01376,1017.78,Amazon,Hyderabad,DEVICE_B,2026-08-30 14:59:00,14,43,0,32.02,0,0,0,0,0
TXN003536,USER00520,665.98,Flipkart,Hyderabad,DEVICE_E,2026-11-03 05:27:00,5,39,0,21.97,1,0,0,0,0
TXN003537,USER01344,754.66,Netflix,Mumbai,DEVICE_A,2026-01-26 14:21:00,14,6,0,14.78,0,0,0,0,0
TXN003538,USER00138,301.39,Zomato,Mumbai,DEVICE_C,2026-04-16 04:00:00,4,13,0,29.74,1,0,0,0,0
TXN003539,USER01574,1638.48,Amazon,Bangalore,DEVICE_A,2026-11-15 08:26:00,8,33,0,37.93,0,0,0,0,0
TXN003540,USER01647,181.02,Apple,Chennai,DEVICE_B,2026-12-26 19:25:00,19,1,0,59.73,0,0,0,1,0
TXN003541,USER00992,945.7,Apple,Ahmedabad,DEVICE_A,2026-11-28 06:05:00,6,19,0,4.49,0,0,0,0,0
TXN003542,USER00368,5444.95,Netflix,Mumbai,DEVICE_D,2026-07-15 02:00:00,2,16,0,11.66,1,0,0,0,0
TXN003543,USER01244,788.83,Swiggy,Delhi,DEVICE_D,2026-07-11 10:21:00,10,9,0,51.28,0,0,0,0,0
TXN003544,USER01361,311.34,Zomato,Pune,DEVICE_B,2026-02-14 18:30:00,18,4,0,12.37,0,0,0,0,1
TXN003545,USER01247,987.33,Uber,Kolkata,DEVICE_A,2026-06-28 08:10:00,8,32,0,13.38,0,0,0,0,0
TXN003546,USER01672,830.99,Amazon,Bangalore,DEVICE_C,2026-06-21 06:08:00,6,36,0,57.1,0,0,0,0,0
TXN003547,USER01792,1294.68,Swiggy,Pune,DEVICE_B,2026-01-24 07:07:00,7,35,0,26.54,0,0,0,0,0
TXN003548,USER00360,1275.98,Walmart,Chennai,DEVICE_D,2026-09-10 16:19:00,16,43,0,16.06,0,0,0,0,0
TXN003549,USER00921,2607.12,Uber,Pune,DEVICE_B,2026-10-05 23:47:00,23,45,0,8.84,0,0,0,0,0
TXN003550,USER00329,697.97,Zomato,Ahmedabad,DEVICE_A,2026-07-01 06:00:00,6,10,0,49.38,0,0,0,0,0
TXN003551,USER00962,516.87,Swiggy,Delhi,DEVICE_A,2026-03-16 17:21:00,17,20,0,0.18,0,0,0,0,0
TXN003552,USER00463,528.78,Paytm,Hyderabad,DEVICE_A,2026-03-31 23:31:00,23,3,0,7.74,0,0,0,0,0
TXN003553,USER00946,607.28,Uber,Mumbai,DEVICE_E,2026-09-23 21:33:00,21,24,0,58.4,0,0,0,0,0
TXN003554,USER00963,1419.27,Myntra,Delhi,DEVICE_A,2026-08-12 02:03:00,2,40,0,13.79,1,0,0,0,0
TXN003555,USER01585,315.57,Myntra,Chennai,DEVICE_D,2026-08-04 01:55:00,1,34,0,19.56,1,0,0,0,0
TXN003556,USER01828,468.37,Amazon,Bangalore,DEVICE_D,2026-01-05 07:42:00,7,34,0,15.21,0,0,0,0,0
TXN003557,USER01406,1147.43,Amazon,Pune,DEVICE_E,2026-03-02 15:36:00,15,34,1,10.13,0,0,0,0,0
TXN003558,USER00836,3243.35,Amazon,Delhi,DEVICE_D,2026-01-08 22:55:00,22,38,1,21.89,0,0,0,0,0
TXN003559,USER01614,494.72,Zomato,Ahmedabad,DEVICE_D,2026-04-06 23:35:00,23,32,0,29.09,0,0,0,0,0
TXN003560,USER01641,1501.62,Paytm,Bangalore,DEVICE_B,2026-03-29 22:15:00,22,12,0,9.06,0,0,0,0,0
TXN003561,USER00169,909.04,Swiggy,Hyderabad,DEVICE_A,2026-01-17 23:43:00,23,3,0,17.86,0,0,0,0,0
TXN003562,USER00217,1725.43,Walmart,Chennai,DEVICE_B,2026-03-07 23:17:00,23,43,0,1.73,0,0,0,0,0
TXN003563,USER00378,1156.91,Flipkart,Chennai,DEVICE_B,2026-11-20 02:00:00,2,39,1,15.86,1,0,0,0,0
TXN003564,USER00119,1123.66,Apple,Pune,DEVICE_D,2026-12-10 19:55:00,19,37,0,27.55,0,0,0,0,0
TXN003565,USER00190,10908.5,Walmart,Mumbai,DEVICE_C,2026-10-07 00:50:00,0,41,0,17.6,1,1,0,0,1
TXN003566,USER00767,15318.33,Swiggy,Kolkata,DEVICE_A,2026-10-25 10:05:00,10,44,0,42.15,0,1,0,0,0
TXN003567,USER00370,865.48,Paytm,Chennai,DEVICE_C,2026-11-02 01:50:00,1,29,0,6.74,1,0,0,0,0
TXN003568,USER01802,480.23,Zomato,Ahmedabad,DEVICE_D,2026-12-10 10:48:00,10,26,0,13.54,0,0,0,0,0
TXN003569,USER00149,1363.54,Uber,Delhi,DEVICE_E,2026-04-26 13:44:00,13,34,1,1.83,0,0,0,0,0
TXN003570,USER01700,1888.61,Walmart,Ahmedabad,DEVICE_B,2026-09-08 04:06:00,4,27,0,24.08,1,0,0,0,0
TXN003571,USER00652,3599.79,Uber,Delhi,DEVICE_D,2026-11-04 08:50:00,8,40,0,11.7,0,0,0,0,0
TXN003572,USER01883,145.4,Flipkart,Delhi,DEVICE_D,2026-09-06 20:33:00,20,41,0,15.12,0,0,0,0,0
TXN003573,USER01512,757.8,Swiggy,Hyderabad,DEVICE_C,2026-07-09 09:03:00,9,44,0,2.75,0,0,0,0,0
TXN003574,USER00770,694.22,Paytm,Chennai,DEVICE_E,2026-09-20 09:57:00,9,47,0,118.68,0,0,0,0,0
TXN003575,USER00374,530.43,Swiggy,Chennai,DEVICE_B,2026-05-27 02:23:00,2,7,0,29.56,1,0,0,0,0
TXN003576,USER00781,285.1,Apple,Delhi,DEVICE_E,2026-09-24 07:05:00,7,25,0,10.24,0,0,0,0,0
TXN003577,USER01717,895.97,Zomato,Pune,DEVICE_E,2026-05-17 09:48:00,9,42,1,16.88,0,0,0,0,1
TXN003578,USER00160,2067.49,Apple,Ahmedabad,DEVICE_E,2026-06-22 01:31:00,1,33,0,19.28,1,0,0,0,1
TXN003579,USER00351,357.77,Swiggy,Mumbai,DEVICE_A,2026-04-11 03:21:00,3,28,0,64.76,1,0,0,0,0
TXN003580,USER01936,1186.77,Apple,Pune,DEVICE_E,2026-12-16 09:19:00,9,1,0,29.25,0,0,0,1,0
TXN003581,USER01312,1600.13,Netflix,Mumbai,DEVICE_D,2026-07-18 11:45:00,11,5,0,8.61,0,0,0,0,0
TXN003582,USER01312,4813.07,Swiggy,Chennai,DEVICE_A,2026-02-19 03:41:00,3,47,0,76.07,1,0,0,0,0
TXN003583,USER00892,1942.36,Paytm,Pune,DEVICE_A,2026-06-19 18:11:00,18,15,0,7.18,0,0,0,0,0
TXN003584,USER01250,1015.55,Walmart,Ahmedabad,DEVICE_E,2026-09-18 13:12:00,13,6,1,17.21,0,0,0,0,1
TXN003585,USER00523,1451.42,Paytm,Chennai,DEVICE_D,2026-07-31 01:32:00,1,10,0,24.12,1,0,0,0,1
TXN003586,USER00522,2178.66,Netflix,Bangalore,DEVICE_B,2026-11-08 15:32:00,15,15,0,6.33,0,0,0,0,0
TXN003587,USER00783,1222.61,Walmart,Chennai,DEVICE_E,2026-02-05 13:47:00,13,5,0,62.64,0,0,0,0,0
TXN003588,USER00273,2226.24,Netflix,Pune,DEVICE_A,2026-05-26 09:05:00,9,36,0,4.87,0,0,0,0,0
TXN003589,USER00936,813.06,Walmart,Ahmedabad,DEVICE_B,2026-10-19 09:41:00,9,8,0,11.66,0,0,0,0,0
TXN003590,USER01426,3230.51,Paytm,Delhi,DEVICE_B,2026-08-23 16:43:00,16,2,0,3.97,0,0,0,0,0
TXN003591,USER00183,693.21,Swiggy,Kolkata,DEVICE_A,2026-05-05 18:13:00,18,28,0,41.59,0,0,0,0,0
TXN003592,USER01993,591.59,Amazon,Hyderabad,DEVICE_B,2026-01-21 20:43:00,20,7,0,5.01,0,0,0,0,0
TXN003593,USER01689,719.58,Myntra,Ahmedabad,DEVICE_D,2026-09-14 14:45:00,14,39,0,0.71,0,0,0,0,0
TXN003594,USER00488,457.88,Myntra,Chennai,DEVICE_D,2026-07-29 03:31:00,3,16,0,0.79,1,0,0,0,0
TXN003595,USER01851,2162.51,Netflix,Chennai,DEVICE_E,2026-01-01 16:34:00,16,37,1,10.68,0,0,0,0,0
TXN003596,USER00846,266.34,Myntra,Delhi,DEVICE_E,2026-05-19 09:09:00,9,43,1,14.8,0,0,0,0,0
TXN003597,USER00124,742.42,Paytm,Ahmedabad,DEVICE_B,2026-06-19 22:59:00,22,5,0,0.85,0,0,0,0,0
TXN003598,USER00985,1468.46,Uber,Bangalore,DEVICE_A,2026-06-07 15:25:00,15,46,0,1.95,0,0,0,0,0
TXN003599,USER01650,1108.64,Netflix,Kolkata,DEVICE_D,2026-10-03 12:11:00,12,10,1,2.05,0,0,0,0,0
TXN003600,USER00790,1056.01,Walmart,Ahmedabad,DEVICE_C,2026-08-30 18:06:00,18,9,0,22.08,0,0,0,0,0
TXN003601,USER00414,964.55,Zomato,Chennai,DEVICE_E,2026-03-05 12:26:00,12,1,0,7.13,0,0,0,1,0
TXN003602,USER01749,1271.58,Apple,Mumbai,DEVICE_D,2026-09-02 08:48:00,8,28,0,16.54,0,0,0,0,0
TXN003603,USER01196,444.79,Paytm,Mumbai,DEVICE_B,2026-07-21 01:39:00,1,5,0,1.53,1,0,0,0,0
TXN003604,USER01312,712.32,Walmart,Mumbai,DEVICE_D,2026-01-06 12:00:00,12,48,0,44.53,0,0,0,0,0
TXN003605,USER01459,869.79,Uber,Hyderabad,DEVICE_D,2026-03-22 23:34:00,23,8,0,7.26,0,0,0,0,0
TXN003606,USER00686,1652.84,Zomato,Hyderabad,DEVICE_B,2026-05-21 01:24:00,1,1,0,30.12,1,0,0,1,0
TXN003607,USER00113,2562.36,Myntra,Ahmedabad,DEVICE_E,2026-02-14 10:08:00,10,3,0,35.05,0,0,0,0,0
TXN003608,USER00888,973.73,Uber,Kolkata,DEVICE_E,2026-10-09 11:18:00,11,40,0,88.31,0,0,0,0,0
TXN003609,USER01941,2123.62,Netflix,Chennai,DEVICE_C,2026-10-21 00:21:00,0,39,0,27.02,1,0,0,0,0
TXN003610,USER00122,1188.83,Flipkart,Chennai,DEVICE_C,2026-06-19 15:26:00,15,29,0,11.7,0,0,0,0,0
TXN003611,USER01568,1029.09,Flipkart,Chennai,DEVICE_E,2026-06-08 16:14:00,16,3,0,3.31,0,0,0,0,0
TXN003612,USER01246,2221.58,Myntra,Hyderabad,DEVICE_E,2026-11-08 03:35:00,3,0,0,0.98,1,0,0,1,1
TXN003613,USER01655,298.03,Flipkart,Kolkata,DEVICE_E,2026-11-14 13:28:00,13,42,0,43.48,0,0,0,0,0
TXN003614,USER00039,1632.68,Flipkart,Chennai,DEVICE_E,2026-01-21 16:32:00,16,10,0,11.84,0,0,0,0,0
TXN003615,USER00497,591.65,Walmart,Delhi,DEVICE_D,2026-04-25 16:14:00,16,6,1,27.72,0,0,0,0,1
TXN003616,USER00780,2792.65,Walmart,Bangalore,DEVICE_C,2026-03-01 19:45:00,19,17,0,13.72,0,0,0,0,0
TXN003617,USER01257,606.62,Apple,Pune,DEVICE_B,2026-05-31 08:00:00,8,7,0,42.35,0,0,0,0,0
TXN003618,USER00943,829.28,Swiggy,Ahmedabad,DEVICE_A,2026-06-20 07:59:00,7,29,1,27.7,0,0,0,0,0
TXN003619,USER01554,268.19,Myntra,Ahmedabad,DEVICE_B,2026-05-04 20:36:00,20,14,0,1.79,0,0,0,0,0
TXN003620,USER00149,1526.26,Flipkart,Mumbai,DEVICE_A,2026-02-14 06:04:00,6,9,0,27.9,0,0,0,0,0
TXN003621,USER01421,753.06,Apple,Mumbai,DEVICE_D,2026-10-15 15:27:00,15,45,0,6.21,0,0,0,0,0
TXN003622,USER01022,676.22,Myntra,Ahmedabad,DEVICE_C,2026-07-04 03:13:00,3,1,0,29.66,1,0,0,1,1
TXN003623,USER00661,1124.01,Flipkart,Delhi,DEVICE_A,2026-05-23 04:51:00,4,41,0,59.33,1,0,0,0,0
TXN003624,USER01662,243.96,Paytm,Chennai,DEVICE_E,2026-12-21 02:04:00,2,14,0,53.22,1,0,0,0,0
TXN003625,USER01928,587.64,Amazon,Kolkata,DEVICE_D,2026-09-12 04:05:00,4,21,0,2.67,1,0,0,0,0
TXN003626,USER00302,927.36,Paytm,Kolkata,DEVICE_A,2026-07-07 21:20:00,21,33,1,1.12,0,0,0,0,0
TXN003627,USER01384,4097.91,Zomato,Hyderabad,DEVICE_E,2026-12-19 00:40:00,0,48,0,30.01,1,0,0,0,0
TXN003628,USER00238,1293.43,Myntra,Chennai,DEVICE_D,2026-05-25 07:01:00,7,2,0,24.75,0,0,0,0,0
TXN003629,USER00647,1566.25,Swiggy,Kolkata,DEVICE_A,2026-05-17 06:56:00,6,3,0,3.88,0,0,0,0,0
TXN003630,USER00663,1159.52,Zomato,Chennai,DEVICE_E,2026-05-27 02:43:00,2,24,0,23.08,1,0,0,0,0
TXN003631,USER00236,23594.3,Apple,Mumbai,DEVICE_C,2026-10-30 05:48:00,5,4,0,0.31,1,1,0,0,0
TXN003632,USER01760,2462.55,Apple,Pune,DEVICE_D,2026-09-21 19:09:00,19,11,0,19.95,0,0,0,0,0
TXN003633,USER00203,175.96,Flipkart,Pune,DEVICE_A,2026-01-19 00:07:00,0,23,1,35.71,1,0,0,0,1
TXN003634,USER00256,1339.52,Zomato,Pune,DEVICE_E,2026-06-23 09:29:00,9,18,0,20.54,0,0,0,0,0
TXN003635,USER00598,2925.63,Flipkart,Mumbai,DEVICE_C,2026-06-30 05:42:00,5,31,0,1.35,1,0,0,0,0
TXN003636,USER00662,297.15,Myntra,Hyderabad,DEVICE_E,2026-01-12 07:50:00,7,11,1,94.15,0,0,0,0,0
TXN003637,USER00235,1205.25,Apple,Pune,DEVICE_C,2026-02-15 18:26:00,18,36,0,8.8,0,0,0,0,0
TXN003638,USER01369,675.7,Amazon,Mumbai,DEVICE_A,2026-06-08 12:26:00,12,46,0,9.58,0,0,0,0,0
TXN003639,USER00534,508.17,Apple,Chennai,DEVICE_E,2026-04-14 13:15:00,13,26,0,1.77,0,0,0,0,0
TXN003640,USER00860,3649.6,Walmart,Pune,DEVICE_E,2026-12-14 15:53:00,15,17,0,3.66,0,0,0,0,0
TXN003641,USER01821,603.78,Uber,Delhi,DEVICE_B,2026-11-12 15:02:00,15,24,0,6.33,0,0,0,0,0
TXN003642,USER01805,608.79,Swiggy,Hyderabad,DEVICE_D,2026-09-15 17:26:00,17,22,1,32.11,0,0,0,0,0
TXN003643,USER01490,487.29,Zomato,Delhi,DEVICE_E,2026-09-25 12:42:00,12,2,1,23.54,0,0,0,0,1
TXN003644,USER00770,411.81,Flipkart,Ahmedabad,DEVICE_C,2026-09-05 19:43:00,19,1,0,17.52,0,0,0,1,0
TXN003645,USER00541,670.6,Uber,Chennai,DEVICE_D,2026-05-06 07:12:00,7,10,0,39.89,0,0,0,0,0
TXN003646,USER00213,641.39,Uber,Hyderabad,DEVICE_A,2026-09-03 21:32:00,21,45,0,122.43,0,0,0,0,0
TXN003647,USER00463,376.5,Paytm,Delhi,DEVICE_D,2026-02-02 20:58:00,20,36,0,9.72,0,0,0,0,0
TXN003648,USER00436,1069.95,Netflix,Hyderabad,DEVICE_B,2026-01-21 18:24:00,18,29,0,9.93,0,0,0,0,0
TXN003649,USER00283,112.53,Paytm,Chennai,DEVICE_A,2026-08-28 02:56:00,2,12,0,26.64,1,0,0,0,0
TXN003650,USER01586,1201.6,Paytm,Ahmedabad,DEVICE_E,2026-01-17 11:11:00,11,39,0,20.68,0,0,0,0,0
TXN003651,USER01631,2640.38,Swiggy,Kolkata,DEVICE_A,2026-07-29 03:59:00,3,5,0,0.27,1,0,0,0,0
TXN003652,USER01487,680.16,Walmart,Pune,DEVICE_A,2026-03-17 21:17:00,21,11,1,21.31,0,0,0,0,0
TXN003653,USER01431,1508.21,Apple,Ahmedabad,DEVICE_B,2026-04-17 23:23:00,23,38,0,25.43,0,0,0,0,0
TXN003654,USER00088,873.69,Paytm,Hyderabad,DEVICE_C,2026-06-23 09:44:00,9,42,0,85.28,0,0,0,0,0
TXN003655,USER01068,9106.43,Myntra,Pune,DEVICE_A,2026-08-23 13:05:00,13,7,0,17.68,0,0,0,0,0
TXN003656,USER00461,2633.07,Apple,Ahmedabad,DEVICE_C,2026-10-03 06:07:00,6,8,0,23.07,0,0,0,0,0
TXN003657,USER00278,502.81,Walmart,Pune,DEVICE_D,2026-06-07 13:04:00,13,3,0,31.09,0,0,0,0,0
TXN003658,USER01707,3506.53,Flipkart,Kolkata,DEVICE_B,2026-01-06 15:43:00,15,36,1,2.02,0,0,0,0,0
TXN003659,USER00421,9605.39,Netflix,Chennai,DEVICE_E,2026-01-10 08:25:00,8,35,0,26.53,0,0,0,0,0
TXN003660,USER01725,902.46,Apple,Hyderabad,DEVICE_A,2026-11-14 06:42:00,6,31,0,15.83,0,0,0,0,0
TXN003661,USER01377,1699.57,Zomato,Hyderabad,DEVICE_C,2026-06-18 08:18:00,8,11,0,2.11,0,0,0,0,0
TXN003662,USER00696,2728.78,Swiggy,Kolkata,DEVICE_A,2026-07-07 17:44:00,17,17,0,22.17,0,0,0,0,0
TXN003663,USER00515,400.42,Uber,Mumbai,DEVICE_B,2026-08-08 03:43:00,3,30,0,5.34,1,0,0,0,0
TXN003664,USER00703,210.45,Flipkart,Kolkata,DEVICE_E,2026-10-30 06:49:00,6,46,0,15.44,0,0,0,0,0
TXN003665,USER01654,1265.99,Walmart,Kolkata,DEVICE_D,2026-02-12 05:40:00,5,39,0,6.6,1,0,0,0,0
TXN003666,USER00019,523.21,Paytm,Kolkata,DEVICE_D,2026-10-27 00:11:00,0,42,0,2.21,1,0,0,0,0
TXN003667,USER00023,901.09,Myntra,Chennai,DEVICE_C,2026-06-01 15:36:00,15,45,0,5.78,0,0,0,0,0
TXN003668,USER00413,2758.27,Myntra,Ahmedabad,DEVICE_D,2026-09-24 15:03:00,15,38,0,11.55,0,0,0,0,0
TXN003669,USER01054,1823.48,Netflix,Bangalore,DEVICE_C,2026-02-17 10:28:00,10,28,0,13.63,0,0,0,0,0
TXN003670,USER01831,1812.25,Walmart,Kolkata,DEVICE_E,2026-07-25 18:15:00,18,47,0,3.21,0,0,0,0,0
TXN003671,USER00108,976.76,Flipkart,Hyderabad,DEVICE_A,2026-12-15 13:54:00,13,39,0,7.74,0,0,0,0,0
TXN003672,USER01391,614.03,Zomato,Delhi,DEVICE_B,2026-06-13 22:47:00,22,28,1,39.24,0,0,0,0,0
TXN003673,USER01305,579.46,Uber,Mumbai,DEVICE_E,2026-03-26 18:28:00,18,26,1,48.24,0,0,0,0,1
TXN003674,USER01152,5267.77,Paytm,Kolkata,DEVICE_E,2026-12-09 14:54:00,14,10,0,15.32,0,0,0,0,0
TXN003675,USER01253,8354.19,Swiggy,Kolkata,DEVICE_D,2026-11-12 20:09:00,20,32,0,13.48,0,0,0,0,0
TXN003676,USER01135,2895.58,Amazon,Mumbai,DEVICE_D,2026-10-15 09:56:00,9,48,0,17.42,0,0,0,0,0
TXN003677,USER00136,851.7,Amazon,Kolkata,DEVICE_B,2026-05-01 13:47:00,13,38,0,4.83,0,0,0,0,0
TXN003678,USER00362,402.8,Paytm,Hyderabad,DEVICE_A,2026-05-03 02:59:00,2,17,1,100.94,1,0,0,0,0
TXN003679,USER01210,12695.72,Flipkart,Bangalore,DEVICE_E,2026-07-07 23:22:00,23,43,0,27.35,0,1,0,0,0
TXN003680,USER01680,1648.84,Paytm,Kolkata,DEVICE_D,2026-05-14 01:37:00,1,19,1,5.46,1,0,0,0,0
TXN003681,USER01608,1617.55,Walmart,Mumbai,DEVICE_E,2026-01-13 13:10:00,13,27,0,6.35,0,0,0,0,0
TXN003682,USER00129,640.4,Amazon,Kolkata,DEVICE_A,2026-10-10 21:10:00,21,21,0,20.91,0,0,0,0,0
TXN003683,USER01900,2037.21,Netflix,Chennai,DEVICE_C,2026-12-13 12:24:00,12,31,0,7.8,0,0,0,0,0
TXN003684,USER01285,909.59,Walmart,Hyderabad,DEVICE_A,2026-09-15 00:35:00,0,20,1,8.78,1,0,0,0,1
TXN003685,USER00515,424.15,Amazon,Hyderabad,DEVICE_E,2026-09-11 00:34:00,0,36,0,30.37,1,0,0,0,0
TXN003686,USER00449,808.58,Zomato,Bangalore,DEVICE_E,2026-05-03 06:46:00,6,26,0,6.21,0,0,0,0,0
TXN003687,USER01924,1576.08,Uber,Ahmedabad,DEVICE_B,2026-03-18 16:00:00,16,37,0,24.43,0,0,0,0,0
TXN003688,USER01128,4358.94,Myntra,Chennai,DEVICE_E,2026-02-24 01:12:00,1,25,1,54.63,1,0,0,0,0
TXN003689,USER01507,265.79,Walmart,Chennai,DEVICE_D,2026-08-08 09:35:00,9,22,0,2.65,0,0,0,0,0
TXN003690,USER01248,359.63,Myntra,Bangalore,DEVICE_B,2026-06-16 09:27:00,9,33,0,3.12,0,0,0,0,0
TXN003691,USER01856,747.01,Myntra,Pune,DEVICE_E,2026-01-31 10:20:00,10,11,0,57.25,0,0,0,0,0
TXN003692,USER00874,472.3,Amazon,Pune,DEVICE_A,2026-07-31 09:24:00,9,10,1,4.55,0,0,0,0,0
TXN003693,USER01890,1099.11,Walmart,Ahmedabad,DEVICE_E,2026-10-16 08:54:00,8,35,0,0.42,0,0,0,0,0
TXN003694,USER01515,704.42,Uber,Delhi,DEVICE_A,2026-01-27 06:36:00,6,31,0,40.58,0,0,0,0,0
TXN003695,USER00473,1226.85,Zomato,Ahmedabad,DEVICE_A,2026-09-21 18:01:00,18,38,0,6.63,0,0,0,0,0
TXN003696,USER01034,1275.03,Apple,Pune,DEVICE_E,2026-02-27 21:59:00,21,36,0,7.09,0,0,0,0,0
TXN003697,USER01429,324.24,Netflix,Ahmedabad,DEVICE_A,2026-09-22 18:47:00,18,42,0,5.15,0,0,0,0,0
TXN003698,USER01920,908.74,Myntra,Kolkata,DEVICE_C,2026-03-30 01:54:00,1,15,0,49.94,1,0,0,0,0
TXN003699,USER00302,534.41,Uber,Chennai,DEVICE_B,2026-09-02 16:09:00,16,41,0,29.78,0,0,0,0,0
TXN003700,USER00231,3054.46,Swiggy,Ahmedabad,DEVICE_E,2026-04-16 22:10:00,22,30,0,18.17,0,0,0,0,0
TXN003701,USER01755,594.85,Swiggy,Delhi,DEVICE_C,2026-08-17 13:22:00,13,40,0,12.08,0,0,0,0,0
TXN003702,USER00923,702.38,Apple,Delhi,DEVICE_A,2026-01-27 03:50:00,3,5,0,3.1,1,0,0,0,0
TXN003703,USER01090,484.46,Apple,Hyderabad,DEVICE_A,2026-09-26 06:30:00,6,12,1,52.07,0,0,0,0,0
TXN003704,USER00937,1067.55,Apple,Kolkata,DEVICE_B,2026-11-03 19:09:00,19,35,0,27.7,0,0,0,0,0
TXN003705,USER00112,956.3,Netflix,Hyderabad,DEVICE_C,2026-10-24 04:54:00,4,10,0,6.54,1,0,0,0,1
TXN003706,USER01037,4161.49,Netflix,Mumbai,DEVICE_C,2026-03-29 18:31:00,18,10,0,58.94,0,0,0,0,0
TXN003707,USER01417,1067.12,Zomato,Pune,DEVICE_E,2026-09-03 22:23:00,22,47,0,54.73,0,0,0,0,0
TXN003708,USER00500,3680.59,Myntra,Hyderabad,DEVICE_A,2026-04-01 02:09:00,2,19,0,21.55,1,0,0,0,0
TXN003709,USER00932,4378.43,Flipkart,Chennai,DEVICE_D,2026-10-08 06:38:00,6,28,1,84.0,0,0,0,0,1
TXN003710,USER00598,797.63,Swiggy,Chennai,DEVICE_E,2026-07-22 02:22:00,2,18,0,4.15,1,0,0,0,0
TXN003711,USER00234,936.82,Amazon,Kolkata,DEVICE_E,2026-02-23 00:01:00,0,29,0,26.29,1,0,0,0,0
TXN003712,USER00602,654.32,Amazon,Delhi,DEVICE_E,2026-09-18 04:02:00,4,5,0,3.3,1,0,0,0,0
TXN003713,USER00314,363.24,Apple,Chennai,DEVICE_B,2026-07-13 05:33:00,5,16,0,23.53,1,0,0,0,0
TXN003714,USER00566,9160.77,Paytm,Pune,DEVICE_B,2026-06-17 14:17:00,14,17,0,50.48,0,0,0,0,0
TXN003715,USER01036,657.43,Swiggy,Hyderabad,DEVICE_E,2026-03-07 10:49:00,10,35,0,15.36,0,0,0,0,0
TXN003716,USER00209,487.1,Flipkart,Pune,DEVICE_D,2026-02-13 21:57:00,21,17,0,28.8,0,0,0,0,0
TXN003717,USER01998,422.11,Flipkart,Ahmedabad,DEVICE_C,2026-06-01 02:27:00,2,42,0,3.09,1,0,0,0,1
TXN003718,USER01038,624.63,Amazon,Hyderabad,DEVICE_C,2026-06-14 05:02:00,5,11,1,20.06,1,0,0,0,1
TXN003719,USER01657,834.43,Paytm,Kolkata,DEVICE_A,2026-11-10 15:16:00,15,41,0,1.31,0,0,0,0,0
TXN003720,USER01442,3355.59,Flipkart,Ahmedabad,DEVICE_C,2026-12-12 17:37:00,17,2,0,0.75,0,0,0,0,0
TXN003721,USER01461,5605.24,Swiggy,Pune,DEVICE_C,2026-12-15 13:52:00,13,46,0,20.11,0,0,0,0,0
TXN003722,USER01401,168.46,Myntra,Hyderabad,DEVICE_D,2026-12-16 20:41:00,20,17,1,17.01,0,0,0,0,0
TXN003723,USER01044,4577.27,Uber,Pune,DEVICE_C,2026-05-21 09:17:00,9,15,0,7.99,0,0,0,0,0
TXN003724,USER00587,4963.47,Paytm,Bangalore,DEVICE_D,2026-08-23 22:26:00,22,38,1,14.39,0,0,0,0,0
TXN003725,USER01936,627.71,Flipkart,Kolkata,DEVICE_B,2026-11-24 19:20:00,19,42,0,23.06,0,0,0,0,0
TXN003726,USER01779,483.06,Paytm,Kolkata,DEVICE_D,2026-03-15 13:39:00,13,27,0,20.7,0,0,0,0,0
TXN003727,USER01759,1754.08,Paytm,Chennai,DEVICE_B,2026-01-10 18:59:00,18,41,0,1.53,0,0,0,0,0
TXN003728,USER01015,617.49,Myntra,Kolkata,DEVICE_D,2026-02-26 13:02:00,13,8,0,22.67,0,0,0,0,0
TXN003729,USER01094,4222.31,Swiggy,Mumbai,DEVICE_E,2026-10-09 11:04:00,11,19,0,21.55,0,0,0,0,0
TXN003730,USER01848,1705.77,Amazon,Chennai,DEVICE_B,2026-09-19 06:36:00,6,17,0,22.15,0,0,0,0,0
TXN003731,USER01235,556.16,Myntra,Chennai,DEVICE_B,2026-04-04 03:39:00,3,24,0,37.59,1,0,0,0,0
TXN003732,USER01125,1426.68,Flipkart,Ahmedabad,DEVICE_C,2026-08-11 18:27:00,18,20,0,17.19,0,0,0,0,0
TXN003733,USER00698,1168.24,Apple,Ahmedabad,DEVICE_B,2026-06-06 12:27:00,12,44,1,55.58,0,0,0,0,0
TXN003734,USER00132,194.75,Myntra,Pune,DEVICE_D,2026-11-26 14:41:00,14,25,0,78.25,0,0,0,0,0
TXN003735,USER01647,451.09,Apple,Bangalore,DEVICE_E,2026-06-20 04:00:00,4,22,0,27.87,1,0,0,0,0
TXN003736,USER01405,606.68,Walmart,Chennai,DEVICE_E,2026-12-16 03:54:00,3,9,1,8.88,1,0,0,0,0
TXN003737,USER01156,1543.09,Amazon,Ahmedabad,DEVICE_C,2026-11-12 02:57:00,2,43,0,3.09,1,0,0,0,0
TXN003738,USER01044,1825.74,Swiggy,Delhi,DEVICE_D,2026-12-27 13:22:00,13,12,0,34.31,0,0,0,0,0
TXN003739,USER01930,3248.31,Uber,Hyderabad,DEVICE_D,2026-03-05 16:22:00,16,36,0,3.17,0,0,0,0,0
TXN003740,USER00536,581.6,Paytm,Hyderabad,DEVICE_A,2026-04-02 09:31:00,9,11,1,3.16,0,0,0,0,0
TXN003741,USER01014,288.91,Apple,Kolkata,DEVICE_B,2026-10-28 16:23:00,16,35,0,50.28,0,0,0,0,0
TXN003742,USER00227,511.67,Uber,Pune,DEVICE_C,2026-12-08 02:11:00,2,2,0,16.41,1,0,0,0,0
TXN003743,USER01178,580.88,Uber,Bangalore,DEVICE_E,2026-07-31 16:00:00,16,13,0,6.94,0,0,0,0,0
TXN003744,USER01829,532.93,Apple,Hyderabad,DEVICE_A,2026-08-18 05:39:00,5,34,0,65.93,1,0,0,0,1
TXN003745,USER01766,1075.52,Uber,Delhi,DEVICE_D,2026-11-14 08:15:00,8,33,0,24.57,0,0,0,0,0
TXN003746,USER01493,2055.76,Paytm,Bangalore,DEVICE_B,2026-05-28 15:11:00,15,39,0,15.31,0,0,0,0,0
TXN003747,USER00822,756.98,Zomato,Mumbai,DEVICE_E,2026-05-02 23:08:00,23,28,0,7.99,0,0,0,0,0
TXN003748,USER00871,1721.56,Walmart,Hyderabad,DEVICE_A,2026-01-29 18:51:00,18,29,1,22.58,0,0,0,0,0
TXN003749,USER00405,2625.55,Apple,Chennai,DEVICE_D,2026-05-06 11:37:00,11,6,0,26.25,0,0,0,0,0
TXN003750,USER00202,1086.28,Paytm,Delhi,DEVICE_E,2026-12-16 20:33:00,20,1,0,24.9,0,0,0,1,0
TXN003751,USER00038,393.98,Amazon,Pune,DEVICE_E,2026-04-24 01:04:00,1,17,0,4.35,1,0,0,0,1
TXN003752,USER00942,853.07,Apple,Pune,DEVICE_D,2026-07-30 19:32:00,19,25,0,23.9,0,0,0,0,0
TXN003753,USER01796,2747.3,Paytm,Delhi,DEVICE_D,2026-08-28 22:44:00,22,16,0,17.42,0,0,0,0,0
TXN003754,USER00188,1933.79,Paytm,Hyderabad,DEVICE_C,2026-05-31 21:41:00,21,45,0,37.95,0,0,0,0,0
TXN003755,USER01081,419.65,Myntra,Ahmedabad,DEVICE_E,2026-12-29 03:50:00,3,11,0,19.6,1,0,0,0,0
TXN003756,USER00941,3164.36,Zomato,Ahmedabad,DEVICE_D,2026-12-30 07:39:00,7,49,0,3.16,0,0,0,0,0
TXN003757,USER01044,814.4,Apple,Kolkata,DEVICE_A,2026-05-29 21:51:00,21,31,0,7.67,0,0,0,0,0
TXN003758,USER00273,417.61,Swiggy,Mumbai,DEVICE_B,2026-07-25 12:20:00,12,48,0,27.24,0,0,0,0,0
TXN003759,USER01143,1065.59,Paytm,Chennai,DEVICE_C,2026-07-12 06:29:00,6,28,1,26.94,0,0,0,0,0
TXN003760,USER00583,277.98,Walmart,Mumbai,DEVICE_D,2026-10-16 00:06:00,0,47,0,5.04,1,0,0,0,0
TXN003761,USER00516,1968.84,Myntra,Mumbai,DEVICE_B,2026-01-01 12:02:00,12,9,0,8.76,0,0,0,0,0
TXN003762,USER01245,3072.29,Paytm,Hyderabad,DEVICE_C,2026-11-06 13:28:00,13,35,0,0.31,0,0,0,0,0
TXN003763,USER00526,445.34,Apple,Chennai,DEVICE_E,2026-06-07 08:19:00,8,1,0,8.06,0,0,0,1,1
TXN003764,USER01539,942.46,Flipkart,Hyderabad,DEVICE_B,2026-05-08 10:55:00,10,36,0,0.53,0,0,0,0,0
TXN003765,USER01752,2402.95,Paytm,Hyderabad,DEVICE_C,2026-10-14 10:34:00,10,13,0,41.25,0,0,0,0,0
TXN003766,USER01765,331.04,Netflix,Kolkata,DEVICE_D,2026-09-26 18:27:00,18,9,1,21.97,0,0,0,0,0
TXN003767,USER00336,365.31,Flipkart,Delhi,DEVICE_D,2026-05-02 06:56:00,6,39,0,69.57,0,0,0,0,0
TXN003768,USER00698,885.97,Paytm,Pune,DEVICE_C,2026-07-06 16:34:00,16,0,0,44.5,0,0,0,1,0
TXN003769,USER01079,853.19,Uber,Kolkata,DEVICE_E,2026-09-12 23:07:00,23,40,0,18.5,0,0,0,0,0
TXN003770,USER00500,1145.87,Paytm,Pune,DEVICE_C,2026-09-14 21:26:00,21,20,0,13.98,0,0,0,0,0
TXN003771,USER00900,997.68,Amazon,Kolkata,DEVICE_A,2026-12-25 19:12:00,19,4,0,43.04,0,0,0,0,0
TXN003772,USER01912,331.35,Uber,Hyderabad,DEVICE_C,2026-01-16 21:11:00,21,8,0,7.09,0,0,0,0,0
TXN003773,USER00766,256.34,Apple,Kolkata,DEVICE_C,2026-04-19 15:15:00,15,8,0,5.06,0,0,0,0,0
TXN003774,USER00536,334.85,Walmart,Pune,DEVICE_D,2026-09-03 17:03:00,17,17,0,10.55,0,0,0,0,0
TXN003775,USER00162,1724.35,Flipkart,Kolkata,DEVICE_E,2026-04-26 02:08:00,2,4,0,1.09,1,0,0,0,0
TXN003776,USER01694,2581.09,Swiggy,Bangalore,DEVICE_C,2026-09-20 03:44:00,3,15,0,7.19,1,0,0,0,0
TXN003777,USER00594,1012.23,Myntra,Chennai,DEVICE_B,2026-04-02 18:17:00,18,33,0,1.75,0,0,0,0,0
TXN003778,USER01939,2078.66,Walmart,Delhi,DEVICE_D,2026-04-18 08:30:00,8,3,0,1.08,0,0,0,0,0
TXN003779,USER00159,634.37,Uber,Pune,DEVICE_D,2026-12-17 17:10:00,17,20,0,16.03,0,0,0,0,0
TXN003780,USER01212,788.06,Myntra,Chennai,DEVICE_C,2026-07-10 03:10:00,3,49,0,24.63,1,0,0,0,0
TXN003781,USER00060,2519.33,Flipkart,Delhi,DEVICE_B,2026-04-06 02:14:00,2,36,0,15.39,1,0,0,0,0
TXN003782,USER00915,1666.85,Swiggy,Ahmedabad,DEVICE_C,2026-12-14 07:19:00,7,39,0,1.46,0,0,0,0,0
TXN003783,USER01841,1285.48,Netflix,Bangalore,DEVICE_B,2026-05-15 06:31:00,6,43,0,10.05,0,0,0,0,0
TXN003784,USER01343,960.38,Netflix,Hyderabad,DEVICE_D,2026-10-07 21:47:00,21,13,0,2.35,0,0,0,0,0
TXN003785,USER01902,386.69,Swiggy,Ahmedabad,DEVICE_B,2026-06-10 14:25:00,14,26,0,21.0,0,0,0,0,0
TXN003786,USER00211,1184.36,Myntra,Pune,DEVICE_C,2026-01-17 19:26:00,19,48,0,35.02,0,0,0,0,0
TXN003787,USER00406,1449.46,Apple,Ahmedabad,DEVICE_A,2026-10-29 13:06:00,13,11,0,2.48,0,0,0,0,0
TXN003788,USER00664,8000.89,Myntra,Delhi,DEVICE_A,2026-08-31 13:46:00,13,26,0,1.38,0,0,0,0,0
TXN003789,USER01133,1021.42,Paytm,Delhi,DEVICE_B,2026-10-12 02:57:00,2,33,0,10.42,1,0,0,0,0
TXN003790,USER01100,786.27,Myntra,Delhi,DEVICE_C,2026-03-24 18:54:00,18,3,0,7.23,0,0,0,0,0
TXN003791,USER00542,1413.29,Apple,Bangalore,DEVICE_E,2026-06-23 10:53:00,10,42,0,6.04,0,0,0,0,0
TXN003792,USER01338,4037.96,Walmart,Ahmedabad,DEVICE_A,2026-03-25 18:47:00,18,43,1,4.75,0,0,0,0,0
TXN003793,USER00998,1505.49,Flipkart,Chennai,DEVICE_D,2026-09-09 13:32:00,13,1,0,7.62,0,0,0,1,0
TXN003794,USER01141,933.44,Myntra,Bangalore,DEVICE_C,2026-04-07 11:17:00,11,41,0,67.26,0,0,0,0,0
TXN003795,USER00927,541.02,Flipkart,Delhi,DEVICE_C,2026-02-13 01:07:00,1,41,0,38.99,1,0,0,0,0
TXN003796,USER00868,518.39,Uber,Kolkata,DEVICE_A,2026-02-24 07:19:00,7,31,0,18.39,0,0,0,0,0
TXN003797,USER01728,2215.03,Netflix,Delhi,DEVICE_E,2026-04-09 05:00:00,5,1,0,32.24,1,0,0,1,0
TXN003798,USER00019,846.39,Netflix,Kolkata,DEVICE_D,2026-10-02 07:14:00,7,21,0,0.3,0,0,0,0,0
TXN003799,USER00432,6675.97,Apple,Hyderabad,DEVICE_E,2026-04-26 12:58:00,12,18,0,2.36,0,0,0,0,0
TXN003800,USER01709,1182.76,Uber,Bangalore,DEVICE_D,2026-08-24 01:08:00,1,25,0,6.92,1,0,0,0,0
TXN003801,USER00740,1701.5,Netflix,Kolkata,DEVICE_A,2026-05-05 20:52:00,20,19,0,20.65,0,0,0,0,0
TXN003802,USER01374,665.98,Apple,Bangalore,DEVICE_C,2026-06-27 10:46:00,10,35,0,42.98,0,0,0,0,0
TXN003803,USER00183,523.14,Myntra,Mumbai,DEVICE_D,2026-11-19 19:52:00,19,17,1,5.26,0,0,0,0,0
TXN003804,USER00113,2180.77,Uber,Chennai,DEVICE_C,2026-10-27 15:53:00,15,49,0,3.0,0,0,0,0,0
TXN003805,USER01207,3216.58,Paytm,Mumbai,DEVICE_B,2026-12-04 10:49:00,10,13,0,37.67,0,0,0,0,0
TXN003806,USER00481,448.37,Paytm,Kolkata,DEVICE_B,2026-08-21 15:57:00,15,19,0,10.52,0,0,0,0,0
TXN003807,USER01170,565.96,Paytm,Mumbai,DEVICE_A,2026-08-20 13:48:00,13,44,0,24.05,0,0,0,0,0
TXN003808,USER00831,606.07,Walmart,Ahmedabad,DEVICE_A,2026-06-18 19:13:00,19,23,0,15.88,0,0,0,0,0
TXN003809,USER01652,2016.21,Paytm,Pune,DEVICE_A,2026-05-06 04:43:00,4,46,1,3.87,1,0,0,0,0
TXN003810,USER01137,1518.64,Uber,Chennai,DEVICE_B,2026-02-15 14:13:00,14,46,0,24.12,0,0,0,0,0
TXN003811,USER00763,1002.91,Amazon,Kolkata,DEVICE_D,2026-07-29 12:55:00,12,30,1,10.92,0,0,0,0,1
TXN003812,USER00476,543.53,Netflix,Hyderabad,DEVICE_E,2026-03-08 12:12:00,12,35,0,6.79,0,0,0,0,0
TXN003813,USER00763,4661.64,Paytm,Ahmedabad,DEVICE_A,2026-11-27 15:41:00,15,14,0,46.6,0,0,0,0,0
TXN003814,USER01327,2643.45,Uber,Hyderabad,DEVICE_E,2026-08-20 12:09:00,12,45,0,0.12,0,0,0,0,0
TXN003815,USER00971,182.03,Zomato,Chennai,DEVICE_E,2026-10-31 19:52:00,19,6,0,10.38,0,0,0,0,0
TXN003816,USER01849,2370.95,Myntra,Chennai,DEVICE_B,2026-01-31 07:09:00,7,48,0,7.15,0,0,0,0,0
TXN003817,USER01020,845.73,Walmart,Kolkata,DEVICE_D,2026-07-20 20:53:00,20,22,0,1.12,0,0,0,0,0
TXN003818,USER01142,638.2,Flipkart,Bangalore,DEVICE_B,2026-04-12 13:33:00,13,28,1,1.68,0,0,0,0,0
TXN003819,USER01837,2185.5,Apple,Pune,DEVICE_A,2026-06-06 12:14:00,12,40,0,3.78,0,0,0,0,0
TXN003820,USER00161,1504.02,Zomato,Kolkata,DEVICE_B,2026-03-12 01:37:00,1,3,0,14.06,1,0,0,0,0
TXN003821,USER00401,1188.08,Zomato,Ahmedabad,DEVICE_B,2026-04-23 21:05:00,21,30,0,6.64,0,0,0,0,0
TXN003822,USER00198,488.14,Walmart,Bangalore,DEVICE_B,2026-05-21 15:57:00,15,17,0,36.39,0,0,0,0,0
TXN003823,USER01284,2733.23,Apple,Bangalore,DEVICE_A,2026-12-18 17:56:00,17,44,0,5.49,0,0,0,0,0
TXN003824,USER00660,360.41,Walmart,Bangalore,DEVICE_A,2026-03-07 15:17:00,15,30,0,25.48,0,0,0,0,0
TXN003825,USER01776,2201.11,Paytm,Kolkata,DEVICE_B,2026-06-12 23:52:00,23,46,0,4.72,0,0,0,0,0
TXN003826,USER01071,1188.85,Flipkart,Delhi,DEVICE_B,2026-05-26 12:52:00,12,35,0,0.87,0,0,0,0,0
TXN003827,USER00399,1061.94,Apple,Delhi,DEVICE_E,2026-09-22 15:35:00,15,17,1,6.15,0,0,0,0,1
TXN003828,USER01734,667.78,Uber,Hyderabad,DEVICE_D,2026-09-19 19:50:00,19,9,0,36.35,0,0,0,0,0
TXN003829,USER01583,1271.83,Netflix,Delhi,DEVICE_E,2026-03-10 13:05:00,13,6,0,1.72,0,0,0,0,0
TXN003830,USER00078,317.97,Walmart,Delhi,DEVICE_D,2026-05-16 05:31:00,5,37,0,8.45,1,0,0,0,0
TXN003831,USER00124,3331.5,Flipkart,Bangalore,DEVICE_D,2026-07-10 16:55:00,16,44,0,0.16,0,0,0,0,0
TXN003832,USER00075,763.03,Myntra,Bangalore,DEVICE_B,2026-10-11 03:07:00,3,27,0,19.9,1,0,0,0,0
TXN003833,USER01895,589.46,Amazon,Chennai,DEVICE_E,2026-10-01 19:00:00,19,17,0,57.21,0,0,0,0,0
TXN003834,USER00137,918.63,Myntra,Bangalore,DEVICE_D,2026-03-02 17:40:00,17,30,0,9.7,0,0,0,0,0
TXN003835,USER00602,783.47,Amazon,Kolkata,DEVICE_D,2026-10-27 10:54:00,10,8,0,17.2,0,0,0,0,0
TXN003836,USER01424,3357.87,Swiggy,Chennai,DEVICE_A,2026-09-03 01:35:00,1,42,0,12.04,1,0,0,0,1
TXN003837,USER00837,230.44,Uber,Pune,DEVICE_D,2026-03-28 00:45:00,0,15,0,72.48,1,0,0,0,0
TXN003838,USER01529,1025.79,Swiggy,Chennai,DEVICE_B,2026-02-21 22:43:00,22,39,0,26.64,0,0,0,0,0
TXN003839,USER00500,4557.23,Walmart,Ahmedabad,DEVICE_C,2026-12-17 03:12:00,3,24,0,0.9,1,0,0,0,0
TXN003840,USER01597,1166.14,Walmart,Delhi,DEVICE_A,2026-11-03 10:08:00,10,36,0,2.3,0,0,0,0,0
TXN003841,USER00138,1299.33,Amazon,Ahmedabad,DEVICE_C,2026-01-08 21:11:00,21,29,0,12.72,0,0,0,0,0
TXN003842,USER00050,1069.17,Apple,Bangalore,DEVICE_B,2026-10-08 06:01:00,6,46,0,19.98,0,0,0,0,0
TXN003843,USER01795,611.45,Flipkart,Delhi,DEVICE_C,2026-02-10 01:10:00,1,1,0,6.86,1,0,0,1,0
TXN003844,USER00973,1783.2,Paytm,Bangalore,DEVICE_D,2026-06-03 00:58:00,0,4,0,22.46,1,0,0,0,0
TXN003845,USER01643,922.86,Zomato,Delhi,DEVICE_C,2026-08-06 11:49:00,11,41,0,17.19,0,0,0,0,0
TXN003846,USER01649,1244.76,Walmart,Pune,DEVICE_E,2026-04-13 14:57:00,14,29,0,11.42,0,0,0,0,0
TXN003847,USER01886,1797.47,Swiggy,Delhi,DEVICE_B,2026-10-14 02:03:00,2,18,0,17.46,1,0,0,0,0
TXN003848,USER00254,1632.33,Swiggy,Delhi,DEVICE_E,2026-08-19 11:23:00,11,13,0,49.65,0,0,0,0,0
TXN003849,USER01654,1196.53,Myntra,Kolkata,DEVICE_C,2026-06-21 22:28:00,22,26,0,5.57,0,0,0,0,0
TXN003850,USER00710,2461.94,Uber,Pune,DEVICE_E,2026-05-16 01:18:00,1,29,0,31.33,1,0,0,0,0
TXN003851,USER01873,2725.79,Amazon,Ahmedabad,DEVICE_A,2026-12-22 04:44:00,4,44,1,0.24,1,0,0,0,1
TXN003852,USER01901,2222.22,Zomato,Hyderabad,DEVICE_C,2026-10-14 05:48:00,5,13,0,1.77,1,0,0,0,0
TXN003853,USER00563,2834.93,Amazon,Pune,DEVICE_E,2026-05-02 13:53:00,13,30,0,59.79,0,0,0,0,0
TXN003854,USER00757,3715.18,Walmart,Delhi,DEVICE_D,2026-09-12 23:26:00,23,35,0,23.93,0,0,0,0,0
TXN003855,USER01939,370.29,Netflix,Mumbai,DEVICE_C,2026-03-16 16:08:00,16,38,1,20.07,0,0,0,0,1
TXN003856,USER01450,13120.79,Zomato,Mumbai,DEVICE_A,2026-01-08 08:15:00,8,49,0,8.13,0,1,0,0,0
TXN003857,USER00547,1262.49,Myntra,Mumbai,DEVICE_D,2026-09-04 23:29:00,23,29,1,4.08,0,0,0,0,1
TXN003858,USER01326,881.14,Swiggy,Kolkata,DEVICE_C,2026-09-22 18:00:00,18,37,0,9.56,0,0,0,0,0
TXN003859,USER00922,1276.31,Myntra,Chennai,DEVICE_D,2026-02-27 00:23:00,0,46,1,18.25,1,0,0,0,1
TXN003860,USER00581,290.58,Walmart,Ahmedabad,DEVICE_C,2026-04-10 07:15:00,7,10,1,20.12,0,0,0,0,0
TXN003861,USER01373,1353.77,Netflix,Delhi,DEVICE_C,2026-02-01 21:44:00,21,16,0,3.72,0,0,0,0,0
TXN003862,USER01856,537.11,Paytm,Pune,DEVICE_B,2026-12-17 09:36:00,9,9,0,11.79,0,0,0,0,0
TXN003863,USER01957,1170.72,Zomato,Mumbai,DEVICE_E,2026-09-18 23:23:00,23,15,0,16.73,0,0,0,0,0
TXN003864,USER00049,1249.31,Amazon,Kolkata,DEVICE_C,2026-12-15 18:30:00,18,10,1,64.36,0,0,0,0,0
TXN003865,USER00917,643.32,Zomato,Chennai,DEVICE_A,2026-12-26 02:58:00,2,38,1,15.94,1,0,0,0,1
TXN003866,USER01098,216.31,Swiggy,Ahmedabad,DEVICE_E,2026-03-26 20:03:00,20,27,0,17.38,0,0,0,0,0
TXN003867,USER00704,1402.96,Amazon,Mumbai,DEVICE_B,2026-02-20 15:17:00,15,20,0,28.98,0,0,0,0,0
TXN003868,USER00261,1095.6,Paytm,Bangalore,DEVICE_E,2026-11-03 16:19:00,16,27,0,10.86,0,0,0,0,0
TXN003869,USER00356,1303.9,Paytm,Hyderabad,DEVICE_E,2026-05-28 19:54:00,19,22,0,9.69,0,0,0,0,0
TXN003870,USER01606,750.43,Uber,Delhi,DEVICE_C,2026-05-31 18:23:00,18,45,0,17.88,0,0,0,0,0
TXN003871,USER01626,607.15,Amazon,Hyderabad,DEVICE_A,2026-10-12 10:45:00,10,0,0,30.59,0,0,0,1,0
TXN003872,USER01284,903.62,Flipkart,Hyderabad,DEVICE_C,2026-09-24 03:36:00,3,48,1,20.3,1,0,0,0,1
TXN003873,USER00638,1242.94,Netflix,Bangalore,DEVICE_A,2026-06-09 03:42:00,3,12,0,4.12,1,0,0,0,0
TXN003874,USER00743,2010.83,Flipkart,Bangalore,DEVICE_A,2026-08-07 18:54:00,18,7,0,10.14,0,0,0,0,0
TXN003875,USER01319,528.92,Paytm,Bangalore,DEVICE_D,2026-03-06 00:14:00,0,18,0,14.37,1,0,0,0,0
TXN003876,USER01010,2235.09,Amazon,Chennai,DEVICE_C,2026-07-24 07:17:00,7,23,1,14.84,0,0,0,0,0
TXN003877,USER00931,1975.27,Uber,Mumbai,DEVICE_B,2026-10-16 07:06:00,7,39,0,8.3,0,0,0,0,0
TXN003878,USER00641,1752.06,Zomato,Pune,DEVICE_E,2026-05-22 20:16:00,20,48,0,14.78,0,0,0,0,0
TXN003879,USER00792,5694.35,Zomato,Delhi,DEVICE_D,2026-12-23 19:04:00,19,36,0,22.35,0,0,0,0,0
TXN003880,USER01337,225.1,Zomato,Bangalore,DEVICE_B,2026-01-24 00:33:00,0,24,0,12.62,1,0,0,0,0
TXN003881,USER00612,6345.78,Uber,Kolkata,DEVICE_C,2026-12-12 06:11:00,6,42,0,12.01,0,0,0,0,0
TXN003882,USER01862,608.93,Walmart,Ahmedabad,DEVICE_A,2026-03-02 06:17:00,6,25,0,32.35,0,0,0,0,0
TXN003883,USER00809,1362.93,Amazon,Delhi,DEVICE_C,2026-05-02 11:53:00,11,45,0,28.28,0,0,0,0,0
TXN003884,USER01206,1140.99,Flipkart,Ahmedabad,DEVICE_C,2026-02-26 05:58:00,5,41,0,10.98,1,0,0,0,0
TXN003885,USER00686,328.86,Netflix,Pune,DEVICE_D,2026-07-19 23:46:00,23,26,1,110.5,0,0,0,0,1
TXN003886,USER01852,1765.36,Paytm,Delhi,DEVICE_B,2026-03-15 05:44:00,5,31,0,1.38,1,0,0,0,0
TXN003887,USER01388,2386.03,Netflix,Delhi,DEVICE_D,2026-05-06 07:18:00,7,43,0,7.89,0,0,0,0,0
TXN003888,USER00188,1603.57,Paytm,Bangalore,DEVICE_B,2026-11-29 14:42:00,14,2,0,0.75,0,0,0,0,0
TXN003889,USER01593,290.28,Amazon,Bangalore,DEVICE_D,2026-12-12 15:40:00,15,40,0,36.59,0,0,0,0,0
TXN003890,USER01567,359.19,Amazon,Mumbai,DEVICE_E,2026-09-27 10:58:00,10,42,0,28.18,0,0,0,0,0
TXN003891,USER01620,585.49,Myntra,Pune,DEVICE_A,2026-03-06 12:23:00,12,8,0,23.02,0,0,0,0,0
TXN003892,USER01688,3447.77,Flipkart,Bangalore,DEVICE_A,2026-11-15 09:28:00,9,0,0,4.83,0,0,0,1,0
TXN003893,USER00985,1195.73,Swiggy,Bangalore,DEVICE_A,2026-12-29 00:28:00,0,17,0,24.6,1,0,0,0,1
TXN003894,USER00548,181.16,Paytm,Delhi,DEVICE_E,2026-09-04 09:08:00,9,2,0,8.78,0,0,0,0,0
TXN003895,USER00725,7029.65,Apple,Mumbai,DEVICE_E,2026-04-21 15:16:00,15,13,1,40.59,0,0,0,0,0
TXN003896,USER00926,4231.11,Swiggy,Hyderabad,DEVICE_A,2026-03-22 21:09:00,21,31,0,4.45,0,0,0,0,0
TXN003897,USER01432,412.38,Zomato,Bangalore,DEVICE_A,2026-04-10 11:34:00,11,3,0,4.91,0,0,0,0,0
TXN003898,USER00876,758.73,Netflix,Kolkata,DEVICE_B,2026-01-25 19:54:00,19,36,0,64.67,0,0,0,0,0
TXN003899,USER00618,847.52,Amazon,Bangalore,DEVICE_B,2026-09-09 03:41:00,3,20,0,14.56,1,0,0,0,0
TXN003900,USER00414,1756.08,Apple,Hyderabad,DEVICE_C,2026-09-01 23:36:00,23,41,0,11.83,0,0,0,0,0
TXN003901,USER01366,1311.58,Paytm,Delhi,DEVICE_D,2026-07-30 23:43:00,23,26,1,8.67,0,0,0,0,0
TXN003902,USER01244,593.97,Walmart,Pune,DEVICE_B,2026-08-10 13:51:00,13,4,0,35.58,0,0,0,0,0
TXN003903,USER00903,3568.82,Paytm,Mumbai,DEVICE_B,2026-02-20 04:09:00,4,2,0,8.7,1,0,0,0,0
TXN003904,USER00163,5268.92,Netflix,Delhi,DEVICE_B,2026-02-24 12:26:00,12,21,0,8.81,0,0,0,0,0
TXN003905,USER01975,1048.9,Paytm,Pune,DEVICE_B,2026-11-13 20:12:00,20,19,0,2.63,0,0,0,0,0
TXN003906,USER01244,654.36,Paytm,Chennai,DEVICE_E,2026-02-17 19:43:00,19,40,0,14.71,0,0,0,0,0
TXN003907,USER00270,4608.27,Uber,Bangalore,DEVICE_C,2026-07-12 16:24:00,16,43,0,51.47,0,0,0,0,0
TXN003908,USER00632,152.17,Flipkart,Pune,DEVICE_B,2026-07-27 08:25:00,8,1,0,63.18,0,0,0,1,0
TXN003909,USER00906,490.33,Swiggy,Kolkata,DEVICE_D,2026-09-13 14:20:00,14,42,0,108.14,0,0,0,0,0
TXN003910,USER01872,2647.65,Walmart,Pune,DEVICE_B,2026-07-04 20:14:00,20,0,1,12.81,0,0,0,1,1
TXN003911,USER01424,3836.78,Amazon,Chennai,DEVICE_E,2026-04-03 06:49:00,6,22,0,29.83,0,0,0,0,0
TXN003912,USER01206,822.56,Paytm,Bangalore,DEVICE_A,2026-11-15 21:28:00,21,47,0,16.08,0,0,0,0,0
TXN003913,USER01642,8537.88,Walmart,Chennai,DEVICE_A,2026-08-19 21:07:00,21,24,0,15.88,0,0,0,0,0
TXN003914,USER01753,121.5,Myntra,Hyderabad,DEVICE_C,2026-06-24 05:14:00,5,25,0,32.82,1,0,0,0,0
TXN003915,USER00205,2937.34,Paytm,Bangalore,DEVICE_A,2026-03-25 06:32:00,6,2,0,36.08,0,0,0,0,0
TXN003916,USER00582,1185.33,Uber,Kolkata,DEVICE_B,2026-11-11 00:08:00,0,30,0,0.4,1,0,0,0,0
TXN003917,USER01580,707.7,Uber,Bangalore,DEVICE_E,2026-04-08 09:09:00,9,26,0,57.22,0,0,0,0,0
TXN003918,USER00841,2416.31,Apple,Chennai,DEVICE_C,2026-08-03 16:03:00,16,12,0,34.63,0,0,0,0,0
TXN003919,USER01837,771.87,Zomato,Ahmedabad,DEVICE_B,2026-09-14 04:16:00,4,46,0,25.54,1,0,0,0,0
TXN003920,USER01252,412.27,Netflix,Mumbai,DEVICE_A,2026-06-21 11:17:00,11,32,0,38.22,0,0,0,0,0
TXN003921,USER01720,1216.71,Swiggy,Chennai,DEVICE_D,2026-11-04 20:39:00,20,24,0,15.41,0,0,0,0,0
TXN003922,USER01643,1044.43,Myntra,Bangalore,DEVICE_B,2026-04-24 09:41:00,9,15,0,29.68,0,0,0,0,0
TXN003923,USER00596,543.21,Netflix,Ahmedabad,DEVICE_D,2026-01-17 13:16:00,13,46,1,18.26,0,0,0,0,0
TXN003924,USER01874,654.69,Netflix,Bangalore,DEVICE_D,2026-04-22 04:50:00,4,37,0,15.66,1,0,0,0,0
TXN003925,USER00250,756.17,Apple,Pune,DEVICE_C,2026-08-11 07:08:00,7,25,0,4.76,0,0,0,0,0
TXN003926,USER00875,253.76,Uber,Ahmedabad,DEVICE_E,2026-02-02 22:47:00,22,46,0,37.6,0,0,0,0,0
TXN003927,USER01465,239.46,Flipkart,Mumbai,DEVICE_A,2026-07-05 04:25:00,4,17,0,43.06,1,0,0,0,0
TXN003928,USER01557,2539.65,Walmart,Delhi,DEVICE_A,2026-01-31 16:08:00,16,16,0,70.94,0,0,0,0,0
TXN003929,USER00196,304.48,Amazon,Mumbai,DEVICE_B,2026-01-14 12:57:00,12,45,0,2.57,0,0,0,0,0
TXN003930,USER00690,1079.2,Flipkart,Delhi,DEVICE_A,2026-12-20 22:47:00,22,24,1,6.89,0,0,0,0,0
TXN003931,USER01953,203.9,Flipkart,Kolkata,DEVICE_C,2026-01-05 03:47:00,3,25,0,23.13,1,0,0,0,0
TXN003932,USER01543,4253.62,Zomato,Bangalore,DEVICE_A,2026-02-02 02:41:00,2,17,0,38.65,1,0,0,0,0
TXN003933,USER01094,860.31,Zomato,Pune,DEVICE_B,2026-12-04 11:14:00,11,48,0,27.83,0,0,0,0,0
TXN003934,USER00639,2998.73,Flipkart,Ahmedabad,DEVICE_A,2026-05-31 06:43:00,6,0,0,12.16,0,0,0,1,0
TXN003935,USER01423,7353.79,Uber,Hyderabad,DEVICE_E,2026-03-21 20:50:00,20,45,0,25.89,0,0,0,0,0
TXN003936,USER00672,343.8,Netflix,Hyderabad,DEVICE_D,2026-07-20 18:13:00,18,6,0,1.5,0,0,0,0,0
TXN003937,USER01784,594.26,Walmart,Chennai,DEVICE_D,2026-04-24 04:22:00,4,29,0,21.73,1,0,0,0,0
TXN003938,USER01227,2403.82,Netflix,Mumbai,DEVICE_D,2026-07-07 11:54:00,11,32,0,0.16,0,0,0,0,0
TXN003939,USER01172,620.42,Netflix,Ahmedabad,DEVICE_E,2026-06-11 05:18:00,5,24,1,0.97,1,0,0,0,1
TXN003940,USER01496,1424.15,Netflix,Mumbai,DEVICE_C,2026-05-26 04:22:00,4,24,1,28.32,1,0,0,0,1
TXN003941,USER01679,1202.69,Walmart,Ahmedabad,DEVICE_B,2026-08-26 10:08:00,10,26,0,12.99,0,0,0,0,0
TXN003942,USER00944,133.14,Walmart,Hyderabad,DEVICE_E,2026-04-01 08:17:00,8,34,0,1.23,0,0,0,0,0
TXN003943,USER00199,2563.94,Apple,Delhi,DEVICE_B,2026-03-15 20:39:00,20,42,0,13.15,0,0,0,0,0
TXN003944,USER01941,969.3,Swiggy,Mumbai,DEVICE_C,2026-07-28 12:09:00,12,17,0,1.3,0,0,0,0,0
TXN003945,USER01450,374.42,Flipkart,Delhi,DEVICE_E,2026-03-23 15:11:00,15,29,0,8.49,0,0,0,0,0
TXN003946,USER01690,4412.33,Paytm,Delhi,DEVICE_A,2026-09-07 15:59:00,15,13,0,3.42,0,0,0,0,0
TXN003947,USER00492,582.55,Apple,Delhi,DEVICE_C,2026-10-12 04:56:00,4,34,0,4.95,1,0,0,0,0
TXN003948,USER01912,554.44,Apple,Delhi,DEVICE_D,2026-02-07 03:12:00,3,33,1,4.35,1,0,0,0,0
TXN003949,USER00896,216.86,Amazon,Pune,DEVICE_E,2026-12-12 03:00:00,3,19,0,9.3,1,0,0,0,0
TXN003950,USER00142,1873.45,Paytm,Chennai,DEVICE_C,2026-01-17 23:18:00,23,14,0,2.28,0,0,0,0,0
TXN003951,USER01337,1139.38,Zomato,Chennai,DEVICE_C,2026-07-03 19:15:00,19,6,0,15.0,0,0,0,0,0
TXN003952,USER00165,229.44,Amazon,Pune,DEVICE_E,2026-01-31 18:35:00,18,12,0,10.45,0,0,0,0,0
TXN003953,USER00314,1367.94,Zomato,Hyderabad,DEVICE_D,2026-08-19 15:23:00,15,35,0,36.63,0,0,0,0,0
TXN003954,USER00021,2309.49,Swiggy,Ahmedabad,DEVICE_D,2026-01-11 04:36:00,4,39,0,34.97,1,0,0,0,0
TXN003955,USER01106,1662.24,Myntra,Chennai,DEVICE_C,2026-07-16 18:02:00,18,33,0,34.78,0,0,0,0,0
TXN003956,USER01605,3612.8,Zomato,Ahmedabad,DEVICE_B,2026-12-09 07:17:00,7,12,0,12.68,0,0,0,0,0
TXN003957,USER01155,636.58,Netflix,Kolkata,DEVICE_C,2026-04-11 06:05:00,6,3,0,6.87,0,0,0,0,0
TXN003958,USER01623,5382.72,Zomato,Pune,DEVICE_E,2026-11-17 13:52:00,13,12,0,10.74,0,0,0,0,0
TXN003959,USER01754,1100.24,Paytm,Mumbai,DEVICE_E,2026-05-11 01:23:00,1,47,0,23.25,1,0,0,0,0
TXN003960,USER01957,2253.96,Walmart,Kolkata,DEVICE_E,2026-07-27 20:09:00,20,43,1,15.09,0,0,0,0,0
TXN003961,USER00984,3462.91,Paytm,Pune,DEVICE_D,2026-05-18 09:54:00,9,12,0,19.58,0,0,0,0,0
TXN003962,USER00305,11904.14,Swiggy,Chennai,DEVICE_A,2026-05-15 03:34:00,3,22,1,23.66,1,1,0,0,1
TXN003963,USER01939,414.45,Apple,Mumbai,DEVICE_E,2026-11-07 04:22:00,4,28,0,50.11,1,0,0,0,0
TXN003964,USER00371,563.69,Netflix,Ahmedabad,DEVICE_E,2026-07-04 00:21:00,0,32,1,57.64,1,0,0,0,0
TXN003965,USER01881,1300.98,Myntra,Mumbai,DEVICE_B,2026-03-09 21:24:00,21,22,0,36.71,0,0,0,0,0
TXN003966,USER00853,785.43,Swiggy,Ahmedabad,DEVICE_B,2026-04-19 22:27:00,22,2,0,1.35,0,0,0,0,0
TXN003967,USER00384,532.93,Apple,Delhi,DEVICE_C,2026-10-12 14:27:00,14,31,0,77.59,0,0,0,0,0
TXN003968,USER01932,278.01,Uber,Hyderabad,DEVICE_C,2026-06-07 09:08:00,9,2,0,24.32,0,0,0,0,0
TXN003969,USER00445,1228.18,Paytm,Delhi,DEVICE_C,2026-09-22 22:57:00,22,11,0,23.64,0,0,0,0,0
TXN003970,USER00425,2243.82,Swiggy,Pune,DEVICE_E,2026-08-29 06:21:00,6,3,0,0.47,0,0,0,0,0
TXN003971,USER00161,1505.73,Paytm,Delhi,DEVICE_B,2026-01-12 10:57:00,10,32,0,13.06,0,0,0,0,0
TXN003972,USER01202,252.93,Myntra,Kolkata,DEVICE_C,2026-04-13 16:43:00,16,31,0,19.7,0,0,0,0,0
TXN003973,USER00629,258.4,Apple,Ahmedabad,DEVICE_B,2026-02-18 16:54:00,16,16,0,6.53,0,0,0,0,0
TXN003974,USER01732,1158.74,Paytm,Ahmedabad,DEVICE_E,2026-01-14 17:22:00,17,8,0,1.74,0,0,0,0,0
TXN003975,USER00895,884.51,Walmart,Chennai,DEVICE_E,2026-12-26 05:52:00,5,4,0,15.2,1,0,0,0,0
TXN003976,USER00490,823.81,Zomato,Ahmedabad,DEVICE_C,2026-05-16 06:13:00,6,20,0,11.82,0,0,0,0,0
TXN003977,USER01017,854.2,Amazon,Kolkata,DEVICE_E,2026-07-14 18:32:00,18,2,1,0.9,0,0,0,0,1
TXN003978,USER00327,700.4,Myntra,Chennai,DEVICE_E,2026-10-13 02:36:00,2,38,0,14.66,1,0,0,0,0
TXN003979,USER00598,1253.81,Amazon,Kolkata,DEVICE_B,2026-11-10 07:28:00,7,2,1,2.28,0,0,0,0,0
TXN003980,USER01015,2954.55,Flipkart,Mumbai,DEVICE_A,2026-07-17 08:51:00,8,36,0,11.05,0,0,0,0,0
TXN003981,USER00289,473.06,Zomato,Chennai,DEVICE_D,2026-09-26 20:09:00,20,43,1,6.31,0,0,0,0,0
TXN003982,USER00593,1648.41,Myntra,Ahmedabad,DEVICE_C,2026-01-10 17:28:00,17,34,0,70.45,0,0,0,0,0
TXN003983,USER01688,1181.36,Swiggy,Chennai,DEVICE_A,2026-07-11 01:09:00,1,32,0,0.71,1,0,0,0,0
TXN003984,USER01597,220.35,Walmart,Kolkata,DEVICE_C,2026-06-10 20:58:00,20,2,0,16.42,0,0,0,0,0
TXN003985,USER00573,607.84,Swiggy,Bangalore,DEVICE_A,2026-11-11 15:38:00,15,47,0,3.3,0,0,0,0,0
TXN003986,USER01378,1106.65,Uber,Mumbai,DEVICE_E,2026-04-20 10:41:00,10,17,0,7.69,0,0,0,0,0
TXN003987,USER00028,7692.14,Flipkart,Pune,DEVICE_C,2026-06-17 18:35:00,18,2,0,4.06,0,0,0,0,0
TXN003988,USER00954,570.97,Walmart,Ahmedabad,DEVICE_A,2026-07-26 10:14:00,10,28,0,106.56,0,0,0,0,0
TXN003989,USER00043,633.19,Paytm,Mumbai,DEVICE_D,2026-12-02 23:47:00,23,36,0,0.66,0,0,0,0,0
TXN003990,USER01705,1590.56,Paytm,Ahmedabad,DEVICE_E,2026-09-21 14:05:00,14,4,0,15.59,0,0,0,0,0
TXN003991,USER00423,990.34,Netflix,Pune,DEVICE_C,2026-09-06 00:13:00,0,8,0,18.73,1,0,0,0,0
TXN003992,USER01622,352.3,Paytm,Bangalore,DEVICE_C,2026-08-05 05:02:00,5,11,0,29.58,1,0,0,0,0
TXN003993,USER00177,230.09,Apple,Kolkata,DEVICE_A,2026-05-22 01:14:00,1,15,0,19.67,1,0,0,0,0
TXN003994,USER00529,205.36,Flipkart,Kolkata,DEVICE_C,2026-03-13 12:53:00,12,26,0,5.26,0,0,0,0,0
TXN003995,USER01634,2356.71,Apple,Mumbai,DEVICE_E,2026-01-17 08:11:00,8,8,0,18.23,0,0,0,0,0
TXN003996,USER00966,433.8,Zomato,Kolkata,DEVICE_B,2026-07-02 20:51:00,20,49,0,73.75,0,0,0,0,0
TXN003997,USER01518,9254.96,Netflix,Hyderabad,DEVICE_A,2026-04-24 04:02:00,4,42,1,37.74,1,0,0,0,0
TXN003998,USER00198,681.76,Netflix,Hyderabad,DEVICE_D,2026-02-22 08:38:00,8,21,0,12.08,0,0,0,0,0
TXN003999,USER00610,2195.86,Paytm,Ahmedabad,DEVICE_C,2026-07-28 14:03:00,14,16,0,12.98,0,0,0,0,0
TXN004000,USER01601,385.46,Walmart,Pune,DEVICE_E,2026-02-19 04:58:00,4,0,0,2.85,1,0,0,1,1
TXN004001,USER00842,1301.03,Zomato,Bangalore,DEVICE_C,2026-08-11 15:51:00,15,2,0,16.88,0,0,0,0,0
TXN004002,USER00853,3913.33,Uber,Ahmedabad,DEVICE_D,2026-08-16 04:49:00,4,4,0,6.58,1,0,0,0,0
TXN004003,USER01541,800.44,Flipkart,Chennai,DEVICE_E,2026-12-24 01:07:00,1,21,0,2.29,1,0,0,0,0
TXN004004,USER01538,412.8,Flipkart,Ahmedabad,DEVICE_D,2026-01-05 07:20:00,7,0,0,12.86,0,0,0,1,0
TXN004005,USER00022,784.41,Myntra,Hyderabad,DEVICE_E,2026-02-20 02:42:00,2,46,0,0.92,1,0,0,0,0
TXN004006,USER01136,902.71,Swiggy,Ahmedabad,DEVICE_B,2026-06-12 22:40:00,22,48,0,2.56,0,0,0,0,0
TXN004007,USER01081,451.64,Paytm,Pune,DEVICE_E,2026-02-09 00:01:00,0,3,0,4.94,1,0,0,0,0
TXN004008,USER01090,4854.49,Myntra,Ahmedabad,DEVICE_D,2026-01-03 05:45:00,5,21,0,93.41,1,0,0,0,0
TXN004009,USER00842,1115.3,Uber,Kolkata,DEVICE_A,2026-02-16 11:40:00,11,23,1,33.06,0,0,0,0,0
TXN004010,USER00098,3471.06,Netflix,Bangalore,DEVICE_B,2026-10-25 16:41:00,16,31,0,15.61,0,0,0,0,0
TXN004011,USER01168,2884.03,Amazon,Pune,DEVICE_C,2026-06-27 14:48:00,14,45,0,5.29,0,0,0,0,0
TXN004012,USER01904,5069.93,Uber,Pune,DEVICE_B,2026-01-10 08:19:00,8,1,0,14.63,0,0,0,1,0
TXN004013,USER00435,353.13,Uber,Hyderabad,DEVICE_B,2026-08-20 11:26:00,11,35,0,20.94,0,0,0,0,0
TXN004014,USER00637,1958.81,Walmart,Delhi,DEVICE_C,2026-06-29 02:02:00,2,4,0,0.09,1,0,0,0,1
TXN004015,USER01703,696.84,Walmart,Bangalore,DEVICE_E,2026-03-27 06:53:00,6,6,0,88.28,0,0,0,0,0
TXN004016,USER01110,965.01,Walmart,Mumbai,DEVICE_B,2026-01-14 16:39:00,16,35,1,19.71,0,0,0,0,0
TXN004017,USER00588,414.55,Walmart,Pune,DEVICE_B,2026-10-02 04:28:00,4,39,0,88.87,1,0,0,0,0
TXN004018,USER00344,8888.93,Swiggy,Hyderabad,DEVICE_A,2026-08-30 18:11:00,18,42,0,12.66,0,0,0,0,0
TXN004019,USER01960,565.86,Paytm,Mumbai,DEVICE_A,2026-12-27 16:23:00,16,7,0,19.54,0,0,0,0,0
TXN004020,USER01318,1973.41,Flipkart,Bangalore,DEVICE_D,2026-12-17 16:23:00,16,35,0,12.38,0,0,0,0,0
TXN004021,USER01980,344.79,Paytm,Hyderabad,DEVICE_C,2026-01-26 10:54:00,10,42,0,0.19,0,0,0,0,0
TXN004022,USER00571,872.17,Paytm,Mumbai,DEVICE_E,2026-06-01 20:01:00,20,11,1,37.93,0,0,0,0,0
TXN004023,USER01674,2848.46,Flipkart,Ahmedabad,DEVICE_E,2026-07-10 12:15:00,12,27,1,11.92,0,0,0,0,1
TXN004024,USER00611,1499.08,Walmart,Chennai,DEVICE_D,2026-10-04 22:43:00,22,1,0,12.73,0,0,0,1,0
TXN004025,USER01728,469.9,Paytm,Pune,DEVICE_E,2026-11-22 01:03:00,1,46,0,8.92,1,0,0,0,0
TXN004026,USER00243,576.18,Swiggy,Chennai,DEVICE_E,2026-03-17 17:08:00,17,13,1,11.34,0,0,0,0,0
TXN004027,USER01855,1269.67,Walmart,Delhi,DEVICE_A,2026-02-27 08:36:00,8,18,0,25.86,0,0,0,0,0
TXN004028,USER00561,1079.7,Swiggy,Kolkata,DEVICE_E,2026-11-05 01:51:00,1,20,0,24.12,1,0,0,0,0
TXN004029,USER00960,336.4,Myntra,Bangalore,DEVICE_E,2026-09-10 15:12:00,15,29,0,33.04,0,0,0,0,0
TXN004030,USER00032,778.26,Paytm,Kolkata,DEVICE_D,2026-03-18 02:53:00,2,48,0,73.51,1,0,0,0,0
TXN004031,USER00391,961.66,Apple,Kolkata,DEVICE_D,2026-09-21 12:30:00,12,47,0,9.92,0,0,0,0,0
TXN004032,USER00277,1829.07,Swiggy,Mumbai,DEVICE_B,2026-08-01 14:44:00,14,36,0,8.28,0,0,0,0,0
TXN004033,USER00532,2729.17,Myntra,Delhi,DEVICE_E,2026-04-09 07:30:00,7,20,0,13.61,0,0,0,0,0
TXN004034,USER01178,2006.26,Zomato,Bangalore,DEVICE_E,2026-12-29 16:55:00,16,27,0,3.35,0,0,0,0,0
TXN004035,USER00383,1488.59,Zomato,Chennai,DEVICE_E,2026-02-26 13:13:00,13,32,0,28.38,0,0,0,0,0
TXN004036,USER01092,1519.88,Myntra,Kolkata,DEVICE_A,2026-03-22 09:29:00,9,41,0,17.4,0,0,0,0,0
TXN004037,USER01902,1684.7,Netflix,Mumbai,DEVICE_E,2026-03-26 22:22:00,22,6,0,4.75,0,0,0,0,0
TXN004038,USER00884,2594.37,Netflix,Kolkata,DEVICE_A,2026-11-26 09:37:00,9,41,0,39.91,0,0,0,0,0
TXN004039,USER00214,5027.64,Walmart,Hyderabad,DEVICE_B,2026-06-19 01:30:00,1,15,0,19.3,1,0,0,0,0
TXN004040,USER01679,456.98,Netflix,Chennai,DEVICE_C,2026-02-10 16:11:00,16,36,0,0.69,0,0,0,0,0
TXN004041,USER00376,732.6,Zomato,Kolkata,DEVICE_E,2026-07-18 01:29:00,1,24,0,4.38,1,0,0,0,0
TXN004042,USER00744,2722.96,Netflix,Hyderabad,DEVICE_D,2026-11-05 12:29:00,12,37,0,44.35,0,0,0,0,1
TXN004043,USER00213,447.85,Apple,Hyderabad,DEVICE_D,2026-01-14 13:04:00,13,43,0,9.59,0,0,0,0,0
TXN004044,USER00079,341.72,Zomato,Mumbai,DEVICE_E,2026-03-05 20:26:00,20,37,0,83.15,0,0,0,0,0
TXN004045,USER01750,615.54,Swiggy,Mumbai,DEVICE_A,2026-02-28 14:50:00,14,41,0,15.09,0,0,0,0,0
TXN004046,USER00628,1171.66,Uber,Hyderabad,DEVICE_D,2026-10-21 20:02:00,20,41,0,4.66,0,0,0,0,0
TXN004047,USER00604,712.97,Netflix,Delhi,DEVICE_D,2026-07-29 07:30:00,7,44,0,18.02,0,0,0,0,0
TXN004048,USER00782,1529.33,Netflix,Kolkata,DEVICE_B,2026-11-25 19:14:00,19,29,0,2.16,0,0,0,0,0
TXN004049,USER01947,849.11,Paytm,Hyderabad,DEVICE_B,2026-12-03 10:00:00,10,16,0,32.95,0,0,0,0,0
TXN004050,USER01405,803.8,Flipkart,Hyderabad,DEVICE_B,2026-07-26 20:47:00,20,15,0,19.77,0,0,0,0,0
TXN004051,USER01001,244.16,Apple,Mumbai,DEVICE_D,2026-11-23 11:51:00,11,3,0,66.46,0,0,0,0,0
TXN004052,USER00680,1879.76,Zomato,Kolkata,DEVICE_D,2026-05-18 13:38:00,13,29,1,23.43,0,0,0,0,0
TXN004053,USER00058,1902.13,Zomato,Bangalore,DEVICE_E,2026-05-25 03:06:00,3,19,0,1.01,1,0,0,0,0
TXN004054,USER01820,926.76,Amazon,Chennai,DEVICE_E,2026-12-11 06:25:00,6,34,0,12.94,0,0,0,0,0
TXN004055,USER01050,1254.0,Flipkart,Mumbai,DEVICE_A,2026-10-20 23:45:00,23,4,0,15.16,0,0,0,0,0
TXN004056,USER00881,1251.62,Netflix,Kolkata,DEVICE_D,2026-07-28 03:26:00,3,44,0,49.72,1,0,0,0,0
TXN004057,USER00447,2824.91,Myntra,Kolkata,DEVICE_E,2026-02-14 07:23:00,7,13,0,11.33,0,0,0,0,0
TXN004058,USER00066,1340.07,Paytm,Ahmedabad,DEVICE_E,2026-06-13 21:23:00,21,40,0,18.0,0,0,0,0,0
TXN004059,USER01945,329.68,Swiggy,Pune,DEVICE_B,2026-09-26 09:57:00,9,40,0,4.11,0,0,0,0,0
TXN004060,USER01784,6106.87,Paytm,Delhi,DEVICE_B,2026-06-13 18:29:00,18,39,1,5.61,0,0,0,0,1
TXN004061,USER01278,3498.41,Netflix,Chennai,DEVICE_B,2026-09-06 04:55:00,4,27,0,15.91,1,0,0,0,1
TXN004062,USER01923,1146.81,Amazon,Mumbai,DEVICE_C,2026-10-27 00:21:00,0,9,1,23.88,1,0,0,0,0
TXN004063,USER01992,1260.63,Uber,Mumbai,DEVICE_E,2026-01-26 22:03:00,22,29,0,11.43,0,0,0,0,0
TXN004064,USER01068,1422.77,Zomato,Bangalore,DEVICE_B,2026-01-08 19:06:00,19,49,1,11.34,0,0,0,0,1
TXN004065,USER01121,548.07,Swiggy,Pune,DEVICE_B,2026-02-21 14:55:00,14,31,1,5.91,0,0,0,0,0
TXN004066,USER01578,2991.08,Flipkart,Pune,DEVICE_D,2026-01-28 03:33:00,3,11,1,23.96,1,0,0,0,0
TXN004067,USER01012,2723.01,Netflix,Delhi,DEVICE_B,2026-10-19 21:05:00,21,44,0,0.11,0,0,0,0,0
TXN004068,USER00227,1014.52,Apple,Ahmedabad,DEVICE_D,2026-06-10 22:50:00,22,15,1,14.38,0,0,0,0,1
TXN004069,USER00774,2008.51,Myntra,Ahmedabad,DEVICE_A,2026-05-25 06:30:00,6,25,1,0.07,0,0,0,0,0
TXN004070,USER00679,2804.59,Paytm,Pune,DEVICE_B,2026-01-24 08:37:00,8,34,0,18.0,0,0,0,0,0
TXN004071,USER01460,1345.22,Amazon,Delhi,DEVICE_D,2026-05-10 15:47:00,15,40,0,0.63,0,0,0,0,0
TXN004072,USER01815,433.66,Uber,Ahmedabad,DEVICE_B,2026-12-25 13:47:00,13,15,0,56.29,0,0,0,0,0
TXN004073,USER00601,2032.88,Walmart,Kolkata,DEVICE_A,2026-10-23 21:22:00,21,16,0,13.0,0,0,0,0,0
TXN004074,USER00379,1153.7,Myntra,Kolkata,DEVICE_B,2026-08-04 02:22:00,2,47,0,23.04,1,0,0,0,1
TXN004075,USER01202,409.42,Netflix,Mumbai,DEVICE_D,2026-05-26 14:18:00,14,22,0,38.43,0,0,0,0,0
TXN004076,USER01451,2783.28,Uber,Ahmedabad,DEVICE_A,2026-10-16 08:57:00,8,41,0,5.37,0,0,0,0,0
TXN004077,USER01939,1357.36,Myntra,Bangalore,DEVICE_A,2026-10-27 01:59:00,1,21,0,15.53,1,0,0,0,0
TXN004078,USER00709,891.97,Myntra,Mumbai,DEVICE_A,2026-05-31 14:15:00,14,49,0,39.82,0,0,0,0,0
TXN004079,USER00307,7078.72,Zomato,Pune,DEVICE_C,2026-05-21 02:56:00,2,20,0,15.43,1,0,0,0,0
TXN004080,USER00779,671.41,Myntra,Hyderabad,DEVICE_D,2026-02-02 03:13:00,3,33,0,9.98,1,0,0,0,0
TXN004081,USER00504,469.38,Apple,Kolkata,DEVICE_C,2026-09-03 08:15:00,8,45,0,9.2,0,0,0,0,0
TXN004082,USER00268,1262.47,Uber,Hyderabad,DEVICE_A,2026-12-11 06:04:00,6,4,0,9.69,0,0,0,0,0
TXN004083,USER01610,953.75,Netflix,Pune,DEVICE_C,2026-08-07 14:53:00,14,37,0,19.11,0,0,0,0,0
TXN004084,USER00008,663.29,Netflix,Ahmedabad,DEVICE_B,2026-01-17 10:12:00,10,30,0,0.93,0,0,0,0,0
TXN004085,USER01944,3896.73,Apple,Bangalore,DEVICE_C,2026-01-31 14:36:00,14,32,0,10.74,0,0,0,0,0
TXN004086,USER00508,399.41,Flipkart,Mumbai,DEVICE_E,2026-05-23 12:07:00,12,46,0,16.45,0,0,0,0,0
TXN004087,USER00476,1449.22,Uber,Kolkata,DEVICE_A,2026-12-20 14:55:00,14,2,0,30.87,0,0,0,0,0
TXN004088,USER01321,1186.3,Myntra,Bangalore,DEVICE_A,2026-02-17 15:34:00,15,18,0,15.1,0,0,0,0,0
TXN004089,USER00164,1085.8,Amazon,Mumbai,DEVICE_D,2026-07-24 23:47:00,23,17,0,52.12,0,0,0,0,0
TXN004090,USER00485,3102.1,Swiggy,Mumbai,DEVICE_B,2026-07-12 16:33:00,16,27,1,11.73,0,0,0,0,0
TXN004091,USER01621,6965.13,Uber,Hyderabad,DEVICE_D,2026-05-02 12:09:00,12,14,0,21.04,0,0,0,0,0
TXN004092,USER01096,1096.93,Walmart,Chennai,DEVICE_C,2026-12-01 17:01:00,17,49,0,0.35,0,0,0,0,0
TXN004093,USER00567,2439.05,Amazon,Pune,DEVICE_E,2026-07-22 16:13:00,16,32,1,5.45,0,0,0,0,1
TXN004094,USER00905,1137.6,Apple,Delhi,DEVICE_E,2026-02-01 22:23:00,22,27,1,33.8,0,0,0,0,1
TXN004095,USER00559,1177.28,Myntra,Kolkata,DEVICE_E,2026-10-22 05:28:00,5,45,1,17.65,1,0,0,0,0
TXN004096,USER01935,1646.2,Flipkart,Delhi,DEVICE_E,2026-05-19 13:23:00,13,48,0,58.44,0,0,0,0,0
TXN004097,USER01968,1276.23,Walmart,Ahmedabad,DEVICE_B,2026-10-04 07:53:00,7,7,0,27.96,0,0,0,0,0
TXN004098,USER00238,482.89,Flipkart,Bangalore,DEVICE_C,2026-04-13 01:19:00,1,39,1,11.94,1,0,0,0,0
TXN004099,USER01128,3634.0,Flipkart,Ahmedabad,DEVICE_E,2026-05-18 01:02:00,1,48,1,30.17,1,0,0,0,0
TXN004100,USER01234,1643.4,Paytm,Ahmedabad,DEVICE_A,2026-10-17 21:11:00,21,29,0,12.61,0,0,0,0,0
TXN004101,USER00554,1051.49,Zomato,Delhi,DEVICE_C,2026-12-19 06:53:00,6,0,0,8.01,0,0,0,1,1
TXN004102,USER00828,624.02,Walmart,Hyderabad,DEVICE_B,2026-08-06 10:01:00,10,6,0,0.96,0,0,0,0,0
TXN004103,USER00468,1426.23,Swiggy,Chennai,DEVICE_E,2026-06-22 16:49:00,16,13,0,40.14,0,0,0,0,0
TXN004104,USER01478,881.09,Zomato,Kolkata,DEVICE_B,2026-02-02 08:06:00,8,20,0,10.86,0,0,0,0,0
TXN004105,USER01292,1292.01,Walmart,Pune,DEVICE_E,2026-06-06 04:23:00,4,5,0,23.11,1,0,0,0,0
TXN004106,USER00386,925.2,Flipkart,Mumbai,DEVICE_A,2026-09-21 11:12:00,11,16,0,3.32,0,0,0,0,0
TXN004107,USER00775,519.07,Zomato,Mumbai,DEVICE_C,2026-06-11 20:30:00,20,13,0,35.32,0,0,0,0,0
TXN004108,USER00848,4672.03,Walmart,Pune,DEVICE_A,2026-04-30 18:49:00,18,6,0,34.77,0,0,0,0,0
TXN004109,USER00387,468.99,Swiggy,Hyderabad,DEVICE_E,2026-06-28 07:01:00,7,14,0,13.16,0,0,0,0,0
TXN004110,USER00877,543.11,Amazon,Kolkata,DEVICE_D,2026-08-19 10:52:00,10,7,0,22.3,0,0,0,0,0
TXN004111,USER00259,2018.98,Uber,Delhi,DEVICE_C,2026-09-26 22:06:00,22,47,0,14.74,0,0,0,0,0
TXN004112,USER00283,1449.25,Myntra,Pune,DEVICE_B,2026-11-11 05:51:00,5,9,0,16.07,1,0,0,0,0
TXN004113,USER01650,1987.54,Walmart,Mumbai,DEVICE_E,2026-11-11 14:54:00,14,28,0,43.93,0,0,0,0,0
TXN004114,USER01899,1724.73,Swiggy,Delhi,DEVICE_A,2026-10-16 17:25:00,17,40,0,68.17,0,0,0,0,0
TXN004115,USER00040,556.83,Uber,Hyderabad,DEVICE_D,2026-03-28 03:17:00,3,18,0,9.16,1,0,0,0,0
TXN004116,USER00486,2004.13,Zomato,Mumbai,DEVICE_E,2026-05-13 22:00:00,22,1,0,8.06,0,0,0,1,0
TXN004117,USER00929,614.8,Walmart,Bangalore,DEVICE_B,2026-09-17 12:24:00,12,7,0,7.24,0,0,0,0,0
TXN004118,USER00220,2831.04,Walmart,Chennai,DEVICE_A,2026-07-14 19:05:00,19,29,0,29.46,0,0,0,0,0
TXN004119,USER01153,446.65,Apple,Delhi,DEVICE_C,2026-08-11 11:46:00,11,42,0,25.67,0,0,0,0,0
TXN004120,USER01015,537.17,Walmart,Pune,DEVICE_D,2026-01-01 01:39:00,1,35,0,0.9,1,0,0,0,0
TXN004121,USER01024,550.96,Myntra,Kolkata,DEVICE_E,2026-03-24 03:54:00,3,49,1,1.85,1,0,0,0,0
TXN004122,USER01544,1449.85,Apple,Delhi,DEVICE_E,2026-02-22 08:44:00,8,17,0,20.78,0,0,0,0,0
TXN004123,USER00613,1046.46,Uber,Delhi,DEVICE_E,2026-06-26 04:09:00,4,1,0,6.43,1,0,0,1,0
TXN004124,USER00928,1215.93,Zomato,Delhi,DEVICE_E,2026-11-07 05:42:00,5,4,0,1.92,1,0,0,0,0
TXN004125,USER01916,986.2,Zomato,Pune,DEVICE_A,2026-02-28 12:26:00,12,45,0,10.68,0,0,0,0,0
TXN004126,USER00688,1045.4,Netflix,Hyderabad,DEVICE_C,2026-01-01 03:44:00,3,12,1,41.99,1,0,0,0,0
TXN004127,USER01643,710.65,Netflix,Hyderabad,DEVICE_B,2026-07-25 19:12:00,19,39,0,9.12,0,0,0,0,0
TXN004128,USER00613,281.48,Uber,Kolkata,DEVICE_D,2026-03-02 07:50:00,7,10,1,23.79,0,0,0,0,0
TXN004129,USER00260,312.44,Paytm,Hyderabad,DEVICE_E,2026-01-06 21:33:00,21,7,0,46.17,0,0,0,0,0
TXN004130,USER00990,533.1,Swiggy,Pune,DEVICE_E,2026-02-06 08:47:00,8,46,1,3.71,0,0,0,0,0
TXN004131,USER00966,820.68,Paytm,Kolkata,DEVICE_C,2026-02-14 04:29:00,4,37,0,18.82,1,0,0,0,0
TXN004132,USER00366,4097.47,Swiggy,Ahmedabad,DEVICE_C,2026-10-04 05:46:00,5,16,1,47.65,1,0,0,0,1
TXN004133,USER01782,438.19,Apple,Kolkata,DEVICE_A,2026-06-18 15:10:00,15,10,0,4.3,0,0,0,0,0
TXN004134,USER01811,410.26,Uber,Hyderabad,DEVICE_A,2026-04-14 09:33:00,9,25,0,89.68,0,0,0,0,0
TXN004135,USER00544,213.07,Swiggy,Ahmedabad,DEVICE_A,2026-06-15 17:15:00,17,38,0,9.09,0,0,0,0,0
TXN004136,USER00649,1721.78,Netflix,Mumbai,DEVICE_D,2026-11-01 23:36:00,23,33,0,4.91,0,0,0,0,0
TXN004137,USER01548,904.96,Netflix,Hyderabad,DEVICE_A,2026-08-02 22:17:00,22,2,0,36.38,0,0,0,0,0
TXN004138,USER01931,342.16,Flipkart,Mumbai,DEVICE_E,2026-05-22 04:24:00,4,49,0,12.62,1,0,0,0,0
TXN004139,USER00814,1068.77,Swiggy,Bangalore,DEVICE_A,2026-05-20 03:55:00,3,24,0,22.21,1,0,0,0,0
TXN004140,USER01911,648.73,Uber,Hyderabad,DEVICE_D,2026-06-09 04:31:00,4,23,0,13.45,1,0,0,0,0
TXN004141,USER01040,3518.09,Amazon,Bangalore,DEVICE_A,2026-06-13 02:04:00,2,22,0,20.63,1,0,0,0,0
TXN004142,USER01153,599.77,Apple,Hyderabad,DEVICE_A,2026-07-31 00:01:00,0,29,0,0.72,1,0,0,0,0
TXN004143,USER00575,5055.89,Walmart,Bangalore,DEVICE_E,2026-09-07 02:02:00,2,45,0,8.62,1,0,0,0,0
TXN004144,USER01133,1280.5,Walmart,Chennai,DEVICE_E,2026-05-05 17:28:00,17,40,0,21.42,0,0,0,0,0
TXN004145,USER01911,768.63,Swiggy,Bangalore,DEVICE_E,2026-05-18 04:32:00,4,39,0,8.64,1,0,0,0,0
TXN004146,USER01013,870.21,Paytm,Mumbai,DEVICE_A,2026-04-03 20:21:00,20,26,0,29.9,0,0,0,0,0
TXN004147,USER01557,1427.83,Apple,Delhi,DEVICE_E,2026-03-07 08:34:00,8,49,0,64.82,0,0,0,0,0
TXN004148,USER00670,861.47,Zomato,Kolkata,DEVICE_C,2026-07-21 15:10:00,15,43,0,0.76,0,0,0,0,0
TXN004149,USER00269,476.72,Myntra,Bangalore,DEVICE_B,2026-09-23 19:39:00,19,43,0,38.66,0,0,0,0,0
TXN004150,USER01186,1934.94,Walmart,Delhi,DEVICE_B,2026-11-14 18:23:00,18,9,0,3.7,0,0,0,0,0
TXN004151,USER01284,2676.77,Netflix,Pune,DEVICE_E,2026-11-29 23:04:00,23,8,0,49.86,0,0,0,0,0
TXN004152,USER00924,2764.07,Apple,Chennai,DEVICE_D,2026-12-24 18:01:00,18,1,0,58.67,0,0,0,1,0
TXN004153,USER01126,949.33,Paytm,Chennai,DEVICE_E,2026-12-06 00:08:00,0,20,0,16.84,1,0,0,0,0
TXN004154,USER01530,2929.71,Uber,Ahmedabad,DEVICE_E,2026-08-08 13:16:00,13,10,0,13.04,0,0,0,0,0
TXN004155,USER01759,1456.7,Paytm,Pune,DEVICE_A,2026-03-08 14:16:00,14,9,0,28.42,0,0,0,0,0
TXN004156,USER01595,842.67,Apple,Pune,DEVICE_D,2026-03-28 01:13:00,1,24,1,50.03,1,0,0,0,0
TXN004157,USER00247,661.88,Zomato,Ahmedabad,DEVICE_E,2026-12-14 23:12:00,23,39,0,5.29,0,0,0,0,0
TXN004158,USER01664,2511.42,Walmart,Pune,DEVICE_C,2026-04-09 13:54:00,13,4,0,9.64,0,0,0,0,0
TXN004159,USER01819,241.15,Netflix,Mumbai,DEVICE_B,2026-03-20 12:52:00,12,21,0,10.81,0,0,0,0,0
TXN004160,USER01861,3827.14,Amazon,Pune,DEVICE_C,2026-10-17 22:28:00,22,4,0,37.39,0,0,0,0,0
TXN004161,USER01561,1228.31,Uber,Mumbai,DEVICE_C,2026-06-23 11:29:00,11,8,0,2.94,0,0,0,0,0
TXN004162,USER00131,640.78,Netflix,Ahmedabad,DEVICE_C,2026-10-18 07:34:00,7,10,0,19.51,0,0,0,0,0
TXN004163,USER00353,576.3,Zomato,Bangalore,DEVICE_D,2026-01-24 15:05:00,15,43,0,8.64,0,0,0,0,0
TXN004164,USER00196,735.88,Myntra,Ahmedabad,DEVICE_D,2026-03-27 03:52:00,3,4,0,43.35,1,0,0,0,0
TXN004165,USER01817,2070.03,Zomato,Hyderabad,DEVICE_D,2026-01-27 07:04:00,7,5,0,8.3,0,0,0,0,0
TXN004166,USER01940,1451.61,Zomato,Pune,DEVICE_B,2026-10-16 16:10:00,16,32,0,76.29,0,0,0,0,1
TXN004167,USER00930,725.55,Walmart,Pune,DEVICE_A,2026-02-10 15:41:00,15,15,0,0.32,0,0,0,0,0
TXN004168,USER01690,673.99,Apple,Chennai,DEVICE_E,2026-07-29 02:12:00,2,45,1,5.48,1,0,0,0,0
TXN004169,USER01406,1454.81,Apple,Ahmedabad,DEVICE_E,2026-11-04 19:50:00,19,23,0,12.22,0,0,0,0,0
TXN004170,USER01022,12955.61,Netflix,Ahmedabad,DEVICE_A,2026-01-07 18:24:00,18,13,1,5.92,0,1,0,0,1
TXN004171,USER00645,12837.16,Myntra,Delhi,DEVICE_E,2026-10-25 11:11:00,11,23,1,26.74,0,1,0,0,1
TXN004172,USER00227,2824.47,Myntra,Hyderabad,DEVICE_C,2026-06-21 23:14:00,23,44,1,33.7,0,0,0,0,0
TXN004173,USER00701,546.2,Paytm,Chennai,DEVICE_B,2026-10-11 22:48:00,22,11,1,23.91,0,0,0,0,1
TXN004174,USER01500,2161.73,Amazon,Bangalore,DEVICE_E,2026-04-12 17:44:00,17,22,1,70.4,0,0,0,0,0
TXN004175,USER01501,561.31,Zomato,Pune,DEVICE_B,2026-05-26 16:13:00,16,38,0,12.18,0,0,0,0,0
TXN004176,USER00265,892.49,Amazon,Chennai,DEVICE_A,2026-11-10 12:23:00,12,5,0,78.01,0,0,0,0,0
TXN004177,USER01396,3748.37,Flipkart,Mumbai,DEVICE_E,2026-12-06 19:25:00,19,40,0,2.66,0,0,0,0,0
TXN004178,USER01510,880.36,Swiggy,Delhi,DEVICE_B,2026-04-10 19:06:00,19,20,0,37.41,0,0,0,0,0
TXN004179,USER01458,850.19,Zomato,Delhi,DEVICE_C,2026-01-10 08:09:00,8,47,0,0.78,0,0,0,0,0
TXN004180,USER00646,695.64,Amazon,Mumbai,DEVICE_C,2026-02-26 07:17:00,7,8,0,15.18,0,0,0,0,0
TXN004181,USER00211,525.63,Walmart,Ahmedabad,DEVICE_A,2026-05-21 01:05:00,1,45,0,13.25,1,0,0,0,0
TXN004182,USER01596,866.38,Swiggy,Pune,DEVICE_D,2026-09-18 07:43:00,7,40,1,38.8,0,0,0,0,0
TXN004183,USER01964,2135.35,Myntra,Pune,DEVICE_E,2026-09-20 11:33:00,11,35,0,24.13,0,0,0,0,0
TXN004184,USER01401,2016.64,Zomato,Hyderabad,DEVICE_C,2026-08-28 16:47:00,16,40,0,11.63,0,0,0,0,0
TXN004185,USER01419,1428.59,Zomato,Mumbai,DEVICE_C,2026-01-21 07:52:00,7,39,0,45.2,0,0,0,0,0
TXN004186,USER01474,3161.32,Myntra,Pune,DEVICE_A,2026-08-27 05:14:00,5,45,0,43.41,1,0,0,0,0
TXN004187,USER00943,232.27,Paytm,Delhi,DEVICE_C,2026-08-14 05:39:00,5,4,1,0.5,1,0,0,0,0
TXN004188,USER01388,1149.77,Walmart,Pune,DEVICE_E,2026-09-04 22:55:00,22,47,0,40.96,0,0,0,0,0
TXN004189,USER01900,579.35,Zomato,Bangalore,DEVICE_A,2026-10-11 00:33:00,0,41,0,14.96,1,0,0,0,0
TXN004190,USER00457,6541.54,Amazon,Pune,DEVICE_B,2026-01-13 15:16:00,15,30,0,36.52,0,0,0,0,0
TXN004191,USER00725,870.91,Zomato,Hyderabad,DEVICE_A,2026-02-14 10:23:00,10,34,0,4.0,0,0,0,0,0
TXN004192,USER01752,2137.66,Swiggy,Kolkata,DEVICE_E,2026-07-07 15:30:00,15,40,0,3.28,0,0,0,0,0
TXN004193,USER01250,2690.68,Zomato,Chennai,DEVICE_E,2026-06-26 04:05:00,4,2,0,25.62,1,0,0,0,0
TXN004194,USER00982,783.67,Amazon,Kolkata,DEVICE_B,2026-09-04 23:56:00,23,18,0,6.44,0,0,0,0,0
TXN004195,USER01155,2531.76,Uber,Bangalore,DEVICE_A,2026-08-21 08:09:00,8,18,0,16.37,0,0,0,0,0
TXN004196,USER00588,2802.03,Swiggy,Kolkata,DEVICE_E,2026-12-28 14:46:00,14,0,1,23.35,0,0,0,1,0
TXN004197,USER00476,2232.35,Netflix,Pune,DEVICE_E,2026-06-30 21:56:00,21,21,0,18.85,0,0,0,0,0
TXN004198,USER01822,685.44,Netflix,Hyderabad,DEVICE_B,2026-07-04 16:07:00,16,18,0,24.01,0,0,0,0,0
TXN004199,USER00986,302.6,Swiggy,Delhi,DEVICE_D,2026-02-08 04:59:00,4,25,0,19.37,1,0,0,0,0
TXN004200,USER01301,7514.38,Walmart,Delhi,DEVICE_A,2026-01-08 10:30:00,10,14,0,9.53,0,0,0,0,0
TXN004201,USER00156,844.14,Uber,Bangalore,DEVICE_E,2026-12-11 03:38:00,3,18,1,1.9,1,0,0,0,1
TXN004202,USER01784,2707.85,Swiggy,Kolkata,DEVICE_C,2026-05-27 03:26:00,3,24,0,38.67,1,0,0,0,0
TXN004203,USER01242,721.84,Amazon,Ahmedabad,DEVICE_B,2026-04-04 14:15:00,14,38,1,37.42,0,0,0,0,0
TXN004204,USER00190,7244.77,Flipkart,Ahmedabad,DEVICE_D,2026-11-12 09:25:00,9,30,0,0.11,0,0,0,0,0
TXN004205,USER01441,700.32,Apple,Hyderabad,DEVICE_D,2026-01-04 18:11:00,18,29,0,36.76,0,0,0,0,0
TXN004206,USER00981,1200.53,Zomato,Chennai,DEVICE_B,2026-11-13 23:42:00,23,32,0,3.27,0,0,0,0,0
TXN004207,USER01699,8864.55,Paytm,Pune,DEVICE_D,2026-03-03 20:24:00,20,15,0,8.1,0,0,0,0,0
TXN004208,USER01716,260.22,Uber,Kolkata,DEVICE_E,2026-07-11 23:13:00,23,39,0,10.67,0,0,0,0,0
TXN004209,USER00546,3247.27,Amazon,Ahmedabad,DEVICE_D,2026-10-16 11:37:00,11,11,0,22.77,0,0,0,0,0
TXN004210,USER00041,1071.97,Paytm,Ahmedabad,DEVICE_A,2026-06-15 07:40:00,7,27,0,1.94,0,0,0,0,0
TXN004211,USER00307,2073.29,Netflix,Kolkata,DEVICE_C,2026-12-26 09:34:00,9,29,0,35.05,0,0,0,0,0
TXN004212,USER00943,801.75,Swiggy,Chennai,DEVICE_E,2026-08-13 11:20:00,11,5,0,57.21,0,0,0,0,0
TXN004213,USER00338,4781.13,Uber,Mumbai,DEVICE_B,2026-11-19 17:13:00,17,41,0,61.02,0,0,0,0,0
TXN004214,USER01338,528.09,Myntra,Pune,DEVICE_C,2026-09-28 00:39:00,0,13,0,1.93,1,0,0,0,1
TXN004215,USER01099,1133.94,Zomato,Bangalore,DEVICE_E,2026-05-09 07:41:00,7,4,0,50.36,0,0,0,0,0
TXN004216,USER00953,2544.99,Apple,Pune,DEVICE_C,2026-05-23 05:45:00,5,35,0,16.78,1,0,0,0,1
TXN004217,USER00279,524.07,Netflix,Hyderabad,DEVICE_D,2026-06-13 13:49:00,13,22,0,25.96,0,0,0,0,0
TXN004218,USER01200,1229.86,Swiggy,Bangalore,DEVICE_B,2026-10-20 12:41:00,12,31,0,53.36,0,0,0,0,0
TXN004219,USER00896,435.88,Zomato,Chennai,DEVICE_B,2026-08-18 22:30:00,22,30,0,21.63,0,0,0,0,0
TXN004220,USER01686,763.78,Netflix,Hyderabad,DEVICE_A,2026-09-29 11:42:00,11,13,0,12.2,0,0,0,0,0
TXN004221,USER00273,11638.75,Myntra,Delhi,DEVICE_D,2026-04-10 10:54:00,10,31,1,14.89,0,1,0,0,1
TXN004222,USER00837,3667.9,Paytm,Delhi,DEVICE_A,2026-10-04 12:01:00,12,48,1,23.07,0,0,0,0,0
TXN004223,USER00620,1997.31,Apple,Pune,DEVICE_A,2026-03-11 06:11:00,6,26,1,57.9,0,0,0,0,0
TXN004224,USER01675,1528.91,Apple,Hyderabad,DEVICE_D,2026-05-24 05:45:00,5,0,0,44.11,1,0,0,1,0
TXN004225,USER00862,267.95,Zomato,Bangalore,DEVICE_E,2026-03-12 18:41:00,18,48,0,17.21,0,0,0,0,0
TXN004226,USER01807,926.89,Amazon,Bangalore,DEVICE_A,2026-06-21 01:31:00,1,8,0,4.74,1,0,0,0,1
TXN004227,USER01883,2515.1,Zomato,Delhi,DEVICE_C,2026-10-24 15:32:00,15,15,0,8.52,0,0,0,0,0
TXN004228,USER00931,736.56,Netflix,Delhi,DEVICE_E,2026-02-09 22:58:00,22,34,0,8.98,0,0,0,0,0
TXN004229,USER00289,1517.03,Amazon,Chennai,DEVICE_D,2026-03-07 18:10:00,18,9,0,6.83,0,0,0,0,0
TXN004230,USER00724,444.5,Apple,Hyderabad,DEVICE_B,2026-08-10 22:54:00,22,48,0,27.47,0,0,0,0,0
TXN004231,USER00893,411.98,Flipkart,Bangalore,DEVICE_E,2026-01-26 18:08:00,18,15,0,36.16,0,0,0,0,0
TXN004232,USER00272,8545.03,Apple,Ahmedabad,DEVICE_A,2026-01-14 15:58:00,15,29,0,7.71,0,0,0,0,0
TXN004233,USER01954,7451.8,Zomato,Chennai,DEVICE_C,2026-10-25 15:15:00,15,32,0,37.43,0,0,0,0,0
TXN004234,USER01090,1015.38,Netflix,Bangalore,DEVICE_D,2026-01-26 23:39:00,23,14,0,26.52,0,0,0,0,0
TXN004235,USER00483,544.4,Amazon,Delhi,DEVICE_B,2026-04-08 20:05:00,20,38,1,11.64,0,0,0,0,0
TXN004236,USER00936,469.66,Swiggy,Hyderabad,DEVICE_C,2026-03-13 05:14:00,5,7,0,23.99,1,0,0,0,0
TXN004237,USER00248,1574.13,Amazon,Mumbai,DEVICE_B,2026-11-02 19:17:00,19,3,0,29.34,0,0,0,0,0
TXN004238,USER00156,6255.58,Myntra,Hyderabad,DEVICE_D,2026-11-01 18:35:00,18,43,0,16.47,0,0,0,0,0
TXN004239,USER01071,584.68,Walmart,Kolkata,DEVICE_E,2026-09-27 11:31:00,11,1,0,11.71,0,0,0,1,0
TXN004240,USER01959,1311.91,Walmart,Ahmedabad,DEVICE_A,2026-10-25 12:36:00,12,6,0,2.15,0,0,0,0,0
TXN004241,USER00454,1253.7,Uber,Ahmedabad,DEVICE_D,2026-12-14 04:16:00,4,37,0,0.03,1,0,0,0,0
TXN004242,USER00201,4910.38,Paytm,Ahmedabad,DEVICE_C,2026-04-16 10:55:00,10,33,0,55.37,0,0,0,0,0
TXN004243,USER01684,1411.77,Uber,Mumbai,DEVICE_E,2026-08-01 15:41:00,15,24,0,6.23,0,0,0,0,0
TXN004244,USER00124,312.16,Uber,Pune,DEVICE_B,2026-10-12 14:19:00,14,6,0,21.75,0,0,0,0,0
TXN004245,USER00001,2158.81,Amazon,Pune,DEVICE_E,2026-12-15 11:57:00,11,24,0,57.42,0,0,0,0,0
TXN004246,USER00968,1279.08,Netflix,Chennai,DEVICE_E,2026-06-08 10:32:00,10,1,0,34.11,0,0,0,1,0
TXN004247,USER01783,502.49,Uber,Mumbai,DEVICE_C,2026-06-17 16:19:00,16,25,1,2.62,0,0,0,0,1
TXN004248,USER00855,2847.12,Zomato,Mumbai,DEVICE_A,2026-03-20 04:52:00,4,35,0,32.38,1,0,0,0,0
TXN004249,USER00640,827.52,Amazon,Chennai,DEVICE_E,2026-12-25 18:24:00,18,47,1,25.92,0,0,0,0,0
TXN004250,USER00191,1480.45,Netflix,Hyderabad,DEVICE_E,2026-06-07 05:20:00,5,37,0,7.99,1,0,0,0,0
TXN004251,USER01603,1248.92,Walmart,Chennai,DEVICE_A,2026-06-26 16:32:00,16,41,0,23.4,0,0,0,0,0
TXN004252,USER00516,838.19,Flipkart,Kolkata,DEVICE_A,2026-09-23 00:06:00,0,45,0,34.96,1,0,0,0,0
TXN004253,USER00442,528.22,Zomato,Delhi,DEVICE_B,2026-08-31 12:54:00,12,2,1,6.89,0,0,0,0,0
TXN004254,USER01945,1814.58,Swiggy,Pune,DEVICE_B,2026-01-25 16:24:00,16,45,0,40.66,0,0,0,0,0
TXN004255,USER01839,365.7,Paytm,Delhi,DEVICE_A,2026-10-17 05:35:00,5,28,1,1.64,1,0,0,0,0
TXN004256,USER01830,2529.02,Swiggy,Pune,DEVICE_D,2026-05-29 17:33:00,17,10,0,14.99,0,0,0,0,0
TXN004257,USER00143,508.51,Netflix,Mumbai,DEVICE_A,2026-12-22 22:32:00,22,42,0,5.31,0,0,0,0,0
TXN004258,USER01215,384.38,Myntra,Ahmedabad,DEVICE_B,2026-01-05 21:58:00,21,20,0,26.04,0,0,0,0,0
TXN004259,USER00533,3874.26,Netflix,Chennai,DEVICE_C,2026-07-20 08:59:00,8,42,0,3.84,0,0,0,0,0
TXN004260,USER00227,1193.39,Flipkart,Chennai,DEVICE_C,2026-09-12 20:33:00,20,3,0,8.35,0,0,0,0,0
TXN004261,USER01337,197.6,Walmart,Chennai,DEVICE_E,2026-08-07 02:59:00,2,4,0,2.73,1,0,0,0,0
TXN004262,USER01653,1084.08,Apple,Ahmedabad,DEVICE_C,2026-11-03 09:35:00,9,5,0,33.42,0,0,0,0,0
TXN004263,USER00949,1901.06,Netflix,Kolkata,DEVICE_B,2026-05-01 22:25:00,22,21,0,2.84,0,0,0,0,0
TXN004264,USER01326,1948.38,Walmart,Kolkata,DEVICE_C,2026-12-06 08:42:00,8,45,0,25.69,0,0,0,0,0
TXN004265,USER01678,546.53,Swiggy,Ahmedabad,DEVICE_D,2026-01-20 03:22:00,3,38,0,24.57,1,0,0,0,0
TXN004266,USER00460,620.88,Netflix,Hyderabad,DEVICE_A,2026-04-12 03:56:00,3,5,0,3.07,1,0,0,0,0
TXN004267,USER01425,1270.1,Netflix,Ahmedabad,DEVICE_A,2026-01-06 23:27:00,23,13,0,16.7,0,0,0,0,0
TXN004268,USER00551,2792.44,Uber,Bangalore,DEVICE_B,2026-08-12 15:14:00,15,21,0,13.74,0,0,0,0,0
TXN004269,USER00393,335.74,Swiggy,Pune,DEVICE_E,2026-05-22 18:38:00,18,15,1,18.05,0,0,0,0,0
TXN004270,USER01891,353.44,Paytm,Bangalore,DEVICE_A,2026-01-25 13:41:00,13,31,0,55.36,0,0,0,0,0
TXN004271,USER01788,3765.82,Paytm,Bangalore,DEVICE_C,2026-04-14 13:42:00,13,35,1,1.68,0,0,0,0,1
TXN004272,USER00845,3280.92,Zomato,Ahmedabad,DEVICE_D,2026-08-28 12:22:00,12,49,0,34.35,0,0,0,0,0
TXN004273,USER01231,469.6,Myntra,Pune,DEVICE_E,2026-12-30 10:02:00,10,6,0,39.63,0,0,0,0,0
TXN004274,USER00210,773.76,Apple,Hyderabad,DEVICE_E,2026-11-30 09:48:00,9,22,0,2.7,0,0,0,0,0
TXN004275,USER01139,7310.89,Netflix,Chennai,DEVICE_E,2026-03-28 18:39:00,18,13,0,21.35,0,0,0,0,0
TXN004276,USER01761,2421.55,Netflix,Bangalore,DEVICE_A,2026-11-26 02:28:00,2,46,0,24.22,1,0,0,0,1
TXN004277,USER00646,1048.99,Zomato,Ahmedabad,DEVICE_E,2026-11-07 02:12:00,2,5,0,15.91,1,0,0,0,0
TXN004278,USER01275,3066.46,Myntra,Chennai,DEVICE_B,2026-05-12 09:05:00,9,41,0,13.98,0,0,0,0,0
TXN004279,USER00219,710.35,Swiggy,Ahmedabad,DEVICE_C,2026-08-22 13:42:00,13,24,0,7.65,0,0,0,0,0
TXN004280,USER00407,1263.93,Netflix,Mumbai,DEVICE_D,2026-03-01 09:43:00,9,2,0,23.36,0,0,0,0,0
TXN004281,USER01467,829.71,Walmart,Bangalore,DEVICE_C,2026-09-01 14:34:00,14,12,0,6.72,0,0,0,0,0
TXN004282,USER01627,2073.24,Amazon,Mumbai,DEVICE_B,2026-09-27 15:09:00,15,49,0,12.32,0,0,0,0,0
TXN004283,USER01378,2062.98,Myntra,Hyderabad,DEVICE_B,2026-09-02 12:28:00,12,2,1,38.95,0,0,0,0,0
TXN004284,USER00888,1340.53,Netflix,Delhi,DEVICE_C,2026-02-22 13:01:00,13,30,0,1.88,0,0,0,0,0
TXN004285,USER00558,1726.21,Myntra,Kolkata,DEVICE_A,2026-09-18 02:09:00,2,2,0,15.03,1,0,0,0,0
TXN004286,USER00550,3050.54,Paytm,Pune,DEVICE_B,2026-05-06 12:08:00,12,16,0,13.31,0,0,0,0,0
TXN004287,USER00142,1668.43,Apple,Ahmedabad,DEVICE_E,2026-05-01 18:34:00,18,38,0,9.51,0,0,0,0,0
TXN004288,USER00612,1343.45,Netflix,Hyderabad,DEVICE_D,2026-06-09 00:21:00,0,1,0,18.2,1,0,0,1,0
TXN004289,USER00501,1610.09,Apple,Hyderabad,DEVICE_D,2026-01-19 19:58:00,19,4,0,0.31,0,0,0,0,0
TXN004290,USER00840,3264.99,Flipkart,Hyderabad,DEVICE_B,2026-12-05 01:56:00,1,8,0,13.56,1,0,0,0,0
TXN004291,USER00702,477.36,Amazon,Bangalore,DEVICE_E,2026-09-25 16:16:00,16,28,0,13.3,0,0,0,0,0
TXN004292,USER01571,1594.34,Zomato,Mumbai,DEVICE_C,2026-06-25 02:47:00,2,34,0,14.52,1,0,0,0,0
TXN004293,USER01683,200.68,Apple,Kolkata,DEVICE_D,2026-03-06 11:36:00,11,39,0,4.78,0,0,0,0,0
TXN004294,USER01566,850.15,Netflix,Bangalore,DEVICE_E,2026-09-20 02:32:00,2,35,0,4.65,1,0,0,0,0
TXN004295,USER01870,5982.1,Uber,Delhi,DEVICE_E,2026-02-06 13:11:00,13,34,0,20.84,0,0,0,0,0
TXN004296,USER01531,538.43,Zomato,Pune,DEVICE_A,2026-10-08 03:51:00,3,49,0,1.95,1,0,0,0,0
TXN004297,USER00596,252.57,Zomato,Pune,DEVICE_B,2026-07-05 01:43:00,1,29,0,7.3,1,0,0,0,0
TXN004298,USER01905,468.18,Swiggy,Kolkata,DEVICE_E,2026-12-30 13:04:00,13,14,0,35.54,0,0,0,0,0
TXN004299,USER00281,2082.41,Apple,Pune,DEVICE_C,2026-11-09 00:29:00,0,28,0,2.19,1,0,0,0,0
TXN004300,USER00424,974.25,Uber,Pune,DEVICE_D,2026-07-25 13:46:00,13,24,1,12.62,0,0,0,0,0
TXN004301,USER00856,443.32,Apple,Hyderabad,DEVICE_A,2026-12-03 08:03:00,8,10,0,22.09,0,0,0,0,0
TXN004302,USER00270,3251.99,Swiggy,Chennai,DEVICE_C,2026-06-07 06:17:00,6,36,0,3.05,0,0,0,0,0
TXN004303,USER00154,1610.88,Amazon,Delhi,DEVICE_D,2026-08-21 01:55:00,1,47,0,7.49,1,0,0,0,0
TXN004304,USER00614,387.24,Netflix,Mumbai,DEVICE_B,2026-05-12 02:16:00,2,3,0,16.36,1,0,0,0,0
TXN004305,USER01751,898.31,Paytm,Ahmedabad,DEVICE_C,2026-07-18 05:14:00,5,42,0,7.93,1,0,0,0,0
TXN004306,USER00662,7475.46,Paytm,Delhi,DEVICE_D,2026-05-04 23:09:00,23,11,0,2.33,0,0,0,0,0
TXN004307,USER01968,829.93,Apple,Bangalore,DEVICE_A,2026-12-06 12:48:00,12,31,0,5.29,0,0,0,0,0
TXN004308,USER00083,238.74,Swiggy,Pune,DEVICE_D,2026-10-19 16:54:00,16,4,0,2.32,0,0,0,0,0
TXN004309,USER01646,1674.18,Myntra,Chennai,DEVICE_E,2026-08-31 20:45:00,20,41,0,82.16,0,0,0,0,0
TXN004310,USER00947,1547.45,Netflix,Ahmedabad,DEVICE_A,2026-06-06 09:24:00,9,41,1,5.37,0,0,0,0,1
TXN004311,USER00899,3638.73,Apple,Bangalore,DEVICE_C,2026-02-04 20:46:00,20,36,1,15.12,0,0,0,0,0
TXN004312,USER01450,770.75,Myntra,Kolkata,DEVICE_B,2026-12-24 13:45:00,13,36,0,11.19,0,0,0,0,0
TXN004313,USER01299,1631.93,Netflix,Hyderabad,DEVICE_A,2026-05-10 03:15:00,3,24,0,16.86,1,0,0,0,0
TXN004314,USER01737,1369.07,Myntra,Pune,DEVICE_A,2026-06-18 06:23:00,6,3,0,13.79,0,0,0,0,0
TXN004315,USER00284,1090.4,Zomato,Hyderabad,DEVICE_A,2026-01-28 06:38:00,6,23,0,25.98,0,0,0,0,0
TXN004316,USER00980,1467.47,Apple,Delhi,DEVICE_D,2026-03-24 03:23:00,3,35,0,41.27,1,0,0,0,0
TXN004317,USER00173,1885.17,Swiggy,Hyderabad,DEVICE_E,2026-04-19 07:29:00,7,1,1,6.72,0,0,0,1,1
TXN004318,USER01351,1799.54,Netflix,Hyderabad,DEVICE_B,2026-05-08 04:23:00,4,34,0,4.06,1,0,0,0,1
TXN004319,USER01742,2505.46,Paytm,Kolkata,DEVICE_B,2026-05-21 09:03:00,9,35,1,83.13,0,0,0,0,0
TXN004320,USER01087,140.95,Apple,Mumbai,DEVICE_E,2026-11-17 07:04:00,7,7,0,40.21,0,0,0,0,0
TXN004321,USER01097,285.44,Netflix,Mumbai,DEVICE_D,2026-08-24 23:29:00,23,8,0,9.05,0,0,0,0,0
TXN004322,USER00763,1328.79,Netflix,Bangalore,DEVICE_D,2026-02-07 02:30:00,2,27,0,45.04,1,0,0,0,0
TXN004323,USER01660,1217.16,Myntra,Pune,DEVICE_E,2026-04-27 23:32:00,23,39,0,22.21,0,0,0,0,0
TXN004324,USER01399,439.19,Myntra,Bangalore,DEVICE_E,2026-04-11 11:42:00,11,43,0,11.5,0,0,0,0,0
TXN004325,USER00633,811.28,Uber,Mumbai,DEVICE_C,2026-07-29 07:46:00,7,9,0,41.34,0,0,0,0,0
TXN004326,USER01532,521.21,Apple,Delhi,DEVICE_D,2026-04-12 04:24:00,4,4,0,22.5,1,0,0,0,1
TXN004327,USER00787,1861.1,Flipkart,Mumbai,DEVICE_A,2026-05-03 01:15:00,1,36,1,35.03,1,0,0,0,0
TXN004328,USER00943,491.55,Walmart,Bangalore,DEVICE_B,2026-09-24 15:30:00,15,46,1,10.82,0,0,0,0,0
TXN004329,USER01012,1330.39,Flipkart,Chennai,DEVICE_D,2026-11-03 12:38:00,12,30,0,32.06,0,0,0,0,0
TXN004330,USER00398,2758.88,Netflix,Pune,DEVICE_E,2026-02-17 09:31:00,9,28,0,9.14,0,0,0,0,0
TXN004331,USER01144,500.77,Uber,Hyderabad,DEVICE_A,2026-08-10 08:58:00,8,2,0,26.57,0,0,0,0,0
TXN004332,USER00934,328.17,Netflix,Kolkata,DEVICE_C,2026-09-12 08:27:00,8,25,1,11.44,0,0,0,0,0
TXN004333,USER01461,552.71,Flipkart,Chennai,DEVICE_C,2026-12-04 05:51:00,5,30,0,10.39,1,0,0,0,0
TXN004334,USER01853,501.19,Netflix,Chennai,DEVICE_A,2026-02-19 04:36:00,4,1,0,31.85,1,0,0,1,0
TXN004335,USER00676,1137.17,Myntra,Hyderabad,DEVICE_A,2026-02-06 00:39:00,0,14,0,2.67,1,0,0,0,0
TXN004336,USER00936,237.17,Apple,Mumbai,DEVICE_E,2026-01-03 08:19:00,8,12,0,52.68,0,0,0,0,0
TXN004337,USER00465,4653.97,Paytm,Ahmedabad,DEVICE_E,2026-06-01 02:50:00,2,27,0,14.21,1,0,0,0,0
TXN004338,USER00286,354.02,Flipkart,Pune,DEVICE_B,2026-05-26 18:19:00,18,43,0,20.22,0,0,0,0,0
TXN004339,USER00265,325.63,Walmart,Delhi,DEVICE_B,2026-12-19 14:23:00,14,13,0,10.39,0,0,0,0,0
TXN004340,USER00320,1158.91,Walmart,Chennai,DEVICE_C,2026-09-09 19:38:00,19,11,0,20.76,0,0,0,0,0
TXN004341,USER00673,981.73,Myntra,Delhi,DEVICE_A,2026-08-02 15:58:00,15,14,1,24.75,0,0,0,0,0
TXN004342,USER01400,3767.46,Apple,Kolkata,DEVICE_C,2026-08-25 02:04:00,2,20,0,40.57,1,0,0,0,0
TXN004343,USER00820,857.12,Amazon,Kolkata,DEVICE_E,2026-05-03 16:47:00,16,28,0,38.53,0,0,0,0,0
TXN004344,USER00089,848.51,Amazon,Kolkata,DEVICE_D,2026-02-01 14:43:00,14,44,0,8.86,0,0,0,0,0
TXN004345,USER01678,1964.29,Swiggy,Bangalore,DEVICE_E,2026-04-06 09:57:00,9,34,0,19.13,0,0,0,0,0
TXN004346,USER01227,2572.74,Swiggy,Chennai,DEVICE_D,2026-12-27 02:13:00,2,46,0,30.34,1,0,0,0,0
TXN004347,USER00821,190.51,Flipkart,Kolkata,DEVICE_A,2026-08-14 15:45:00,15,19,0,28.95,0,0,0,0,0
TXN004348,USER01763,1163.19,Myntra,Bangalore,DEVICE_A,2026-05-28 13:11:00,13,17,1,44.32,0,0,0,0,0
TXN004349,USER01001,7627.89,Myntra,Kolkata,DEVICE_A,2026-04-19 00:31:00,0,37,0,35.67,1,0,0,0,1
TXN004350,USER01979,625.77,Netflix,Mumbai,DEVICE_B,2026-06-29 11:50:00,11,14,0,25.31,0,0,0,0,0
TXN004351,USER00334,1255.37,Walmart,Chennai,DEVICE_B,2026-03-10 01:57:00,1,11,0,27.63,1,0,0,0,0
TXN004352,USER00222,2745.57,Walmart,Bangalore,DEVICE_D,2026-09-25 07:14:00,7,33,0,32.95,0,0,0,0,0
TXN004353,USER00041,1698.72,Walmart,Kolkata,DEVICE_C,2026-11-22 00:00:00,0,4,0,36.39,1,0,0,0,0
TXN004354,USER01732,425.92,Uber,Pune,DEVICE_C,2026-07-21 23:06:00,23,16,1,8.7,0,0,0,0,0
TXN004355,USER00068,1032.08,Apple,Bangalore,DEVICE_D,2026-04-09 11:38:00,11,12,0,30.45,0,0,0,0,0
TXN004356,USER00988,359.28,Zomato,Kolkata,DEVICE_B,2026-06-01 18:35:00,18,12,0,59.6,0,0,0,0,0
TXN004357,USER01800,419.07,Netflix,Mumbai,DEVICE_E,2026-06-22 22:46:00,22,35,0,5.3,0,0,0,0,0
TXN004358,USER00514,2974.92,Amazon,Delhi,DEVICE_D,2026-06-04 20:01:00,20,15,0,0.99,0,0,0,0,0
TXN004359,USER01897,2369.84,Myntra,Ahmedabad,DEVICE_C,2026-05-06 03:41:00,3,39,0,1.5,1,0,0,0,0
TXN004360,USER01661,5471.58,Amazon,Kolkata,DEVICE_D,2026-03-14 15:57:00,15,2,0,4.89,0,0,0,0,0
TXN004361,USER01646,2518.43,Uber,Delhi,DEVICE_D,2026-10-19 02:56:00,2,1,0,50.46,1,0,0,1,0
TXN004362,USER01622,965.08,Amazon,Chennai,DEVICE_A,2026-03-19 21:59:00,21,24,1,2.71,0,0,0,0,0
TXN004363,USER01961,440.21,Walmart,Mumbai,DEVICE_B,2026-02-27 15:46:00,15,2,1,27.54,0,0,0,0,1
TXN004364,USER01656,3856.52,Paytm,Pune,DEVICE_A,2026-08-07 06:18:00,6,10,0,40.35,0,0,0,0,0
TXN004365,USER01151,1926.18,Netflix,Chennai,DEVICE_B,2026-03-15 08:11:00,8,10,0,42.0,0,0,0,0,0
TXN004366,USER01279,2252.56,Paytm,Pune,DEVICE_D,2026-07-26 19:14:00,19,9,0,10.78,0,0,0,0,0
TXN004367,USER00695,1837.12,Swiggy,Delhi,DEVICE_B,2026-02-05 15:49:00,15,27,0,13.67,0,0,0,0,0
TXN004368,USER01040,3189.69,Paytm,Mumbai,DEVICE_C,2026-09-01 01:41:00,1,10,0,7.81,1,0,0,0,1
TXN004369,USER00477,278.28,Zomato,Hyderabad,DEVICE_A,2026-07-24 20:50:00,20,48,0,3.19,0,0,0,0,0
TXN004370,USER01086,367.79,Myntra,Mumbai,DEVICE_D,2026-10-07 07:39:00,7,6,0,4.77,0,0,0,0,0
TXN004371,USER00881,500.39,Uber,Mumbai,DEVICE_C,2026-12-15 08:32:00,8,28,0,2.9,0,0,0,0,0
TXN004372,USER00432,1521.86,Myntra,Pune,DEVICE_B,2026-06-19 20:41:00,20,0,0,10.47,0,0,0,1,0
TXN004373,USER01694,726.65,Zomato,Hyderabad,DEVICE_B,2026-02-28 04:35:00,4,14,1,3.73,1,0,0,0,0
TXN004374,USER00268,3027.25,Myntra,Bangalore,DEVICE_C,2026-03-21 08:31:00,8,6,0,10.33,0,0,0,0,0
TXN004375,USER01059,1080.32,Paytm,Bangalore,DEVICE_B,2026-12-29 21:01:00,21,3,0,38.1,0,0,0,0,0
TXN004376,USER00779,8838.32,Apple,Bangalore,DEVICE_A,2026-03-06 12:30:00,12,2,0,21.26,0,0,0,0,0
TXN004377,USER01600,5127.24,Myntra,Delhi,DEVICE_E,2026-02-08 02:15:00,2,19,0,21.74,1,0,0,0,0
TXN004378,USER00494,1242.95,Swiggy,Mumbai,DEVICE_B,2026-11-19 10:08:00,10,2,0,33.41,0,0,0,0,0
TXN004379,USER01586,322.99,Netflix,Kolkata,DEVICE_D,2026-10-27 14:30:00,14,28,0,0.84,0,0,0,0,0
TXN004380,USER01493,2038.82,Netflix,Hyderabad,DEVICE_B,2026-11-19 10:56:00,10,19,0,31.65,0,0,0,0,0
TXN004381,USER01791,402.64,Amazon,Kolkata,DEVICE_D,2026-02-17 05:37:00,5,9,1,4.37,1,0,0,0,1
TXN004382,USER00661,456.21,Flipkart,Delhi,DEVICE_B,2026-04-20 21:02:00,21,34,0,8.49,0,0,0,0,0
TXN004383,USER01349,769.24,Paytm,Hyderabad,DEVICE_B,2026-06-29 23:50:00,23,25,0,7.36,0,0,0,0,0
TXN004384,USER01328,756.23,Walmart,Kolkata,DEVICE_D,2026-10-05 08:20:00,8,29,0,2.23,0,0,0,0,0
TXN004385,USER01300,1803.29,Zomato,Ahmedabad,DEVICE_A,2026-10-15 12:11:00,12,25,0,3.82,0,0,0,0,0
TXN004386,USER01893,1472.4,Uber,Pune,DEVICE_E,2026-08-02 20:24:00,20,36,1,62.63,0,0,0,0,0
TXN004387,USER01987,442.18,Paytm,Delhi,DEVICE_E,2026-12-20 11:12:00,11,19,0,18.34,0,0,0,0,0
TXN004388,USER01708,840.39,Netflix,Delhi,DEVICE_A,2026-11-21 08:52:00,8,41,0,12.85,0,0,0,0,0
TXN004389,USER01953,322.52,Amazon,Ahmedabad,DEVICE_B,2026-06-26 01:08:00,1,8,0,28.36,1,0,0,0,1
TXN004390,USER01013,1574.47,Myntra,Delhi,DEVICE_E,2026-05-09 04:41:00,4,10,0,33.61,1,0,0,0,0
TXN004391,USER01225,205.58,Walmart,Hyderabad,DEVICE_A,2026-05-11 08:42:00,8,32,0,2.34,0,0,0,0,0
TXN004392,USER01469,887.79,Walmart,Kolkata,DEVICE_A,2026-10-23 03:34:00,3,29,0,27.01,1,0,0,0,0
TXN004393,USER01929,613.14,Flipkart,Kolkata,DEVICE_E,2026-01-12 10:56:00,10,29,0,53.88,0,0,0,0,0
TXN004394,USER01348,1791.72,Apple,Chennai,DEVICE_D,2026-11-22 00:13:00,0,44,0,17.61,1,0,0,0,0
TXN004395,USER01059,529.5,Flipkart,Delhi,DEVICE_C,2026-01-08 10:05:00,10,22,0,19.05,0,0,0,0,0
TXN004396,USER00977,510.31,Myntra,Bangalore,DEVICE_D,2026-05-01 05:25:00,5,35,0,40.87,1,0,0,0,0
TXN004397,USER00482,1566.79,Paytm,Mumbai,DEVICE_B,2026-04-14 22:45:00,22,23,1,22.76,0,0,0,0,0
TXN004398,USER00728,1643.58,Swiggy,Pune,DEVICE_D,2026-02-23 22:59:00,22,30,0,107.07,0,0,0,0,0
TXN004399,USER00480,427.63,Zomato,Pune,DEVICE_C,2026-03-04 05:11:00,5,22,0,6.65,1,0,0,0,0
TXN004400,USER01089,1862.9,Walmart,Chennai,DEVICE_C,2026-06-28 15:12:00,15,41,0,37.35,0,0,0,0,0
TXN004401,USER01032,10007.1,Uber,Chennai,DEVICE_A,2026-03-14 11:23:00,11,35,0,18.96,0,1,0,0,0
TXN004402,USER01325,717.4,Paytm,Hyderabad,DEVICE_B,2026-05-09 05:42:00,5,39,0,9.11,1,0,0,0,0
TXN004403,USER00343,362.99,Uber,Chennai,DEVICE_A,2026-01-05 16:31:00,16,48,0,42.92,0,0,0,0,0
TXN004404,USER01455,1152.74,Amazon,Kolkata,DEVICE_D,2026-06-12 03:09:00,3,33,1,111.7,1,0,0,0,0
TXN004405,USER01448,316.22,Uber,Hyderabad,DEVICE_D,2026-12-04 10:43:00,10,20,0,1.19,0,0,0,0,0
TXN004406,USER00332,868.82,Walmart,Hyderabad,DEVICE_E,2026-08-15 03:45:00,3,25,0,51.95,1,0,0,0,0
TXN004407,USER00438,696.08,Walmart,Pune,DEVICE_A,2026-09-11 10:13:00,10,6,0,4.54,0,0,0,0,0
TXN004408,USER01612,2044.78,Walmart,Pune,DEVICE_A,2026-01-17 22:45:00,22,24,0,4.59,0,0,0,0,0
TXN004409,USER00174,225.72,Paytm,Bangalore,DEVICE_A,2026-08-31 10:50:00,10,2,0,0.85,0,0,0,0,0
TXN004410,USER00559,264.81,Paytm,Delhi,DEVICE_A,2026-04-10 22:46:00,22,42,1,51.07,0,0,0,0,1
TXN004411,USER00527,1546.25,Zomato,Ahmedabad,DEVICE_C,2026-05-20 21:48:00,21,17,0,28.49,0,0,0,0,0
TXN004412,USER01897,1786.82,Netflix,Ahmedabad,DEVICE_E,2026-06-01 03:23:00,3,5,0,1.1,1,0,0,0,0
TXN004413,USER00659,158.79,Apple,Chennai,DEVICE_B,2026-01-30 04:11:00,4,45,0,20.08,1,0,0,0,0
TXN004414,USER00026,4310.19,Myntra,Delhi,DEVICE_B,2026-06-23 21:51:00,21,12,0,2.56,0,0,0,0,0
TXN004415,USER00820,2411.71,Myntra,Delhi,DEVICE_B,2026-05-06 17:19:00,17,1,0,27.84,0,0,0,1,0
TXN004416,USER00605,599.2,Amazon,Delhi,DEVICE_C,2026-10-11 05:46:00,5,47,0,10.52,1,0,0,0,0
TXN004417,USER00406,1195.13,Flipkart,Hyderabad,DEVICE_E,2026-02-13 22:50:00,22,39,0,1.06,0,0,0,0,0
TXN004418,USER00232,186.09,Zomato,Delhi,DEVICE_E,2026-01-02 23:38:00,23,46,0,35.37,0,0,0,0,0
TXN004419,USER00533,2066.88,Netflix,Chennai,DEVICE_C,2026-02-09 18:52:00,18,12,0,16.99,0,0,0,0,0
TXN004420,USER01843,512.02,Swiggy,Hyderabad,DEVICE_A,2026-12-07 08:44:00,8,0,0,29.64,0,0,0,1,0
TXN004421,USER01574,796.04,Amazon,Chennai,DEVICE_D,2026-12-06 08:47:00,8,1,0,22.45,0,0,0,1,0
TXN004422,USER01812,993.37,Paytm,Hyderabad,DEVICE_A,2026-04-22 06:47:00,6,3,0,11.4,0,0,0,0,0
TXN004423,USER00505,3253.28,Netflix,Ahmedabad,DEVICE_B,2026-07-25 19:14:00,19,12,0,23.99,0,0,0,0,0
TXN004424,USER01693,1670.03,Walmart,Mumbai,DEVICE_A,2026-10-04 04:36:00,4,29,0,0.3,1,0,0,0,0
TXN004425,USER00179,793.47,Paytm,Mumbai,DEVICE_C,2026-01-30 23:21:00,23,43,0,8.3,0,0,0,0,0
TXN004426,USER00132,645.26,Flipkart,Ahmedabad,DEVICE_B,2026-05-02 00:53:00,0,11,0,30.09,1,0,0,0,0
TXN004427,USER01847,1343.32,Flipkart,Mumbai,DEVICE_D,2026-07-04 05:04:00,5,32,0,28.8,1,0,0,0,0
TXN004428,USER01479,1015.4,Myntra,Mumbai,DEVICE_B,2026-09-10 01:53:00,1,37,1,43.68,1,0,0,0,0
TXN004429,USER00348,882.14,Apple,Ahmedabad,DEVICE_A,2026-03-01 16:41:00,16,42,0,18.89,0,0,0,0,0
TXN004430,USER00540,1102.57,Apple,Hyderabad,DEVICE_E,2026-05-28 19:05:00,19,47,0,57.01,0,0,0,0,0
TXN004431,USER00772,859.72,Swiggy,Delhi,DEVICE_E,2026-09-03 13:46:00,13,33,1,16.32,0,0,0,0,0
TXN004432,USER01430,268.07,Paytm,Ahmedabad,DEVICE_E,2026-12-27 01:25:00,1,2,0,13.88,1,0,0,0,0
TXN004433,USER00076,1041.28,Paytm,Bangalore,DEVICE_B,2026-01-02 23:08:00,23,42,0,4.39,0,0,0,0,0
TXN004434,USER01965,1075.37,Flipkart,Pune,DEVICE_E,2026-08-28 22:46:00,22,8,0,30.18,0,0,0,0,0
TXN004435,USER00579,1236.17,Walmart,Kolkata,DEVICE_C,2026-03-15 18:46:00,18,6,0,23.56,0,0,0,0,0
TXN004436,USER00854,444.5,Walmart,Bangalore,DEVICE_D,2026-03-20 09:23:00,9,3,0,12.35,0,0,0,0,0
TXN004437,USER01516,533.84,Uber,Mumbai,DEVICE_E,2026-03-10 15:37:00,15,27,0,1.82,0,0,0,0,0
TXN004438,USER00194,4794.81,Walmart,Delhi,DEVICE_C,2026-12-29 14:49:00,14,41,0,2.69,0,0,0,0,0
TXN004439,USER01186,563.1,Netflix,Chennai,DEVICE_C,2026-04-18 07:07:00,7,31,0,2.43,0,0,0,0,0
TXN004440,USER00347,1734.19,Apple,Delhi,DEVICE_B,2026-03-02 23:39:00,23,0,0,9.42,0,0,0,1,0
TXN004441,USER00951,535.3,Walmart,Chennai,DEVICE_B,2026-06-15 11:23:00,11,12,0,3.46,0,0,0,0,0
TXN004442,USER01385,199.94,Zomato,Bangalore,DEVICE_D,2026-06-08 18:45:00,18,35,0,39.44,0,0,0,0,0
TXN004443,USER01793,998.74,Paytm,Delhi,DEVICE_D,2026-08-08 17:20:00,17,25,0,45.92,0,0,0,0,0
TXN004444,USER01608,1903.63,Walmart,Delhi,DEVICE_A,2026-07-27 03:41:00,3,12,0,38.87,1,0,0,0,0
TXN004445,USER01111,812.12,Uber,Kolkata,DEVICE_D,2026-09-28 04:28:00,4,21,1,18.77,1,0,0,0,1
TXN004446,USER01958,181.89,Swiggy,Ahmedabad,DEVICE_B,2026-09-12 00:07:00,0,23,0,18.14,1,0,0,0,0
TXN004447,USER01286,146.94,Swiggy,Bangalore,DEVICE_C,2026-03-20 09:59:00,9,10,0,44.31,0,0,0,0,0
TXN004448,USER00214,3097.16,Flipkart,Delhi,DEVICE_A,2026-04-27 07:31:00,7,24,0,10.43,0,0,0,0,0
TXN004449,USER01689,1082.65,Walmart,Chennai,DEVICE_D,2026-07-15 14:23:00,14,14,0,1.29,0,0,0,0,0
TXN004450,USER01746,1893.98,Paytm,Pune,DEVICE_C,2026-04-09 16:17:00,16,44,0,12.71,0,0,0,0,0
TXN004451,USER01937,1350.86,Paytm,Delhi,DEVICE_B,2026-03-15 09:46:00,9,35,0,16.14,0,0,0,0,0
TXN004452,USER00573,389.42,Apple,Chennai,DEVICE_E,2026-10-03 11:51:00,11,37,0,15.95,0,0,0,0,0
TXN004453,USER00780,871.11,Swiggy,Mumbai,DEVICE_A,2026-01-15 21:52:00,21,33,0,3.46,0,0,0,0,0
TXN004454,USER00262,238.1,Flipkart,Delhi,DEVICE_C,2026-07-01 10:02:00,10,33,0,30.6,0,0,0,0,0
TXN004455,USER00730,2568.86,Walmart,Chennai,DEVICE_B,2026-07-06 08:20:00,8,31,0,26.33,0,0,0,0,0
TXN004456,USER00283,1461.7,Swiggy,Pune,DEVICE_B,2026-03-17 15:17:00,15,37,0,5.22,0,0,0,0,0
TXN004457,USER01672,2135.76,Swiggy,Bangalore,DEVICE_A,2026-10-25 21:55:00,21,24,0,16.02,0,0,0,0,0
TXN004458,USER01491,3503.8,Paytm,Mumbai,DEVICE_A,2026-02-05 23:31:00,23,2,0,31.24,0,0,0,0,0
TXN004459,USER01404,795.75,Walmart,Delhi,DEVICE_D,2026-11-02 00:18:00,0,42,0,0.15,1,0,0,0,1
TXN004460,USER00362,562.69,Amazon,Kolkata,DEVICE_D,2026-12-10 05:35:00,5,46,0,6.44,1,0,0,0,0
TXN004461,USER01473,996.97,Walmart,Chennai,DEVICE_A,2026-03-13 14:37:00,14,28,0,12.77,0,0,0,0,0
TXN004462,USER00441,3431.86,Netflix,Pune,DEVICE_A,2026-02-07 09:45:00,9,20,1,37.29,0,0,0,0,0
TXN004463,USER00093,267.84,Swiggy,Kolkata,DEVICE_C,2026-04-29 08:37:00,8,8,0,32.09,0,0,0,0,0
TXN004464,USER01645,1117.24,Apple,Delhi,DEVICE_D,2026-12-31 05:06:00,5,20,0,3.27,1,0,0,0,1
TXN004465,USER00753,2263.05,Amazon,Chennai,DEVICE_B,2026-05-31 13:46:00,13,20,0,12.43,0,0,0,0,0
TXN004466,USER00867,1446.9,Uber,Delhi,DEVICE_D,2026-09-23 00:10:00,0,6,0,7.27,1,0,0,0,0
TXN004467,USER01448,2880.81,Flipkart,Mumbai,DEVICE_D,2026-10-27 03:49:00,3,46,0,10.26,1,0,0,0,0
TXN004468,USER00142,275.47,Walmart,Pune,DEVICE_A,2026-01-17 11:44:00,11,31,1,15.56,0,0,0,0,0
TXN004469,USER01315,2917.71,Apple,Pune,DEVICE_A,2026-08-01 06:21:00,6,21,0,13.84,0,0,0,0,0
TXN004470,USER01456,625.29,Uber,Mumbai,DEVICE_D,2026-09-07 09:49:00,9,41,1,3.05,0,0,0,0,1
TXN004471,USER00749,166.4,Uber,Delhi,DEVICE_E,2026-06-09 01:52:00,1,10,0,2.6,1,0,0,0,0
TXN004472,USER01876,817.19,Swiggy,Delhi,DEVICE_E,2026-03-19 07:08:00,7,33,0,2.79,0,0,0,0,1
TXN004473,USER01848,515.41,Netflix,Hyderabad,DEVICE_D,2026-04-27 13:06:00,13,13,0,36.81,0,0,0,0,0
TXN004474,USER01713,946.08,Swiggy,Delhi,DEVICE_E,2026-03-29 12:56:00,12,47,0,0.4,0,0,0,0,0
TXN004475,USER00653,279.24,Flipkart,Pune,DEVICE_D,2026-11-29 06:09:00,6,40,1,4.52,0,0,0,0,0
TXN004476,USER00701,981.55,Amazon,Delhi,DEVICE_A,2026-01-23 23:17:00,23,21,0,62.42,0,0,0,0,0
TXN004477,USER00998,653.66,Paytm,Kolkata,DEVICE_A,2026-09-13 08:45:00,8,24,1,1.37,0,0,0,0,0
TXN004478,USER00049,6562.52,Zomato,Kolkata,DEVICE_A,2026-05-01 15:33:00,15,15,0,0.74,0,0,0,0,0
TXN004479,USER01326,1282.31,Amazon,Mumbai,DEVICE_B,2026-06-17 18:27:00,18,32,1,9.8,0,0,0,0,0
TXN004480,USER00881,1346.72,Flipkart,Kolkata,DEVICE_A,2026-09-28 07:11:00,7,1,0,3.28,0,0,0,1,0
TXN004481,USER01214,893.1,Paytm,Delhi,DEVICE_A,2026-03-11 13:56:00,13,38,0,16.68,0,0,0,0,0
TXN004482,USER01160,3370.35,Uber,Bangalore,DEVICE_D,2026-07-31 09:50:00,9,43,0,8.27,0,0,0,0,0
TXN004483,USER00555,1697.25,Amazon,Ahmedabad,DEVICE_E,2026-05-13 16:00:00,16,49,0,4.69,0,0,0,0,0
TXN004484,USER00404,4280.4,Paytm,Delhi,DEVICE_E,2026-08-21 01:39:00,1,5,0,131.45,1,0,0,0,0
TXN004485,USER00892,2832.36,Walmart,Ahmedabad,DEVICE_A,2026-03-31 10:49:00,10,33,0,8.34,0,0,0,0,0
TXN004486,USER00865,775.35,Swiggy,Pune,DEVICE_A,2026-11-30 13:57:00,13,45,0,20.49,0,0,0,0,0
TXN004487,USER00602,2114.58,Zomato,Hyderabad,DEVICE_A,2026-11-25 05:10:00,5,47,0,41.45,1,0,0,0,0
TXN004488,USER01831,2281.77,Apple,Chennai,DEVICE_D,2026-11-01 13:46:00,13,41,0,51.12,0,0,0,0,0
TXN004489,USER00341,2566.39,Walmart,Pune,DEVICE_D,2026-07-14 19:01:00,19,36,0,10.56,0,0,0,0,0
TXN004490,USER01781,1573.83,Amazon,Ahmedabad,DEVICE_D,2026-08-31 18:30:00,18,21,0,74.72,0,0,0,0,0
TXN004491,USER01969,327.29,Myntra,Mumbai,DEVICE_E,2026-07-25 17:07:00,17,15,0,25.79,0,0,0,0,0
TXN004492,USER00704,1068.18,Paytm,Kolkata,DEVICE_B,2026-12-19 09:13:00,9,6,0,17.51,0,0,0,0,0
TXN004493,USER00318,1211.96,Uber,Bangalore,DEVICE_E,2026-05-28 06:26:00,6,46,0,23.64,0,0,0,0,0
TXN004494,USER00618,1168.99,Uber,Pune,DEVICE_D,2026-12-04 10:20:00,10,12,1,8.93,0,0,0,0,0
TXN004495,USER01387,3079.88,Myntra,Chennai,DEVICE_C,2026-08-25 18:26:00,18,48,0,11.05,0,0,0,0,1
TXN004496,USER01846,614.66,Amazon,Bangalore,DEVICE_B,2026-09-07 12:45:00,12,49,0,17.65,0,0,0,0,0
TXN004497,USER00382,1239.53,Uber,Mumbai,DEVICE_A,2026-04-29 11:55:00,11,49,0,7.92,0,0,0,0,0
TXN004498,USER00233,1030.07,Netflix,Kolkata,DEVICE_E,2026-06-03 17:47:00,17,16,0,29.29,0,0,0,0,0
TXN004499,USER01801,2028.74,Uber,Hyderabad,DEVICE_B,2026-05-22 01:56:00,1,2,0,5.78,1,0,0,0,0
TXN004500,USER01368,5592.22,Zomato,Ahmedabad,DEVICE_C,2026-06-21 15:19:00,15,11,0,31.87,0,0,0,0,0
TXN004501,USER01573,1920.39,Netflix,Pune,DEVICE_B,2026-03-28 21:47:00,21,5,0,3.3,0,0,0,0,0
TXN004502,USER00817,1809.15,Flipkart,Pune,DEVICE_E,2026-05-29 20:44:00,20,11,0,4.9,0,0,0,0,0
TXN004503,USER00553,437.97,Flipkart,Pune,DEVICE_D,2026-06-18 19:50:00,19,10,0,27.97,0,0,0,0,0
TXN004504,USER01553,273.35,Paytm,Ahmedabad,DEVICE_A,2026-08-12 11:55:00,11,40,0,6.11,0,0,0,0,0
TXN004505,USER00856,1380.41,Netflix,Mumbai,DEVICE_D,2026-06-12 20:02:00,20,18,0,31.73,0,0,0,0,0
TXN004506,USER01813,927.17,Walmart,Bangalore,DEVICE_D,2026-12-10 13:23:00,13,30,0,30.64,0,0,0,0,0
TXN004507,USER00819,1659.55,Paytm,Bangalore,DEVICE_E,2026-06-04 18:38:00,18,1,0,5.95,0,0,0,1,0
TXN004508,USER01595,631.67,Walmart,Mumbai,DEVICE_D,2026-10-22 16:41:00,16,44,0,1.52,0,0,0,0,0
TXN004509,USER01959,3876.27,Zomato,Pune,DEVICE_D,2026-10-09 05:43:00,5,31,1,3.64,1,0,0,0,0
TXN004510,USER00183,373.7,Swiggy,Delhi,DEVICE_E,2026-12-01 22:03:00,22,17,0,27.93,0,0,0,0,0
TXN004511,USER01065,919.28,Amazon,Mumbai,DEVICE_E,2026-10-14 09:26:00,9,3,1,37.55,0,0,0,0,1
TXN004512,USER01575,771.07,Netflix,Kolkata,DEVICE_C,2026-07-01 01:55:00,1,21,1,9.66,1,0,0,0,1
TXN004513,USER00397,2945.19,Myntra,Kolkata,DEVICE_D,2026-05-20 21:38:00,21,13,0,3.59,0,0,0,0,0
TXN004514,USER01728,890.69,Apple,Hyderabad,DEVICE_B,2026-03-31 04:16:00,4,13,0,1.57,1,0,0,0,0
TXN004515,USER00779,651.83,Amazon,Mumbai,DEVICE_A,2026-09-15 00:53:00,0,36,0,4.86,1,0,0,0,0
TXN004516,USER01518,1179.25,Zomato,Chennai,DEVICE_A,2026-06-09 22:27:00,22,28,0,77.93,0,0,0,0,0
TXN004517,USER01683,539.11,Netflix,Ahmedabad,DEVICE_E,2026-07-24 19:59:00,19,33,0,3.73,0,0,0,0,0
TXN004518,USER00907,1074.87,Flipkart,Ahmedabad,DEVICE_E,2026-11-28 12:46:00,12,47,0,1.8,0,0,0,0,0
TXN004519,USER01357,975.77,Amazon,Kolkata,DEVICE_C,2026-02-23 02:48:00,2,5,0,30.79,1,0,0,0,0
TXN004520,USER00127,14769.27,Walmart,Kolkata,DEVICE_D,2026-10-17 22:38:00,22,42,0,19.11,0,1,0,0,1
TXN004521,USER01582,723.25,Myntra,Kolkata,DEVICE_E,2026-06-19 05:22:00,5,11,0,15.31,1,0,0,0,0
TXN004522,USER01581,1011.88,Amazon,Delhi,DEVICE_E,2026-07-11 11:35:00,11,23,0,11.88,0,0,0,0,0
TXN004523,USER00001,1334.54,Apple,Chennai,DEVICE_A,2026-02-26 09:36:00,9,44,0,24.2,0,0,0,0,0
TXN004524,USER01192,1402.26,Zomato,Pune,DEVICE_D,2026-12-31 13:26:00,13,28,0,23.97,0,0,0,0,0
TXN004525,USER01644,2804.13,Zomato,Pune,DEVICE_C,2026-07-10 11:21:00,11,9,0,11.05,0,0,0,0,0
TXN004526,USER00019,6180.34,Paytm,Mumbai,DEVICE_E,2026-02-09 02:04:00,2,45,0,5.34,1,0,0,0,1
TXN004527,USER01356,533.28,Zomato,Delhi,DEVICE_E,2026-09-25 22:52:00,22,35,0,36.81,0,0,0,0,0
TXN004528,USER00584,1627.47,Paytm,Kolkata,DEVICE_E,2026-07-14 12:14:00,12,33,0,3.6,0,0,0,0,0
TXN004529,USER00456,945.8,Zomato,Pune,DEVICE_A,2026-02-24 19:48:00,19,31,1,15.27,0,0,0,0,0
TXN004530,USER00957,1476.32,Apple,Chennai,DEVICE_E,2026-12-24 08:27:00,8,31,0,23.6,0,0,0,0,0
TXN004531,USER01133,2978.98,Zomato,Pune,DEVICE_E,2026-06-21 18:07:00,18,14,0,20.37,0,0,0,0,0
TXN004532,USER01292,4745.25,Myntra,Ahmedabad,DEVICE_A,2026-08-11 04:47:00,4,8,0,19.29,1,0,0,0,0
TXN004533,USER00445,2409.51,Swiggy,Chennai,DEVICE_E,2026-05-19 00:08:00,0,35,0,21.72,1,0,0,0,1
TXN004534,USER01264,1456.49,Flipkart,Delhi,DEVICE_D,2026-12-03 15:49:00,15,21,0,41.69,0,0,0,0,0
TXN004535,USER01953,2761.98,Myntra,Pune,DEVICE_D,2026-01-08 12:21:00,12,12,0,9.09,0,0,0,0,0
TXN004536,USER01325,514.27,Zomato,Kolkata,DEVICE_A,2026-03-29 06:06:00,6,40,0,19.75,0,0,0,0,0
TXN004537,USER00602,570.66,Netflix,Delhi,DEVICE_D,2026-03-03 12:45:00,12,43,0,23.88,0,0,0,0,0
TXN004538,USER00103,1276.15,Walmart,Ahmedabad,DEVICE_C,2026-06-16 22:13:00,22,13,1,17.85,0,0,0,0,0
TXN004539,USER00988,3125.65,Swiggy,Bangalore,DEVICE_E,2026-10-28 22:44:00,22,25,0,46.66,0,0,0,0,0
TXN004540,USER01274,840.45,Flipkart,Kolkata,DEVICE_C,2026-02-10 08:34:00,8,43,0,21.27,0,0,0,0,0
TXN004541,USER01477,923.92,Walmart,Delhi,DEVICE_D,2026-08-10 21:54:00,21,24,0,11.05,0,0,0,0,0
TXN004542,USER00520,184.17,Myntra,Mumbai,DEVICE_A,2026-01-19 17:54:00,17,21,1,37.36,0,0,0,0,1
TXN004543,USER01177,9409.56,Apple,Pune,DEVICE_A,2026-12-05 07:47:00,7,29,0,13.45,0,0,0,0,0
TXN004544,USER00859,891.64,Apple,Kolkata,DEVICE_C,2026-09-13 19:37:00,19,12,0,15.11,0,0,0,0,0
TXN004545,USER00174,93.03,Walmart,Hyderabad,DEVICE_D,2026-06-30 13:00:00,13,49,0,17.46,0,0,0,0,0
TXN004546,USER01367,1274.62,Netflix,Kolkata,DEVICE_E,2026-11-20 01:30:00,1,31,0,7.8,1,0,0,0,0
TXN004547,USER01694,1678.39,Walmart,Bangalore,DEVICE_D,2026-04-20 00:16:00,0,36,0,25.64,1,0,0,0,0
TXN004548,USER01005,891.59,Myntra,Delhi,DEVICE_D,2026-07-28 03:57:00,3,18,0,2.07,1,0,0,0,0
TXN004549,USER00431,483.39,Walmart,Ahmedabad,DEVICE_A,2026-11-16 22:42:00,22,34,0,40.63,0,0,0,0,0
TXN004550,USER00727,2460.3,Flipkart,Hyderabad,DEVICE_B,2026-01-03 22:27:00,22,48,1,28.09,0,0,0,0,0
TXN004551,USER01713,2219.05,Netflix,Bangalore,DEVICE_E,2026-07-14 14:53:00,14,28,0,8.73,0,0,0,0,0
TXN004552,USER01711,1760.67,Uber,Mumbai,DEVICE_E,2026-08-23 13:29:00,13,6,0,5.13,0,0,0,0,0
TXN004553,USER01876,551.25,Amazon,Ahmedabad,DEVICE_A,2026-10-12 05:27:00,5,34,0,9.82,1,0,0,0,0
TXN004554,USER00850,634.05,Uber,Ahmedabad,DEVICE_D,2026-01-21 03:37:00,3,38,0,32.7,1,0,0,0,0
TXN004555,USER01682,799.99,Paytm,Kolkata,DEVICE_A,2026-11-08 11:53:00,11,5,0,0.64,0,0,0,0,0
TXN004556,USER01986,755.19,Walmart,Pune,DEVICE_D,2026-08-29 15:46:00,15,13,1,12.62,0,0,0,0,0
TXN004557,USER01348,1925.3,Apple,Hyderabad,DEVICE_B,2026-06-12 23:01:00,23,27,0,5.86,0,0,0,0,0
TXN004558,USER00990,768.66,Uber,Pune,DEVICE_B,2026-09-12 14:39:00,14,0,0,41.58,0,0,0,1,1
TXN004559,USER01697,466.4,Zomato,Ahmedabad,DEVICE_C,2026-08-30 21:44:00,21,45,0,10.68,0,0,0,0,0
TXN004560,USER00639,1605.0,Myntra,Delhi,DEVICE_D,2026-07-19 00:00:00,0,20,0,23.94,1,0,0,0,0
TXN004561,USER00420,9311.03,Uber,Delhi,DEVICE_A,2026-01-13 05:59:00,5,26,0,8.86,1,0,0,0,0
TXN004562,USER00594,540.15,Swiggy,Mumbai,DEVICE_A,2026-11-15 20:32:00,20,21,0,8.0,0,0,0,0,0
TXN004563,USER00485,579.05,Netflix,Bangalore,DEVICE_A,2026-08-14 12:24:00,12,10,1,7.89,0,0,0,0,0
TXN004564,USER01683,982.27,Myntra,Hyderabad,DEVICE_C,2026-10-27 17:43:00,17,8,1,22.67,0,0,0,0,0
TXN004565,USER01775,2166.11,Apple,Mumbai,DEVICE_E,2026-07-17 03:20:00,3,9,0,66.62,1,0,0,0,1
TXN004566,USER00412,1824.65,Paytm,Bangalore,DEVICE_A,2026-05-04 06:39:00,6,42,0,4.67,0,0,0,0,0
TXN004567,USER00936,985.98,Uber,Chennai,DEVICE_B,2026-11-03 22:05:00,22,49,0,20.65,0,0,0,0,0
TXN004568,USER01108,740.64,Netflix,Chennai,DEVICE_A,2026-03-18 11:49:00,11,48,1,6.17,0,0,0,0,1
TXN004569,USER01137,7254.35,Amazon,Bangalore,DEVICE_A,2026-01-26 03:52:00,3,45,0,15.94,1,0,0,0,0
TXN004570,USER01761,3070.35,Netflix,Delhi,DEVICE_A,2026-04-09 22:06:00,22,48,0,15.6,0,0,0,0,0
TXN004571,USER00332,5227.59,Netflix,Delhi,DEVICE_E,2026-09-04 05:24:00,5,38,0,11.96,1,0,0,0,0
TXN004572,USER01402,2064.38,Myntra,Chennai,DEVICE_A,2026-11-16 07:59:00,7,30,0,13.81,0,0,0,0,0
TXN004573,USER01779,1008.17,Amazon,Ahmedabad,DEVICE_E,2026-05-16 14:11:00,14,31,0,42.44,0,0,0,0,0
TXN004574,USER00655,1570.06,Netflix,Delhi,DEVICE_E,2026-01-03 16:34:00,16,30,0,1.86,0,0,0,0,1
TXN004575,USER00041,5574.66,Swiggy,Pune,DEVICE_C,2026-06-08 14:51:00,14,7,0,35.47,0,0,0,0,0
TXN004576,USER01959,1741.46,Uber,Ahmedabad,DEVICE_B,2026-04-06 12:51:00,12,39,0,12.41,0,0,0,0,0
TXN004577,USER01794,233.58,Uber,Delhi,DEVICE_A,2026-04-08 16:16:00,16,4,0,8.12,0,0,0,0,0
TXN004578,USER00959,3874.25,Swiggy,Bangalore,DEVICE_A,2026-10-25 16:37:00,16,30,0,3.9,0,0,0,0,0
TXN004579,USER01821,4218.27,Uber,Kolkata,DEVICE_A,2026-08-18 13:43:00,13,6,0,33.73,0,0,0,0,0
TXN004580,USER00105,3339.43,Netflix,Bangalore,DEVICE_E,2026-05-14 14:14:00,14,44,0,17.93,0,0,0,0,0
TXN004581,USER00202,327.53,Paytm,Delhi,DEVICE_D,2026-02-12 22:44:00,22,46,0,26.07,0,0,0,0,0
TXN004582,USER00450,1553.39,Netflix,Bangalore,DEVICE_B,2026-08-20 18:11:00,18,13,0,7.57,0,0,0,0,0
TXN004583,USER01843,2759.61,Myntra,Hyderabad,DEVICE_A,2026-05-03 13:35:00,13,24,0,9.98,0,0,0,0,0
TXN004584,USER01867,1112.5,Zomato,Chennai,DEVICE_D,2026-11-07 22:24:00,22,20,0,48.99,0,0,0,0,0
TXN004585,USER01997,1545.17,Paytm,Kolkata,DEVICE_D,2026-07-04 03:16:00,3,46,0,64.98,1,0,0,0,0
TXN004586,USER01290,1815.23,Apple,Ahmedabad,DEVICE_D,2026-01-28 23:52:00,23,28,0,26.93,0,0,0,0,0
TXN004587,USER00910,521.26,Apple,Ahmedabad,DEVICE_B,2026-11-30 21:45:00,21,45,0,27.68,0,0,0,0,0
TXN004588,USER00210,1674.06,Paytm,Hyderabad,DEVICE_D,2026-03-28 05:10:00,5,44,1,23.71,1,0,0,0,0
TXN004589,USER00563,451.66,Netflix,Hyderabad,DEVICE_A,2026-06-12 06:04:00,6,30,0,17.7,0,0,0,0,0
TXN004590,USER01142,999.82,Walmart,Delhi,DEVICE_A,2026-07-17 04:55:00,4,3,1,18.08,1,0,0,0,0
TXN004591,USER00713,652.71,Zomato,Delhi,DEVICE_C,2026-08-15 10:58:00,10,40,0,66.38,0,0,0,0,0
TXN004592,USER01401,2411.14,Swiggy,Ahmedabad,DEVICE_E,2026-11-04 15:23:00,15,45,0,27.8,0,0,0,0,0
TXN004593,USER01575,2002.07,Netflix,Hyderabad,DEVICE_D,2026-07-09 17:19:00,17,28,1,21.3,0,0,0,0,0
TXN004594,USER01564,1827.38,Paytm,Hyderabad,DEVICE_E,2026-06-11 04:33:00,4,48,0,4.19,1,0,0,0,0
TXN004595,USER00771,1413.36,Walmart,Ahmedabad,DEVICE_E,2026-05-09 20:54:00,20,0,0,75.51,0,0,0,1,0
TXN004596,USER01108,1623.49,Netflix,Mumbai,DEVICE_E,2026-10-10 12:39:00,12,31,0,14.69,0,0,0,0,0
TXN004597,USER00454,6687.14,Walmart,Mumbai,DEVICE_E,2026-02-23 11:09:00,11,0,0,57.55,0,0,0,1,0
TXN004598,USER00667,3611.57,Paytm,Pune,DEVICE_E,2026-10-14 18:38:00,18,3,0,25.0,0,0,0,0,0
TXN004599,USER00629,461.54,Netflix,Chennai,DEVICE_A,2026-12-09 19:08:00,19,19,0,0.82,0,0,0,0,0
TXN004600,USER01538,678.09,Amazon,Hyderabad,DEVICE_B,2026-08-16 15:25:00,15,39,0,15.49,0,0,0,0,0
TXN004601,USER01629,908.9,Uber,Bangalore,DEVICE_D,2026-11-11 06:09:00,6,36,0,44.64,0,0,0,0,0
TXN004602,USER01702,881.73,Paytm,Kolkata,DEVICE_D,2026-05-29 07:40:00,7,13,0,1.06,0,0,0,0,0
TXN004603,USER00387,520.99,Apple,Mumbai,DEVICE_A,2026-01-23 11:57:00,11,13,0,40.31,0,0,0,0,0
TXN004604,USER01936,1859.42,Apple,Ahmedabad,DEVICE_A,2026-06-22 19:34:00,19,1,1,19.01,0,0,0,1,0
TXN004605,USER01374,1037.99,Zomato,Delhi,DEVICE_E,2026-02-20 01:02:00,1,20,0,0.91,1,0,0,0,0
TXN004606,USER00296,1333.78,Flipkart,Hyderabad,DEVICE_B,2026-02-17 18:03:00,18,28,0,9.36,0,0,0,0,0
TXN004607,USER00258,235.47,Apple,Bangalore,DEVICE_D,2026-06-25 10:07:00,10,11,0,0.61,0,0,0,0,0
TXN004608,USER01105,266.25,Flipkart,Kolkata,DEVICE_C,2026-12-03 10:41:00,10,17,0,0.03,0,0,0,0,0
TXN004609,USER01961,673.79,Amazon,Bangalore,DEVICE_A,2026-05-28 11:54:00,11,37,0,45.35,0,0,0,0,0
TXN004610,USER00268,1895.35,Paytm,Pune,DEVICE_C,2026-08-02 05:27:00,5,40,1,27.61,1,0,0,0,1
TXN004611,USER00419,1686.19,Walmart,Bangalore,DEVICE_D,2026-01-19 17:31:00,17,31,0,6.83,0,0,0,0,0
TXN004612,USER00235,2715.58,Zomato,Delhi,DEVICE_A,2026-09-24 00:09:00,0,40,0,2.41,1,0,0,0,0
TXN004613,USER01857,583.66,Uber,Mumbai,DEVICE_D,2026-06-22 05:24:00,5,21,1,1.12,1,0,0,0,0
TXN004614,USER01335,2032.68,Swiggy,Bangalore,DEVICE_A,2026-09-29 11:29:00,11,35,1,49.83,0,0,0,0,1
TXN004615,USER01837,4346.84,Flipkart,Kolkata,DEVICE_D,2026-11-19 19:17:00,19,41,0,19.65,0,0,0,0,0
TXN004616,USER01999,2524.87,Uber,Mumbai,DEVICE_C,2026-11-03 05:30:00,5,11,0,3.5,1,0,0,0,0
TXN004617,USER00986,342.7,Zomato,Pune,DEVICE_B,2026-12-18 17:58:00,17,20,0,22.88,0,0,0,0,0
TXN004618,USER01381,2972.2,Zomato,Pune,DEVICE_A,2026-07-12 04:19:00,4,7,0,136.08,1,0,0,0,0
TXN004619,USER01237,1470.95,Apple,Chennai,DEVICE_C,2026-10-29 08:06:00,8,27,0,31.03,0,0,0,0,0
TXN004620,USER00574,1650.34,Uber,Delhi,DEVICE_D,2026-02-09 22:32:00,22,21,0,11.83,0,0,0,0,0
TXN004621,USER00049,10363.25,Netflix,Mumbai,DEVICE_C,2026-12-19 20:00:00,20,15,0,33.66,0,1,0,0,1
TXN004622,USER01151,1369.13,Myntra,Pune,DEVICE_A,2026-01-13 04:32:00,4,11,0,27.28,1,0,0,0,0
TXN004623,USER00223,1935.44,Zomato,Pune,DEVICE_C,2026-08-05 14:02:00,14,48,0,1.86,0,0,0,0,0
TXN004624,USER00921,1193.22,Flipkart,Mumbai,DEVICE_D,2026-05-23 00:55:00,0,16,1,51.99,1,0,0,0,0
TXN004625,USER01303,881.01,Swiggy,Bangalore,DEVICE_E,2026-02-28 10:07:00,10,20,0,43.1,0,0,0,0,0
TXN004626,USER01432,1522.52,Swiggy,Ahmedabad,DEVICE_B,2026-01-16 04:40:00,4,6,0,17.86,1,0,0,0,0
TXN004627,USER01529,739.95,Amazon,Kolkata,DEVICE_B,2026-12-31 13:55:00,13,19,0,14.19,0,0,0,0,0
TXN004628,USER01318,1250.07,Amazon,Bangalore,DEVICE_E,2026-09-11 08:07:00,8,35,0,5.17,0,0,0,0,0
TXN004629,USER01820,835.87,Apple,Kolkata,DEVICE_A,2026-10-13 12:55:00,12,40,1,35.97,0,0,0,0,1
TXN004630,USER00277,168.93,Netflix,Pune,DEVICE_C,2026-03-31 20:03:00,20,43,0,11.31,0,0,0,0,0
TXN004631,USER01462,704.46,Apple,Pune,DEVICE_C,2026-08-11 16:32:00,16,12,0,17.32,0,0,0,0,0
TXN004632,USER01131,2591.5,Swiggy,Delhi,DEVICE_E,2026-12-17 02:01:00,2,40,1,3.73,1,0,0,0,0
TXN004633,USER01682,1750.71,Walmart,Mumbai,DEVICE_E,2026-01-09 14:58:00,14,28,1,4.81,0,0,0,0,0
TXN004634,USER00420,888.17,Swiggy,Hyderabad,DEVICE_D,2026-11-19 21:34:00,21,42,0,84.26,0,0,0,0,0
TXN004635,USER00611,1198.37,Zomato,Pune,DEVICE_D,2026-07-02 10:32:00,10,36,0,13.62,0,0,0,0,0
TXN004636,USER01453,531.17,Uber,Kolkata,DEVICE_B,2026-09-07 13:07:00,13,7,0,33.83,0,0,0,0,0
TXN004637,USER00375,585.21,Uber,Kolkata,DEVICE_A,2026-09-04 00:32:00,0,19,0,35.41,1,0,0,0,0
TXN004638,USER00073,1103.25,Zomato,Ahmedabad,DEVICE_A,2026-02-11 18:56:00,18,43,1,79.81,0,0,0,0,1
TXN004639,USER01973,903.08,Zomato,Ahmedabad,DEVICE_E,2026-10-09 13:32:00,13,47,0,81.38,0,0,0,0,0
TXN004640,USER01658,556.57,Swiggy,Bangalore,DEVICE_B,2026-02-03 20:22:00,20,9,0,12.21,0,0,0,0,0
TXN004641,USER01054,1032.75,Uber,Bangalore,DEVICE_B,2026-11-25 04:07:00,4,14,0,60.04,1,0,0,0,1
TXN004642,USER01212,402.86,Uber,Pune,DEVICE_D,2026-04-16 13:03:00,13,11,0,9.1,0,0,0,0,0
TXN004643,USER01388,4522.36,Paytm,Pune,DEVICE_C,2026-11-24 07:27:00,7,45,0,18.71,0,0,0,0,0
TXN004644,USER01890,2455.38,Uber,Chennai,DEVICE_A,2026-02-25 11:40:00,11,44,0,34.49,0,0,0,0,0
TXN004645,USER01824,155.33,Zomato,Kolkata,DEVICE_B,2026-11-03 05:32:00,5,15,0,49.02,1,0,0,0,1
TXN004646,USER01475,2332.57,Amazon,Delhi,DEVICE_D,2026-04-27 12:08:00,12,41,1,14.84,0,0,0,0,0
TXN004647,USER00195,784.02,Netflix,Mumbai,DEVICE_D,2026-11-28 14:01:00,14,7,0,10.82,0,0,0,0,0
TXN004648,USER01180,670.47,Walmart,Mumbai,DEVICE_D,2026-06-30 02:17:00,2,19,0,26.08,1,0,0,0,0
TXN004649,USER01196,2159.67,Zomato,Ahmedabad,DEVICE_C,2026-12-31 17:26:00,17,13,0,12.17,0,0,0,0,0
TXN004650,USER00847,964.14,Uber,Mumbai,DEVICE_B,2026-02-03 08:43:00,8,36,0,22.28,0,0,0,0,0
TXN004651,USER01065,774.0,Flipkart,Kolkata,DEVICE_E,2026-04-21 08:10:00,8,25,0,32.62,0,0,0,0,0
TXN004652,USER01087,331.7,Swiggy,Bangalore,DEVICE_E,2026-04-24 12:10:00,12,37,0,36.79,0,0,0,0,0
TXN004653,USER00023,2499.93,Swiggy,Delhi,DEVICE_D,2026-07-13 05:12:00,5,40,0,5.87,1,0,0,0,0
TXN004654,USER00360,2787.4,Netflix,Mumbai,DEVICE_D,2026-09-18 20:27:00,20,44,0,16.95,0,0,0,0,0
TXN004655,USER01099,1267.98,Zomato,Kolkata,DEVICE_C,2026-03-03 05:23:00,5,28,0,0.51,1,0,0,0,0
TXN004656,USER00560,384.03,Netflix,Hyderabad,DEVICE_D,2026-10-14 13:53:00,13,12,0,31.97,0,0,0,0,0
TXN004657,USER00672,1439.9,Amazon,Pune,DEVICE_B,2026-12-15 15:28:00,15,33,0,2.67,0,0,0,0,0
TXN004658,USER01849,1952.69,Myntra,Chennai,DEVICE_D,2026-03-03 07:12:00,7,21,0,41.07,0,0,0,0,0
TXN004659,USER01142,1070.74,Apple,Chennai,DEVICE_D,2026-04-23 18:43:00,18,44,0,10.44,0,0,0,0,0
TXN004660,USER01636,2424.58,Flipkart,Mumbai,DEVICE_B,2026-12-01 12:45:00,12,25,0,3.66,0,0,0,0,0
TXN004661,USER01404,1277.41,Apple,Bangalore,DEVICE_A,2026-05-27 14:54:00,14,33,0,31.77,0,0,0,0,0
TXN004662,USER01953,1441.85,Myntra,Chennai,DEVICE_E,2026-05-30 19:10:00,19,46,0,4.47,0,0,0,0,0
TXN004663,USER01944,4156.46,Flipkart,Chennai,DEVICE_D,2026-08-26 06:30:00,6,23,0,10.03,0,0,0,0,0
TXN004664,USER00679,704.4,Apple,Ahmedabad,DEVICE_B,2026-07-30 21:40:00,21,20,0,16.73,0,0,0,0,0
TXN004665,USER01314,267.4,Flipkart,Chennai,DEVICE_E,2026-01-11 18:10:00,18,30,0,8.93,0,0,0,0,0
TXN004666,USER00440,941.88,Netflix,Chennai,DEVICE_C,2026-01-15 09:45:00,9,11,0,3.95,0,0,0,0,0
TXN004667,USER01692,660.25,Walmart,Mumbai,DEVICE_A,2026-06-11 23:00:00,23,41,0,10.42,0,0,0,0,0
TXN004668,USER00933,305.0,Paytm,Ahmedabad,DEVICE_D,2026-10-30 02:11:00,2,23,0,3.12,1,0,0,0,0
TXN004669,USER00007,1919.24,Flipkart,Kolkata,DEVICE_A,2026-03-24 23:04:00,23,20,0,25.4,0,0,0,0,0
TXN004670,USER01220,1097.46,Myntra,Delhi,DEVICE_D,2026-09-07 00:51:00,0,3,0,3.76,1,0,0,0,0
TXN004671,USER00421,212.93,Netflix,Delhi,DEVICE_D,2026-05-04 17:43:00,17,24,0,13.17,0,0,0,0,0
TXN004672,USER01592,4409.7,Paytm,Bangalore,DEVICE_D,2026-03-14 03:03:00,3,7,0,16.44,1,0,0,0,0
TXN004673,USER00833,569.57,Netflix,Kolkata,DEVICE_A,2026-09-09 10:41:00,10,35,1,58.03,0,0,0,0,1
TXN004674,USER01217,629.99,Amazon,Pune,DEVICE_C,2026-08-19 19:21:00,19,33,0,1.63,0,0,0,0,0
TXN004675,USER00559,2559.12,Uber,Hyderabad,DEVICE_B,2026-02-17 10:02:00,10,49,0,53.32,0,0,0,0,0
TXN004676,USER01172,1612.24,Swiggy,Delhi,DEVICE_B,2026-11-15 08:23:00,8,49,0,4.67,0,0,0,0,0
TXN004677,USER01811,2929.79,Amazon,Hyderabad,DEVICE_C,2026-02-17 19:01:00,19,45,0,36.77,0,0,0,0,0
TXN004678,USER01693,154.16,Myntra,Delhi,DEVICE_C,2026-02-17 18:26:00,18,26,0,1.9,0,0,0,0,0
TXN004679,USER01226,847.74,Zomato,Ahmedabad,DEVICE_D,2026-02-02 16:59:00,16,27,0,89.66,0,0,0,0,0
TXN004680,USER01468,1237.05,Zomato,Delhi,DEVICE_D,2026-09-27 04:42:00,4,28,0,32.97,1,0,0,0,0
TXN004681,USER00914,3538.25,Swiggy,Ahmedabad,DEVICE_B,2026-06-02 21:48:00,21,28,0,1.3,0,0,0,0,0
TXN004682,USER01443,512.76,Netflix,Ahmedabad,DEVICE_D,2026-02-02 02:14:00,2,9,0,4.82,1,0,0,0,0
TXN004683,USER01451,807.09,Walmart,Bangalore,DEVICE_D,2026-07-12 19:17:00,19,43,1,15.91,0,0,0,0,0
TXN004684,USER01007,1244.78,Myntra,Chennai,DEVICE_C,2026-06-12 17:01:00,17,31,0,14.83,0,0,0,0,0
TXN004685,USER01503,2176.03,Swiggy,Bangalore,DEVICE_A,2026-04-26 00:04:00,0,7,1,19.85,1,0,0,0,1
TXN004686,USER01499,404.09,Paytm,Ahmedabad,DEVICE_E,2026-04-17 00:03:00,0,16,0,12.45,1,0,0,0,0
TXN004687,USER00126,2276.7,Paytm,Ahmedabad,DEVICE_E,2026-05-18 01:32:00,1,11,0,26.5,1,0,0,0,1
TXN004688,USER00395,644.79,Zomato,Delhi,DEVICE_D,2026-10-17 00:37:00,0,25,1,8.57,1,0,0,0,1
TXN004689,USER00817,1537.35,Uber,Kolkata,DEVICE_D,2026-12-22 13:36:00,13,2,0,3.88,0,0,0,0,0
TXN004690,USER00881,921.77,Netflix,Chennai,DEVICE_E,2026-04-12 02:04:00,2,41,0,0.69,1,0,0,0,0
TXN004691,USER01830,1404.53,Zomato,Kolkata,DEVICE_C,2026-08-11 06:47:00,6,10,0,7.85,0,0,0,0,0
TXN004692,USER00576,1327.28,Walmart,Kolkata,DEVICE_E,2026-11-07 10:02:00,10,13,0,11.13,0,0,0,0,0
TXN004693,USER00325,3460.99,Swiggy,Kolkata,DEVICE_E,2026-09-14 04:55:00,4,6,1,21.52,1,0,0,0,0
TXN004694,USER01416,887.07,Flipkart,Chennai,DEVICE_E,2026-05-22 01:51:00,1,25,0,32.85,1,0,0,0,0
TXN004695,USER00930,835.37,Walmart,Kolkata,DEVICE_D,2026-07-12 00:12:00,0,36,0,5.49,1,0,0,0,1
TXN004696,USER01712,2868.5,Flipkart,Chennai,DEVICE_D,2026-11-22 16:03:00,16,32,0,13.59,0,0,0,0,0
TXN004697,USER01652,3867.12,Netflix,Hyderabad,DEVICE_E,2026-06-04 01:28:00,1,43,0,5.32,1,0,0,0,0
TXN004698,USER01464,767.67,Swiggy,Ahmedabad,DEVICE_D,2026-10-11 07:11:00,7,47,0,60.39,0,0,0,0,0
TXN004699,USER01228,2044.91,Paytm,Pune,DEVICE_E,2026-12-24 17:15:00,17,31,0,20.86,0,0,0,0,0
TXN004700,USER01510,508.52,Paytm,Delhi,DEVICE_C,2026-05-08 13:07:00,13,37,0,22.66,0,0,0,0,0
TXN004701,USER00833,2055.66,Amazon,Mumbai,DEVICE_D,2026-07-10 06:54:00,6,19,0,15.15,0,0,0,0,0
TXN004702,USER01055,2510.14,Paytm,Kolkata,DEVICE_A,2026-08-29 16:36:00,16,9,0,6.62,0,0,0,0,0
TXN004703,USER01412,856.04,Myntra,Bangalore,DEVICE_D,2026-11-07 12:09:00,12,14,0,4.47,0,0,0,0,0
TXN004704,USER01649,2980.23,Amazon,Hyderabad,DEVICE_C,2026-02-24 09:06:00,9,14,0,21.38,0,0,0,0,0
TXN004705,USER01901,865.72,Amazon,Bangalore,DEVICE_C,2026-10-09 02:15:00,2,5,0,50.95,1,0,0,0,0
TXN004706,USER01458,1120.61,Paytm,Mumbai,DEVICE_D,2026-01-21 11:50:00,11,24,1,4.79,0,0,0,0,0
TXN004707,USER00837,1559.34,Zomato,Chennai,DEVICE_B,2026-01-27 23:08:00,23,0,0,16.96,0,0,0,1,0
TXN004708,USER00926,462.17,Uber,Mumbai,DEVICE_E,2026-06-20 17:45:00,17,5,0,15.07,0,0,0,0,0
TXN004709,USER01400,322.79,Uber,Bangalore,DEVICE_E,2026-02-26 17:50:00,17,12,0,20.53,0,0,0,0,0
TXN004710,USER01368,1410.65,Myntra,Ahmedabad,DEVICE_C,2026-08-08 14:41:00,14,10,0,17.72,0,0,0,0,0
TXN004711,USER00443,562.43,Apple,Ahmedabad,DEVICE_D,2026-05-11 23:05:00,23,23,0,6.37,0,0,0,0,0
TXN004712,USER01603,365.53,Zomato,Mumbai,DEVICE_B,2026-02-03 01:33:00,1,19,0,23.52,1,0,0,0,0
TXN004713,USER00075,2190.97,Apple,Ahmedabad,DEVICE_A,2026-04-11 16:14:00,16,25,0,6.37,0,0,0,0,0
TXN004714,USER00557,4294.77,Flipkart,Delhi,DEVICE_E,2026-05-22 02:57:00,2,24,0,21.17,1,0,0,0,0
TXN004715,USER01796,2372.12,Zomato,Mumbai,DEVICE_B,2026-07-14 15:19:00,15,11,1,7.13,0,0,0,0,0
TXN004716,USER01690,377.61,Swiggy,Kolkata,DEVICE_E,2026-06-01 12:32:00,12,45,0,1.72,0,0,0,0,0
TXN004717,USER01179,1287.47,Apple,Delhi,DEVICE_D,2026-12-10 04:39:00,4,8,1,2.72,1,0,0,0,1
TXN004718,USER01454,830.04,Myntra,Kolkata,DEVICE_E,2026-10-13 16:58:00,16,44,0,35.93,0,0,0,0,0
TXN004719,USER00363,509.01,Myntra,Pune,DEVICE_A,2026-01-19 08:31:00,8,35,0,2.59,0,0,0,0,0
TXN004720,USER00448,1183.95,Zomato,Pune,DEVICE_D,2026-11-01 21:16:00,21,8,0,8.02,0,0,0,0,0
TXN004721,USER01258,1031.97,Amazon,Mumbai,DEVICE_C,2026-08-23 03:20:00,3,32,0,6.78,1,0,0,0,1
TXN004722,USER01587,889.44,Swiggy,Delhi,DEVICE_B,2026-10-07 13:09:00,13,39,0,1.19,0,0,0,0,0
TXN004723,USER01842,2668.58,Netflix,Ahmedabad,DEVICE_E,2026-09-17 15:22:00,15,33,1,18.3,0,0,0,0,0
TXN004724,USER00262,3532.92,Swiggy,Delhi,DEVICE_D,2026-12-01 03:47:00,3,23,0,32.07,1,0,0,0,0
TXN004725,USER01851,819.8,Myntra,Pune,DEVICE_D,2026-09-26 23:45:00,23,44,0,97.41,0,0,0,0,0
TXN004726,USER00125,933.13,Flipkart,Mumbai,DEVICE_E,2026-04-23 14:06:00,14,44,0,54.99,0,0,0,0,0
TXN004727,USER00911,877.63,Apple,Hyderabad,DEVICE_C,2026-11-09 11:12:00,11,32,0,1.01,0,0,0,0,0
TXN004728,USER00245,1743.13,Apple,Chennai,DEVICE_E,2026-09-22 21:41:00,21,32,0,5.95,0,0,0,0,0
TXN004729,USER00542,1477.77,Flipkart,Chennai,DEVICE_C,2026-06-16 15:19:00,15,28,0,10.62,0,0,0,0,0
TXN004730,USER01962,579.04,Walmart,Chennai,DEVICE_E,2026-07-22 18:18:00,18,37,0,41.59,0,0,0,0,0
TXN004731,USER00485,976.64,Zomato,Ahmedabad,DEVICE_D,2026-09-11 05:30:00,5,47,0,8.93,1,0,0,0,0
TXN004732,USER00122,285.08,Myntra,Delhi,DEVICE_A,2026-02-14 07:53:00,7,48,1,16.89,0,0,0,0,0
TXN004733,USER00125,266.59,Uber,Ahmedabad,DEVICE_A,2026-04-28 07:28:00,7,12,0,21.55,0,0,0,0,0
TXN004734,USER01573,378.9,Paytm,Pune,DEVICE_D,2026-08-18 07:09:00,7,17,0,7.08,0,0,0,0,0
TXN004735,USER00170,874.56,Flipkart,Chennai,DEVICE_A,2026-11-01 01:44:00,1,34,0,17.44,1,0,0,0,0
TXN004736,USER00124,1900.91,Flipkart,Pune,DEVICE_C,2026-04-23 19:28:00,19,46,0,1.04,0,0,0,0,0
TXN004737,USER01893,542.27,Swiggy,Delhi,DEVICE_D,2026-10-14 14:48:00,14,1,0,13.09,0,0,0,1,0
TXN004738,USER01059,978.97,Zomato,Pune,DEVICE_C,2026-08-01 23:41:00,23,24,0,9.51,0,0,0,0,0
TXN004739,USER01111,1335.21,Zomato,Hyderabad,DEVICE_D,2026-04-06 18:31:00,18,5,1,8.79,0,0,0,0,0
TXN004740,USER00646,4369.42,Uber,Ahmedabad,DEVICE_C,2026-05-09 00:22:00,0,24,0,5.35,1,0,0,0,1
TXN004741,USER01732,1153.15,Paytm,Mumbai,DEVICE_C,2026-06-24 18:10:00,18,19,0,34.05,0,0,0,0,0
TXN004742,USER00786,1200.37,Zomato,Pune,DEVICE_A,2026-03-22 09:40:00,9,13,1,42.73,0,0,0,0,0
TXN004743,USER00201,636.01,Amazon,Pune,DEVICE_D,2026-07-25 05:05:00,5,49,0,43.81,1,0,0,0,0
TXN004744,USER00369,5727.44,Myntra,Mumbai,DEVICE_E,2026-05-02 05:52:00,5,3,0,10.09,1,0,0,0,0
TXN004745,USER00797,2182.26,Amazon,Delhi,DEVICE_A,2026-01-10 05:24:00,5,7,0,6.0,1,0,0,0,0
TXN004746,USER00077,403.43,Walmart,Delhi,DEVICE_C,2026-11-15 18:28:00,18,33,0,2.07,0,0,0,0,0
TXN004747,USER00059,4222.74,Myntra,Ahmedabad,DEVICE_C,2026-07-07 18:58:00,18,27,0,22.32,0,0,0,0,0
TXN004748,USER00431,2090.4,Netflix,Pune,DEVICE_E,2026-12-10 16:23:00,16,1,0,8.01,0,0,0,1,0
TXN004749,USER00638,1353.66,Myntra,Hyderabad,DEVICE_E,2026-02-02 03:45:00,3,16,0,6.48,1,0,0,0,0
TXN004750,USER01524,1986.8,Myntra,Chennai,DEVICE_C,2026-07-30 01:05:00,1,3,0,9.29,1,0,0,0,0
TXN004751,USER01937,3048.02,Uber,Hyderabad,DEVICE_E,2026-02-26 00:30:00,0,47,0,16.18,1,0,0,0,1
TXN004752,USER00109,556.84,Amazon,Mumbai,DEVICE_B,2026-05-17 04:29:00,4,33,0,3.53,1,0,0,0,0
TXN004753,USER01760,772.27,Paytm,Mumbai,DEVICE_A,2026-01-01 16:37:00,16,26,0,65.06,0,0,0,0,0
TXN004754,USER01008,1059.36,Swiggy,Kolkata,DEVICE_D,2026-09-09 23:07:00,23,18,0,26.38,0,0,0,0,0
TXN004755,USER01302,359.24,Uber,Chennai,DEVICE_E,2026-07-08 16:23:00,16,27,1,0.96,0,0,0,0,1
TXN004756,USER00068,2114.22,Myntra,Pune,DEVICE_E,2026-08-02 05:18:00,5,37,0,7.33,1,0,0,0,0
TXN004757,USER01093,855.85,Swiggy,Mumbai,DEVICE_B,2026-10-23 21:17:00,21,33,0,1.03,0,0,0,0,0
TXN004758,USER01189,775.02,Apple,Kolkata,DEVICE_D,2026-05-22 14:21:00,14,31,1,5.21,0,0,0,0,0
TXN004759,USER01513,614.82,Swiggy,Delhi,DEVICE_B,2026-02-28 05:09:00,5,40,0,6.75,1,0,0,0,0
TXN004760,USER00305,1063.53,Flipkart,Mumbai,DEVICE_D,2026-12-05 01:02:00,1,30,1,25.32,1,0,0,0,0
TXN004761,USER01933,1261.67,Uber,Bangalore,DEVICE_A,2026-10-10 10:35:00,10,5,0,25.37,0,0,0,0,0
TXN004762,USER00674,2687.71,Uber,Chennai,DEVICE_E,2026-10-19 23:01:00,23,5,0,0.93,0,0,0,0,0
TXN004763,USER00365,2756.54,Flipkart,Kolkata,DEVICE_A,2026-12-01 20:30:00,20,27,0,17.74,0,0,0,0,0
TXN004764,USER01878,395.32,Apple,Chennai,DEVICE_D,2026-03-09 23:40:00,23,7,0,64.84,0,0,0,0,0
TXN004765,USER00821,1659.87,Zomato,Chennai,DEVICE_E,2026-12-14 02:53:00,2,0,1,19.8,1,0,0,1,1
TXN004766,USER01403,3317.32,Zomato,Bangalore,DEVICE_B,2026-09-27 09:02:00,9,15,0,64.65,0,0,0,0,0
TXN004767,USER00343,897.53,Zomato,Hyderabad,DEVICE_C,2026-10-25 08:42:00,8,41,0,9.58,0,0,0,0,0
TXN004768,USER00947,941.1,Zomato,Delhi,DEVICE_B,2026-10-30 22:35:00,22,18,0,12.32,0,0,0,0,0
TXN004769,USER00899,767.33,Amazon,Chennai,DEVICE_C,2026-08-11 05:09:00,5,17,0,13.68,1,0,0,0,1
TXN004770,USER01578,1780.05,Flipkart,Mumbai,DEVICE_B,2026-03-30 20:36:00,20,29,0,51.53,0,0,0,0,0
TXN004771,USER01378,1420.28,Apple,Ahmedabad,DEVICE_D,2026-03-27 03:33:00,3,15,0,9.57,1,0,0,0,0
TXN004772,USER01440,2648.32,Myntra,Delhi,DEVICE_A,2026-06-09 21:41:00,21,32,1,81.99,0,0,0,0,0
TXN004773,USER01133,992.2,Walmart,Mumbai,DEVICE_C,2026-11-01 13:56:00,13,27,0,15.67,0,0,0,0,0
TXN004774,USER01587,3408.4,Uber,Delhi,DEVICE_D,2026-08-23 14:36:00,14,46,0,4.92,0,0,0,0,0
TXN004775,USER00762,1877.62,Swiggy,Pune,DEVICE_A,2026-02-19 13:14:00,13,15,0,2.19,0,0,0,0,0
TXN004776,USER01521,3161.2,Zomato,Delhi,DEVICE_A,2026-10-12 07:38:00,7,10,0,3.8,0,0,0,0,0
TXN004777,USER00341,641.46,Swiggy,Kolkata,DEVICE_E,2026-09-05 16:27:00,16,5,0,0.8,0,0,0,0,0
TXN004778,USER00942,4495.74,Walmart,Mumbai,DEVICE_E,2026-12-23 19:53:00,19,13,0,23.57,0,0,0,0,0
TXN004779,USER00383,665.18,Uber,Ahmedabad,DEVICE_E,2026-07-28 01:08:00,1,47,0,14.55,1,0,0,0,0
TXN004780,USER01004,693.83,Netflix,Mumbai,DEVICE_C,2026-07-14 07:49:00,7,35,1,26.78,0,0,0,0,1
TXN004781,USER01557,769.47,Paytm,Pune,DEVICE_C,2026-01-12 10:27:00,10,21,0,30.49,0,0,0,0,0
TXN004782,USER00300,699.05,Apple,Delhi,DEVICE_A,2026-02-03 05:49:00,5,39,0,53.58,1,0,0,0,0
TXN004783,USER00139,6028.16,Amazon,Chennai,DEVICE_C,2026-01-13 14:50:00,14,22,0,2.49,0,0,0,0,0
TXN004784,USER00359,1753.97,Swiggy,Ahmedabad,DEVICE_A,2026-11-25 18:15:00,18,30,0,4.12,0,0,0,0,0
TXN004785,USER00836,1713.5,Zomato,Mumbai,DEVICE_D,2026-01-18 15:02:00,15,27,0,15.89,0,0,0,0,0
TXN004786,USER01523,199.86,Flipkart,Pune,DEVICE_B,2026-07-19 07:50:00,7,18,0,2.77,0,0,0,0,0
TXN004787,USER01409,3487.5,Swiggy,Ahmedabad,DEVICE_A,2026-12-06 12:45:00,12,21,0,1.95,0,0,0,0,0
TXN004788,USER01628,430.69,Uber,Bangalore,DEVICE_A,2026-08-17 22:22:00,22,0,0,21.95,0,0,0,1,0
TXN004789,USER01983,1061.33,Netflix,Bangalore,DEVICE_D,2026-01-05 13:13:00,13,2,0,25.8,0,0,0,0,0
TXN004790,USER01304,581.86,Apple,Delhi,DEVICE_E,2026-07-06 19:28:00,19,7,0,37.08,0,0,0,0,0
TXN004791,USER01661,1360.62,Flipkart,Hyderabad,DEVICE_E,2026-06-09 12:52:00,12,12,0,49.48,0,0,0,0,0
TXN004792,USER00483,4361.87,Paytm,Delhi,DEVICE_E,2026-01-08 13:33:00,13,0,0,11.69,0,0,0,1,0
TXN004793,USER00909,461.61,Uber,Pune,DEVICE_A,2026-04-22 09:06:00,9,28,0,78.12,0,0,0,0,0
TXN004794,USER01135,574.18,Netflix,Delhi,DEVICE_A,2026-04-16 21:56:00,21,12,0,0.77,0,0,0,0,0
TXN004795,USER00866,1243.42,Flipkart,Chennai,DEVICE_C,2026-07-01 03:36:00,3,41,0,40.82,1,0,0,0,0
TXN004796,USER00139,4505.25,Paytm,Chennai,DEVICE_C,2026-02-02 06:37:00,6,28,0,7.76,0,0,0,0,0
TXN004797,USER00996,748.33,Swiggy,Kolkata,DEVICE_B,2026-07-17 07:38:00,7,29,0,50.95,0,0,0,0,0
TXN004798,USER00435,575.59,Uber,Pune,DEVICE_B,2026-05-08 09:48:00,9,15,0,5.04,0,0,0,0,0
TXN004799,USER00509,1270.94,Myntra,Hyderabad,DEVICE_C,2026-07-01 10:52:00,10,40,0,27.02,0,0,0,0,0
TXN004800,USER00273,1104.05,Paytm,Ahmedabad,DEVICE_A,2026-12-16 08:02:00,8,33,0,11.08,0,0,0,0,0
TXN004801,USER01123,435.94,Netflix,Pune,DEVICE_D,2026-07-30 01:14:00,1,39,0,9.61,1,0,0,0,0
TXN004802,USER01788,761.43,Myntra,Pune,DEVICE_C,2026-10-03 09:07:00,9,2,0,1.23,0,0,0,0,0
TXN004803,USER01874,186.58,Myntra,Hyderabad,DEVICE_A,2026-03-10 08:16:00,8,28,0,24.48,0,0,0,0,0
TXN004804,USER00104,1067.02,Amazon,Pune,DEVICE_C,2026-02-07 07:26:00,7,29,0,3.86,0,0,0,0,0
TXN004805,USER01238,357.33,Netflix,Hyderabad,DEVICE_E,2026-06-20 07:19:00,7,33,0,12.43,0,0,0,0,0
TXN004806,USER01785,10117.85,Myntra,Hyderabad,DEVICE_C,2026-03-07 05:19:00,5,3,1,3.05,1,1,0,0,1
TXN004807,USER01688,1806.87,Swiggy,Hyderabad,DEVICE_E,2026-10-30 16:05:00,16,47,0,18.55,0,0,0,0,0
TXN004808,USER00762,1378.01,Uber,Pune,DEVICE_A,2026-02-21 04:07:00,4,7,0,5.25,1,0,0,0,0
TXN004809,USER00787,1762.09,Uber,Pune,DEVICE_E,2026-03-08 16:48:00,16,46,1,18.05,0,0,0,0,0
TXN004810,USER00165,704.7,Swiggy,Delhi,DEVICE_C,2026-11-03 23:57:00,23,47,0,58.6,0,0,0,0,0
TXN004811,USER00999,964.91,Amazon,Pune,DEVICE_E,2026-04-01 22:51:00,22,17,0,50.75,0,0,0,0,0
TXN004812,USER01877,1728.23,Apple,Delhi,DEVICE_D,2026-02-03 04:22:00,4,21,0,4.47,1,0,0,0,0
TXN004813,USER00520,455.64,Amazon,Kolkata,DEVICE_E,2026-07-15 11:45:00,11,9,0,2.09,0,0,0,0,0
TXN004814,USER01308,2027.97,Uber,Bangalore,DEVICE_E,2026-02-24 08:29:00,8,13,1,0.87,0,0,0,0,1
TXN004815,USER00517,7305.69,Apple,Bangalore,DEVICE_B,2026-06-29 04:06:00,4,45,1,35.26,1,0,0,0,0
TXN004816,USER00657,289.48,Amazon,Kolkata,DEVICE_D,2026-05-29 05:56:00,5,30,0,5.74,1,0,0,0,1
TXN004817,USER00613,1771.35,Myntra,Kolkata,DEVICE_A,2026-06-19 11:27:00,11,34,0,6.68,0,0,0,0,0
TXN004818,USER00164,525.0,Apple,Mumbai,DEVICE_E,2026-04-29 13:20:00,13,45,0,5.13,0,0,0,0,0
TXN004819,USER01910,2042.34,Uber,Delhi,DEVICE_D,2026-12-27 19:44:00,19,1,0,36.66,0,0,0,1,0
TXN004820,USER01683,1487.74,Swiggy,Hyderabad,DEVICE_A,2026-04-03 05:02:00,5,1,0,77.17,1,0,0,1,0
TXN004821,USER00064,5952.97,Zomato,Ahmedabad,DEVICE_D,2026-07-24 13:24:00,13,34,0,28.15,0,0,0,0,0
TXN004822,USER01115,5071.47,Myntra,Mumbai,DEVICE_B,2026-04-14 04:56:00,4,33,0,34.7,1,0,0,0,0
TXN004823,USER01141,297.89,Myntra,Chennai,DEVICE_A,2026-12-12 18:57:00,18,28,1,19.38,0,0,0,0,0
TXN004824,USER01890,2181.61,Zomato,Delhi,DEVICE_A,2026-05-04 11:55:00,11,5,0,15.05,0,0,0,0,0
TXN004825,USER00267,2148.16,Paytm,Pune,DEVICE_E,2026-08-27 13:01:00,13,3,0,25.57,0,0,0,0,0
TXN004826,USER01846,3197.18,Walmart,Kolkata,DEVICE_C,2026-05-29 01:42:00,1,0,0,0.73,1,0,0,1,0
TXN004827,USER01709,1677.69,Flipkart,Bangalore,DEVICE_A,2026-05-19 17:54:00,17,34,1,1.27,0,0,0,0,0
TXN004828,USER01583,1875.95,Netflix,Delhi,DEVICE_A,2026-12-05 08:30:00,8,47,0,23.25,0,0,0,0,0
TXN004829,USER01164,432.97,Amazon,Kolkata,DEVICE_B,2026-10-02 20:18:00,20,46,0,8.16,0,0,0,0,0
TXN004830,USER00246,1603.21,Walmart,Ahmedabad,DEVICE_B,2026-05-30 07:43:00,7,25,0,13.42,0,0,0,0,0
TXN004831,USER01685,902.42,Amazon,Ahmedabad,DEVICE_B,2026-08-07 09:53:00,9,28,1,30.46,0,0,0,0,0
TXN004832,USER01782,2028.94,Walmart,Delhi,DEVICE_E,2026-09-12 09:55:00,9,10,1,17.22,0,0,0,0,0
TXN004833,USER00395,1007.21,Apple,Pune,DEVICE_A,2026-11-13 11:15:00,11,3,0,32.72,0,0,0,0,0
TXN004834,USER01511,1640.05,Swiggy,Delhi,DEVICE_B,2026-03-28 04:31:00,4,21,0,10.87,1,0,0,0,0
TXN004835,USER00476,1909.35,Netflix,Pune,DEVICE_B,2026-02-09 19:47:00,19,32,0,6.78,0,0,0,0,0
TXN004836,USER01541,1942.03,Netflix,Delhi,DEVICE_D,2026-06-29 23:51:00,23,33,0,5.35,0,0,0,0,0
TXN004837,USER00977,561.48,Amazon,Chennai,DEVICE_D,2026-04-29 02:52:00,2,30,1,2.82,1,0,0,0,0
TXN004838,USER01208,9671.04,Zomato,Bangalore,DEVICE_B,2026-10-26 00:13:00,0,9,0,0.75,1,0,0,0,0
TXN004839,USER01044,1378.14,Apple,Delhi,DEVICE_E,2026-03-19 21:04:00,21,34,0,1.09,0,0,0,0,0
TXN004840,USER01961,1936.37,Paytm,Kolkata,DEVICE_C,2026-10-02 06:16:00,6,27,0,6.32,0,0,0,0,0
TXN004841,USER00558,1156.44,Netflix,Chennai,DEVICE_D,2026-12-21 04:00:00,4,22,0,6.53,1,0,0,0,0
TXN004842,USER01018,404.48,Flipkart,Ahmedabad,DEVICE_D,2026-08-24 15:15:00,15,48,0,9.62,0,0,0,0,0
TXN004843,USER01548,2218.5,Amazon,Mumbai,DEVICE_A,2026-11-23 07:56:00,7,11,0,17.91,0,0,0,0,0
TXN004844,USER01606,1396.21,Myntra,Delhi,DEVICE_A,2026-04-03 16:55:00,16,28,0,28.48,0,0,0,0,0
TXN004845,USER01553,2440.44,Flipkart,Pune,DEVICE_B,2026-10-05 17:47:00,17,1,0,4.41,0,0,0,1,0
TXN004846,USER00883,602.81,Uber,Chennai,DEVICE_A,2026-05-26 18:40:00,18,12,0,28.48,0,0,0,0,0
TXN004847,USER00147,813.16,Amazon,Hyderabad,DEVICE_A,2026-12-07 21:55:00,21,35,1,2.99,0,0,0,0,0
TXN004848,USER00666,1395.58,Amazon,Mumbai,DEVICE_C,2026-10-21 11:30:00,11,46,0,89.65,0,0,0,0,0
TXN004849,USER01328,1145.31,Myntra,Bangalore,DEVICE_E,2026-05-11 11:49:00,11,25,0,6.71,0,0,0,0,0
TXN004850,USER00620,847.64,Apple,Delhi,DEVICE_B,2026-03-10 12:30:00,12,16,0,36.32,0,0,0,0,0
TXN004851,USER01772,1396.83,Myntra,Delhi,DEVICE_C,2026-04-06 09:21:00,9,42,0,4.23,0,0,0,0,0
TXN004852,USER00820,3971.19,Netflix,Chennai,DEVICE_B,2026-07-27 10:15:00,10,32,0,60.17,0,0,0,0,0
TXN004853,USER00864,1655.83,Swiggy,Ahmedabad,DEVICE_E,2026-04-06 04:58:00,4,21,0,35.05,1,0,0,0,0
TXN004854,USER00582,3151.76,Amazon,Bangalore,DEVICE_B,2026-02-23 04:52:00,4,1,1,8.91,1,0,0,1,1
TXN004855,USER01023,942.88,Uber,Hyderabad,DEVICE_A,2026-08-15 07:03:00,7,9,0,10.95,0,0,0,0,0
TXN004856,USER00695,1151.8,Zomato,Mumbai,DEVICE_E,2026-07-11 00:10:00,0,38,0,0.08,1,0,0,0,0
TXN004857,USER01786,1364.86,Amazon,Kolkata,DEVICE_C,2026-07-16 09:55:00,9,25,0,5.79,0,0,0,0,0
TXN004858,USER01252,735.07,Myntra,Bangalore,DEVICE_C,2026-12-30 10:49:00,10,29,0,6.83,0,0,0,0,0
TXN004859,USER01126,1375.3,Walmart,Delhi,DEVICE_D,2026-05-26 06:00:00,6,21,0,12.06,0,0,0,0,0
TXN004860,USER01611,4496.42,Amazon,Chennai,DEVICE_C,2026-07-19 13:04:00,13,10,1,2.99,0,0,0,0,1
TXN004861,USER01441,5270.7,Amazon,Hyderabad,DEVICE_D,2026-03-08 13:55:00,13,21,0,13.03,0,0,0,0,0
TXN004862,USER01982,3780.88,Uber,Chennai,DEVICE_A,2026-08-17 19:23:00,19,23,0,22.08,0,0,0,0,0
TXN004863,USER01240,1443.92,Uber,Mumbai,DEVICE_C,2026-10-24 16:18:00,16,28,0,9.28,0,0,0,0,0
TXN004864,USER00407,574.08,Amazon,Pune,DEVICE_E,2026-04-29 19:30:00,19,9,0,5.28,0,0,0,0,0
TXN004865,USER00399,9919.74,Walmart,Pune,DEVICE_D,2026-12-30 21:32:00,21,33,1,15.87,0,0,0,0,0
TXN004866,USER01947,690.57,Swiggy,Bangalore,DEVICE_C,2026-09-02 04:49:00,4,45,0,0.59,1,0,0,0,0
TXN004867,USER00715,4324.1,Paytm,Chennai,DEVICE_A,2026-01-17 05:14:00,5,24,0,8.34,1,0,0,0,0
TXN004868,USER00704,1524.44,Walmart,Kolkata,DEVICE_E,2026-06-20 08:39:00,8,20,0,15.0,0,0,0,0,0
TXN004869,USER00761,432.82,Walmart,Kolkata,DEVICE_E,2026-10-06 05:47:00,5,38,0,8.18,1,0,0,0,0
TXN004870,USER00499,288.98,Walmart,Pune,DEVICE_A,2026-08-16 18:50:00,18,12,0,8.48,0,0,0,0,0
TXN004871,USER01778,3833.01,Swiggy,Pune,DEVICE_C,2026-07-21 13:47:00,13,1,0,37.72,0,0,0,1,0
TXN004872,USER01489,654.04,Apple,Chennai,DEVICE_B,2026-05-19 23:59:00,23,5,0,54.36,0,0,0,0,0
TXN004873,USER01715,352.85,Apple,Ahmedabad,DEVICE_C,2026-02-25 11:52:00,11,0,0,35.13,0,0,0,1,1
TXN004874,USER01973,861.0,Walmart,Delhi,DEVICE_D,2026-04-14 00:58:00,0,27,0,2.08,1,0,0,0,0
TXN004875,USER00974,1091.63,Paytm,Chennai,DEVICE_D,2026-08-28 23:42:00,23,21,0,6.84,0,0,0,0,0
TXN004876,USER01755,1531.31,Myntra,Hyderabad,DEVICE_C,2026-11-30 17:24:00,17,10,0,24.85,0,0,0,0,0
TXN004877,USER00082,1461.58,Flipkart,Bangalore,DEVICE_D,2026-04-27 02:18:00,2,38,0,73.3,1,0,0,0,0
TXN004878,USER00604,567.23,Apple,Mumbai,DEVICE_B,2026-09-25 09:08:00,9,4,0,5.55,0,0,0,0,0
TXN004879,USER01971,1098.21,Zomato,Ahmedabad,DEVICE_B,2026-05-22 00:29:00,0,17,0,45.7,1,0,0,0,1
TXN004880,USER01711,5144.91,Uber,Kolkata,DEVICE_E,2026-03-30 15:26:00,15,19,0,26.87,0,0,0,0,0
TXN004881,USER01775,425.26,Swiggy,Ahmedabad,DEVICE_D,2026-10-29 13:02:00,13,11,0,82.03,0,0,0,0,0
TXN004882,USER00772,1675.48,Swiggy,Chennai,DEVICE_C,2026-10-28 18:45:00,18,20,0,1.97,0,0,0,0,0
TXN004883,USER00903,424.72,Flipkart,Hyderabad,DEVICE_E,2026-07-15 20:15:00,20,26,0,10.04,0,0,0,0,0
TXN004884,USER00365,757.12,Apple,Ahmedabad,DEVICE_B,2026-05-26 00:29:00,0,49,0,13.01,1,0,0,0,0
TXN004885,USER00163,3038.66,Paytm,Pune,DEVICE_E,2026-07-24 17:01:00,17,40,0,22.3,0,0,0,0,0
TXN004886,USER01072,175.91,Paytm,Kolkata,DEVICE_A,2026-06-24 15:58:00,15,33,0,21.22,0,0,0,0,0
TXN004887,USER00511,7246.52,Uber,Ahmedabad,DEVICE_D,2026-11-25 11:04:00,11,17,0,47.36,0,0,0,0,0
TXN004888,USER01353,342.41,Walmart,Kolkata,DEVICE_C,2026-05-19 01:52:00,1,33,1,36.49,1,0,0,0,0
TXN004889,USER01864,179.74,Myntra,Mumbai,DEVICE_B,2026-06-09 00:26:00,0,1,0,1.14,1,0,0,1,0
TXN004890,USER00116,1115.95,Apple,Kolkata,DEVICE_E,2026-01-19 03:26:00,3,13,0,13.33,1,0,0,0,0
TXN004891,USER00941,745.38,Paytm,Ahmedabad,DEVICE_C,2026-05-17 21:41:00,21,38,0,10.45,0,0,0,0,0
TXN004892,USER01873,628.5,Flipkart,Hyderabad,DEVICE_D,2026-12-29 11:53:00,11,0,0,117.17,0,0,0,1,1
TXN004893,USER00337,1953.45,Uber,Kolkata,DEVICE_C,2026-02-05 12:23:00,12,27,0,11.15,0,0,0,0,0
TXN004894,USER00881,476.73,Amazon,Kolkata,DEVICE_D,2026-05-27 14:46:00,14,40,0,22.95,0,0,0,0,0
TXN004895,USER00737,1831.37,Uber,Chennai,DEVICE_D,2026-10-01 15:59:00,15,26,0,6.69,0,0,0,0,0
TXN004896,USER01888,2308.91,Paytm,Chennai,DEVICE_D,2026-06-23 19:07:00,19,29,0,19.07,0,0,0,0,0
TXN004897,USER00840,318.94,Amazon,Pune,DEVICE_E,2026-03-19 23:04:00,23,21,0,4.63,0,0,0,0,0
TXN004898,USER00147,2762.28,Zomato,Bangalore,DEVICE_D,2026-05-16 06:14:00,6,11,0,18.51,0,0,0,0,0
TXN004899,USER01599,2199.33,Netflix,Delhi,DEVICE_C,2026-05-19 15:14:00,15,0,0,40.53,0,0,0,1,0
TXN004900,USER01830,4434.79,Uber,Hyderabad,DEVICE_A,2026-10-16 14:01:00,14,32,0,0.39,0,0,0,0,0
TXN004901,USER01347,1101.96,Flipkart,Delhi,DEVICE_C,2026-08-24 12:35:00,12,40,0,14.05,0,0,0,0,0
TXN004902,USER00443,517.34,Flipkart,Delhi,DEVICE_E,2026-07-23 04:18:00,4,47,0,80.76,1,0,0,0,0
TXN004903,USER00837,3390.21,Myntra,Kolkata,DEVICE_D,2026-05-29 18:00:00,18,48,0,3.47,0,0,0,0,0
TXN004904,USER01037,1145.7,Walmart,Ahmedabad,DEVICE_A,2026-03-19 10:38:00,10,0,0,4.05,0,0,0,1,0
TXN004905,USER00943,5656.52,Uber,Pune,DEVICE_E,2026-12-22 17:11:00,17,4,0,12.73,0,0,0,0,0
TXN004906,USER01518,2076.43,Paytm,Mumbai,DEVICE_B,2026-02-27 15:37:00,15,47,0,40.96,0,0,0,0,0
TXN004907,USER01725,1071.38,Netflix,Ahmedabad,DEVICE_B,2026-03-21 19:40:00,19,4,0,16.55,0,0,0,0,0
TXN004908,USER00287,496.05,Apple,Ahmedabad,DEVICE_B,2026-06-17 00:40:00,0,6,0,14.21,1,0,0,0,0
TXN004909,USER00720,998.31,Paytm,Mumbai,DEVICE_A,2026-06-28 12:57:00,12,19,1,1.82,0,0,0,0,0
TXN004910,USER01138,2549.28,Flipkart,Kolkata,DEVICE_C,2026-04-02 07:45:00,7,25,0,65.4,0,0,0,0,0
TXN004911,USER00480,282.22,Zomato,Pune,DEVICE_A,2026-11-28 07:32:00,7,48,0,8.53,0,0,0,0,0
TXN004912,USER00022,761.63,Paytm,Hyderabad,DEVICE_A,2026-01-07 12:54:00,12,5,0,5.8,0,0,0,0,0
TXN004913,USER01373,256.46,Swiggy,Delhi,DEVICE_A,2026-02-11 17:55:00,17,25,0,10.61,0,0,0,0,0
TXN004914,USER01750,429.7,Flipkart,Bangalore,DEVICE_B,2026-02-19 12:32:00,12,2,0,10.69,0,0,0,0,0
TXN004915,USER00683,632.61,Uber,Pune,DEVICE_C,2026-04-30 01:48:00,1,38,0,12.27,1,0,0,0,0
TXN004916,USER01859,859.49,Zomato,Delhi,DEVICE_A,2026-10-16 03:56:00,3,13,0,23.33,1,0,0,0,1
TXN004917,USER01590,1507.22,Swiggy,Mumbai,DEVICE_C,2026-07-27 14:07:00,14,48,1,40.49,0,0,0,0,1
TXN004918,USER00906,2062.32,Amazon,Delhi,DEVICE_D,2026-12-09 21:56:00,21,13,0,1.18,0,0,0,0,0
TXN004919,USER01834,3808.93,Netflix,Chennai,DEVICE_A,2026-01-26 19:21:00,19,19,1,13.5,0,0,0,0,0
TXN004920,USER00320,4641.93,Flipkart,Chennai,DEVICE_A,2026-07-15 06:33:00,6,43,0,10.69,0,0,0,0,0
TXN004921,USER00126,3186.69,Uber,Bangalore,DEVICE_A,2026-03-21 23:52:00,23,8,1,0.22,0,0,0,0,1
TXN004922,USER00277,779.4,Swiggy,Hyderabad,DEVICE_D,2026-02-13 19:42:00,19,5,1,33.91,0,0,0,0,0
TXN004923,USER02000,1353.47,Swiggy,Delhi,DEVICE_D,2026-04-29 08:23:00,8,1,0,2.2,0,0,0,1,0
TXN004924,USER01228,661.13,Walmart,Chennai,DEVICE_B,2026-04-20 15:08:00,15,37,0,2.44,0,0,0,0,0
TXN004925,USER00194,1374.14,Swiggy,Hyderabad,DEVICE_E,2026-01-03 22:57:00,22,40,0,0.99,0,0,0,0,0
TXN004926,USER01705,948.98,Netflix,Pune,DEVICE_C,2026-10-27 02:06:00,2,42,0,4.47,1,0,0,0,0
TXN004927,USER01688,392.26,Zomato,Pune,DEVICE_E,2026-03-13 16:57:00,16,32,1,3.89,0,0,0,0,0
TXN004928,USER01571,4051.18,Zomato,Chennai,DEVICE_A,2026-07-03 08:56:00,8,43,0,8.55,0,0,0,0,0
TXN004929,USER00696,5101.38,Swiggy,Hyderabad,DEVICE_A,2026-01-09 13:07:00,13,4,0,21.53,0,0,0,0,0
TXN004930,USER01310,554.31,Uber,Hyderabad,DEVICE_B,2026-01-17 01:09:00,1,12,0,1.12,1,0,0,0,0
TXN004931,USER00057,1752.29,Flipkart,Chennai,DEVICE_E,2026-05-08 13:08:00,13,14,0,39.36,0,0,0,0,0
TXN004932,USER01758,576.3,Uber,Kolkata,DEVICE_A,2026-03-08 14:46:00,14,44,0,7.91,0,0,0,0,0
TXN004933,USER01327,1021.15,Myntra,Mumbai,DEVICE_E,2026-07-20 17:55:00,17,33,0,18.66,0,0,0,0,0
TXN004934,USER01187,679.61,Flipkart,Hyderabad,DEVICE_B,2026-03-21 03:07:00,3,8,0,0.24,1,0,0,0,0
TXN004935,USER00019,623.63,Amazon,Pune,DEVICE_E,2026-12-15 01:45:00,1,25,0,9.11,1,0,0,0,0
TXN004936,USER01394,1301.34,Netflix,Kolkata,DEVICE_C,2026-10-21 22:16:00,22,29,1,0.04,0,0,0,0,0
TXN004937,USER00264,214.04,Uber,Delhi,DEVICE_B,2026-02-27 19:49:00,19,21,0,3.62,0,0,0,0,0
TXN004938,USER00794,684.97,Walmart,Kolkata,DEVICE_E,2026-08-30 01:51:00,1,24,0,11.88,1,0,0,0,0
TXN004939,USER00113,40701.48,Zomato,Chennai,DEVICE_A,2026-09-09 20:38:00,20,39,0,15.32,0,1,0,0,1
TXN004940,USER01512,273.97,Swiggy,Kolkata,DEVICE_D,2026-10-25 01:35:00,1,3,0,3.32,1,0,0,0,0
TXN004941,USER01351,778.79,Flipkart,Mumbai,DEVICE_D,2026-05-14 13:33:00,13,46,0,27.35,0,0,0,0,0
TXN004942,USER00542,1421.26,Swiggy,Chennai,DEVICE_B,2026-12-01 22:37:00,22,27,0,4.19,0,0,0,0,0
TXN004943,USER00647,932.95,Amazon,Bangalore,DEVICE_D,2026-07-04 21:43:00,21,36,0,2.46,0,0,0,0,0
TXN004944,USER00579,551.42,Myntra,Delhi,DEVICE_C,2026-03-21 08:18:00,8,9,0,8.11,0,0,0,0,0
TXN004945,USER01089,2620.75,Swiggy,Pune,DEVICE_B,2026-02-22 10:48:00,10,8,0,16.03,0,0,0,0,0
TXN004946,USER01316,1254.43,Uber,Bangalore,DEVICE_A,2026-02-03 22:43:00,22,35,0,90.02,0,0,0,0,0
TXN004947,USER00025,625.72,Flipkart,Kolkata,DEVICE_A,2026-05-03 13:44:00,13,0,1,10.85,0,0,0,1,1
TXN004948,USER01573,2372.13,Walmart,Hyderabad,DEVICE_B,2026-09-11 02:52:00,2,29,0,11.1,1,0,0,0,0
TXN004949,USER00001,682.25,Amazon,Kolkata,DEVICE_D,2026-07-23 05:38:00,5,10,0,1.22,1,0,0,0,0
TXN004950,USER00911,499.0,Paytm,Ahmedabad,DEVICE_D,2026-08-13 04:34:00,4,24,0,29.03,1,0,0,0,0
TXN004951,USER01573,1861.28,Netflix,Pune,DEVICE_A,2026-08-17 11:41:00,11,10,1,4.01,0,0,0,0,1
TXN004952,USER00141,338.21,Myntra,Pune,DEVICE_C,2026-04-10 00:20:00,0,40,1,27.31,1,0,0,0,1
TXN004953,USER01768,5335.11,Uber,Ahmedabad,DEVICE_D,2026-06-26 04:25:00,4,4,1,48.3,1,0,0,0,1
TXN004954,USER00648,4291.88,Netflix,Hyderabad,DEVICE_C,2026-03-16 01:06:00,1,26,0,29.24,1,0,0,0,0
TXN004955,USER01925,1794.0,Walmart,Bangalore,DEVICE_D,2026-01-27 14:32:00,14,22,0,20.57,0,0,0,0,0
TXN004956,USER00188,649.39,Netflix,Bangalore,DEVICE_B,2026-07-31 14:32:00,14,18,0,18.52,0,0,0,0,0
TXN004957,USER01152,419.46,Zomato,Hyderabad,DEVICE_E,2026-12-14 03:48:00,3,2,1,12.09,1,0,0,0,0
TXN004958,USER00201,108.26,Flipkart,Mumbai,DEVICE_A,2026-09-24 11:58:00,11,7,0,3.12,0,0,0,0,0
TXN004959,USER01151,4695.57,Netflix,Ahmedabad,DEVICE_B,2026-08-19 19:53:00,19,47,1,30.18,0,0,0,0,0
TXN004960,USER00257,458.29,Uber,Delhi,DEVICE_D,2026-08-25 16:11:00,16,48,0,12.98,0,0,0,0,0
TXN004961,USER01700,1508.23,Paytm,Chennai,DEVICE_A,2026-09-18 00:14:00,0,35,0,19.65,1,0,0,0,0
TXN004962,USER00547,1311.7,Zomato,Ahmedabad,DEVICE_E,2026-04-02 23:46:00,23,14,0,9.37,0,0,0,0,0
TXN004963,USER00194,243.41,Zomato,Bangalore,DEVICE_E,2026-10-18 21:50:00,21,12,0,4.48,0,0,0,0,0
TXN004964,USER00703,636.52,Netflix,Delhi,DEVICE_D,2026-08-24 00:34:00,0,29,0,32.85,1,0,0,0,0
TXN004965,USER01128,395.54,Myntra,Chennai,DEVICE_A,2026-07-07 18:22:00,18,40,0,8.38,0,0,0,0,0
TXN004966,USER01559,2238.98,Apple,Kolkata,DEVICE_D,2026-12-23 09:01:00,9,9,0,40.3,0,0,0,0,0
TXN004967,USER01289,2329.61,Myntra,Chennai,DEVICE_E,2026-01-29 06:35:00,6,33,0,67.47,0,0,0,0,0
TXN004968,USER00802,880.38,Swiggy,Bangalore,DEVICE_B,2026-02-04 20:43:00,20,29,0,35.44,0,0,0,0,0
TXN004969,USER00942,513.64,Uber,Mumbai,DEVICE_B,2026-01-29 22:06:00,22,24,0,2.74,0,0,0,0,0
TXN004970,USER01998,1298.76,Apple,Mumbai,DEVICE_C,2026-09-24 10:54:00,10,5,1,38.62,0,0,0,0,0
TXN004971,USER01408,2970.34,Flipkart,Delhi,DEVICE_E,2026-01-07 19:22:00,19,36,0,14.65,0,0,0,0,0
TXN004972,USER01284,289.05,Zomato,Kolkata,DEVICE_E,2026-10-17 14:35:00,14,16,0,5.53,0,0,0,0,0
TXN004973,USER00414,7342.26,Uber,Delhi,DEVICE_D,2026-06-13 22:02:00,22,35,0,1.96,0,0,0,0,0
TXN004974,USER01382,880.59,Walmart,Hyderabad,DEVICE_C,2026-05-24 12:48:00,12,39,0,6.53,0,0,0,0,0
TXN004975,USER01099,985.4,Swiggy,Mumbai,DEVICE_C,2026-08-22 04:19:00,4,31,0,2.96,1,0,0,0,0
TXN004976,USER01379,4639.63,Paytm,Delhi,DEVICE_A,2026-08-06 19:09:00,19,21,0,0.52,0,0,0,0,0
TXN004977,USER01608,1042.93,Swiggy,Hyderabad,DEVICE_D,2026-06-05 00:05:00,0,32,0,88.07,1,0,0,0,0
TXN004978,USER01795,997.64,Uber,Kolkata,DEVICE_B,2026-07-29 15:19:00,15,21,0,35.62,0,0,0,0,0
TXN004979,USER00910,481.98,Flipkart,Pune,DEVICE_A,2026-12-02 22:51:00,22,35,0,26.86,0,0,0,0,0
TXN004980,USER00188,652.37,Zomato,Chennai,DEVICE_C,2026-10-09 07:29:00,7,17,1,4.29,0,0,0,0,0
TXN004981,USER01997,580.84,Amazon,Delhi,DEVICE_B,2026-11-10 23:12:00,23,27,0,0.56,0,0,0,0,0
TXN004982,USER01709,223.83,Amazon,Hyderabad,DEVICE_E,2026-12-07 17:36:00,17,12,0,13.28,0,0,0,0,0
TXN004983,USER01314,168.64,Uber,Mumbai,DEVICE_D,2026-01-04 00:44:00,0,17,1,27.07,1,0,0,0,0
TXN004984,USER00045,890.3,Netflix,Ahmedabad,DEVICE_C,2026-01-13 00:11:00,0,22,0,65.85,1,0,0,0,0
TXN004985,USER01597,316.41,Myntra,Chennai,DEVICE_E,2026-11-21 23:59:00,23,34,0,37.14,0,0,0,0,0
TXN004986,USER00083,1973.16,Swiggy,Delhi,DEVICE_C,2026-04-26 06:20:00,6,17,0,44.79,0,0,0,0,0
TXN004987,USER01147,899.04,Flipkart,Mumbai,DEVICE_B,2026-08-27 13:49:00,13,9,0,5.45,0,0,0,0,0
TXN004988,USER00358,260.83,Swiggy,Pune,DEVICE_A,2026-11-23 05:53:00,5,1,0,3.38,1,0,0,1,1
TXN004989,USER01552,4325.5,Walmart,Chennai,DEVICE_B,2026-06-14 19:23:00,19,13,1,5.69,0,0,0,0,0
TXN004990,USER01090,747.13,Amazon,Bangalore,DEVICE_D,2026-09-26 12:01:00,12,31,0,2.98,0,0,0,0,0
TXN004991,USER00936,1743.39,Zomato,Mumbai,DEVICE_D,2026-01-29 05:19:00,5,29,0,32.04,1,0,0,0,0
TXN004992,USER01681,4816.11,Walmart,Bangalore,DEVICE_C,2026-12-24 14:23:00,14,18,1,46.67,0,0,0,0,1
TXN004993,USER00375,1063.74,Zomato,Kolkata,DEVICE_B,2026-05-11 00:57:00,0,4,1,7.34,1,0,0,0,1
TXN004994,USER00162,1110.52,Swiggy,Delhi,DEVICE_A,2026-11-18 14:20:00,14,47,0,41.9,0,0,0,0,0
TXN004995,USER01770,4001.03,Flipkart,Pune,DEVICE_D,2026-05-22 07:59:00,7,31,0,1.13,0,0,0,0,0
TXN004996,USER01404,841.74,Amazon,Hyderabad,DEVICE_A,2026-05-15 19:09:00,19,9,0,22.62,0,0,0,0,0
TXN004997,USER01680,2880.92,Swiggy,Delhi,DEVICE_E,2026-10-17 06:22:00,6,4,0,14.99,0,0,0,0,0
TXN004998,USER01382,1025.91,Amazon,Mumbai,DEVICE_C,2026-06-09 06:04:00,6,13,0,6.48,0,0,0,0,0
TXN004999,USER01212,1278.29,Uber,Bangalore,DEVICE_A,2026-10-26 12:07:00,12,38,0,29.24,0,0,0,0,0
TXN005000,USER00322,1262.32,Paytm,Ahmedabad,DEVICE_C,2026-05-15 02:12:00,2,41,0,4.77,1,0,0,0,0
TXN005001,USER00450,786.17,Paytm,Bangalore,DEVICE_E,2026-10-03 10:41:00,10,42,0,10.76,0,0,0,0,0
TXN005002,USER01498,677.69,Zomato,Chennai,DEVICE_A,2026-06-09 23:41:00,23,18,0,24.75,0,0,0,0,0
TXN005003,USER01037,609.51,Swiggy,Delhi,DEVICE_A,2026-03-01 22:00:00,22,10,0,8.26,0,0,0,0,0
TXN005004,USER00184,341.7,Apple,Delhi,DEVICE_E,2026-12-12 16:10:00,16,34,0,38.67,0,0,0,0,0
TXN005005,USER00111,733.68,Amazon,Mumbai,DEVICE_B,2026-08-18 14:59:00,14,38,1,40.11,0,0,0,0,0
TXN005006,USER01951,863.66,Amazon,Ahmedabad,DEVICE_A,2026-11-01 20:50:00,20,45,0,4.53,0,0,0,0,0
TXN005007,USER00508,1582.52,Apple,Bangalore,DEVICE_A,2026-09-08 14:47:00,14,37,0,11.61,0,0,0,0,0
TXN005008,USER01314,1009.23,Netflix,Mumbai,DEVICE_D,2026-12-02 08:51:00,8,21,1,11.31,0,0,0,0,0
TXN005009,USER00295,2891.86,Swiggy,Mumbai,DEVICE_B,2026-07-24 06:17:00,6,44,0,10.55,0,0,0,0,0
TXN005010,USER01475,2777.13,Apple,Kolkata,DEVICE_A,2026-09-17 02:39:00,2,45,0,13.94,1,0,0,0,0
TXN005011,USER00904,3680.17,Paytm,Bangalore,DEVICE_E,2026-04-05 11:37:00,11,29,0,1.55,0,0,0,0,0
TXN005012,USER01239,914.06,Amazon,Mumbai,DEVICE_C,2026-12-03 15:10:00,15,29,0,40.81,0,0,0,0,0
TXN005013,USER00974,692.35,Paytm,Bangalore,DEVICE_E,2026-06-02 03:07:00,3,46,0,6.85,1,0,0,0,0
TXN005014,USER00632,320.3,Swiggy,Mumbai,DEVICE_B,2026-06-21 17:17:00,17,49,1,0.04,0,0,0,0,0
TXN005015,USER01918,3560.24,Flipkart,Ahmedabad,DEVICE_D,2026-04-19 08:03:00,8,10,0,23.11,0,0,0,0,0
TXN005016,USER01591,387.99,Flipkart,Hyderabad,DEVICE_D,2026-12-23 14:11:00,14,21,0,21.02,0,0,0,0,0
TXN005017,USER01051,487.36,Zomato,Ahmedabad,DEVICE_D,2026-05-26 23:27:00,23,9,0,81.68,0,0,0,0,0
TXN005018,USER01654,1343.68,Paytm,Ahmedabad,DEVICE_E,2026-04-11 06:08:00,6,42,0,25.41,0,0,0,0,0
TXN005019,USER00733,830.5,Paytm,Mumbai,DEVICE_C,2026-08-31 23:45:00,23,18,0,8.09,0,0,0,0,0
TXN005020,USER01255,4034.25,Paytm,Ahmedabad,DEVICE_C,2026-06-10 20:41:00,20,14,0,60.99,0,0,0,0,0
TXN005021,USER01589,549.61,Netflix,Ahmedabad,DEVICE_A,2026-02-21 16:51:00,16,34,0,9.09,0,0,0,0,0
TXN005022,USER01831,1125.71,Paytm,Ahmedabad,DEVICE_C,2026-05-17 04:31:00,4,34,0,34.43,1,0,0,0,0
TXN005023,USER00321,206.96,Flipkart,Mumbai,DEVICE_C,2026-01-18 23:09:00,23,0,0,8.18,0,0,0,1,1
TXN005024,USER00913,3324.08,Netflix,Pune,DEVICE_A,2026-05-08 12:13:00,12,46,1,1.0,0,0,0,0,0
TXN005025,USER01257,242.69,Zomato,Hyderabad,DEVICE_E,2026-02-12 09:40:00,9,44,0,26.47,0,0,0,0,0
TXN005026,USER01694,10290.15,Uber,Delhi,DEVICE_E,2026-01-20 18:16:00,18,46,0,8.62,0,1,0,0,0
TXN005027,USER00437,986.68,Walmart,Bangalore,DEVICE_B,2026-10-07 19:08:00,19,17,0,8.28,0,0,0,0,0
TXN005028,USER00781,846.71,Zomato,Pune,DEVICE_E,2026-05-05 07:22:00,7,25,0,25.17,0,0,0,0,0
TXN005029,USER01557,1065.85,Myntra,Chennai,DEVICE_D,2026-10-06 01:21:00,1,17,0,7.77,1,0,0,0,0
TXN005030,USER01427,417.12,Netflix,Hyderabad,DEVICE_D,2026-05-28 18:12:00,18,40,0,2.51,0,0,0,0,0
TXN005031,USER01077,1982.48,Flipkart,Pune,DEVICE_B,2026-10-15 19:02:00,19,17,1,10.37,0,0,0,0,0
TXN005032,USER01811,759.23,Flipkart,Ahmedabad,DEVICE_C,2026-08-06 11:59:00,11,42,0,34.73,0,0,0,0,0
TXN005033,USER01337,827.68,Swiggy,Delhi,DEVICE_B,2026-10-13 18:35:00,18,17,1,2.79,0,0,0,0,1
TXN005034,USER01305,3486.31,Amazon,Mumbai,DEVICE_A,2026-02-04 02:05:00,2,31,1,16.17,1,0,0,0,0
TXN005035,USER00726,233.27,Paytm,Kolkata,DEVICE_B,2026-11-03 07:06:00,7,37,0,2.84,0,0,0,0,0
TXN005036,USER00031,919.49,Flipkart,Delhi,DEVICE_B,2026-06-05 02:44:00,2,26,0,1.01,1,0,0,0,0
TXN005037,USER00337,993.8,Paytm,Hyderabad,DEVICE_D,2026-08-11 06:32:00,6,48,0,9.52,0,0,0,0,0
TXN005038,USER00183,1241.72,Apple,Kolkata,DEVICE_A,2026-04-09 16:42:00,16,28,0,21.45,0,0,0,0,0
TXN005039,USER01047,664.75,Amazon,Mumbai,DEVICE_A,2026-02-18 06:21:00,6,48,1,6.43,0,0,0,0,0
TXN005040,USER00544,822.93,Apple,Delhi,DEVICE_B,2026-02-05 15:04:00,15,40,0,11.8,0,0,0,0,0
TXN005041,USER01470,5792.38,Paytm,Chennai,DEVICE_A,2026-03-26 01:43:00,1,19,0,13.52,1,0,0,0,0
TXN005042,USER01098,1719.01,Netflix,Bangalore,DEVICE_A,2026-02-08 13:54:00,13,34,0,36.81,0,0,0,0,0
TXN005043,USER01034,543.94,Myntra,Bangalore,DEVICE_E,2026-11-10 19:15:00,19,22,0,34.18,0,0,0,0,0
TXN005044,USER01508,1972.3,Amazon,Hyderabad,DEVICE_A,2026-02-12 15:56:00,15,11,0,0.05,0,0,0,0,0
TXN005045,USER01480,1142.62,Netflix,Pune,DEVICE_C,2026-09-25 02:11:00,2,34,0,10.69,1,0,0,0,0
TXN005046,USER01590,2138.26,Flipkart,Mumbai,DEVICE_A,2026-08-03 16:25:00,16,35,0,21.35,0,0,0,0,0
TXN005047,USER01588,912.7,Myntra,Mumbai,DEVICE_D,2026-07-08 08:53:00,8,41,0,38.26,0,0,0,0,0
TXN005048,USER00660,530.05,Uber,Bangalore,DEVICE_E,2026-12-13 14:27:00,14,27,1,1.0,0,0,0,0,1
TXN005049,USER00160,244.28,Flipkart,Delhi,DEVICE_D,2026-06-01 03:28:00,3,36,0,19.79,1,0,0,0,0
TXN005050,USER01906,3093.68,Walmart,Mumbai,DEVICE_D,2026-04-11 16:44:00,16,19,1,36.91,0,0,0,0,0
TXN005051,USER01038,2029.83,Zomato,Chennai,DEVICE_C,2026-12-06 02:30:00,2,34,0,5.89,1,0,0,0,0
TXN005052,USER01202,1511.77,Amazon,Chennai,DEVICE_E,2026-02-03 23:12:00,23,6,0,4.59,0,0,0,0,0
TXN005053,USER00412,1966.46,Walmart,Mumbai,DEVICE_B,2026-06-07 14:53:00,14,33,0,12.62,0,0,0,0,0
TXN005054,USER01902,3337.66,Paytm,Mumbai,DEVICE_A,2026-03-08 07:10:00,7,5,0,65.71,0,0,0,0,0
TXN005055,USER01012,241.1,Amazon,Bangalore,DEVICE_C,2026-12-15 16:59:00,16,18,0,23.61,0,0,0,0,0
TXN005056,USER00053,1182.05,Zomato,Hyderabad,DEVICE_C,2026-01-24 19:47:00,19,41,0,11.05,0,0,0,0,0
TXN005057,USER00408,214.93,Amazon,Bangalore,DEVICE_B,2026-02-13 12:27:00,12,7,1,0.42,0,0,0,0,1
TXN005058,USER00847,769.22,Netflix,Hyderabad,DEVICE_C,2026-11-15 03:46:00,3,47,0,16.27,1,0,0,0,0
TXN005059,USER01046,1475.75,Apple,Ahmedabad,DEVICE_B,2026-12-14 01:55:00,1,29,1,8.58,1,0,0,0,0
TXN005060,USER01054,798.9,Swiggy,Chennai,DEVICE_B,2026-05-31 07:34:00,7,1,0,4.11,0,0,0,1,0
TXN005061,USER00703,5356.98,Netflix,Hyderabad,DEVICE_B,2026-01-29 11:37:00,11,15,1,13.87,0,0,0,0,0
TXN005062,USER00260,843.9,Zomato,Bangalore,DEVICE_C,2026-05-14 23:48:00,23,45,0,8.35,0,0,0,0,0
TXN005063,USER01229,548.29,Amazon,Mumbai,DEVICE_B,2026-06-22 16:41:00,16,23,0,0.79,0,0,0,0,0
TXN005064,USER01083,1128.66,Netflix,Hyderabad,DEVICE_C,2026-01-31 09:31:00,9,24,0,25.86,0,0,0,0,0
TXN005065,USER01495,431.68,Apple,Bangalore,DEVICE_E,2026-10-05 21:59:00,21,12,1,26.38,0,0,0,0,0
TXN005066,USER00776,498.29,Walmart,Chennai,DEVICE_B,2026-06-13 14:45:00,14,8,0,19.29,0,0,0,0,0
TXN005067,USER01490,2547.4,Netflix,Kolkata,DEVICE_C,2026-12-24 14:06:00,14,29,0,36.75,0,0,0,0,0
TXN005068,USER01036,2673.77,Paytm,Ahmedabad,DEVICE_C,2026-05-24 07:59:00,7,8,0,4.54,0,0,0,0,0
TXN005069,USER01655,1263.16,Walmart,Hyderabad,DEVICE_C,2026-01-31 21:46:00,21,39,0,6.74,0,0,0,0,0
TXN005070,USER01951,1899.36,Zomato,Chennai,DEVICE_A,2026-09-16 05:26:00,5,6,1,12.27,1,0,0,0,0
TXN005071,USER01998,7183.58,Walmart,Chennai,DEVICE_A,2026-11-14 22:45:00,22,15,0,1.24,0,0,0,0,0
TXN005072,USER01314,1040.51,Amazon,Delhi,DEVICE_B,2026-12-24 22:50:00,22,37,0,43.01,0,0,0,0,0
TXN005073,USER00850,502.61,Myntra,Kolkata,DEVICE_E,2026-03-03 09:06:00,9,31,0,13.49,0,0,0,0,0
TXN005074,USER01784,1776.11,Myntra,Hyderabad,DEVICE_B,2026-07-16 06:34:00,6,28,1,7.85,0,0,0,0,0
TXN005075,USER00354,2325.56,Uber,Bangalore,DEVICE_D,2026-06-25 15:51:00,15,42,1,13.0,0,0,0,0,0
TXN005076,USER01663,2541.03,Paytm,Hyderabad,DEVICE_D,2026-07-20 09:34:00,9,39,0,7.86,0,0,0,0,0
TXN005077,USER01099,3071.02,Amazon,Hyderabad,DEVICE_E,2026-04-09 22:11:00,22,14,0,6.74,0,0,0,0,0
TXN005078,USER00873,2684.98,Zomato,Kolkata,DEVICE_E,2026-12-02 15:07:00,15,10,0,11.88,0,0,0,0,0
TXN005079,USER01740,1751.16,Flipkart,Pune,DEVICE_E,2026-01-11 10:05:00,10,8,0,13.15,0,0,0,0,0
TXN005080,USER01585,1943.62,Myntra,Chennai,DEVICE_A,2026-12-10 23:34:00,23,15,0,11.36,0,0,0,0,0
TXN005081,USER01615,1587.12,Zomato,Chennai,DEVICE_A,2026-09-01 01:59:00,1,24,0,15.88,1,0,0,0,1
TXN005082,USER01465,262.33,Walmart,Chennai,DEVICE_D,2026-10-28 23:54:00,23,31,0,30.59,0,0,0,0,0
TXN005083,USER00991,233.54,Netflix,Chennai,DEVICE_E,2026-06-10 02:07:00,2,44,0,1.18,1,0,0,0,0
TXN005084,USER01265,424.99,Myntra,Kolkata,DEVICE_C,2026-10-30 08:46:00,8,9,0,33.38,0,0,0,0,0
TXN005085,USER01018,2293.46,Amazon,Bangalore,DEVICE_D,2026-02-11 20:36:00,20,9,0,5.19,0,0,0,0,0
TXN005086,USER01885,739.6,Myntra,Mumbai,DEVICE_E,2026-12-19 21:21:00,21,29,0,5.81,0,0,0,0,0
TXN005087,USER01178,1239.65,Apple,Delhi,DEVICE_C,2026-01-24 05:48:00,5,19,0,18.3,1,0,0,0,0
TXN005088,USER01810,4478.15,Apple,Pune,DEVICE_E,2026-10-26 18:20:00,18,40,0,74.32,0,0,0,0,0
TXN005089,USER01120,2908.28,Apple,Pune,DEVICE_B,2026-10-01 17:53:00,17,33,0,0.35,0,0,0,0,0
TXN005090,USER01750,155.14,Paytm,Ahmedabad,DEVICE_C,2026-07-06 05:40:00,5,0,1,22.36,1,0,0,1,1
TXN005091,USER00294,2115.76,Myntra,Chennai,DEVICE_B,2026-10-15 19:15:00,19,31,0,23.87,0,0,0,0,0
TXN005092,USER00209,1153.47,Uber,Ahmedabad,DEVICE_A,2026-08-20 13:21:00,13,39,0,17.05,0,0,0,0,0
TXN005093,USER01367,607.75,Zomato,Chennai,DEVICE_D,2026-11-29 17:02:00,17,30,0,0.19,0,0,0,0,0
TXN005094,USER01112,816.68,Apple,Delhi,DEVICE_E,2026-02-23 19:02:00,19,47,0,18.65,0,0,0,0,0
TXN005095,USER00818,826.99,Walmart,Chennai,DEVICE_D,2026-01-16 09:16:00,9,10,0,2.44,0,0,0,0,0
TXN005096,USER01800,336.81,Amazon,Mumbai,DEVICE_E,2026-04-23 12:49:00,12,40,0,1.63,0,0,0,0,0
TXN005097,USER01961,1366.61,Paytm,Pune,DEVICE_B,2026-06-19 20:37:00,20,18,0,23.82,0,0,0,0,0
TXN005098,USER00390,7777.0,Swiggy,Hyderabad,DEVICE_C,2026-04-09 18:27:00,18,49,0,24.1,0,0,0,0,0
TXN005099,USER00325,2736.26,Apple,Delhi,DEVICE_C,2026-07-01 05:48:00,5,6,1,44.13,1,0,0,0,0
TXN005100,USER00940,177.04,Zomato,Pune,DEVICE_E,2026-05-26 15:46:00,15,28,0,0.07,0,0,0,0,0
TXN005101,USER00889,1425.39,Walmart,Bangalore,DEVICE_B,2026-12-24 18:02:00,18,41,0,9.52,0,0,0,0,0
TXN005102,USER01856,1425.25,Amazon,Pune,DEVICE_E,2026-11-10 16:41:00,16,37,0,0.25,0,0,0,0,0
TXN005103,USER01181,447.91,Netflix,Delhi,DEVICE_E,2026-04-09 01:44:00,1,35,0,9.07,1,0,0,0,0
TXN005104,USER00668,368.78,Flipkart,Mumbai,DEVICE_E,2026-04-29 21:36:00,21,32,0,13.53,0,0,0,0,0
TXN005105,USER01675,2459.99,Walmart,Kolkata,DEVICE_C,2026-01-03 21:16:00,21,35,0,15.09,0,0,0,0,0
TXN005106,USER00633,1205.24,Uber,Bangalore,DEVICE_E,2026-12-28 07:42:00,7,25,0,8.8,0,0,0,0,0
TXN005107,USER00577,713.69,Walmart,Hyderabad,DEVICE_C,2026-01-26 18:41:00,18,28,0,25.84,0,0,0,0,0
TXN005108,USER01643,1886.14,Walmart,Chennai,DEVICE_A,2026-06-27 15:44:00,15,28,0,10.74,0,0,0,0,0
TXN005109,USER01683,7373.08,Uber,Delhi,DEVICE_B,2026-09-19 18:46:00,18,34,0,14.56,0,0,0,0,0
TXN005110,USER00137,1383.22,Netflix,Bangalore,DEVICE_A,2026-02-22 18:04:00,18,2,0,32.2,0,0,0,0,0
TXN005111,USER01947,1425.43,Paytm,Delhi,DEVICE_E,2026-01-02 15:43:00,15,45,0,3.83,0,0,0,0,0
TXN005112,USER01698,1075.56,Myntra,Hyderabad,DEVICE_C,2026-01-19 22:08:00,22,4,0,7.74,0,0,0,0,0
TXN005113,USER00428,770.47,Amazon,Delhi,DEVICE_B,2026-01-22 07:54:00,7,32,0,14.74,0,0,0,0,0
TXN005114,USER01476,2292.06,Walmart,Ahmedabad,DEVICE_D,2026-04-04 03:44:00,3,10,0,29.19,1,0,0,0,0
TXN005115,USER00612,922.11,Walmart,Pune,DEVICE_B,2026-06-22 14:13:00,14,5,1,11.08,0,0,0,0,1
TXN005116,USER01874,1719.74,Uber,Pune,DEVICE_B,2026-10-17 04:10:00,4,1,0,1.51,1,0,0,1,0
TXN005117,USER00911,4232.53,Zomato,Bangalore,DEVICE_E,2026-07-29 11:07:00,11,12,0,89.89,0,0,0,0,0
TXN005118,USER00819,2143.68,Walmart,Mumbai,DEVICE_A,2026-02-19 10:43:00,10,0,0,24.61,0,0,0,1,0
TXN005119,USER00141,348.52,Walmart,Kolkata,DEVICE_A,2026-05-28 11:35:00,11,26,0,25.66,0,0,0,0,0
TXN005120,USER01107,330.64,Uber,Bangalore,DEVICE_D,2026-06-02 01:08:00,1,39,0,12.51,1,0,0,0,1
TXN005121,USER00177,3387.84,Zomato,Delhi,DEVICE_E,2026-09-03 05:21:00,5,41,0,15.84,1,0,0,0,0
TXN005122,USER00198,991.32,Uber,Hyderabad,DEVICE_B,2026-12-12 07:20:00,7,14,0,102.48,0,0,0,0,0
TXN005123,USER00624,1386.8,Paytm,Pune,DEVICE_A,2026-04-14 03:38:00,3,34,0,18.08,1,0,0,0,0
TXN005124,USER01592,537.72,Walmart,Chennai,DEVICE_A,2026-10-05 00:28:00,0,29,0,4.94,1,0,0,0,0
TXN005125,USER01996,1909.22,Apple,Chennai,DEVICE_C,2026-03-16 05:41:00,5,5,1,66.7,1,0,0,0,0
TXN005126,USER00691,5997.44,Amazon,Hyderabad,DEVICE_B,2026-06-16 22:09:00,22,33,0,15.43,0,0,0,0,0
TXN005127,USER01445,1256.95,Zomato,Delhi,DEVICE_E,2026-03-27 20:16:00,20,20,1,0.42,0,0,0,0,0
TXN005128,USER00401,1964.67,Apple,Kolkata,DEVICE_A,2026-09-13 16:57:00,16,31,0,17.04,0,0,0,0,0
TXN005129,USER01722,3364.1,Uber,Ahmedabad,DEVICE_E,2026-03-15 20:28:00,20,19,0,1.46,0,0,0,0,0
TXN005130,USER00471,4974.7,Walmart,Hyderabad,DEVICE_B,2026-01-17 15:40:00,15,34,1,15.0,0,0,0,0,1
TXN005131,USER00218,595.06,Uber,Delhi,DEVICE_B,2026-01-04 09:15:00,9,8,1,34.9,0,0,0,0,0
TXN005132,USER01949,1591.26,Myntra,Bangalore,DEVICE_A,2026-08-22 17:39:00,17,36,0,15.48,0,0,0,0,0
TXN005133,USER00929,3455.15,Myntra,Kolkata,DEVICE_D,2026-09-24 03:05:00,3,5,0,9.35,1,0,0,0,0
TXN005134,USER01852,4441.19,Paytm,Ahmedabad,DEVICE_E,2026-02-28 19:14:00,19,9,0,42.85,0,0,0,0,0
TXN005135,USER01753,748.97,Walmart,Ahmedabad,DEVICE_E,2026-06-17 10:44:00,10,8,0,52.51,0,0,0,0,0
TXN005136,USER00632,599.96,Walmart,Mumbai,DEVICE_C,2026-02-24 21:57:00,21,32,0,8.54,0,0,0,0,0
TXN005137,USER00951,953.86,Apple,Delhi,DEVICE_B,2026-05-21 12:15:00,12,15,0,13.82,0,0,0,0,0
TXN005138,USER00906,821.65,Swiggy,Ahmedabad,DEVICE_B,2026-06-22 02:11:00,2,31,0,81.4,1,0,0,0,0
TXN005139,USER00175,853.38,Walmart,Chennai,DEVICE_A,2026-01-18 10:06:00,10,37,0,3.92,0,0,0,0,0
TXN005140,USER00023,1588.85,Paytm,Chennai,DEVICE_A,2026-05-22 10:09:00,10,47,0,7.08,0,0,0,0,0
TXN005141,USER01749,674.02,Zomato,Pune,DEVICE_A,2026-01-06 17:17:00,17,19,0,11.19,0,0,0,0,0
TXN005142,USER01941,4461.5,Zomato,Kolkata,DEVICE_C,2026-11-12 23:06:00,23,19,0,2.13,0,0,0,0,0
TXN005143,USER00235,761.9,Uber,Ahmedabad,DEVICE_D,2026-02-22 08:39:00,8,2,0,6.35,0,0,0,0,0
TXN005144,USER01037,638.39,Apple,Mumbai,DEVICE_A,2026-03-04 10:33:00,10,13,0,15.74,0,0,0,0,0
TXN005145,USER01125,382.66,Netflix,Delhi,DEVICE_A,2026-01-02 07:34:00,7,20,0,5.19,0,0,0,0,0
TXN005146,USER00929,3399.99,Flipkart,Mumbai,DEVICE_A,2026-12-03 22:22:00,22,7,0,23.19,0,0,0,0,0
TXN005147,USER01560,342.38,Uber,Pune,DEVICE_C,2026-07-24 05:16:00,5,45,0,8.54,1,0,0,0,0
TXN005148,USER01900,1655.12,Walmart,Bangalore,DEVICE_E,2026-02-27 21:29:00,21,23,0,1.88,0,0,0,0,0
TXN005149,USER00523,2049.01,Uber,Mumbai,DEVICE_D,2026-05-03 05:41:00,5,46,0,28.92,1,0,0,0,0
TXN005150,USER01809,79.46,Netflix,Bangalore,DEVICE_E,2026-09-30 12:17:00,12,20,1,16.76,0,0,0,0,0
TXN005151,USER01476,337.7,Flipkart,Chennai,DEVICE_B,2026-04-01 19:57:00,19,41,0,34.84,0,0,0,0,0
TXN005152,USER00431,780.5,Netflix,Bangalore,DEVICE_B,2026-09-22 10:28:00,10,31,0,8.93,0,0,0,0,0
TXN005153,USER00793,6033.47,Netflix,Delhi,DEVICE_A,2026-08-09 16:09:00,16,16,0,0.39,0,0,0,0,0
TXN005154,USER01630,780.68,Myntra,Kolkata,DEVICE_E,2026-10-10 17:03:00,17,39,0,0.96,0,0,0,0,0
TXN005155,USER01737,697.07,Zomato,Kolkata,DEVICE_C,2026-06-02 23:49:00,23,3,0,31.74,0,0,0,0,0
TXN005156,USER00533,558.44,Swiggy,Delhi,DEVICE_D,2026-01-17 20:54:00,20,41,1,10.57,0,0,0,0,0
TXN005157,USER01876,550.64,Walmart,Delhi,DEVICE_E,2026-04-01 23:52:00,23,22,0,74.92,0,0,0,0,0
TXN005158,USER00979,619.16,Paytm,Delhi,DEVICE_E,2026-03-05 02:28:00,2,35,0,35.48,1,0,0,0,0
TXN005159,USER01747,598.9,Apple,Hyderabad,DEVICE_D,2026-03-14 09:18:00,9,21,0,0.33,0,0,0,0,0
TXN005160,USER01676,576.3,Uber,Ahmedabad,DEVICE_E,2026-02-18 17:42:00,17,24,0,40.8,0,0,0,0,0
TXN005161,USER01317,575.7,Walmart,Pune,DEVICE_E,2026-04-05 08:03:00,8,3,1,4.79,0,0,0,0,0
TXN005162,USER00810,778.17,Myntra,Bangalore,DEVICE_D,2026-10-03 03:44:00,3,9,0,13.32,1,0,0,0,1
TXN005163,USER00913,2580.48,Zomato,Ahmedabad,DEVICE_C,2026-09-22 17:14:00,17,23,0,14.11,0,0,0,0,0
TXN005164,USER01125,399.8,Uber,Delhi,DEVICE_D,2026-06-08 23:32:00,23,34,0,1.23,0,0,0,0,0
TXN005165,USER01526,612.61,Apple,Kolkata,DEVICE_A,2026-05-29 02:41:00,2,49,0,2.69,1,0,0,0,0
TXN005166,USER01328,686.96,Swiggy,Mumbai,DEVICE_A,2026-04-30 07:00:00,7,13,0,11.0,0,0,0,0,0
TXN005167,USER00871,1096.58,Walmart,Mumbai,DEVICE_A,2026-08-11 14:11:00,14,19,0,20.58,0,0,0,0,0
TXN005168,USER00540,551.95,Paytm,Hyderabad,DEVICE_A,2026-02-15 12:28:00,12,45,0,6.14,0,0,0,0,0
TXN005169,USER01024,7100.05,Zomato,Ahmedabad,DEVICE_B,2026-06-09 13:24:00,13,13,0,14.95,0,0,0,0,0
TXN005170,USER01577,1853.62,Amazon,Ahmedabad,DEVICE_C,2026-02-05 11:49:00,11,38,0,9.53,0,0,0,0,0
TXN005171,USER01379,2635.87,Walmart,Ahmedabad,DEVICE_B,2026-11-18 03:09:00,3,8,1,19.9,1,0,0,0,1
TXN005172,USER01327,1359.3,Netflix,Bangalore,DEVICE_E,2026-03-12 15:23:00,15,33,0,11.05,0,0,0,0,0
TXN005173,USER01520,3881.27,Netflix,Bangalore,DEVICE_E,2026-09-26 16:59:00,16,19,0,38.16,0,0,0,0,0
TXN005174,USER01682,391.96,Paytm,Pune,DEVICE_D,2026-10-03 07:36:00,7,2,0,82.39,0,0,0,0,0
TXN005175,USER01792,664.0,Flipkart,Bangalore,DEVICE_A,2026-08-25 22:41:00,22,11,0,48.85,0,0,0,0,0
TXN005176,USER01998,525.89,Paytm,Kolkata,DEVICE_D,2026-09-19 12:40:00,12,47,0,3.69,0,0,0,0,0
TXN005177,USER00227,939.88,Zomato,Kolkata,DEVICE_E,2026-11-22 02:43:00,2,38,0,12.22,1,0,0,0,0
TXN005178,USER01260,4561.19,Netflix,Ahmedabad,DEVICE_A,2026-08-24 20:42:00,20,11,0,12.28,0,0,0,0,0
TXN005179,USER00873,7938.16,Swiggy,Pune,DEVICE_C,2026-07-06 09:24:00,9,41,0,36.71,0,0,0,0,0
TXN005180,USER00892,2589.37,Swiggy,Ahmedabad,DEVICE_E,2026-02-16 03:30:00,3,21,0,8.84,1,0,0,0,0
TXN005181,USER01479,1004.09,Netflix,Hyderabad,DEVICE_D,2026-01-10 12:44:00,12,34,0,15.95,0,0,0,0,0
TXN005182,USER01037,3005.02,Zomato,Bangalore,DEVICE_D,2026-02-11 17:49:00,17,39,0,18.8,0,0,0,0,0
TXN005183,USER00210,4166.48,Myntra,Bangalore,DEVICE_E,2026-07-05 11:47:00,11,30,0,2.36,0,0,0,0,0
TXN005184,USER00741,3161.69,Apple,Ahmedabad,DEVICE_B,2026-11-19 12:11:00,12,6,1,16.33,0,0,0,0,0
TXN005185,USER00397,972.36,Apple,Ahmedabad,DEVICE_C,2026-07-22 14:45:00,14,8,0,5.67,0,0,0,0,0
TXN005186,USER01124,995.93,Zomato,Delhi,DEVICE_E,2026-03-18 15:03:00,15,36,0,4.63,0,0,0,0,0
TXN005187,USER00031,606.42,Amazon,Ahmedabad,DEVICE_E,2026-08-25 10:49:00,10,21,0,5.76,0,0,0,0,0
TXN005188,USER00898,879.46,Apple,Bangalore,DEVICE_D,2026-05-24 18:28:00,18,8,0,2.09,0,0,0,0,0
TXN005189,USER01552,534.13,Uber,Kolkata,DEVICE_A,2026-04-22 16:52:00,16,15,0,1.45,0,0,0,0,0
TXN005190,USER00649,1034.87,Apple,Delhi,DEVICE_A,2026-04-07 01:35:00,1,20,0,20.82,1,0,0,0,0
TXN005191,USER00329,1074.03,Uber,Delhi,DEVICE_A,2026-10-21 12:37:00,12,8,0,56.6,0,0,0,0,0
TXN005192,USER01190,504.1,Netflix,Bangalore,DEVICE_D,2026-07-10 06:08:00,6,11,0,23.3,0,0,0,0,0
TXN005193,USER01483,12293.85,Myntra,Mumbai,DEVICE_A,2026-10-06 09:41:00,9,26,1,7.48,0,1,0,0,1
TXN005194,USER01846,1431.51,Paytm,Chennai,DEVICE_E,2026-04-15 11:30:00,11,46,0,8.16,0,0,0,0,0
TXN005195,USER00952,3509.41,Myntra,Ahmedabad,DEVICE_B,2026-07-29 16:58:00,16,49,0,15.59,0,0,0,0,0
TXN005196,USER01124,3231.02,Apple,Kolkata,DEVICE_B,2026-08-11 04:32:00,4,8,0,40.24,1,0,0,0,0
TXN005197,USER00621,6302.43,Apple,Mumbai,DEVICE_B,2026-02-01 08:34:00,8,26,0,4.52,0,0,0,0,0
TXN005198,USER01879,484.78,Zomato,Bangalore,DEVICE_A,2026-10-29 23:10:00,23,27,0,12.64,0,0,0,0,0
TXN005199,USER01197,671.33,Paytm,Ahmedabad,DEVICE_B,2026-10-29 19:48:00,19,34,0,13.82,0,0,0,0,0
TXN005200,USER01773,214.3,Apple,Bangalore,DEVICE_A,2026-04-24 23:31:00,23,42,0,53.54,0,0,0,0,0
TXN005201,USER00162,255.74,Flipkart,Ahmedabad,DEVICE_E,2026-11-25 05:52:00,5,37,0,15.36,1,0,0,0,0
TXN005202,USER01929,441.96,Flipkart,Ahmedabad,DEVICE_E,2026-10-14 23:48:00,23,31,0,30.36,0,0,0,0,0
TXN005203,USER01752,956.57,Amazon,Mumbai,DEVICE_D,2026-08-29 04:57:00,4,40,1,1.84,1,0,0,0,0
TXN005204,USER00776,1007.53,Netflix,Bangalore,DEVICE_D,2026-09-21 00:29:00,0,2,0,7.92,1,0,0,0,0
TXN005205,USER01287,19101.6,Uber,Kolkata,DEVICE_C,2026-09-10 19:41:00,19,8,0,18.91,0,1,0,0,1
TXN005206,USER01828,1724.93,Myntra,Pune,DEVICE_E,2026-07-12 02:53:00,2,2,1,22.64,1,0,0,0,1
TXN005207,USER00274,2626.03,Netflix,Ahmedabad,DEVICE_A,2026-12-05 12:13:00,12,35,1,43.29,0,0,0,0,0
TXN005208,USER01027,1246.21,Uber,Delhi,DEVICE_C,2026-12-20 17:27:00,17,12,0,17.85,0,0,0,0,0
TXN005209,USER01052,336.47,Uber,Hyderabad,DEVICE_E,2026-01-26 00:52:00,0,48,0,6.84,1,0,0,0,0
TXN005210,USER00326,1432.31,Walmart,Bangalore,DEVICE_A,2026-01-29 16:23:00,16,33,0,15.49,0,0,0,0,0
TXN005211,USER00940,256.53,Apple,Bangalore,DEVICE_E,2026-02-14 19:48:00,19,29,0,24.86,0,0,0,0,0
TXN005212,USER01173,932.23,Amazon,Mumbai,DEVICE_E,2026-07-07 00:10:00,0,15,0,30.68,1,0,0,0,0
TXN005213,USER00540,1964.89,Apple,Ahmedabad,DEVICE_A,2026-08-23 21:45:00,21,32,0,57.86,0,0,0,0,0
TXN005214,USER00488,646.44,Amazon,Delhi,DEVICE_E,2026-02-08 03:33:00,3,34,0,4.23,1,0,0,0,1
TXN005215,USER00822,1304.54,Netflix,Mumbai,DEVICE_E,2026-09-03 13:24:00,13,15,0,21.63,0,0,0,0,0
TXN005216,USER01462,637.9,Zomato,Pune,DEVICE_E,2026-07-23 14:47:00,14,37,0,4.47,0,0,0,0,0
TXN005217,USER01089,405.48,Zomato,Ahmedabad,DEVICE_D,2026-01-04 10:42:00,10,39,0,7.65,0,0,0,0,0
TXN005218,USER00356,1701.16,Netflix,Kolkata,DEVICE_B,2026-09-29 01:04:00,1,4,0,3.08,1,0,0,0,0
TXN005219,USER01557,2807.66,Paytm,Mumbai,DEVICE_E,2026-01-02 14:11:00,14,7,1,29.66,0,0,0,0,1
TXN005220,USER01276,2801.32,Flipkart,Bangalore,DEVICE_A,2026-11-08 07:25:00,7,32,1,49.07,0,0,0,0,0
TXN005221,USER00235,882.65,Uber,Ahmedabad,DEVICE_E,2026-04-18 12:41:00,12,29,0,0.61,0,0,0,0,0
TXN005222,USER00227,154.74,Amazon,Delhi,DEVICE_D,2026-04-29 01:09:00,1,1,0,33.59,1,0,0,1,0
TXN005223,USER01549,1187.36,Swiggy,Kolkata,DEVICE_D,2026-09-16 02:10:00,2,37,0,5.53,1,0,0,0,0
TXN005224,USER01337,3437.2,Apple,Bangalore,DEVICE_E,2026-04-13 15:56:00,15,37,0,13.35,0,0,0,0,0
TXN005225,USER00049,335.86,Netflix,Kolkata,DEVICE_C,2026-06-09 19:54:00,19,19,0,27.58,0,0,0,0,0
TXN005226,USER00118,5447.02,Uber,Bangalore,DEVICE_B,2026-11-06 11:54:00,11,8,0,14.14,0,0,0,0,0
TXN005227,USER00054,171.91,Amazon,Bangalore,DEVICE_A,2026-06-11 16:31:00,16,0,0,5.26,0,0,0,1,0
TXN005228,USER01674,1567.61,Myntra,Bangalore,DEVICE_A,2026-09-08 09:31:00,9,1,0,47.32,0,0,0,1,1
TXN005229,USER00565,2314.12,Paytm,Ahmedabad,DEVICE_A,2026-12-31 20:11:00,20,18,1,18.01,0,0,0,0,1
TXN005230,USER01068,4110.89,Apple,Hyderabad,DEVICE_A,2026-06-29 13:08:00,13,15,0,53.55,0,0,0,0,0
TXN005231,USER01839,1657.57,Zomato,Chennai,DEVICE_D,2026-05-12 12:26:00,12,40,0,37.5,0,0,0,0,0
TXN005232,USER00053,818.33,Netflix,Delhi,DEVICE_B,2026-11-15 05:35:00,5,4,0,41.84,1,0,0,0,0
TXN005233,USER01610,1275.74,Zomato,Pune,DEVICE_E,2026-04-18 01:55:00,1,31,0,8.98,1,0,0,0,0
TXN005234,USER00558,593.4,Amazon,Hyderabad,DEVICE_E,2026-01-14 14:42:00,14,19,0,87.35,0,0,0,0,0
TXN005235,USER01549,182.96,Zomato,Chennai,DEVICE_C,2026-09-11 13:55:00,13,42,0,38.26,0,0,0,0,0
TXN005236,USER01701,882.01,Apple,Kolkata,DEVICE_E,2026-04-13 09:29:00,9,13,0,8.24,0,0,0,0,1
TXN005237,USER01126,1706.2,Flipkart,Chennai,DEVICE_B,2026-05-13 16:20:00,16,12,0,45.35,0,0,0,0,0
TXN005238,USER01816,2760.48,Uber,Ahmedabad,DEVICE_E,2026-05-16 19:48:00,19,26,0,28.15,0,0,0,0,0
TXN005239,USER01794,708.24,Flipkart,Ahmedabad,DEVICE_D,2026-10-29 03:30:00,3,34,1,25.83,1,0,0,0,0
TXN005240,USER01873,4144.14,Netflix,Ahmedabad,DEVICE_E,2026-09-16 23:42:00,23,33,0,0.12,0,0,0,0,0
TXN005241,USER00868,942.77,Flipkart,Chennai,DEVICE_A,2026-10-14 08:19:00,8,15,0,0.46,0,0,0,0,0
TXN005242,USER00398,1687.0,Walmart,Hyderabad,DEVICE_A,2026-09-08 07:12:00,7,27,1,23.74,0,0,0,0,0
TXN005243,USER01162,2145.94,Uber,Delhi,DEVICE_A,2026-06-25 18:10:00,18,42,0,6.53,0,0,0,0,0
TXN005244,USER00675,1150.63,Amazon,Mumbai,DEVICE_A,2026-05-24 14:41:00,14,34,0,1.21,0,0,0,0,0
TXN005245,USER01945,1010.75,Uber,Chennai,DEVICE_D,2026-12-08 19:53:00,19,14,0,6.74,0,0,0,0,0
TXN005246,USER00387,4453.36,Walmart,Ahmedabad,DEVICE_D,2026-12-02 11:26:00,11,2,0,36.39,0,0,0,0,0
TXN005247,USER00111,237.67,Swiggy,Mumbai,DEVICE_D,2026-01-30 01:21:00,1,26,0,12.72,1,0,0,0,0
TXN005248,USER00614,1139.3,Flipkart,Mumbai,DEVICE_E,2026-05-25 01:27:00,1,26,0,19.12,1,0,0,0,0
TXN005249,USER00017,210.4,Uber,Bangalore,DEVICE_A,2026-09-04 21:02:00,21,3,0,32.24,0,0,0,0,0
TXN005250,USER01804,217.51,Zomato,Mumbai,DEVICE_C,2026-11-29 00:55:00,0,20,0,7.81,1,0,0,0,0
TXN005251,USER01206,1045.46,Amazon,Kolkata,DEVICE_C,2026-12-14 04:34:00,4,21,0,0.22,1,0,0,0,0
TXN005252,USER00884,683.14,Myntra,Kolkata,DEVICE_A,2026-10-18 14:11:00,14,4,1,7.81,0,0,0,0,0
TXN005253,USER01560,7122.77,Netflix,Bangalore,DEVICE_B,2026-05-06 20:20:00,20,40,0,62.78,0,0,0,0,0
TXN005254,USER00541,873.02,Netflix,Delhi,DEVICE_E,2026-01-24 19:48:00,19,38,0,13.17,0,0,0,0,0
TXN005255,USER00171,3046.15,Netflix,Pune,DEVICE_C,2026-12-08 18:50:00,18,22,0,16.87,0,0,0,0,0
TXN005256,USER00409,1148.8,Uber,Delhi,DEVICE_D,2026-11-19 17:30:00,17,22,0,28.58,0,0,0,0,0
TXN005257,USER00740,371.88,Flipkart,Kolkata,DEVICE_B,2026-09-22 23:57:00,23,12,0,2.44,0,0,0,0,0
TXN005258,USER01402,224.45,Uber,Pune,DEVICE_D,2026-09-11 10:42:00,10,26,0,26.48,0,0,0,0,0
TXN005259,USER01212,321.38,Apple,Bangalore,DEVICE_B,2026-02-09 19:11:00,19,49,0,7.07,0,0,0,0,0
TXN005260,USER00858,1473.11,Zomato,Delhi,DEVICE_B,2026-11-06 03:52:00,3,14,0,9.83,1,0,0,0,1
TXN005261,USER00230,4616.58,Myntra,Pune,DEVICE_E,2026-11-29 04:00:00,4,11,0,6.28,1,0,0,0,0
TXN005262,USER01857,481.88,Myntra,Pune,DEVICE_D,2026-11-03 14:31:00,14,9,0,3.33,0,0,0,0,0
TXN005263,USER01876,2331.03,Zomato,Chennai,DEVICE_D,2026-10-15 15:48:00,15,48,0,8.97,0,0,0,0,0
TXN005264,USER00119,931.18,Walmart,Delhi,DEVICE_C,2026-04-11 07:00:00,7,37,0,1.99,0,0,0,0,0
TXN005265,USER01180,420.58,Paytm,Bangalore,DEVICE_A,2026-10-30 10:46:00,10,27,0,37.26,0,0,0,0,0
TXN005266,USER00784,1508.92,Apple,Pune,DEVICE_A,2026-07-18 12:07:00,12,42,1,7.3,0,0,0,0,0
TXN005267,USER01711,4593.02,Amazon,Kolkata,DEVICE_C,2026-05-05 13:41:00,13,34,0,21.2,0,0,0,0,0
TXN005268,USER00465,1024.62,Myntra,Ahmedabad,DEVICE_B,2026-08-29 07:57:00,7,37,1,7.04,0,0,0,0,0
TXN005269,USER00104,2313.67,Netflix,Chennai,DEVICE_C,2026-02-01 17:17:00,17,19,0,4.73,0,0,0,0,0
TXN005270,USER01628,1447.78,Uber,Mumbai,DEVICE_C,2026-11-26 07:40:00,7,11,0,25.01,0,0,0,0,0
TXN005271,USER00698,1450.02,Walmart,Mumbai,DEVICE_D,2026-10-16 19:39:00,19,2,0,19.56,0,0,0,0,0
TXN005272,USER01996,532.3,Paytm,Mumbai,DEVICE_C,2026-11-08 15:31:00,15,1,0,4.92,0,0,0,1,0
TXN005273,USER01819,1705.7,Zomato,Kolkata,DEVICE_B,2026-02-08 02:10:00,2,27,0,18.94,1,0,0,0,1
TXN005274,USER01526,294.25,Swiggy,Ahmedabad,DEVICE_A,2026-04-22 05:15:00,5,21,0,0.1,1,0,0,0,0
TXN005275,USER01717,1518.09,Amazon,Pune,DEVICE_E,2026-04-07 00:36:00,0,34,0,3.89,1,0,0,0,0
TXN005276,USER01706,3771.69,Paytm,Bangalore,DEVICE_C,2026-09-19 12:29:00,12,44,0,26.02,0,0,0,0,0
TXN005277,USER01723,5561.04,Netflix,Mumbai,DEVICE_C,2026-09-08 07:11:00,7,8,0,10.56,0,0,0,0,0
TXN005278,USER00175,429.21,Paytm,Delhi,DEVICE_D,2026-10-27 06:53:00,6,22,0,4.55,0,0,0,0,0
TXN005279,USER01758,1632.0,Myntra,Mumbai,DEVICE_D,2026-02-21 14:41:00,14,16,1,14.1,0,0,0,0,0
TXN005280,USER00745,581.29,Uber,Pune,DEVICE_C,2026-05-21 03:25:00,3,13,0,12.52,1,0,0,0,0
TXN005281,USER01698,1244.47,Zomato,Hyderabad,DEVICE_C,2026-01-23 10:01:00,10,31,0,20.1,0,0,0,0,0
TXN005282,USER01445,6185.39,Paytm,Kolkata,DEVICE_B,2026-08-15 12:43:00,12,39,0,1.51,0,0,0,0,0
TXN005283,USER01158,2416.26,Amazon,Hyderabad,DEVICE_A,2026-05-09 09:41:00,9,35,1,34.22,0,0,0,0,0
TXN005284,USER01415,609.59,Paytm,Mumbai,DEVICE_A,2026-11-19 17:54:00,17,32,0,1.2,0,0,0,0,0
TXN005285,USER01760,579.44,Swiggy,Ahmedabad,DEVICE_E,2026-01-03 18:48:00,18,9,0,12.1,0,0,0,0,0
TXN005286,USER01525,1113.5,Walmart,Pune,DEVICE_A,2026-10-18 22:09:00,22,12,0,24.79,0,0,0,0,0
TXN005287,USER00665,1183.81,Myntra,Mumbai,DEVICE_E,2026-04-27 19:32:00,19,33,0,8.46,0,0,0,0,0
TXN005288,USER00033,1235.97,Uber,Hyderabad,DEVICE_D,2026-06-23 19:57:00,19,4,1,48.19,0,0,0,0,0
TXN005289,USER00055,287.07,Netflix,Pune,DEVICE_E,2026-01-28 10:53:00,10,5,0,28.15,0,0,0,0,0
TXN005290,USER01978,6628.89,Zomato,Kolkata,DEVICE_E,2026-04-12 17:43:00,17,32,0,11.1,0,0,0,0,0
TXN005291,USER00519,7245.22,Zomato,Kolkata,DEVICE_A,2026-08-26 12:06:00,12,4,0,4.06,0,0,0,0,0
TXN005292,USER00756,1688.17,Walmart,Mumbai,DEVICE_C,2026-07-27 05:12:00,5,23,0,0.89,1,0,0,0,0
TXN005293,USER01849,501.13,Flipkart,Kolkata,DEVICE_D,2026-06-19 06:06:00,6,46,1,32.36,0,0,0,0,0
TXN005294,USER01662,623.73,Flipkart,Chennai,DEVICE_B,2026-07-14 03:27:00,3,7,1,4.32,1,0,0,0,0
TXN005295,USER00012,469.78,Netflix,Pune,DEVICE_E,2026-12-08 18:46:00,18,17,0,6.29,0,0,0,0,0
TXN005296,USER01552,433.14,Paytm,Ahmedabad,DEVICE_E,2026-10-01 11:42:00,11,24,0,0.21,0,0,0,0,0
TXN005297,USER00720,619.77,Swiggy,Pune,DEVICE_E,2026-11-22 14:41:00,14,17,0,0.37,0,0,0,0,0
TXN005298,USER00555,1603.72,Zomato,Kolkata,DEVICE_C,2026-07-24 03:25:00,3,35,0,5.24,1,0,0,0,1
TXN005299,USER00373,1231.04,Paytm,Pune,DEVICE_B,2026-06-07 18:06:00,18,25,1,41.25,0,0,0,0,0
TXN005300,USER00484,4323.39,Zomato,Hyderabad,DEVICE_A,2026-08-20 10:57:00,10,19,0,30.36,0,0,0,0,0
TXN005301,USER00973,278.41,Zomato,Bangalore,DEVICE_D,2026-01-18 12:33:00,12,19,0,29.38,0,0,0,0,0
TXN005302,USER01671,496.33,Paytm,Hyderabad,DEVICE_C,2026-12-08 04:47:00,4,38,0,35.09,1,0,0,0,0
TXN005303,USER01252,181.25,Walmart,Delhi,DEVICE_B,2026-06-25 06:38:00,6,39,0,4.13,0,0,0,0,0
TXN005304,USER00623,1249.15,Flipkart,Chennai,DEVICE_D,2026-12-16 19:04:00,19,23,1,77.33,0,0,0,0,1
TXN005305,USER00307,4631.23,Apple,Bangalore,DEVICE_A,2026-12-25 08:42:00,8,19,0,5.28,0,0,0,0,0
TXN005306,USER00457,716.8,Amazon,Mumbai,DEVICE_D,2026-05-16 13:35:00,13,44,0,3.25,0,0,0,0,0
TXN005307,USER00160,3747.65,Walmart,Pune,DEVICE_E,2026-03-02 11:56:00,11,3,0,6.98,0,0,0,0,0
TXN005308,USER00331,2047.53,Myntra,Ahmedabad,DEVICE_E,2026-09-22 18:01:00,18,21,0,15.12,0,0,0,0,0
TXN005309,USER00776,2392.52,Swiggy,Delhi,DEVICE_C,2026-01-19 11:33:00,11,24,0,2.66,0,0,0,0,0
TXN005310,USER00225,1858.1,Swiggy,Delhi,DEVICE_D,2026-02-15 10:56:00,10,20,0,26.84,0,0,0,0,0
TXN005311,USER00983,5557.46,Amazon,Ahmedabad,DEVICE_E,2026-11-18 09:29:00,9,17,0,9.29,0,0,0,0,0
TXN005312,USER00729,915.82,Swiggy,Chennai,DEVICE_C,2026-11-25 17:50:00,17,44,0,16.81,0,0,0,0,0
TXN005313,USER01528,2034.73,Paytm,Bangalore,DEVICE_C,2026-03-19 17:17:00,17,45,1,26.5,0,0,0,0,1
TXN005314,USER01480,5772.92,Swiggy,Delhi,DEVICE_C,2026-12-21 13:42:00,13,8,1,46.43,0,0,0,0,0
TXN005315,USER01069,436.6,Apple,Ahmedabad,DEVICE_A,2026-12-01 13:21:00,13,43,0,34.22,0,0,0,0,0
TXN005316,USER01238,903.58,Swiggy,Bangalore,DEVICE_E,2026-08-06 03:17:00,3,8,0,15.42,1,0,0,0,0
TXN005317,USER01083,1839.59,Zomato,Bangalore,DEVICE_E,2026-05-30 01:46:00,1,32,1,94.6,1,0,0,0,1
TXN005318,USER00644,506.32,Walmart,Kolkata,DEVICE_B,2026-08-18 08:58:00,8,40,0,15.09,0,0,0,0,0
TXN005319,USER00616,487.53,Paytm,Delhi,DEVICE_A,2026-03-03 15:15:00,15,6,0,15.36,0,0,0,0,0
TXN005320,USER00195,6815.62,Flipkart,Bangalore,DEVICE_E,2026-03-27 13:59:00,13,32,0,3.45,0,0,0,0,0
TXN005321,USER01949,528.03,Swiggy,Chennai,DEVICE_E,2026-02-20 19:17:00,19,1,1,3.22,0,0,0,1,0
TXN005322,USER00489,788.57,Netflix,Delhi,DEVICE_B,2026-11-04 17:19:00,17,49,0,3.7,0,0,0,0,0
TXN005323,USER00157,1331.86,Netflix,Chennai,DEVICE_D,2026-08-28 09:03:00,9,7,0,17.92,0,0,0,0,0
TXN005324,USER00610,1612.98,Netflix,Chennai,DEVICE_D,2026-05-30 04:57:00,4,32,0,10.73,1,0,0,0,0
TXN005325,USER01250,671.35,Swiggy,Bangalore,DEVICE_A,2026-08-10 17:01:00,17,34,0,9.75,0,0,0,0,0
TXN005326,USER00412,909.49,Myntra,Bangalore,DEVICE_C,2026-08-22 04:38:00,4,28,0,2.73,1,0,0,0,0
TXN005327,USER01229,445.13,Zomato,Kolkata,DEVICE_B,2026-08-06 15:56:00,15,31,1,9.6,0,0,0,0,0
TXN005328,USER01103,666.22,Uber,Ahmedabad,DEVICE_B,2026-01-14 06:42:00,6,0,0,9.5,0,0,0,1,0
TXN005329,USER01148,2050.42,Swiggy,Pune,DEVICE_E,2026-09-04 21:44:00,21,30,0,19.39,0,0,0,0,0
TXN005330,USER00471,2479.49,Myntra,Kolkata,DEVICE_E,2026-12-12 23:22:00,23,34,1,9.83,0,0,0,0,0
TXN005331,USER01964,2741.74,Uber,Delhi,DEVICE_B,2026-12-25 16:33:00,16,39,0,10.85,0,0,0,0,0
TXN005332,USER01242,1091.85,Amazon,Kolkata,DEVICE_C,2026-07-10 18:51:00,18,43,0,6.36,0,0,0,0,0
TXN005333,USER00516,918.69,Apple,Mumbai,DEVICE_D,2026-01-07 05:35:00,5,38,0,2.82,1,0,0,0,0
TXN005334,USER01626,337.99,Zomato,Ahmedabad,DEVICE_A,2026-12-10 22:51:00,22,19,0,7.13,0,0,0,0,0
TXN005335,USER01128,796.08,Swiggy,Delhi,DEVICE_D,2026-12-26 21:33:00,21,32,0,0.87,0,0,0,0,0
TXN005336,USER00393,1281.89,Walmart,Ahmedabad,DEVICE_A,2026-03-05 20:58:00,20,22,1,4.56,0,0,0,0,0
TXN005337,USER00631,2919.87,Paytm,Chennai,DEVICE_C,2026-01-05 14:47:00,14,2,0,7.86,0,0,0,0,0
TXN005338,USER01669,192.51,Walmart,Kolkata,DEVICE_B,2026-02-24 21:11:00,21,11,0,3.15,0,0,0,0,0
TXN005339,USER01848,809.85,Walmart,Kolkata,DEVICE_C,2026-09-25 12:42:00,12,7,0,21.87,0,0,0,0,0
TXN005340,USER00608,142.7,Amazon,Pune,DEVICE_B,2026-07-11 18:00:00,18,40,0,6.59,0,0,0,0,0
TXN005341,USER00980,258.96,Paytm,Kolkata,DEVICE_E,2026-05-25 13:01:00,13,46,0,19.12,0,0,0,0,0
TXN005342,USER00434,3589.32,Amazon,Bangalore,DEVICE_A,2026-07-26 00:15:00,0,10,1,20.65,1,0,0,0,0
TXN005343,USER01355,339.83,Uber,Chennai,DEVICE_E,2026-05-20 07:10:00,7,25,0,11.86,0,0,0,0,0
TXN005344,USER01167,1208.66,Amazon,Kolkata,DEVICE_B,2026-09-22 08:01:00,8,22,0,11.92,0,0,0,0,0
TXN005345,USER01824,2761.58,Netflix,Hyderabad,DEVICE_A,2026-04-23 03:24:00,3,37,0,17.42,1,0,0,0,1
TXN005346,USER00540,719.64,Apple,Hyderabad,DEVICE_A,2026-11-27 00:27:00,0,4,0,6.09,1,0,0,0,0
TXN005347,USER00278,364.42,Netflix,Ahmedabad,DEVICE_E,2026-08-20 13:29:00,13,31,0,0.43,0,0,0,0,0
TXN005348,USER00233,1220.77,Swiggy,Chennai,DEVICE_A,2026-07-31 13:02:00,13,4,0,20.71,0,0,0,0,0
TXN005349,USER01553,4464.22,Uber,Kolkata,DEVICE_B,2026-11-11 16:16:00,16,47,0,18.76,0,0,0,0,0
TXN005350,USER01595,2679.76,Myntra,Pune,DEVICE_B,2026-06-23 20:49:00,20,14,0,12.94,0,0,0,0,0
TXN005351,USER01114,876.96,Uber,Mumbai,DEVICE_E,2026-12-03 21:13:00,21,42,1,41.71,0,0,0,0,0
TXN005352,USER01516,664.27,Myntra,Pune,DEVICE_C,2026-04-29 11:34:00,11,22,0,14.21,0,0,0,0,0
TXN005353,USER01223,3104.98,Apple,Mumbai,DEVICE_B,2026-03-16 17:46:00,17,48,0,7.23,0,0,0,0,0
TXN005354,USER00362,294.33,Amazon,Delhi,DEVICE_B,2026-02-09 06:07:00,6,27,0,25.0,0,0,0,0,0
TXN005355,USER01465,2548.55,Amazon,Delhi,DEVICE_A,2026-04-29 16:35:00,16,18,0,65.62,0,0,0,0,0
TXN005356,USER00026,680.3,Paytm,Pune,DEVICE_A,2026-11-01 04:31:00,4,16,1,26.7,1,0,0,0,0
TXN005357,USER01049,287.6,Swiggy,Kolkata,DEVICE_B,2026-07-27 09:44:00,9,14,0,47.9,0,0,0,0,0
TXN005358,USER01418,223.66,Walmart,Ahmedabad,DEVICE_E,2026-06-20 10:42:00,10,12,0,2.39,0,0,0,0,0
TXN005359,USER00507,4777.14,Flipkart,Pune,DEVICE_C,2026-08-07 14:19:00,14,22,0,2.58,0,0,0,0,0
TXN005360,USER01325,915.05,Uber,Delhi,DEVICE_A,2026-04-09 21:49:00,21,17,0,3.36,0,0,0,0,0
TXN005361,USER01363,490.38,Uber,Bangalore,DEVICE_A,2026-12-07 13:16:00,13,22,0,24.27,0,0,0,0,0
TXN005362,USER00267,1054.34,Swiggy,Mumbai,DEVICE_C,2026-03-05 01:36:00,1,15,0,9.88,1,0,0,0,0
TXN005363,USER00461,655.21,Netflix,Chennai,DEVICE_A,2026-10-30 11:01:00,11,19,0,12.99,0,0,0,0,0
TXN005364,USER01717,675.53,Zomato,Ahmedabad,DEVICE_E,2026-02-25 15:59:00,15,24,0,6.07,0,0,0,0,0
TXN005365,USER00456,701.6,Swiggy,Pune,DEVICE_A,2026-05-04 14:43:00,14,31,0,26.64,0,0,0,0,0
TXN005366,USER01384,1104.86,Flipkart,Kolkata,DEVICE_A,2026-12-11 20:20:00,20,20,0,37.33,0,0,0,0,0
TXN005367,USER01092,2168.25,Amazon,Kolkata,DEVICE_B,2026-05-13 09:12:00,9,0,0,3.49,0,0,0,1,0
TXN005368,USER01007,276.99,Myntra,Ahmedabad,DEVICE_E,2026-09-28 10:42:00,10,27,0,4.28,0,0,0,0,0
TXN005369,USER00863,3697.46,Netflix,Hyderabad,DEVICE_E,2026-08-30 10:51:00,10,26,0,8.29,0,0,0,0,0
TXN005370,USER01436,468.49,Netflix,Mumbai,DEVICE_B,2026-03-01 17:21:00,17,26,0,6.57,0,0,0,0,0
TXN005371,USER01995,1381.01,Paytm,Ahmedabad,DEVICE_D,2026-11-07 02:38:00,2,44,0,15.17,1,0,0,0,0
TXN005372,USER00491,1040.72,Apple,Ahmedabad,DEVICE_C,2026-03-27 01:42:00,1,35,0,27.93,1,0,0,0,0
TXN005373,USER01857,530.48,Flipkart,Mumbai,DEVICE_E,2026-06-24 14:45:00,14,11,0,31.53,0,0,0,0,0
TXN005374,USER01073,3046.61,Netflix,Mumbai,DEVICE_D,2026-05-08 16:49:00,16,14,0,4.68,0,0,0,0,0
TXN005375,USER01711,536.6,Flipkart,Pune,DEVICE_C,2026-12-27 20:31:00,20,19,1,3.86,0,0,0,0,0
TXN005376,USER00564,3932.08,Swiggy,Delhi,DEVICE_E,2026-10-25 01:48:00,1,43,0,9.04,1,0,0,0,0
TXN005377,USER01126,2000.64,Myntra,Bangalore,DEVICE_A,2026-12-26 16:00:00,16,18,0,3.2,0,0,0,0,0
TXN005378,USER00216,558.6,Myntra,Pune,DEVICE_E,2026-05-28 15:34:00,15,25,0,1.93,0,0,0,0,0
TXN005379,USER01462,372.93,Uber,Ahmedabad,DEVICE_C,2026-12-27 00:10:00,0,46,1,5.56,1,0,0,0,0
TXN005380,USER01724,2860.28,Amazon,Chennai,DEVICE_D,2026-12-12 10:28:00,10,20,0,10.02,0,0,0,0,0
TXN005381,USER01593,392.69,Uber,Delhi,DEVICE_A,2026-09-22 01:45:00,1,36,0,17.73,1,0,0,0,1
TXN005382,USER00559,972.81,Netflix,Pune,DEVICE_C,2026-12-03 00:34:00,0,42,0,25.69,1,0,0,0,0
TXN005383,USER00159,2053.14,Apple,Bangalore,DEVICE_C,2026-07-17 08:46:00,8,49,1,5.04,0,0,0,0,0
TXN005384,USER00489,1664.39,Uber,Ahmedabad,DEVICE_E,2026-03-25 18:12:00,18,9,0,34.15,0,0,0,0,0
TXN005385,USER00686,913.65,Uber,Ahmedabad,DEVICE_B,2026-01-21 14:37:00,14,27,0,0.69,0,0,0,0,0
TXN005386,USER01266,568.68,Uber,Mumbai,DEVICE_B,2026-11-05 02:29:00,2,25,0,11.74,1,0,0,0,0
TXN005387,USER00794,2100.41,Flipkart,Bangalore,DEVICE_A,2026-01-21 17:14:00,17,12,0,20.05,0,0,0,0,0
TXN005388,USER01777,201.77,Swiggy,Delhi,DEVICE_C,2026-12-26 07:50:00,7,24,0,6.89,0,0,0,0,0
TXN005389,USER01906,1385.19,Apple,Pune,DEVICE_D,2026-05-24 18:17:00,18,30,0,23.02,0,0,0,0,0
TXN005390,USER00005,341.38,Myntra,Ahmedabad,DEVICE_A,2026-11-16 10:31:00,10,19,1,40.36,0,0,0,0,0
TXN005391,USER01620,497.95,Paytm,Mumbai,DEVICE_A,2026-05-23 00:51:00,0,14,0,1.87,1,0,0,0,0
TXN005392,USER01844,1527.66,Flipkart,Pune,DEVICE_E,2026-12-06 11:43:00,11,17,0,14.37,0,0,0,0,0
TXN005393,USER00361,558.54,Netflix,Delhi,DEVICE_D,2026-03-30 05:43:00,5,39,0,0.38,1,0,0,0,0
TXN005394,USER00459,3107.48,Apple,Chennai,DEVICE_C,2026-06-21 00:49:00,0,22,1,6.56,1,0,0,0,1
TXN005395,USER00248,2071.01,Myntra,Mumbai,DEVICE_C,2026-06-06 05:36:00,5,2,1,2.95,1,0,0,0,1
TXN005396,USER01590,585.37,Apple,Bangalore,DEVICE_C,2026-10-25 03:00:00,3,10,0,19.58,1,0,0,0,0
TXN005397,USER01697,895.39,Zomato,Delhi,DEVICE_A,2026-09-17 00:13:00,0,26,0,5.72,1,0,0,0,0
TXN005398,USER00946,406.16,Zomato,Ahmedabad,DEVICE_E,2026-08-16 06:50:00,6,36,0,6.64,0,0,0,0,0
TXN005399,USER00422,1678.54,Uber,Hyderabad,DEVICE_A,2026-09-28 22:02:00,22,11,0,4.6,0,0,0,0,0
TXN005400,USER01947,4497.68,Uber,Bangalore,DEVICE_B,2026-08-03 17:23:00,17,32,0,5.59,0,0,0,0,0
TXN005401,USER01762,374.05,Zomato,Ahmedabad,DEVICE_B,2026-07-20 19:30:00,19,27,0,5.1,0,0,0,0,0
TXN005402,USER00015,1299.28,Paytm,Bangalore,DEVICE_C,2026-08-03 23:52:00,23,5,0,23.94,0,0,0,0,0
TXN005403,USER00736,1467.19,Myntra,Mumbai,DEVICE_E,2026-10-21 16:49:00,16,5,0,62.39,0,0,0,0,0
TXN005404,USER01597,356.01,Netflix,Pune,DEVICE_C,2026-02-25 14:50:00,14,43,0,13.48,0,0,0,0,0
TXN005405,USER01146,442.5,Amazon,Kolkata,DEVICE_C,2026-05-09 02:40:00,2,20,0,18.35,1,0,0,0,0
TXN005406,USER00277,215.4,Amazon,Bangalore,DEVICE_A,2026-08-11 13:58:00,13,24,0,34.09,0,0,0,0,0
TXN005407,USER01582,1816.68,Flipkart,Delhi,DEVICE_C,2026-03-16 16:00:00,16,46,1,12.93,0,0,0,0,0
TXN005408,USER00453,793.36,Paytm,Hyderabad,DEVICE_C,2026-05-21 20:50:00,20,35,0,7.19,0,0,0,0,0
TXN005409,USER01414,570.74,Paytm,Chennai,DEVICE_E,2026-06-16 19:34:00,19,17,1,60.31,0,0,0,0,1
TXN005410,USER01318,7029.61,Netflix,Hyderabad,DEVICE_E,2026-11-02 11:27:00,11,43,0,47.32,0,0,0,0,0
TXN005411,USER01598,216.63,Apple,Delhi,DEVICE_E,2026-02-07 17:05:00,17,38,0,4.98,0,0,0,0,0
TXN005412,USER00598,3486.04,Amazon,Mumbai,DEVICE_C,2026-01-07 00:30:00,0,4,0,24.29,1,0,0,0,0
TXN005413,USER00446,157.8,Apple,Delhi,DEVICE_E,2026-11-10 01:02:00,1,22,0,20.83,1,0,0,0,0
TXN005414,USER00210,686.31,Apple,Kolkata,DEVICE_E,2026-02-19 22:42:00,22,22,0,20.98,0,0,0,0,0
TXN005415,USER01614,237.77,Paytm,Kolkata,DEVICE_D,2026-09-11 20:06:00,20,22,0,35.51,0,0,0,0,0
TXN005416,USER00714,524.26,Apple,Kolkata,DEVICE_D,2026-05-29 05:51:00,5,34,1,22.42,1,0,0,0,0
TXN005417,USER00302,673.98,Amazon,Bangalore,DEVICE_B,2026-07-13 15:16:00,15,28,0,14.6,0,0,0,0,0
TXN005418,USER01933,578.96,Myntra,Mumbai,DEVICE_A,2026-01-28 11:26:00,11,4,0,37.42,0,0,0,0,0
TXN005419,USER01247,1373.42,Walmart,Pune,DEVICE_A,2026-02-27 06:19:00,6,16,0,6.15,0,0,0,0,0
TXN005420,USER01758,2416.18,Apple,Kolkata,DEVICE_E,2026-11-02 09:23:00,9,37,0,22.74,0,0,0,0,0
TXN005421,USER00003,990.46,Netflix,Pune,DEVICE_B,2026-03-21 16:57:00,16,1,0,24.18,0,0,0,1,0
TXN005422,USER00990,1467.11,Swiggy,Chennai,DEVICE_B,2026-12-21 08:24:00,8,18,0,40.85,0,0,0,0,0
TXN005423,USER01542,4468.85,Uber,Chennai,DEVICE_D,2026-02-15 12:17:00,12,46,0,127.63,0,0,0,0,0
TXN005424,USER01117,585.12,Netflix,Pune,DEVICE_B,2026-12-28 04:17:00,4,2,0,16.31,1,0,0,0,0
TXN005425,USER00520,2473.74,Zomato,Ahmedabad,DEVICE_C,2026-04-11 11:37:00,11,29,0,13.25,0,0,0,0,0
TXN005426,USER01452,10646.96,Amazon,Delhi,DEVICE_E,2026-07-09 07:29:00,7,32,0,18.36,0,1,0,0,0
TXN005427,USER00493,5612.36,Swiggy,Kolkata,DEVICE_C,2026-10-29 04:56:00,4,22,0,21.5,1,0,0,0,1
TXN005428,USER01259,4752.34,Uber,Bangalore,DEVICE_A,2026-01-31 11:32:00,11,25,0,24.96,0,0,0,0,0
TXN005429,USER00620,2111.81,Netflix,Ahmedabad,DEVICE_D,2026-11-30 11:01:00,11,29,1,6.6,0,0,0,0,0
TXN005430,USER01185,3090.36,Swiggy,Chennai,DEVICE_C,2026-05-07 15:45:00,15,18,0,13.35,0,0,0,0,0
TXN005431,USER01745,709.48,Walmart,Hyderabad,DEVICE_E,2026-06-13 21:18:00,21,38,0,9.27,0,0,0,0,0
TXN005432,USER01776,1019.2,Amazon,Mumbai,DEVICE_C,2026-08-12 08:42:00,8,25,1,0.79,0,0,0,0,1
TXN005433,USER00331,917.96,Myntra,Hyderabad,DEVICE_C,2026-02-07 19:03:00,19,31,0,18.81,0,0,0,0,0
TXN005434,USER00333,603.65,Flipkart,Pune,DEVICE_B,2026-04-12 00:42:00,0,41,0,41.56,1,0,0,0,0
TXN005435,USER00050,1251.28,Paytm,Ahmedabad,DEVICE_D,2026-02-20 17:32:00,17,27,0,50.89,0,0,0,0,0
TXN005436,USER01547,683.89,Walmart,Chennai,DEVICE_A,2026-07-29 12:57:00,12,8,1,14.57,0,0,0,0,0
TXN005437,USER00863,1159.81,Zomato,Chennai,DEVICE_E,2026-01-05 12:02:00,12,47,0,29.04,0,0,0,0,0
TXN005438,USER01692,316.5,Paytm,Delhi,DEVICE_E,2026-03-28 14:46:00,14,30,0,24.92,0,0,0,0,0
TXN005439,USER01516,678.51,Myntra,Delhi,DEVICE_A,2026-12-30 17:17:00,17,14,0,5.2,0,0,0,0,0
TXN005440,USER01606,3583.41,Walmart,Kolkata,DEVICE_E,2026-02-07 13:12:00,13,31,0,1.3,0,0,0,0,0
TXN005441,USER01705,1306.96,Uber,Pune,DEVICE_B,2026-05-28 22:44:00,22,12,0,27.56,0,0,0,0,0
TXN005442,USER00272,3645.45,Swiggy,Mumbai,DEVICE_C,2026-05-06 02:13:00,2,21,0,6.65,1,0,0,0,0
TXN005443,USER00580,635.86,Amazon,Kolkata,DEVICE_B,2026-12-09 18:53:00,18,39,0,15.94,0,0,0,0,0
TXN005444,USER01891,877.02,Swiggy,Ahmedabad,DEVICE_B,2026-05-14 03:47:00,3,10,0,14.85,1,0,0,0,0
TXN005445,USER01276,1330.67,Apple,Delhi,DEVICE_B,2026-11-09 21:34:00,21,32,0,34.06,0,0,0,0,0
TXN005446,USER00560,920.37,Netflix,Bangalore,DEVICE_A,2026-08-29 22:40:00,22,23,0,20.69,0,0,0,0,0
TXN005447,USER00696,312.67,Zomato,Mumbai,DEVICE_D,2026-06-11 03:31:00,3,39,0,37.57,1,0,0,0,0
TXN005448,USER01856,1826.52,Apple,Bangalore,DEVICE_A,2026-03-11 16:32:00,16,43,0,27.91,0,0,0,0,0
TXN005449,USER01723,451.68,Apple,Ahmedabad,DEVICE_A,2026-05-19 00:12:00,0,5,0,173.75,1,0,0,0,0
TXN005450,USER01114,1086.39,Zomato,Kolkata,DEVICE_B,2026-04-16 00:41:00,0,15,0,39.88,1,0,0,0,0
TXN005451,USER00446,161.19,Netflix,Delhi,DEVICE_D,2026-04-29 02:18:00,2,29,0,4.74,1,0,0,0,0
TXN005452,USER01017,611.72,Uber,Mumbai,DEVICE_A,2026-05-25 22:51:00,22,29,0,65.08,0,0,0,0,0
TXN005453,USER01356,978.85,Netflix,Ahmedabad,DEVICE_D,2026-03-09 01:48:00,1,13,0,8.31,1,0,0,0,0
TXN005454,USER01163,1817.44,Amazon,Kolkata,DEVICE_B,2026-10-03 01:54:00,1,6,1,18.72,1,0,0,0,1
TXN005455,USER00357,360.72,Swiggy,Chennai,DEVICE_A,2026-04-18 13:37:00,13,2,0,56.72,0,0,0,0,0
TXN005456,USER01625,491.73,Uber,Kolkata,DEVICE_D,2026-09-19 07:57:00,7,30,0,4.82,0,0,0,0,0
TXN005457,USER00274,5366.13,Flipkart,Pune,DEVICE_E,2026-06-08 01:15:00,1,9,0,38.94,1,0,0,0,0
TXN005458,USER01043,6429.81,Swiggy,Hyderabad,DEVICE_A,2026-03-14 07:40:00,7,32,0,61.22,0,0,0,0,0
TXN005459,USER00311,1742.78,Uber,Chennai,DEVICE_A,2026-09-18 16:22:00,16,37,0,38.45,0,0,0,0,0
TXN005460,USER00870,3469.2,Netflix,Bangalore,DEVICE_A,2026-04-21 06:01:00,6,36,0,34.2,0,0,0,0,0
TXN005461,USER00886,768.61,Zomato,Chennai,DEVICE_D,2026-01-14 13:22:00,13,14,1,6.15,0,0,0,0,0
TXN005462,USER00154,1974.33,Netflix,Kolkata,DEVICE_C,2026-06-17 00:40:00,0,49,1,10.45,1,0,0,0,0
TXN005463,USER01414,1887.03,Flipkart,Ahmedabad,DEVICE_A,2026-01-23 04:15:00,4,3,0,28.57,1,0,0,0,0
TXN005464,USER01284,469.92,Uber,Chennai,DEVICE_E,2026-11-11 05:49:00,5,36,0,2.52,1,0,0,0,0
TXN005465,USER00620,1308.79,Amazon,Hyderabad,DEVICE_E,2026-01-18 04:09:00,4,41,0,43.85,1,0,0,0,0
TXN005466,USER00883,840.66,Netflix,Pune,DEVICE_B,2026-02-20 13:17:00,13,3,0,4.72,0,0,0,0,0
TXN005467,USER00797,1526.99,Uber,Kolkata,DEVICE_C,2026-08-07 10:44:00,10,9,0,16.64,0,0,0,0,0
TXN005468,USER01595,677.51,Swiggy,Hyderabad,DEVICE_C,2026-06-24 15:26:00,15,21,0,2.22,0,0,0,0,0
TXN005469,USER00125,296.08,Flipkart,Chennai,DEVICE_D,2026-05-11 20:09:00,20,30,0,4.1,0,0,0,0,0
TXN005470,USER01378,1113.8,Amazon,Hyderabad,DEVICE_B,2026-05-28 14:13:00,14,35,0,17.61,0,0,0,0,0
TXN005471,USER01297,2315.9,Uber,Chennai,DEVICE_D,2026-12-16 11:52:00,11,11,1,20.14,0,0,0,0,0
TXN005472,USER00619,2316.2,Walmart,Mumbai,DEVICE_B,2026-06-17 14:38:00,14,8,0,6.29,0,0,0,0,0
TXN005473,USER01835,221.72,Netflix,Chennai,DEVICE_C,2026-12-29 13:22:00,13,27,0,2.54,0,0,0,0,0
TXN005474,USER00245,1292.32,Flipkart,Delhi,DEVICE_D,2026-11-04 17:54:00,17,33,0,15.95,0,0,0,0,0
TXN005475,USER00848,2037.98,Amazon,Hyderabad,DEVICE_B,2026-10-23 22:04:00,22,4,1,36.73,0,0,0,0,1
TXN005476,USER00450,1240.57,Amazon,Ahmedabad,DEVICE_C,2026-03-15 16:26:00,16,29,1,4.5,0,0,0,0,0
TXN005477,USER00930,2387.95,Apple,Pune,DEVICE_C,2026-07-10 06:15:00,6,15,0,23.52,0,0,0,0,0
TXN005478,USER01271,308.12,Paytm,Hyderabad,DEVICE_A,2026-12-04 05:14:00,5,18,1,9.75,1,0,0,0,0
TXN005479,USER00520,391.31,Flipkart,Bangalore,DEVICE_D,2026-08-18 00:01:00,0,13,0,57.33,1,0,0,0,1
TXN005480,USER01165,1863.88,Amazon,Pune,DEVICE_A,2026-03-05 13:45:00,13,46,0,1.72,0,0,0,0,0
TXN005481,USER00362,801.55,Uber,Pune,DEVICE_C,2026-05-24 05:10:00,5,23,0,0.82,1,0,0,0,0
TXN005482,USER00008,3151.65,Apple,Bangalore,DEVICE_D,2026-04-28 08:35:00,8,49,0,2.65,0,0,0,0,0
TXN005483,USER00478,1445.37,Paytm,Delhi,DEVICE_D,2026-10-24 00:08:00,0,10,0,30.51,1,0,0,0,0
TXN005484,USER01376,489.87,Swiggy,Hyderabad,DEVICE_E,2026-06-15 13:40:00,13,12,0,51.22,0,0,0,0,0
TXN005485,USER00495,468.15,Uber,Pune,DEVICE_B,2026-08-29 03:47:00,3,9,0,34.57,1,0,0,0,0
TXN005486,USER01630,202.54,Netflix,Hyderabad,DEVICE_E,2026-10-17 19:46:00,19,28,0,25.31,0,0,0,0,0
TXN005487,USER00833,2035.97,Paytm,Pune,DEVICE_E,2026-02-10 19:43:00,19,38,0,1.19,0,0,0,0,0
TXN005488,USER01451,987.27,Flipkart,Bangalore,DEVICE_C,2026-11-15 01:19:00,1,26,0,4.81,1,0,0,0,0
TXN005489,USER01063,2501.63,Netflix,Bangalore,DEVICE_B,2026-12-02 15:40:00,15,0,0,54.78,0,0,0,1,0
TXN005490,USER00593,1382.94,Myntra,Chennai,DEVICE_E,2026-04-17 11:35:00,11,31,0,19.5,0,0,0,0,0
TXN005491,USER00187,1215.68,Myntra,Kolkata,DEVICE_E,2026-08-16 05:46:00,5,17,0,12.63,1,0,0,0,1
TXN005492,USER01620,2284.41,Flipkart,Hyderabad,DEVICE_D,2026-10-22 13:53:00,13,3,1,21.13,0,0,0,0,0
TXN005493,USER01624,1004.13,Swiggy,Hyderabad,DEVICE_C,2026-09-21 14:39:00,14,15,0,3.93,0,0,0,0,0
TXN005494,USER00754,813.11,Paytm,Pune,DEVICE_E,2026-05-25 19:12:00,19,17,0,44.67,0,0,0,0,0
TXN005495,USER01878,1096.52,Apple,Chennai,DEVICE_B,2026-04-04 08:18:00,8,20,0,21.36,0,0,0,0,0
TXN005496,USER00093,2339.22,Walmart,Ahmedabad,DEVICE_A,2026-06-18 13:15:00,13,46,1,12.74,0,0,0,0,0
TXN005497,USER00086,469.82,Amazon,Hyderabad,DEVICE_A,2026-08-15 13:56:00,13,24,0,12.23,0,0,0,0,0
TXN005498,USER01068,2520.59,Walmart,Pune,DEVICE_C,2026-01-10 19:55:00,19,9,1,34.56,0,0,0,0,1
TXN005499,USER00137,1160.99,Myntra,Delhi,DEVICE_A,2026-02-05 09:22:00,9,6,0,7.36,0,0,0,0,0
TXN005500,USER00421,776.14,Myntra,Bangalore,DEVICE_D,2026-08-10 04:25:00,4,0,1,2.95,1,0,0,1,0
TXN005501,USER00074,1293.26,Swiggy,Bangalore,DEVICE_D,2026-09-02 02:42:00,2,32,0,4.11,1,0,0,0,0
TXN005502,USER01572,3161.35,Walmart,Kolkata,DEVICE_B,2026-05-14 00:06:00,0,32,1,1.69,1,0,0,0,0
TXN005503,USER01637,3140.29,Walmart,Bangalore,DEVICE_C,2026-09-18 02:22:00,2,18,0,14.18,1,0,0,0,1
TXN005504,USER01536,1560.68,Apple,Mumbai,DEVICE_C,2026-10-02 18:53:00,18,6,1,22.62,0,0,0,0,0
TXN005505,USER01180,1926.35,Swiggy,Delhi,DEVICE_A,2026-04-20 02:12:00,2,46,0,54.36,1,0,0,0,0
TXN005506,USER01962,1140.14,Swiggy,Delhi,DEVICE_E,2026-03-17 00:23:00,0,44,0,27.79,1,0,0,0,0
TXN005507,USER01279,647.87,Flipkart,Chennai,DEVICE_E,2026-01-26 05:49:00,5,40,0,17.5,1,0,0,0,0
TXN005508,USER00171,1636.67,Netflix,Mumbai,DEVICE_E,2026-01-14 12:45:00,12,13,0,39.9,0,0,0,0,0
TXN005509,USER01752,732.21,Swiggy,Hyderabad,DEVICE_B,2026-03-24 04:17:00,4,37,0,44.55,1,0,0,0,0
TXN005510,USER00170,435.34,Swiggy,Kolkata,DEVICE_C,2026-12-04 14:30:00,14,6,0,24.92,0,0,0,0,1
TXN005511,USER01788,749.87,Uber,Delhi,DEVICE_A,2026-02-14 00:31:00,0,45,0,1.16,1,0,0,0,0
TXN005512,USER00872,250.17,Paytm,Mumbai,DEVICE_B,2026-05-16 13:49:00,13,42,1,6.9,0,0,0,0,0
TXN005513,USER00322,359.72,Paytm,Mumbai,DEVICE_D,2026-02-15 14:29:00,14,2,0,8.2,0,0,0,0,0
TXN005514,USER01591,6810.34,Zomato,Pune,DEVICE_D,2026-05-20 20:44:00,20,10,0,118.9,0,0,0,0,0
TXN005515,USER00456,3021.07,Walmart,Delhi,DEVICE_D,2026-03-18 18:24:00,18,7,1,12.48,0,0,0,0,0
TXN005516,USER00944,883.48,Amazon,Ahmedabad,DEVICE_C,2026-03-16 20:11:00,20,25,0,28.7,0,0,0,0,0
TXN005517,USER01627,1754.48,Walmart,Pune,DEVICE_D,2026-01-29 19:07:00,19,37,0,33.62,0,0,0,0,0
TXN005518,USER00790,466.16,Flipkart,Chennai,DEVICE_E,2026-12-25 05:49:00,5,2,1,21.18,1,0,0,0,1
TXN005519,USER00613,1989.09,Flipkart,Mumbai,DEVICE_D,2026-09-01 03:40:00,3,28,0,0.37,1,0,0,0,0
TXN005520,USER01179,1387.28,Flipkart,Bangalore,DEVICE_B,2026-10-20 09:28:00,9,11,0,0.39,0,0,0,0,0
TXN005521,USER00889,581.46,Netflix,Mumbai,DEVICE_D,2026-11-15 20:37:00,20,17,1,34.16,0,0,0,0,0
TXN005522,USER00349,819.79,Amazon,Hyderabad,DEVICE_E,2026-07-01 11:36:00,11,42,1,26.88,0,0,0,0,0
TXN005523,USER01475,770.15,Paytm,Delhi,DEVICE_D,2026-04-04 22:15:00,22,6,0,15.36,0,0,0,0,0
TXN005524,USER01900,2356.67,Apple,Ahmedabad,DEVICE_A,2026-10-27 02:06:00,2,29,0,5.72,1,0,0,0,1
TXN005525,USER01677,1019.19,Paytm,Hyderabad,DEVICE_E,2026-04-05 21:04:00,21,41,0,1.81,0,0,0,0,0
TXN005526,USER01197,264.99,Netflix,Chennai,DEVICE_C,2026-02-18 13:05:00,13,47,0,3.59,0,0,0,0,0
TXN005527,USER00010,732.15,Flipkart,Kolkata,DEVICE_D,2026-10-06 19:08:00,19,15,0,17.37,0,0,0,0,0
TXN005528,USER00740,542.33,Netflix,Bangalore,DEVICE_B,2026-09-14 01:21:00,1,46,0,15.79,1,0,0,0,1
TXN005529,USER01289,289.99,Paytm,Delhi,DEVICE_D,2026-04-11 07:41:00,7,44,0,56.7,0,0,0,0,0
TXN005530,USER01462,552.76,Apple,Mumbai,DEVICE_B,2026-03-10 04:22:00,4,24,0,63.06,1,0,0,0,0
TXN005531,USER01784,157.17,Zomato,Bangalore,DEVICE_A,2026-06-12 01:10:00,1,3,0,17.16,1,0,0,0,0
TXN005532,USER01271,474.52,Amazon,Mumbai,DEVICE_C,2026-07-17 04:48:00,4,3,1,36.83,1,0,0,0,1
TXN005533,USER00667,1308.31,Netflix,Chennai,DEVICE_E,2026-04-09 14:23:00,14,37,1,33.45,0,0,0,0,1
TXN005534,USER00546,1649.71,Paytm,Kolkata,DEVICE_E,2026-04-04 04:22:00,4,49,0,27.92,1,0,0,0,0
TXN005535,USER01523,1725.21,Amazon,Ahmedabad,DEVICE_C,2026-05-27 04:20:00,4,0,0,11.5,1,0,0,1,0
TXN005536,USER00129,2595.72,Paytm,Ahmedabad,DEVICE_A,2026-01-31 03:23:00,3,41,0,9.87,1,0,0,0,0
TXN005537,USER01696,3193.43,Paytm,Delhi,DEVICE_A,2026-08-24 13:42:00,13,2,0,6.13,0,0,0,0,0
TXN005538,USER00601,436.12,Apple,Chennai,DEVICE_D,2026-10-28 07:41:00,7,27,0,55.32,0,0,0,0,0
TXN005539,USER00605,317.67,Zomato,Chennai,DEVICE_A,2026-09-26 22:58:00,22,45,0,35.97,0,0,0,0,0
TXN005540,USER00327,1139.48,Amazon,Kolkata,DEVICE_D,2026-01-01 20:15:00,20,10,0,3.9,0,0,0,0,0
TXN005541,USER01777,1793.54,Flipkart,Chennai,DEVICE_B,2026-06-20 21:20:00,21,36,0,5.82,0,0,0,0,0
TXN005542,USER01859,517.08,Amazon,Chennai,DEVICE_C,2026-11-27 16:27:00,16,1,0,17.41,0,0,0,1,0
TXN005543,USER00980,1391.56,Swiggy,Mumbai,DEVICE_B,2026-01-26 02:33:00,2,8,0,10.68,1,0,0,0,0
TXN005544,USER00404,5654.92,Flipkart,Pune,DEVICE_B,2026-05-25 18:07:00,18,16,0,4.81,0,0,0,0,0
TXN005545,USER00629,329.43,Amazon,Hyderabad,DEVICE_B,2026-03-27 00:04:00,0,31,0,31.32,1,0,0,0,0
TXN005546,USER01630,1102.48,Uber,Mumbai,DEVICE_B,2026-01-28 05:01:00,5,30,0,0.03,1,0,0,0,0
TXN005547,USER01699,2793.01,Uber,Ahmedabad,DEVICE_E,2026-11-02 01:10:00,1,20,0,8.41,1,0,0,0,1
TXN005548,USER01635,917.82,Paytm,Kolkata,DEVICE_A,2026-06-13 15:34:00,15,16,0,53.0,0,0,0,0,0
TXN005549,USER01649,1590.14,Flipkart,Bangalore,DEVICE_C,2026-08-01 06:23:00,6,41,1,28.61,0,0,0,0,1
TXN005550,USER01383,2487.67,Amazon,Kolkata,DEVICE_C,2026-11-19 04:34:00,4,16,0,10.26,1,0,0,0,0
TXN005551,USER01627,835.87,Paytm,Kolkata,DEVICE_B,2026-03-05 18:14:00,18,42,0,52.83,0,0,0,0,0
TXN005552,USER01882,421.98,Walmart,Kolkata,DEVICE_C,2026-12-05 22:28:00,22,26,1,46.21,0,0,0,0,1
TXN005553,USER00718,1001.48,Paytm,Kolkata,DEVICE_D,2026-06-16 19:56:00,19,27,0,1.08,0,0,0,0,0
TXN005554,USER01041,409.44,Netflix,Chennai,DEVICE_C,2026-06-10 19:50:00,19,38,0,2.74,0,0,0,0,0
TXN005555,USER00274,668.23,Uber,Kolkata,DEVICE_B,2026-12-17 10:07:00,10,0,0,9.8,0,0,0,1,0
TXN005556,USER00685,1632.31,Walmart,Bangalore,DEVICE_C,2026-11-18 02:56:00,2,15,0,53.01,1,0,0,0,0
TXN005557,USER00116,1290.8,Myntra,Kolkata,DEVICE_A,2026-02-28 10:21:00,10,2,0,37.18,0,0,0,0,0
TXN005558,USER00861,2692.01,Netflix,Mumbai,DEVICE_B,2026-06-25 08:10:00,8,14,0,0.98,0,0,0,0,0
TXN005559,USER00693,1351.28,Flipkart,Chennai,DEVICE_E,2026-06-02 13:29:00,13,3,1,14.36,0,0,0,0,0
TXN005560,USER01115,543.64,Paytm,Ahmedabad,DEVICE_A,2026-04-07 19:50:00,19,35,0,25.48,0,0,0,0,0
TXN005561,USER01106,447.18,Uber,Mumbai,DEVICE_C,2026-05-21 22:29:00,22,29,1,6.46,0,0,0,0,0
TXN005562,USER00324,1929.5,Zomato,Ahmedabad,DEVICE_E,2026-08-10 13:58:00,13,28,1,25.64,0,0,0,0,0
TXN005563,USER00961,1361.3,Uber,Chennai,DEVICE_A,2026-08-07 18:45:00,18,22,1,9.23,0,0,0,0,0
TXN005564,USER00114,922.52,Apple,Mumbai,DEVICE_D,2026-06-12 11:45:00,11,4,0,6.41,0,0,0,0,0
TXN005565,USER01793,1487.62,Uber,Ahmedabad,DEVICE_A,2026-03-20 19:35:00,19,46,0,9.97,0,0,0,0,0
TXN005566,USER01082,581.82,Zomato,Delhi,DEVICE_E,2026-07-26 13:30:00,13,10,0,60.24,0,0,0,0,0
TXN005567,USER00154,121.39,Zomato,Hyderabad,DEVICE_D,2026-05-05 22:38:00,22,18,0,47.14,0,0,0,0,0
TXN005568,USER01901,2803.14,Paytm,Hyderabad,DEVICE_C,2026-01-10 15:20:00,15,7,1,49.06,0,0,0,0,0
TXN005569,USER01428,1966.55,Flipkart,Chennai,DEVICE_B,2026-04-25 23:56:00,23,42,0,49.87,0,0,0,0,0
TXN005570,USER01652,1014.07,Zomato,Delhi,DEVICE_C,2026-02-12 20:04:00,20,10,0,3.93,0,0,0,0,0
TXN005571,USER01879,488.44,Uber,Bangalore,DEVICE_B,2026-09-02 23:03:00,23,8,1,45.28,0,0,0,0,0
TXN005572,USER01290,904.91,Flipkart,Delhi,DEVICE_B,2026-04-26 03:08:00,3,45,0,4.77,1,0,0,0,0
TXN005573,USER00315,231.2,Amazon,Pune,DEVICE_E,2026-04-21 06:58:00,6,24,0,36.42,0,0,0,0,0
TXN005574,USER01739,1215.67,Uber,Chennai,DEVICE_D,2026-05-17 18:56:00,18,24,0,15.61,0,0,0,0,0
TXN005575,USER01065,192.04,Swiggy,Delhi,DEVICE_D,2026-10-20 22:07:00,22,13,0,5.49,0,0,0,0,0
TXN005576,USER00105,1207.07,Paytm,Bangalore,DEVICE_A,2026-08-27 20:34:00,20,30,0,10.17,0,0,0,0,0
TXN005577,USER01925,581.23,Netflix,Chennai,DEVICE_C,2026-06-03 18:41:00,18,12,0,11.36,0,0,0,0,0
TXN005578,USER01914,960.22,Paytm,Hyderabad,DEVICE_E,2026-08-14 01:24:00,1,0,1,26.42,1,0,0,1,0
TXN005579,USER01217,393.36,Zomato,Kolkata,DEVICE_C,2026-03-19 06:05:00,6,29,0,18.63,0,0,0,0,0
TXN005580,USER01425,4261.43,Myntra,Delhi,DEVICE_A,2026-12-30 19:28:00,19,8,0,33.94,0,0,0,0,0
TXN005581,USER01302,1516.94,Apple,Hyderabad,DEVICE_A,2026-09-03 18:11:00,18,39,0,10.11,0,0,0,0,0
TXN005582,USER00354,590.13,Swiggy,Hyderabad,DEVICE_E,2026-09-11 07:43:00,7,28,0,27.22,0,0,0,0,0
TXN005583,USER01016,933.06,Zomato,Mumbai,DEVICE_A,2026-04-29 22:58:00,22,30,0,31.48,0,0,0,0,0
TXN005584,USER01773,4653.96,Uber,Bangalore,DEVICE_E,2026-02-14 18:29:00,18,17,0,1.3,0,0,0,0,0
TXN005585,USER01961,466.48,Flipkart,Pune,DEVICE_A,2026-04-15 21:05:00,21,2,0,9.42,0,0,0,0,0
TXN005586,USER00733,403.0,Swiggy,Kolkata,DEVICE_D,2026-03-30 14:09:00,14,34,0,43.43,0,0,0,0,0
TXN005587,USER01604,387.77,Myntra,Delhi,DEVICE_E,2026-09-02 19:43:00,19,1,0,24.41,0,0,0,1,0
TXN005588,USER00709,593.98,Netflix,Hyderabad,DEVICE_D,2026-11-22 10:30:00,10,3,0,10.84,0,0,0,0,0
TXN005589,USER01280,4211.41,Flipkart,Hyderabad,DEVICE_D,2026-04-28 21:50:00,21,40,0,4.04,0,0,0,0,0
TXN005590,USER00651,662.56,Apple,Pune,DEVICE_E,2026-11-16 04:51:00,4,14,0,2.03,1,0,0,0,1
TXN005591,USER00824,753.46,Walmart,Bangalore,DEVICE_C,2026-07-24 14:39:00,14,49,0,5.21,0,0,0,0,0
TXN005592,USER00947,1314.86,Apple,Kolkata,DEVICE_B,2026-12-23 03:05:00,3,16,1,5.61,1,0,0,0,1
TXN005593,USER00661,1066.31,Paytm,Ahmedabad,DEVICE_A,2026-12-12 12:46:00,12,25,0,9.26,0,0,0,0,0
TXN005594,USER00099,2624.2,Swiggy,Kolkata,DEVICE_A,2026-04-19 08:21:00,8,30,0,3.89,0,0,0,0,0
TXN005595,USER00588,2296.54,Paytm,Pune,DEVICE_C,2026-12-13 13:10:00,13,29,1,3.16,0,0,0,0,0
TXN005596,USER00282,1472.26,Zomato,Hyderabad,DEVICE_B,2026-06-16 09:41:00,9,22,0,37.16,0,0,0,0,0
TXN005597,USER01907,891.75,Amazon,Hyderabad,DEVICE_C,2026-11-10 10:56:00,10,29,1,5.74,0,0,0,0,0
TXN005598,USER00403,2601.48,Zomato,Hyderabad,DEVICE_B,2026-07-24 15:31:00,15,10,0,16.49,0,0,0,0,0
TXN005599,USER01133,539.97,Netflix,Hyderabad,DEVICE_E,2026-07-13 23:24:00,23,32,1,4.45,0,0,0,0,0
TXN005600,USER00700,509.73,Swiggy,Ahmedabad,DEVICE_E,2026-10-14 04:54:00,4,37,0,13.54,1,0,0,0,0
TXN005601,USER00199,759.64,Amazon,Mumbai,DEVICE_D,2026-09-20 12:23:00,12,45,0,6.48,0,0,0,0,1
TXN005602,USER01327,3119.96,Flipkart,Mumbai,DEVICE_D,2026-03-30 11:58:00,11,4,1,1.82,0,0,0,0,0
TXN005603,USER00327,516.34,Amazon,Pune,DEVICE_E,2026-04-10 21:45:00,21,34,1,80.54,0,0,0,0,0
TXN005604,USER00154,638.84,Netflix,Kolkata,DEVICE_D,2026-01-05 05:37:00,5,0,0,12.24,1,0,0,1,0
TXN005605,USER00552,1282.51,Uber,Chennai,DEVICE_E,2026-05-25 02:00:00,2,3,1,9.99,1,0,0,0,0
TXN005606,USER01669,1042.12,Paytm,Ahmedabad,DEVICE_C,2026-10-11 04:27:00,4,47,0,4.44,1,0,0,0,1
TXN005607,USER00405,779.38,Myntra,Ahmedabad,DEVICE_A,2026-09-08 07:50:00,7,37,0,13.68,0,0,0,0,0
TXN005608,USER00462,1669.59,Zomato,Delhi,DEVICE_E,2026-09-17 06:29:00,6,36,0,20.17,0,0,0,0,0
TXN005609,USER00132,716.37,Swiggy,Bangalore,DEVICE_E,2026-03-12 11:47:00,11,6,0,7.27,0,0,0,0,0
TXN005610,USER00791,2836.79,Netflix,Chennai,DEVICE_E,2026-11-04 12:19:00,12,9,0,13.09,0,0,0,0,0
TXN005611,USER00874,1357.87,Walmart,Mumbai,DEVICE_D,2026-04-02 05:05:00,5,32,0,5.41,1,0,0,0,0
TXN005612,USER00084,2737.61,Myntra,Mumbai,DEVICE_D,2026-09-05 03:11:00,3,13,0,15.0,1,0,0,0,0
TXN005613,USER01423,538.31,Netflix,Mumbai,DEVICE_D,2026-01-18 04:21:00,4,35,0,30.95,1,0,0,0,1
TXN005614,USER00754,959.67,Walmart,Chennai,DEVICE_D,2026-11-08 18:01:00,18,46,0,1.24,0,0,0,0,0
TXN005615,USER00628,198.81,Walmart,Ahmedabad,DEVICE_C,2026-05-23 10:16:00,10,37,0,14.59,0,0,0,0,1
TXN005616,USER01133,3653.33,Walmart,Mumbai,DEVICE_E,2026-05-11 17:24:00,17,29,0,10.2,0,0,0,0,0
TXN005617,USER00221,8642.96,Uber,Chennai,DEVICE_C,2026-04-11 07:56:00,7,25,0,1.54,0,0,0,0,0
TXN005618,USER01928,846.14,Amazon,Mumbai,DEVICE_D,2026-05-13 23:06:00,23,30,0,56.44,0,0,0,0,0
TXN005619,USER00553,1533.73,Apple,Hyderabad,DEVICE_C,2026-11-09 22:55:00,22,41,0,6.02,0,0,0,0,0
TXN005620,USER01392,1214.29,Zomato,Ahmedabad,DEVICE_E,2026-11-20 05:38:00,5,46,0,16.63,1,0,0,0,0
TXN005621,USER01171,342.8,Walmart,Hyderabad,DEVICE_E,2026-09-26 17:38:00,17,18,0,9.32,0,0,0,0,0
TXN005622,USER00112,3370.17,Netflix,Delhi,DEVICE_D,2026-04-03 03:38:00,3,39,0,6.33,1,0,0,0,0
TXN005623,USER00615,856.51,Flipkart,Ahmedabad,DEVICE_E,2026-09-06 09:20:00,9,12,0,14.98,0,0,0,0,0
TXN005624,USER01582,173.56,Flipkart,Mumbai,DEVICE_C,2026-12-08 18:53:00,18,22,0,23.36,0,0,0,0,0
TXN005625,USER00924,575.77,Swiggy,Pune,DEVICE_B,2026-05-16 06:22:00,6,18,1,30.79,0,0,0,0,0
TXN005626,USER01518,312.64,Paytm,Delhi,DEVICE_E,2026-02-19 10:00:00,10,15,0,20.1,0,0,0,0,0
TXN005627,USER01529,1224.14,Walmart,Chennai,DEVICE_C,2026-06-19 22:58:00,22,24,0,14.94,0,0,0,0,0
TXN005628,USER00475,1217.56,Netflix,Delhi,DEVICE_C,2026-08-30 09:09:00,9,25,0,30.04,0,0,0,0,0
TXN005629,USER00836,3189.27,Walmart,Mumbai,DEVICE_C,2026-11-19 07:46:00,7,20,0,14.57,0,0,0,0,0
TXN005630,USER01914,5692.05,Uber,Chennai,DEVICE_E,2026-01-21 14:19:00,14,17,0,73.17,0,0,0,0,0
TXN005631,USER00271,6126.03,Paytm,Pune,DEVICE_B,2026-08-08 08:11:00,8,8,0,14.96,0,0,0,0,0
TXN005632,USER00421,435.8,Walmart,Chennai,DEVICE_D,2026-05-24 01:10:00,1,23,0,7.63,1,0,0,0,0
TXN005633,USER01921,1914.74,Zomato,Hyderabad,DEVICE_D,2026-05-22 12:03:00,12,46,1,11.82,0,0,0,0,0
TXN005634,USER00707,2246.58,Flipkart,Chennai,DEVICE_E,2026-07-03 13:42:00,13,39,0,13.47,0,0,0,0,0
TXN005635,USER01391,684.62,Walmart,Chennai,DEVICE_E,2026-05-07 23:46:00,23,16,0,6.67,0,0,0,0,0
TXN005636,USER01304,1420.0,Zomato,Delhi,DEVICE_A,2026-01-26 08:19:00,8,29,0,3.46,0,0,0,0,0
TXN005637,USER01307,1570.87,Zomato,Pune,DEVICE_B,2026-01-14 10:52:00,10,3,0,11.29,0,0,0,0,0
TXN005638,USER00040,708.69,Amazon,Kolkata,DEVICE_C,2026-11-04 17:29:00,17,27,0,45.47,0,0,0,0,0
TXN005639,USER01983,3476.4,Zomato,Chennai,DEVICE_C,2026-10-19 21:52:00,21,40,1,5.9,0,0,0,0,1
TXN005640,USER00189,1355.07,Paytm,Bangalore,DEVICE_D,2026-11-16 05:19:00,5,39,0,8.98,1,0,0,0,0
TXN005641,USER01188,939.64,Flipkart,Kolkata,DEVICE_E,2026-12-24 22:22:00,22,8,0,28.35,0,0,0,0,0
TXN005642,USER00994,364.6,Swiggy,Hyderabad,DEVICE_B,2026-08-24 12:22:00,12,35,0,1.72,0,0,0,0,0
TXN005643,USER01560,3090.83,Uber,Pune,DEVICE_D,2026-10-29 02:21:00,2,7,0,34.87,1,0,0,0,0
TXN005644,USER00536,1173.18,Flipkart,Pune,DEVICE_B,2026-02-07 01:59:00,1,21,0,25.48,1,0,0,0,0
TXN005645,USER01028,1176.69,Netflix,Ahmedabad,DEVICE_E,2026-07-11 16:36:00,16,24,0,15.96,0,0,0,0,0
TXN005646,USER01859,512.08,Swiggy,Hyderabad,DEVICE_C,2026-02-24 13:09:00,13,48,0,4.7,0,0,0,0,0
TXN005647,USER00290,2451.4,Zomato,Chennai,DEVICE_A,2026-07-19 16:17:00,16,5,0,1.95,0,0,0,0,0
TXN005648,USER01977,394.93,Walmart,Delhi,DEVICE_B,2026-05-09 08:04:00,8,25,0,5.27,0,0,0,0,0
TXN005649,USER00433,150.32,Amazon,Kolkata,DEVICE_C,2026-04-23 08:05:00,8,41,0,28.67,0,0,0,0,0
TXN005650,USER00471,579.47,Swiggy,Ahmedabad,DEVICE_B,2026-06-17 14:29:00,14,1,0,54.21,0,0,0,1,1
TXN005651,USER01205,1498.65,Netflix,Hyderabad,DEVICE_B,2026-02-28 15:47:00,15,30,0,26.78,0,0,0,0,0
TXN005652,USER01272,1487.06,Netflix,Hyderabad,DEVICE_B,2026-02-06 17:31:00,17,11,0,15.0,0,0,0,0,0
TXN005653,USER00628,1244.44,Swiggy,Bangalore,DEVICE_E,2026-04-14 05:45:00,5,18,1,60.19,1,0,0,0,1
TXN005654,USER00279,939.28,Amazon,Chennai,DEVICE_D,2026-06-26 22:20:00,22,36,0,35.27,0,0,0,0,0
TXN005655,USER00877,1264.91,Zomato,Ahmedabad,DEVICE_B,2026-11-24 10:47:00,10,47,0,21.33,0,0,0,0,0
TXN005656,USER00581,14389.7,Paytm,Kolkata,DEVICE_E,2026-04-10 17:03:00,17,36,1,0.77,0,1,0,0,0
TXN005657,USER00863,1373.07,Netflix,Hyderabad,DEVICE_A,2026-07-16 05:10:00,5,0,0,6.79,1,0,0,1,0
TXN005658,USER00254,749.82,Zomato,Pune,DEVICE_D,2026-05-11 11:31:00,11,9,0,7.37,0,0,0,0,0
TXN005659,USER00181,998.02,Paytm,Hyderabad,DEVICE_E,2026-02-04 19:36:00,19,33,0,8.53,0,0,0,0,0
TXN005660,USER01854,909.91,Paytm,Hyderabad,DEVICE_A,2026-08-02 09:40:00,9,15,0,9.87,0,0,0,0,0
TXN005661,USER00681,1167.23,Netflix,Hyderabad,DEVICE_D,2026-01-08 15:25:00,15,40,1,56.06,0,0,0,0,0
TXN005662,USER00825,482.83,Swiggy,Ahmedabad,DEVICE_E,2026-12-04 23:13:00,23,6,0,27.09,0,0,0,0,0
TXN005663,USER01533,2250.81,Paytm,Delhi,DEVICE_A,2026-04-11 21:11:00,21,12,0,23.55,0,0,0,0,0
TXN005664,USER01785,1432.5,Walmart,Mumbai,DEVICE_E,2026-12-15 21:54:00,21,3,1,11.12,0,0,0,0,0
TXN005665,USER00700,539.04,Flipkart,Bangalore,DEVICE_A,2026-08-01 05:03:00,5,38,0,8.24,1,0,0,0,1
TXN005666,USER00566,2745.7,Uber,Pune,DEVICE_B,2026-08-23 07:27:00,7,30,0,2.55,0,0,0,0,0
TXN005667,USER01350,197.87,Netflix,Delhi,DEVICE_B,2026-01-28 04:02:00,4,9,0,12.08,1,0,0,0,0
TXN005668,USER01381,7610.74,Myntra,Bangalore,DEVICE_D,2026-01-27 15:52:00,15,11,0,4.6,0,0,0,0,0
TXN005669,USER01849,5983.03,Paytm,Hyderabad,DEVICE_A,2026-09-27 22:18:00,22,33,0,9.92,0,0,0,0,0
TXN005670,USER01674,5180.35,Apple,Ahmedabad,DEVICE_B,2026-09-16 08:06:00,8,27,0,3.4,0,0,0,0,0
TXN005671,USER00680,701.43,Walmart,Bangalore,DEVICE_D,2026-03-02 06:27:00,6,4,1,8.43,0,0,0,0,0
TXN005672,USER00391,1361.86,Myntra,Chennai,DEVICE_C,2026-02-15 08:51:00,8,27,0,0.88,0,0,0,0,0
TXN005673,USER01639,626.63,Zomato,Chennai,DEVICE_B,2026-01-14 05:36:00,5,46,0,0.12,1,0,0,0,0
TXN005674,USER01958,1615.84,Uber,Mumbai,DEVICE_B,2026-10-20 10:58:00,10,10,0,40.79,0,0,0,0,0
TXN005675,USER01109,1114.91,Amazon,Mumbai,DEVICE_E,2026-04-30 04:11:00,4,33,0,20.5,1,0,0,0,0
TXN005676,USER01341,724.71,Paytm,Bangalore,DEVICE_C,2026-12-06 00:48:00,0,14,0,17.72,1,0,0,0,0
TXN005677,USER00212,717.79,Amazon,Delhi,DEVICE_A,2026-03-06 19:56:00,19,4,1,14.42,0,0,0,0,1
TXN005678,USER01539,1181.14,Uber,Delhi,DEVICE_D,2026-04-12 18:41:00,18,47,0,25.95,0,0,0,0,0
TXN005679,USER00384,15406.97,Walmart,Hyderabad,DEVICE_C,2026-06-16 19:02:00,19,20,0,26.65,0,1,0,0,0
TXN005680,USER01715,3550.99,Walmart,Delhi,DEVICE_A,2026-05-30 22:18:00,22,30,0,54.74,0,0,0,0,0
TXN005681,USER00342,1184.53,Uber,Mumbai,DEVICE_B,2026-09-21 02:43:00,2,39,0,5.61,1,0,0,0,0
TXN005682,USER01839,931.63,Walmart,Delhi,DEVICE_D,2026-07-19 10:55:00,10,6,0,30.76,0,0,0,0,0
TXN005683,USER01988,1921.18,Paytm,Hyderabad,DEVICE_D,2026-10-16 23:22:00,23,34,0,94.56,0,0,0,0,0
TXN005684,USER00844,631.66,Uber,Chennai,DEVICE_C,2026-07-16 12:19:00,12,20,0,0.59,0,0,0,0,0
TXN005685,USER01062,893.14,Netflix,Delhi,DEVICE_E,2026-06-23 20:03:00,20,39,0,9.37,0,0,0,0,0
TXN005686,USER01535,189.35,Apple,Delhi,DEVICE_A,2026-08-31 01:57:00,1,4,0,11.46,1,0,0,0,0
TXN005687,USER00420,1190.07,Zomato,Mumbai,DEVICE_C,2026-01-30 00:27:00,0,13,1,34.5,1,0,0,0,1
TXN005688,USER00751,1217.61,Flipkart,Bangalore,DEVICE_E,2026-02-09 11:40:00,11,33,1,0.28,0,0,0,0,0
TXN005689,USER01193,672.22,Swiggy,Chennai,DEVICE_E,2026-06-14 06:11:00,6,9,1,18.26,0,0,0,0,1
TXN005690,USER01989,1646.24,Apple,Ahmedabad,DEVICE_E,2026-06-12 03:57:00,3,17,0,44.62,1,0,0,0,0
TXN005691,USER01933,1226.62,Flipkart,Bangalore,DEVICE_D,2026-12-16 14:41:00,14,16,1,3.19,0,0,0,0,0
TXN005692,USER01367,679.52,Swiggy,Ahmedabad,DEVICE_A,2026-09-19 13:31:00,13,37,0,2.46,0,0,0,0,0
TXN005693,USER01850,2300.18,Amazon,Hyderabad,DEVICE_A,2026-12-16 16:24:00,16,48,0,169.03,0,0,0,0,0
TXN005694,USER00306,932.89,Apple,Hyderabad,DEVICE_C,2026-09-07 21:11:00,21,31,0,34.97,0,0,0,0,0
TXN005695,USER01566,427.2,Myntra,Bangalore,DEVICE_B,2026-07-12 04:32:00,4,16,0,23.91,1,0,0,0,0
TXN005696,USER00702,224.72,Apple,Mumbai,DEVICE_C,2026-09-18 23:21:00,23,21,0,10.18,0,0,0,0,0
TXN005697,USER00869,3991.28,Walmart,Kolkata,DEVICE_A,2026-03-30 07:19:00,7,24,0,38.48,0,0,0,0,0
TXN005698,USER00537,1228.22,Paytm,Ahmedabad,DEVICE_D,2026-03-05 16:38:00,16,15,0,51.22,0,0,0,0,0
TXN005699,USER01136,1182.24,Paytm,Mumbai,DEVICE_C,2026-12-03 19:40:00,19,29,0,26.37,0,0,0,0,0
TXN005700,USER01435,1054.25,Flipkart,Kolkata,DEVICE_B,2026-07-16 17:53:00,17,33,0,10.15,0,0,0,0,0
TXN005701,USER01971,3282.07,Walmart,Kolkata,DEVICE_C,2026-03-24 05:09:00,5,4,0,17.52,1,0,0,0,0
TXN005702,USER00206,1246.81,Amazon,Mumbai,DEVICE_E,2026-05-20 03:10:00,3,43,1,2.07,1,0,0,0,1
TXN005703,USER01209,4417.05,Paytm,Kolkata,DEVICE_B,2026-06-11 11:03:00,11,32,0,3.44,0,0,0,0,0
TXN005704,USER01406,1250.41,Zomato,Kolkata,DEVICE_E,2026-07-14 20:10:00,20,4,0,30.56,0,0,0,0,0
TXN005705,USER00496,98.77,Amazon,Kolkata,DEVICE_D,2026-12-19 21:03:00,21,39,0,0.6,0,0,0,0,0
TXN005706,USER01403,3429.58,Walmart,Chennai,DEVICE_A,2026-03-09 20:05:00,20,41,0,1.01,0,0,0,0,0
TXN005707,USER01071,1456.43,Walmart,Hyderabad,DEVICE_C,2026-05-24 00:17:00,0,2,0,14.19,1,0,0,0,0
TXN005708,USER01910,694.91,Flipkart,Kolkata,DEVICE_C,2026-01-29 02:40:00,2,37,0,3.74,1,0,0,0,0
TXN005709,USER01764,870.4,Netflix,Hyderabad,DEVICE_E,2026-01-19 13:37:00,13,12,0,6.95,0,0,0,0,0
TXN005710,USER01575,831.33,Paytm,Pune,DEVICE_E,2026-01-01 16:40:00,16,7,0,10.18,0,0,0,0,0
TXN005711,USER01552,358.75,Walmart,Hyderabad,DEVICE_A,2026-03-05 15:53:00,15,29,0,14.77,0,0,0,0,0
TXN005712,USER00504,2415.11,Walmart,Pune,DEVICE_C,2026-04-08 17:33:00,17,49,0,6.67,0,0,0,0,0
TXN005713,USER01046,734.16,Zomato,Chennai,DEVICE_A,2026-06-07 09:45:00,9,4,1,13.22,0,0,0,0,1
TXN005714,USER00213,502.04,Apple,Hyderabad,DEVICE_E,2026-10-02 09:23:00,9,37,0,9.26,0,0,0,0,0
TXN005715,USER00310,52521.18,Apple,Bangalore,DEVICE_E,2026-08-19 01:08:00,1,30,0,1.69,1,1,0,0,1
TXN005716,USER00661,388.49,Walmart,Delhi,DEVICE_B,2026-12-04 06:03:00,6,1,1,40.37,0,0,0,1,0
TXN005717,USER01992,1013.33,Amazon,Chennai,DEVICE_E,2026-02-21 01:19:00,1,6,0,6.61,1,0,0,0,0
TXN005718,USER00753,138.32,Zomato,Delhi,DEVICE_E,2026-09-07 14:37:00,14,15,0,18.8,0,0,0,0,0
TXN005719,USER00272,3390.97,Amazon,Bangalore,DEVICE_A,2026-09-07 11:00:00,11,9,0,16.87,0,0,0,0,0
TXN005720,USER01595,850.48,Swiggy,Mumbai,DEVICE_B,2026-02-22 18:33:00,18,28,0,4.44,0,0,0,0,0
TXN005721,USER01823,2287.53,Netflix,Mumbai,DEVICE_B,2026-04-12 15:57:00,15,29,0,0.61,0,0,0,0,0
TXN005722,USER00938,469.21,Apple,Kolkata,DEVICE_C,2026-06-19 06:36:00,6,19,0,38.89,0,0,0,0,0
TXN005723,USER01226,256.18,Apple,Ahmedabad,DEVICE_D,2026-08-18 02:07:00,2,41,1,13.77,1,0,0,0,1
TXN005724,USER00032,560.38,Zomato,Mumbai,DEVICE_C,2026-04-08 06:03:00,6,33,1,10.7,0,0,0,0,0
TXN005725,USER00443,3680.97,Uber,Chennai,DEVICE_C,2026-03-06 18:26:00,18,7,0,28.79,0,0,0,0,0
TXN005726,USER00162,1843.59,Amazon,Mumbai,DEVICE_C,2026-11-12 03:04:00,3,33,0,0.67,1,0,0,0,0
TXN005727,USER00767,256.0,Paytm,Chennai,DEVICE_B,2026-07-30 11:12:00,11,33,1,28.98,0,0,0,0,1
TXN005728,USER00254,124.26,Zomato,Chennai,DEVICE_A,2026-02-17 15:48:00,15,44,0,10.52,0,0,0,0,0
TXN005729,USER00521,821.31,Flipkart,Delhi,DEVICE_E,2026-07-25 16:25:00,16,35,0,16.04,0,0,0,0,0
TXN005730,USER00977,2931.1,Uber,Mumbai,DEVICE_B,2026-12-31 22:20:00,22,6,0,27.92,0,0,0,0,0
TXN005731,USER01675,554.09,Myntra,Hyderabad,DEVICE_E,2026-06-15 12:41:00,12,13,0,15.83,0,0,0,0,0
TXN005732,USER01504,2889.04,Amazon,Pune,DEVICE_E,2026-06-02 12:51:00,12,19,0,1.28,0,0,0,0,0
TXN005733,USER00010,1229.39,Uber,Mumbai,DEVICE_D,2026-03-11 00:06:00,0,36,0,26.08,1,0,0,0,0
TXN005734,USER00726,5310.77,Zomato,Mumbai,DEVICE_C,2026-12-03 21:52:00,21,32,0,30.87,0,0,0,0,0
TXN005735,USER00505,595.36,Paytm,Mumbai,DEVICE_D,2026-05-11 03:07:00,3,30,1,12.39,1,0,0,0,0
TXN005736,USER00785,1038.94,Flipkart,Kolkata,DEVICE_C,2026-02-11 08:13:00,8,32,0,11.56,0,0,0,0,0
TXN005737,USER01860,608.09,Netflix,Hyderabad,DEVICE_B,2026-10-29 17:18:00,17,25,0,5.81,0,0,0,0,0
TXN005738,USER01584,2661.95,Uber,Hyderabad,DEVICE_E,2026-08-20 04:49:00,4,25,0,20.67,1,0,0,0,0
TXN005739,USER00436,1866.34,Netflix,Chennai,DEVICE_D,2026-03-07 15:53:00,15,37,0,42.74,0,0,0,0,0
TXN005740,USER01135,237.79,Walmart,Hyderabad,DEVICE_B,2026-04-29 14:57:00,14,15,0,21.34,0,0,0,0,0
TXN005741,USER00153,2044.6,Apple,Chennai,DEVICE_B,2026-05-11 23:11:00,23,11,0,29.51,0,0,0,0,0
TXN005742,USER01659,287.12,Swiggy,Pune,DEVICE_C,2026-12-07 22:23:00,22,0,0,36.34,0,0,0,1,1
TXN005743,USER00917,482.94,Apple,Delhi,DEVICE_E,2026-05-19 14:39:00,14,43,0,5.13,0,0,0,0,0
TXN005744,USER00869,2145.49,Myntra,Chennai,DEVICE_C,2026-04-12 02:08:00,2,19,0,10.29,1,0,0,0,1
TXN005745,USER01126,354.6,Paytm,Mumbai,DEVICE_C,2026-04-05 03:34:00,3,49,1,11.45,1,0,0,0,1
TXN005746,USER00753,785.03,Flipkart,Bangalore,DEVICE_B,2026-02-16 08:20:00,8,1,0,16.37,0,0,0,1,0
TXN005747,USER01857,2172.09,Netflix,Ahmedabad,DEVICE_C,2026-01-13 06:36:00,6,30,0,1.01,0,0,0,0,0
TXN005748,USER01215,1593.5,Zomato,Bangalore,DEVICE_A,2026-02-13 14:24:00,14,17,0,17.75,0,0,0,0,0
TXN005749,USER01753,1511.79,Netflix,Kolkata,DEVICE_E,2026-01-24 03:21:00,3,41,0,1.85,1,0,0,0,0
TXN005750,USER00563,2236.39,Paytm,Mumbai,DEVICE_C,2026-11-02 11:36:00,11,9,0,32.86,0,0,0,0,0
TXN005751,USER01828,3555.75,Zomato,Ahmedabad,DEVICE_C,2026-06-28 00:49:00,0,5,0,65.95,1,0,0,0,0
TXN005752,USER01105,359.07,Zomato,Chennai,DEVICE_D,2026-06-30 19:51:00,19,1,0,6.84,0,0,0,1,0
TXN005753,USER00489,1480.18,Myntra,Mumbai,DEVICE_E,2026-09-11 01:01:00,1,15,0,14.13,1,0,0,0,0
TXN005754,USER00895,2612.51,Paytm,Ahmedabad,DEVICE_E,2026-03-15 05:03:00,5,4,0,34.65,1,0,0,0,0
TXN005755,USER01112,2188.71,Uber,Kolkata,DEVICE_C,2026-01-27 19:19:00,19,37,0,7.56,0,0,0,0,0
TXN005756,USER01218,950.14,Apple,Hyderabad,DEVICE_A,2026-11-19 09:36:00,9,21,0,3.43,0,0,0,0,0
TXN005757,USER00104,901.99,Walmart,Chennai,DEVICE_D,2026-03-06 22:36:00,22,21,0,26.87,0,0,0,0,0
TXN005758,USER01807,2302.84,Netflix,Pune,DEVICE_A,2026-05-18 16:57:00,16,21,0,23.97,0,0,0,0,0
TXN005759,USER01120,1329.59,Uber,Mumbai,DEVICE_C,2026-05-20 06:40:00,6,0,0,16.88,0,0,0,1,0
TXN005760,USER01447,2935.75,Walmart,Hyderabad,DEVICE_E,2026-02-22 03:03:00,3,35,0,57.8,1,0,0,0,0
TXN005761,USER01915,1210.61,Flipkart,Ahmedabad,DEVICE_E,2026-12-20 11:57:00,11,48,0,62.08,0,0,0,0,0
TXN005762,USER01222,783.52,Swiggy,Kolkata,DEVICE_A,2026-08-13 03:19:00,3,12,0,39.54,1,0,0,0,0
TXN005763,USER01025,224.28,Netflix,Hyderabad,DEVICE_B,2026-07-14 08:32:00,8,11,0,6.94,0,0,0,0,0
TXN005764,USER01007,891.23,Myntra,Chennai,DEVICE_C,2026-08-24 00:35:00,0,12,0,5.11,1,0,0,0,1
TXN005765,USER00407,362.18,Walmart,Kolkata,DEVICE_E,2026-11-16 22:52:00,22,47,1,36.13,0,0,0,0,0
TXN005766,USER01402,211.33,Zomato,Kolkata,DEVICE_B,2026-06-15 00:28:00,0,10,0,21.07,1,0,0,0,1
TXN005767,USER00167,503.21,Uber,Kolkata,DEVICE_E,2026-07-12 19:30:00,19,49,0,10.09,0,0,0,0,0
TXN005768,USER00509,2064.83,Apple,Ahmedabad,DEVICE_E,2026-03-12 15:17:00,15,17,0,10.54,0,0,0,0,0
TXN005769,USER01662,882.13,Myntra,Delhi,DEVICE_B,2026-11-16 21:23:00,21,21,0,38.39,0,0,0,0,0
TXN005770,USER00313,1287.37,Netflix,Kolkata,DEVICE_A,2026-05-09 19:12:00,19,0,1,3.56,0,0,0,1,1
TXN005771,USER01617,2010.7,Paytm,Delhi,DEVICE_C,2026-09-26 11:43:00,11,3,0,57.64,0,0,0,0,0
TXN005772,USER01442,1061.86,Uber,Hyderabad,DEVICE_B,2026-09-21 00:50:00,0,8,0,20.06,1,0,0,0,0
TXN005773,USER00763,590.39,Myntra,Pune,DEVICE_B,2026-12-02 02:39:00,2,2,0,31.34,1,0,0,0,0
TXN005774,USER00681,734.0,Swiggy,Delhi,DEVICE_E,2026-12-11 21:42:00,21,7,0,9.27,0,0,0,0,0
TXN005775,USER00477,2197.74,Netflix,Hyderabad,DEVICE_B,2026-05-29 15:56:00,15,8,0,17.68,0,0,0,0,0
TXN005776,USER00073,1071.06,Flipkart,Delhi,DEVICE_C,2026-01-19 09:15:00,9,17,0,27.73,0,0,0,0,0
TXN005777,USER01165,111.07,Apple,Hyderabad,DEVICE_A,2026-11-24 19:44:00,19,4,0,11.42,0,0,0,0,0
TXN005778,USER00582,798.05,Flipkart,Hyderabad,DEVICE_A,2026-12-29 15:52:00,15,21,1,13.39,0,0,0,0,0
TXN005779,USER00262,1769.6,Walmart,Ahmedabad,DEVICE_A,2026-12-04 06:12:00,6,36,1,17.45,0,0,0,0,0
TXN005780,USER01364,1292.83,Paytm,Pune,DEVICE_C,2026-07-11 22:34:00,22,4,0,1.31,0,0,0,0,0
TXN005781,USER01332,437.69,Walmart,Kolkata,DEVICE_E,2026-01-31 22:40:00,22,22,0,39.78,0,0,0,0,0
TXN005782,USER00245,560.33,Apple,Pune,DEVICE_C,2026-10-22 03:07:00,3,15,1,40.3,1,0,0,0,0
TXN005783,USER01539,189.85,Uber,Pune,DEVICE_B,2026-07-25 22:18:00,22,4,0,6.61,0,0,0,0,0
TXN005784,USER01361,1798.0,Walmart,Kolkata,DEVICE_D,2026-11-13 18:55:00,18,36,0,42.38,0,0,0,0,0
TXN005785,USER01599,1919.12,Paytm,Hyderabad,DEVICE_D,2026-03-19 03:07:00,3,43,1,27.35,1,0,0,0,0
TXN005786,USER00561,972.57,Amazon,Kolkata,DEVICE_D,2026-02-15 14:21:00,14,38,0,13.2,0,0,0,0,0
TXN005787,USER01100,800.08,Amazon,Hyderabad,DEVICE_A,2026-12-24 20:32:00,20,2,1,8.55,0,0,0,0,0
TXN005788,USER01904,414.34,Myntra,Kolkata,DEVICE_C,2026-04-17 18:17:00,18,25,0,10.2,0,0,0,0,0
TXN005789,USER00175,1479.02,Myntra,Ahmedabad,DEVICE_C,2026-03-23 10:16:00,10,7,0,15.29,0,0,0,0,0
TXN005790,USER00109,250.14,Netflix,Bangalore,DEVICE_A,2026-12-09 01:49:00,1,20,0,10.64,1,0,0,0,0
TXN005791,USER00183,2206.46,Myntra,Delhi,DEVICE_B,2026-08-13 14:30:00,14,17,0,10.9,0,0,0,0,0
TXN005792,USER00192,1846.89,Swiggy,Pune,DEVICE_D,2026-04-04 05:47:00,5,4,0,4.54,1,0,0,0,0
TXN005793,USER00065,3138.08,Myntra,Hyderabad,DEVICE_D,2026-08-12 21:32:00,21,5,0,24.61,0,0,0,0,0
TXN005794,USER01873,1147.47,Swiggy,Mumbai,DEVICE_A,2026-04-21 12:37:00,12,26,0,18.81,0,0,0,0,0
TXN005795,USER00963,686.78,Myntra,Kolkata,DEVICE_D,2026-10-11 08:53:00,8,21,0,96.32,0,0,0,0,0
TXN005796,USER01498,1618.03,Flipkart,Kolkata,DEVICE_E,2026-03-14 01:07:00,1,21,0,3.05,1,0,0,0,0
TXN005797,USER01807,2214.6,Zomato,Chennai,DEVICE_C,2026-09-08 18:11:00,18,37,0,2.41,0,0,0,0,0
TXN005798,USER01124,386.87,Swiggy,Mumbai,DEVICE_D,2026-07-30 00:40:00,0,37,0,14.51,1,0,0,0,0
TXN005799,USER01568,1030.39,Uber,Mumbai,DEVICE_D,2026-08-25 01:14:00,1,42,0,3.3,1,0,0,0,0
TXN005800,USER00864,1392.46,Netflix,Ahmedabad,DEVICE_E,2026-01-21 21:20:00,21,26,0,18.86,0,0,0,0,0
TXN005801,USER01152,1691.16,Apple,Pune,DEVICE_B,2026-01-12 01:30:00,1,44,0,4.37,1,0,0,0,0
TXN005802,USER01476,798.66,Swiggy,Bangalore,DEVICE_B,2026-10-27 07:04:00,7,45,0,13.19,0,0,0,0,0
TXN005803,USER01938,1935.1,Walmart,Delhi,DEVICE_E,2026-12-15 06:48:00,6,48,1,18.9,0,0,0,0,0
TXN005804,USER00369,462.12,Zomato,Bangalore,DEVICE_B,2026-08-26 05:05:00,5,32,0,12.25,1,0,0,0,0
TXN005805,USER00851,6742.85,Flipkart,Delhi,DEVICE_A,2026-03-07 17:42:00,17,41,0,7.71,0,0,0,0,0
TXN005806,USER00043,625.19,Amazon,Hyderabad,DEVICE_E,2026-08-29 03:57:00,3,30,0,30.49,1,0,0,0,0
TXN005807,USER01908,1582.87,Flipkart,Pune,DEVICE_C,2026-09-26 02:56:00,2,27,0,38.57,1,0,0,0,1
TXN005808,USER01443,666.95,Myntra,Bangalore,DEVICE_C,2026-01-25 15:56:00,15,29,0,6.52,0,0,0,0,0
TXN005809,USER00488,1197.74,Netflix,Chennai,DEVICE_C,2026-11-26 03:27:00,3,33,0,33.58,1,0,0,0,0
TXN005810,USER00078,415.17,Zomato,Delhi,DEVICE_D,2026-06-21 09:39:00,9,44,0,9.94,0,0,0,0,0
TXN005811,USER00826,2887.12,Walmart,Bangalore,DEVICE_E,2026-01-20 03:35:00,3,16,1,13.37,1,0,0,0,1
TXN005812,USER01825,525.5,Swiggy,Pune,DEVICE_E,2026-04-22 08:18:00,8,34,1,5.27,0,0,0,0,0
TXN005813,USER01294,1180.19,Flipkart,Chennai,DEVICE_B,2026-09-18 04:19:00,4,35,0,19.66,1,0,0,0,0
TXN005814,USER00674,1035.37,Zomato,Pune,DEVICE_E,2026-06-12 06:52:00,6,5,0,2.13,0,0,0,0,0
TXN005815,USER00701,583.18,Swiggy,Mumbai,DEVICE_E,2026-12-09 06:22:00,6,44,0,17.91,0,0,0,0,0
TXN005816,USER00759,110.98,Netflix,Kolkata,DEVICE_B,2026-05-14 01:26:00,1,28,0,91.55,1,0,0,0,1
TXN005817,USER01924,2845.41,Apple,Hyderabad,DEVICE_E,2026-03-21 08:11:00,8,22,0,28.01,0,0,0,0,0
TXN005818,USER00728,1248.81,Amazon,Ahmedabad,DEVICE_E,2026-06-22 09:32:00,9,13,0,45.08,0,0,0,0,0
TXN005819,USER01339,229.0,Netflix,Pune,DEVICE_A,2026-10-26 21:18:00,21,8,0,12.48,0,0,0,0,0
TXN005820,USER00925,195.99,Myntra,Hyderabad,DEVICE_B,2026-03-07 15:00:00,15,14,0,3.07,0,0,0,0,0
TXN005821,USER01875,820.7,Paytm,Pune,DEVICE_A,2026-01-08 15:25:00,15,37,1,6.81,0,0,0,0,0
TXN005822,USER00902,1018.19,Apple,Mumbai,DEVICE_D,2026-01-04 04:51:00,4,24,1,1.01,1,0,0,0,0
TXN005823,USER00889,903.73,Myntra,Pune,DEVICE_B,2026-09-30 13:08:00,13,19,0,13.94,0,0,0,0,0
TXN005824,USER00993,4022.03,Flipkart,Pune,DEVICE_E,2026-08-08 13:13:00,13,42,0,20.98,0,0,0,0,0
TXN005825,USER01969,244.05,Apple,Bangalore,DEVICE_E,2026-03-16 04:04:00,4,21,0,11.05,1,0,0,0,0
TXN005826,USER01192,1327.51,Myntra,Kolkata,DEVICE_A,2026-11-02 07:26:00,7,6,0,16.57,0,0,0,0,0
TXN005827,USER00339,1960.72,Apple,Mumbai,DEVICE_A,2026-05-25 06:18:00,6,17,1,7.73,0,0,0,0,0
TXN005828,USER00193,1923.72,Netflix,Chennai,DEVICE_D,2026-11-02 03:27:00,3,16,0,1.8,1,0,0,0,0
TXN005829,USER01477,2451.53,Zomato,Kolkata,DEVICE_D,2026-08-23 12:31:00,12,13,0,11.31,0,0,0,0,0
TXN005830,USER00283,1218.3,Amazon,Delhi,DEVICE_E,2026-01-29 13:13:00,13,25,0,15.87,0,0,0,0,0
TXN005831,USER01360,1368.56,Amazon,Bangalore,DEVICE_C,2026-08-22 07:41:00,7,39,1,81.07,0,0,0,0,1
TXN005832,USER00390,814.96,Myntra,Kolkata,DEVICE_D,2026-09-23 21:32:00,21,31,0,8.53,0,0,0,0,0
TXN005833,USER01000,281.84,Myntra,Delhi,DEVICE_E,2026-04-02 08:58:00,8,28,0,22.65,0,0,0,0,0
TXN005834,USER00525,1474.26,Apple,Mumbai,DEVICE_D,2026-03-17 11:56:00,11,39,1,34.59,0,0,0,0,1
TXN005835,USER01264,763.28,Flipkart,Pune,DEVICE_B,2026-06-27 14:38:00,14,6,0,8.17,0,0,0,0,0
TXN005836,USER01856,561.38,Myntra,Hyderabad,DEVICE_A,2026-04-07 16:35:00,16,8,0,53.17,0,0,0,0,0
TXN005837,USER01982,1533.4,Apple,Kolkata,DEVICE_E,2026-06-11 12:33:00,12,11,0,8.27,0,0,0,0,0
TXN005838,USER01507,1661.24,Uber,Kolkata,DEVICE_D,2026-05-02 03:58:00,3,2,1,70.0,1,0,0,0,1
TXN005839,USER00659,581.06,Amazon,Delhi,DEVICE_A,2026-12-09 00:28:00,0,31,0,0.04,1,0,0,0,0
TXN005840,USER00716,1373.35,Myntra,Ahmedabad,DEVICE_C,2026-02-09 12:16:00,12,32,0,20.11,0,0,0,0,0
TXN005841,USER01616,1019.32,Netflix,Delhi,DEVICE_D,2026-01-31 19:52:00,19,14,0,31.21,0,0,0,0,0
TXN005842,USER00891,1301.02,Walmart,Hyderabad,DEVICE_E,2026-09-06 21:14:00,21,8,0,6.57,0,0,0,0,0
TXN005843,USER01579,3388.73,Apple,Delhi,DEVICE_B,2026-12-15 07:38:00,7,48,0,2.49,0,0,0,0,0
TXN005844,USER01482,1633.17,Amazon,Delhi,DEVICE_A,2026-06-25 13:35:00,13,43,0,0.49,0,0,0,0,0
TXN005845,USER01113,1525.78,Myntra,Kolkata,DEVICE_A,2026-10-24 20:06:00,20,16,0,1.55,0,0,0,0,0
TXN005846,USER01684,494.38,Zomato,Hyderabad,DEVICE_B,2026-04-19 19:41:00,19,27,0,15.66,0,0,0,0,0
TXN005847,USER01119,561.2,Apple,Hyderabad,DEVICE_E,2026-12-15 19:52:00,19,44,1,36.55,0,0,0,0,0
TXN005848,USER00452,1691.55,Flipkart,Pune,DEVICE_C,2026-12-05 12:50:00,12,12,0,1.3,0,0,0,0,0
TXN005849,USER00428,262.72,Myntra,Kolkata,DEVICE_B,2026-08-05 17:20:00,17,46,0,2.4,0,0,0,0,0
TXN005850,USER01175,795.72,Apple,Pune,DEVICE_C,2026-11-30 18:12:00,18,20,0,0.1,0,0,0,0,0
TXN005851,USER01538,551.74,Myntra,Mumbai,DEVICE_E,2026-11-14 22:22:00,22,49,0,6.63,0,0,0,0,0
TXN005852,USER01400,964.89,Paytm,Ahmedabad,DEVICE_D,2026-04-25 21:50:00,21,46,0,50.83,0,0,0,0,0
TXN005853,USER01046,903.18,Walmart,Ahmedabad,DEVICE_D,2026-10-08 11:54:00,11,49,0,6.47,0,0,0,0,0
TXN005854,USER00883,1233.39,Swiggy,Mumbai,DEVICE_E,2026-01-28 17:17:00,17,4,0,11.63,0,0,0,0,0
TXN005855,USER00313,1666.75,Swiggy,Ahmedabad,DEVICE_C,2026-09-02 00:02:00,0,6,1,3.94,1,0,0,0,0
TXN005856,USER00840,2617.42,Paytm,Ahmedabad,DEVICE_B,2026-01-31 03:03:00,3,37,0,2.47,1,0,0,0,0
TXN005857,USER00519,2800.68,Apple,Kolkata,DEVICE_E,2026-07-22 13:49:00,13,36,0,4.03,0,0,0,0,0
TXN005858,USER01230,885.89,Flipkart,Delhi,DEVICE_E,2026-05-13 21:04:00,21,18,0,4.73,0,0,0,0,0
TXN005859,USER01976,644.31,Myntra,Bangalore,DEVICE_D,2026-10-22 17:35:00,17,40,0,2.79,0,0,0,0,0
TXN005860,USER00375,539.7,Apple,Mumbai,DEVICE_B,2026-02-09 01:11:00,1,31,0,31.36,1,0,0,0,0
TXN005861,USER00451,820.44,Zomato,Mumbai,DEVICE_D,2026-09-15 11:49:00,11,42,0,12.97,0,0,0,0,0
TXN005862,USER01650,450.77,Flipkart,Kolkata,DEVICE_C,2026-09-18 05:30:00,5,2,1,15.52,1,0,0,0,1
TXN005863,USER01808,1673.52,Zomato,Pune,DEVICE_C,2026-02-18 15:42:00,15,38,0,9.39,0,0,0,0,0
TXN005864,USER01015,2754.85,Paytm,Kolkata,DEVICE_A,2026-11-28 16:47:00,16,34,0,4.73,0,0,0,0,0
TXN005865,USER00595,278.06,Netflix,Bangalore,DEVICE_E,2026-03-01 20:17:00,20,26,1,1.97,0,0,0,0,0
TXN005866,USER01203,1106.03,Swiggy,Bangalore,DEVICE_B,2026-08-22 08:10:00,8,37,0,1.58,0,0,0,0,0
TXN005867,USER01234,4448.66,Swiggy,Ahmedabad,DEVICE_B,2026-06-30 19:47:00,19,47,0,4.09,0,0,0,0,0
TXN005868,USER00500,289.04,Myntra,Hyderabad,DEVICE_D,2026-12-03 13:44:00,13,7,0,37.97,0,0,0,0,0
TXN005869,USER00464,4144.39,Walmart,Ahmedabad,DEVICE_D,2026-07-15 12:35:00,12,18,1,4.88,0,0,0,0,0
TXN005870,USER01864,505.82,Paytm,Kolkata,DEVICE_B,2026-03-20 02:33:00,2,29,0,8.76,1,0,0,0,0
TXN005871,USER01148,634.94,Apple,Mumbai,DEVICE_D,2026-07-09 09:48:00,9,47,0,17.01,0,0,0,0,0
TXN005872,USER00113,1911.81,Paytm,Pune,DEVICE_A,2026-05-20 18:01:00,18,39,0,14.32,0,0,0,0,0
TXN005873,USER01036,1731.63,Apple,Ahmedabad,DEVICE_E,2026-12-05 02:25:00,2,9,0,21.92,1,0,0,0,0
TXN005874,USER01150,997.38,Paytm,Pune,DEVICE_A,2026-05-12 01:18:00,1,29,0,4.32,1,0,0,0,0
TXN005875,USER01589,551.65,Netflix,Ahmedabad,DEVICE_C,2026-06-30 21:16:00,21,8,0,14.85,0,0,0,0,0
TXN005876,USER00331,357.98,Uber,Ahmedabad,DEVICE_B,2026-03-23 01:14:00,1,47,0,29.2,1,0,0,0,1
TXN005877,USER01925,1023.54,Walmart,Chennai,DEVICE_A,2026-06-04 10:17:00,10,21,0,9.8,0,0,0,0,0
TXN005878,USER01307,905.9,Apple,Chennai,DEVICE_A,2026-08-02 03:18:00,3,30,0,71.44,1,0,0,0,0
TXN005879,USER00140,537.51,Walmart,Ahmedabad,DEVICE_D,2026-04-27 18:30:00,18,45,0,17.25,0,0,0,0,0
TXN005880,USER01425,871.33,Flipkart,Delhi,DEVICE_D,2026-01-27 09:23:00,9,9,0,22.47,0,0,0,0,0
TXN005881,USER00902,1374.44,Paytm,Mumbai,DEVICE_D,2026-09-14 02:23:00,2,35,0,12.29,1,0,0,0,0
TXN005882,USER01121,2872.34,Myntra,Ahmedabad,DEVICE_C,2026-01-14 21:23:00,21,9,0,39.02,0,0,0,0,0
TXN005883,USER00517,1307.09,Amazon,Chennai,DEVICE_A,2026-08-09 14:35:00,14,26,0,12.01,0,0,0,0,0
TXN005884,USER00569,936.31,Flipkart,Pune,DEVICE_E,2026-07-03 08:31:00,8,14,0,57.04,0,0,0,0,0
TXN005885,USER01948,522.64,Zomato,Mumbai,DEVICE_D,2026-07-10 21:40:00,21,18,1,7.35,0,0,0,0,0
TXN005886,USER00846,561.15,Swiggy,Kolkata,DEVICE_C,2026-11-08 22:47:00,22,10,0,40.17,0,0,0,0,0
TXN005887,USER01093,1332.48,Amazon,Mumbai,DEVICE_C,2026-05-07 13:16:00,13,31,0,20.4,0,0,0,0,0
TXN005888,USER00118,1399.23,Netflix,Chennai,DEVICE_D,2026-12-30 13:05:00,13,19,1,32.09,0,0,0,0,1
TXN005889,USER00888,897.83,Paytm,Pune,DEVICE_B,2026-02-16 10:23:00,10,45,0,0.77,0,0,0,0,0
TXN005890,USER01083,2476.42,Uber,Mumbai,DEVICE_A,2026-01-19 06:39:00,6,14,0,6.49,0,0,0,0,0
TXN005891,USER01057,1156.27,Netflix,Bangalore,DEVICE_D,2026-05-12 12:23:00,12,3,0,37.56,0,0,0,0,0
TXN005892,USER01342,707.86,Apple,Delhi,DEVICE_E,2026-05-27 21:19:00,21,16,0,7.66,0,0,0,0,0
TXN005893,USER00050,608.17,Amazon,Hyderabad,DEVICE_A,2026-09-24 06:44:00,6,0,0,24.94,0,0,0,1,1
TXN005894,USER01904,572.53,Swiggy,Pune,DEVICE_C,2026-04-05 10:27:00,10,18,0,97.04,0,0,0,0,0
TXN005895,USER01513,1689.22,Myntra,Chennai,DEVICE_E,2026-11-07 01:22:00,1,4,1,3.9,1,0,0,0,1
TXN005896,USER00019,626.9,Uber,Kolkata,DEVICE_A,2026-03-30 19:08:00,19,17,1,10.81,0,0,0,0,1
TXN005897,USER00726,1208.11,Walmart,Hyderabad,DEVICE_E,2026-02-28 17:25:00,17,16,0,3.61,0,0,0,0,0
TXN005898,USER00197,510.99,Paytm,Delhi,DEVICE_C,2026-12-07 09:17:00,9,41,1,3.35,0,0,0,0,0
TXN005899,USER01915,943.58,Apple,Pune,DEVICE_D,2026-04-23 17:41:00,17,40,0,20.05,0,0,0,0,0
TXN005900,USER01474,1044.1,Paytm,Ahmedabad,DEVICE_E,2026-05-04 16:57:00,16,3,0,4.25,0,0,0,0,0
TXN005901,USER00559,9207.07,Netflix,Pune,DEVICE_D,2026-10-21 21:31:00,21,18,0,13.18,0,0,0,0,0
TXN005902,USER01703,338.19,Amazon,Bangalore,DEVICE_C,2026-08-02 14:45:00,14,30,0,76.28,0,0,0,0,0
TXN005903,USER00452,2270.6,Netflix,Bangalore,DEVICE_C,2026-01-09 07:34:00,7,2,0,8.1,0,0,0,0,0
TXN005904,USER00289,549.11,Amazon,Bangalore,DEVICE_E,2026-09-13 17:38:00,17,49,0,41.37,0,0,0,0,0
TXN005905,USER01165,3695.11,Myntra,Bangalore,DEVICE_E,2026-02-02 12:18:00,12,2,0,10.1,0,0,0,0,0
TXN005906,USER01108,585.1,Swiggy,Chennai,DEVICE_C,2026-01-17 14:38:00,14,28,0,6.1,0,0,0,0,0
TXN005907,USER01718,2786.7,Walmart,Pune,DEVICE_E,2026-09-17 20:28:00,20,7,1,8.2,0,0,0,0,0
TXN005908,USER00391,1338.85,Myntra,Chennai,DEVICE_E,2026-07-16 17:19:00,17,4,0,2.73,0,0,0,0,0
TXN005909,USER01615,330.88,Flipkart,Mumbai,DEVICE_E,2026-11-18 04:49:00,4,30,0,22.73,1,0,0,0,0
TXN005910,USER00215,1311.4,Swiggy,Kolkata,DEVICE_E,2026-07-23 15:01:00,15,26,1,14.23,0,0,0,0,0
TXN005911,USER01550,1744.16,Myntra,Mumbai,DEVICE_A,2026-08-10 17:52:00,17,32,0,19.03,0,0,0,0,0
TXN005912,USER00215,1861.02,Uber,Kolkata,DEVICE_C,2026-11-06 07:17:00,7,17,0,7.22,0,0,0,0,0
TXN005913,USER01427,886.04,Paytm,Delhi,DEVICE_C,2026-06-01 01:21:00,1,23,0,21.2,1,0,0,0,0
TXN005914,USER00128,11329.51,Netflix,Ahmedabad,DEVICE_B,2026-09-19 22:35:00,22,25,1,3.6,0,1,0,0,0
TXN005915,USER01846,6320.02,Swiggy,Mumbai,DEVICE_D,2026-11-28 16:50:00,16,30,0,21.14,0,0,0,0,0
TXN005916,USER01501,1486.71,Uber,Delhi,DEVICE_B,2026-06-29 14:15:00,14,13,0,1.69,0,0,0,0,0
TXN005917,USER00760,335.45,Netflix,Ahmedabad,DEVICE_E,2026-02-27 07:17:00,7,24,0,10.23,0,0,0,0,0
TXN005918,USER00404,445.74,Flipkart,Delhi,DEVICE_E,2026-07-09 11:28:00,11,31,0,18.82,0,0,0,0,0
TXN005919,USER01053,860.86,Zomato,Delhi,DEVICE_A,2026-04-01 21:21:00,21,38,0,38.66,0,0,0,0,0
TXN005920,USER01816,1005.85,Swiggy,Bangalore,DEVICE_A,2026-06-14 07:41:00,7,40,0,33.47,0,0,0,0,0
TXN005921,USER00338,521.39,Uber,Hyderabad,DEVICE_A,2026-08-23 03:03:00,3,13,0,14.97,1,0,0,0,0
TXN005922,USER00831,672.26,Netflix,Hyderabad,DEVICE_A,2026-03-11 17:44:00,17,47,0,42.98,0,0,0,0,0
TXN005923,USER00714,183.1,Netflix,Chennai,DEVICE_A,2026-04-18 05:49:00,5,47,0,14.1,1,0,0,0,0
TXN005924,USER00361,156.78,Myntra,Delhi,DEVICE_A,2026-01-17 17:17:00,17,26,0,14.56,0,0,0,0,0
TXN005925,USER00569,1110.3,Amazon,Bangalore,DEVICE_A,2026-09-26 13:53:00,13,21,0,25.5,0,0,0,0,0
TXN005926,USER01416,4596.96,Myntra,Mumbai,DEVICE_A,2026-02-16 09:56:00,9,37,0,42.04,0,0,0,0,0
TXN005927,USER00218,271.51,Uber,Mumbai,DEVICE_A,2026-12-21 10:10:00,10,6,0,18.46,0,0,0,0,0
TXN005928,USER01598,905.03,Apple,Chennai,DEVICE_C,2026-11-30 15:22:00,15,32,0,57.72,0,0,0,0,0
TXN005929,USER01693,1078.53,Paytm,Chennai,DEVICE_A,2026-06-25 00:15:00,0,42,0,5.29,1,0,0,0,0
TXN005930,USER00202,1533.76,Swiggy,Delhi,DEVICE_D,2026-01-04 06:56:00,6,40,0,51.62,0,0,0,0,0
TXN005931,USER00017,692.75,Myntra,Ahmedabad,DEVICE_A,2026-07-22 08:32:00,8,32,0,5.01,0,0,0,0,0
TXN005932,USER00322,407.42,Netflix,Delhi,DEVICE_E,2026-02-16 03:47:00,3,23,1,14.95,1,0,0,0,0
TXN005933,USER00518,1960.98,Netflix,Ahmedabad,DEVICE_E,2026-10-19 09:01:00,9,25,0,31.8,0,0,0,0,0
TXN005934,USER01594,188.91,Zomato,Mumbai,DEVICE_A,2026-01-07 18:47:00,18,49,0,32.35,0,0,0,0,0
TXN005935,USER01349,1546.28,Swiggy,Mumbai,DEVICE_A,2026-03-01 01:01:00,1,41,0,6.52,1,0,0,0,0
TXN005936,USER01436,531.91,Zomato,Mumbai,DEVICE_E,2026-02-25 08:09:00,8,30,1,85.22,0,0,0,0,1
TXN005937,USER01342,1365.75,Paytm,Mumbai,DEVICE_D,2026-11-18 00:22:00,0,26,1,1.68,1,0,0,0,0
TXN005938,USER00681,3116.48,Flipkart,Hyderabad,DEVICE_B,2026-03-28 10:23:00,10,12,0,0.71,0,0,0,0,0
TXN005939,USER01989,591.28,Myntra,Delhi,DEVICE_C,2026-07-23 19:26:00,19,30,0,36.84,0,0,0,0,0
TXN005940,USER01106,787.32,Walmart,Delhi,DEVICE_E,2026-08-10 16:48:00,16,31,0,34.19,0,0,0,0,0
TXN005941,USER01498,751.04,Uber,Mumbai,DEVICE_A,2026-07-15 00:58:00,0,22,0,24.95,1,0,0,0,0
TXN005942,USER01492,8523.88,Uber,Bangalore,DEVICE_C,2026-10-01 00:44:00,0,36,0,38.05,1,0,0,0,0
TXN005943,USER00425,977.33,Flipkart,Mumbai,DEVICE_A,2026-11-14 11:49:00,11,39,0,2.96,0,0,0,0,0
TXN005944,USER01969,937.79,Swiggy,Kolkata,DEVICE_B,2026-03-25 15:28:00,15,44,1,2.01,0,0,0,0,0
TXN005945,USER01755,1014.51,Myntra,Pune,DEVICE_B,2026-05-17 19:31:00,19,15,0,69.74,0,0,0,0,0
TXN005946,USER01713,3705.61,Paytm,Pune,DEVICE_E,2026-10-19 02:37:00,2,38,1,19.58,1,0,0,0,1
TXN005947,USER01228,617.59,Amazon,Chennai,DEVICE_C,2026-07-23 06:04:00,6,7,0,50.48,0,0,0,0,0
TXN005948,USER01607,2239.48,Zomato,Kolkata,DEVICE_C,2026-03-07 01:17:00,1,17,0,47.38,1,0,0,0,0
TXN005949,USER01019,553.85,Flipkart,Bangalore,DEVICE_B,2026-09-06 06:21:00,6,26,0,21.18,0,0,0,0,0
TXN005950,USER00387,520.33,Amazon,Chennai,DEVICE_A,2026-01-13 16:46:00,16,8,0,19.8,0,0,0,0,0
TXN005951,USER00778,1531.1,Zomato,Pune,DEVICE_E,2026-09-15 05:23:00,5,27,0,8.92,1,0,0,0,0
TXN005952,USER00098,3270.85,Flipkart,Bangalore,DEVICE_D,2026-04-05 04:56:00,4,21,0,3.23,1,0,0,0,0
TXN005953,USER01369,776.66,Uber,Chennai,DEVICE_B,2026-09-18 13:35:00,13,10,0,23.21,0,0,0,0,0
TXN005954,USER01827,771.75,Uber,Mumbai,DEVICE_B,2026-03-14 15:55:00,15,21,0,34.06,0,0,0,0,0
TXN005955,USER00208,1942.46,Netflix,Ahmedabad,DEVICE_E,2026-04-02 02:35:00,2,48,0,15.73,1,0,0,0,0
TXN005956,USER01538,1086.17,Zomato,Mumbai,DEVICE_A,2026-07-24 16:33:00,16,13,0,1.04,0,0,0,0,0
TXN005957,USER01660,2022.32,Walmart,Bangalore,DEVICE_C,2026-10-17 15:16:00,15,22,1,3.13,0,0,0,0,0
TXN005958,USER01816,253.96,Paytm,Chennai,DEVICE_B,2026-04-08 03:10:00,3,1,0,2.15,1,0,0,1,1
TXN005959,USER00586,430.35,Apple,Hyderabad,DEVICE_E,2026-11-24 04:41:00,4,14,1,21.45,1,0,0,0,1
TXN005960,USER00166,1037.47,Swiggy,Bangalore,DEVICE_E,2026-08-07 04:57:00,4,49,0,16.64,1,0,0,0,1
TXN005961,USER00022,1646.88,Swiggy,Ahmedabad,DEVICE_E,2026-06-15 17:42:00,17,4,0,12.57,0,0,0,0,0
TXN005962,USER00154,975.67,Zomato,Bangalore,DEVICE_C,2026-01-14 06:17:00,6,28,0,15.68,0,0,0,0,0
TXN005963,USER01963,1178.34,Flipkart,Ahmedabad,DEVICE_B,2026-12-17 16:32:00,16,32,0,6.46,0,0,0,0,0
TXN005964,USER01463,1892.96,Flipkart,Kolkata,DEVICE_E,2026-01-26 03:47:00,3,47,0,32.67,1,0,0,0,1
TXN005965,USER01319,357.09,Apple,Delhi,DEVICE_C,2026-06-28 18:35:00,18,43,0,7.97,0,0,0,0,0
TXN005966,USER00219,1892.65,Paytm,Bangalore,DEVICE_A,2026-05-26 19:33:00,19,29,0,20.67,0,0,0,0,0
TXN005967,USER00669,2823.0,Myntra,Hyderabad,DEVICE_D,2026-10-31 05:55:00,5,45,0,9.91,1,0,0,0,0
TXN005968,USER01519,805.48,Paytm,Mumbai,DEVICE_B,2026-06-01 03:28:00,3,16,0,1.5,1,0,0,0,0
TXN005969,USER00230,505.21,Myntra,Chennai,DEVICE_C,2026-03-22 23:03:00,23,0,0,5.94,0,0,0,1,0
TXN005970,USER00020,2440.36,Apple,Delhi,DEVICE_D,2026-01-27 09:40:00,9,13,0,67.1,0,0,0,0,0
TXN005971,USER00553,5154.22,Myntra,Chennai,DEVICE_D,2026-06-18 12:02:00,12,46,0,4.23,0,0,0,0,0
TXN005972,USER00950,1252.64,Walmart,Mumbai,DEVICE_C,2026-08-31 13:54:00,13,43,1,2.22,0,0,0,0,0
TXN005973,USER00148,495.41,Netflix,Bangalore,DEVICE_C,2026-04-15 04:17:00,4,16,0,6.88,1,0,0,0,0
TXN005974,USER01132,1090.88,Paytm,Kolkata,DEVICE_C,2026-02-02 01:04:00,1,8,0,42.06,1,0,0,0,1
TXN005975,USER00403,517.82,Myntra,Hyderabad,DEVICE_E,2026-11-16 20:18:00,20,34,1,7.31,0,0,0,0,0
TXN005976,USER00596,2089.1,Uber,Delhi,DEVICE_A,2026-10-15 20:51:00,20,30,0,10.8,0,0,0,0,0
TXN005977,USER01507,1047.8,Walmart,Hyderabad,DEVICE_E,2026-12-13 08:02:00,8,11,0,7.42,0,0,0,0,0
TXN005978,USER00367,475.72,Paytm,Ahmedabad,DEVICE_D,2026-02-24 06:31:00,6,44,0,90.15,0,0,0,0,0
TXN005979,USER01858,1312.23,Myntra,Pune,DEVICE_D,2026-04-15 02:51:00,2,1,0,179.76,1,0,0,1,0
TXN005980,USER01438,607.99,Uber,Hyderabad,DEVICE_D,2026-01-08 15:56:00,15,14,0,13.19,0,0,0,0,0
TXN005981,USER01333,335.78,Apple,Hyderabad,DEVICE_C,2026-05-26 00:03:00,0,33,0,30.73,1,0,0,0,0
TXN005982,USER00802,2171.88,Apple,Hyderabad,DEVICE_B,2026-03-14 18:21:00,18,36,0,4.97,0,0,0,0,0
TXN005983,USER00918,1434.78,Zomato,Mumbai,DEVICE_E,2026-11-18 20:33:00,20,40,0,9.38,0,0,0,0,0
TXN005984,USER01859,718.93,Swiggy,Hyderabad,DEVICE_B,2026-10-08 10:52:00,10,29,0,22.75,0,0,0,0,0
TXN005985,USER01158,3445.64,Amazon,Kolkata,DEVICE_A,2026-05-03 16:21:00,16,13,0,6.75,0,0,0,0,0
TXN005986,USER01743,560.0,Uber,Hyderabad,DEVICE_A,2026-04-16 06:48:00,6,44,1,5.09,0,0,0,0,1
TXN005987,USER01307,741.58,Zomato,Mumbai,DEVICE_E,2026-10-25 22:57:00,22,3,0,51.08,0,0,0,0,0
TXN005988,USER01802,1536.93,Walmart,Ahmedabad,DEVICE_D,2026-03-03 11:19:00,11,7,0,5.6,0,0,0,0,0
TXN005989,USER00073,2413.03,Myntra,Chennai,DEVICE_A,2026-01-11 12:40:00,12,22,0,1.22,0,0,0,0,0
TXN005990,USER00481,1559.11,Paytm,Mumbai,DEVICE_B,2026-12-10 19:00:00,19,6,0,27.81,0,0,0,0,0
TXN005991,USER01376,660.13,Flipkart,Pune,DEVICE_B,2026-03-22 18:27:00,18,16,0,5.57,0,0,0,0,0
TXN005992,USER00560,885.7,Uber,Pune,DEVICE_C,2026-03-24 08:42:00,8,21,0,11.96,0,0,0,0,0
TXN005993,USER01350,613.53,Amazon,Kolkata,DEVICE_D,2026-04-04 17:05:00,17,37,0,2.37,0,0,0,0,0
TXN005994,USER00745,813.14,Flipkart,Ahmedabad,DEVICE_C,2026-09-16 19:09:00,19,25,0,1.42,0,0,0,0,0
TXN005995,USER01467,870.48,Netflix,Kolkata,DEVICE_E,2026-10-29 20:31:00,20,7,0,12.34,0,0,0,0,0
TXN005996,USER00100,1595.04,Amazon,Bangalore,DEVICE_A,2026-06-26 21:52:00,21,21,0,8.22,0,0,0,0,0
TXN005997,USER01083,589.33,Zomato,Mumbai,DEVICE_C,2026-08-04 16:43:00,16,39,0,14.1,0,0,0,0,0
TXN005998,USER00508,2589.79,Amazon,Chennai,DEVICE_C,2026-06-30 06:23:00,6,44,0,67.5,0,0,0,0,0
TXN005999,USER00258,1072.26,Myntra,Bangalore,DEVICE_E,2026-12-20 03:44:00,3,21,0,10.46,1,0,0,0,0
TXN006000,USER00413,508.51,Paytm,Bangalore,DEVICE_B,2026-09-19 19:14:00,19,39,0,18.46,0,0,0,0,0
TXN006001,USER01476,1555.8,Walmart,Delhi,DEVICE_B,2026-02-18 12:42:00,12,4,1,2.05,0,0,0,0,0
TXN006002,USER01089,984.25,Flipkart,Hyderabad,DEVICE_E,2026-09-03 01:39:00,1,8,0,43.42,1,0,0,0,0
TXN006003,USER00595,724.82,Amazon,Bangalore,DEVICE_B,2026-04-16 11:20:00,11,19,0,32.78,0,0,0,0,0
TXN006004,USER01178,3923.99,Myntra,Bangalore,DEVICE_E,2026-09-11 09:52:00,9,21,0,14.78,0,0,0,0,0
TXN006005,USER00266,827.67,Apple,Kolkata,DEVICE_B,2026-04-08 12:02:00,12,33,1,4.05,0,0,0,0,0
TXN006006,USER00821,728.75,Amazon,Chennai,DEVICE_E,2026-04-15 23:24:00,23,34,0,11.1,0,0,0,0,0
TXN006007,USER01103,2603.55,Amazon,Bangalore,DEVICE_B,2026-02-26 23:37:00,23,35,0,7.06,0,0,0,0,0
TXN006008,USER01339,1725.86,Swiggy,Ahmedabad,DEVICE_C,2026-09-29 03:19:00,3,18,0,104.12,1,0,0,0,0
TXN006009,USER00662,2162.42,Flipkart,Pune,DEVICE_C,2026-02-03 10:22:00,10,27,1,13.5,0,0,0,0,0
TXN006010,USER00947,660.65,Swiggy,Chennai,DEVICE_B,2026-06-08 11:23:00,11,6,0,10.97,0,0,0,0,0
TXN006011,USER00560,1336.66,Swiggy,Hyderabad,DEVICE_E,2026-10-01 19:14:00,19,40,0,3.7,0,0,0,0,0
TXN006012,USER00917,314.9,Paytm,Pune,DEVICE_C,2026-04-05 05:26:00,5,37,0,5.47,1,0,0,0,0
TXN006013,USER00891,194.73,Myntra,Kolkata,DEVICE_A,2026-04-16 08:53:00,8,2,0,24.87,0,0,0,0,0
TXN006014,USER01272,644.31,Swiggy,Ahmedabad,DEVICE_B,2026-01-19 11:12:00,11,31,0,15.31,0,0,0,0,0
TXN006015,USER01814,1144.19,Amazon,Pune,DEVICE_A,2026-10-08 12:32:00,12,45,0,8.86,0,0,0,0,0
TXN006016,USER00868,9510.79,Zomato,Delhi,DEVICE_A,2026-11-30 17:09:00,17,44,0,7.05,0,0,0,0,0
TXN006017,USER00610,3377.18,Zomato,Delhi,DEVICE_D,2026-08-09 05:38:00,5,30,0,4.48,1,0,0,0,0
TXN006018,USER00414,409.87,Apple,Hyderabad,DEVICE_A,2026-07-16 03:11:00,3,44,0,0.69,1,0,0,0,0
TXN006019,USER00025,2411.58,Zomato,Hyderabad,DEVICE_A,2026-10-06 02:00:00,2,24,1,75.58,1,0,0,0,1
TXN006020,USER00284,326.69,Apple,Pune,DEVICE_D,2026-12-08 06:20:00,6,32,1,27.98,0,0,0,0,0
TXN006021,USER01473,4357.84,Zomato,Kolkata,DEVICE_D,2026-07-04 03:55:00,3,46,0,52.59,1,0,0,0,0
TXN006022,USER00881,695.9,Netflix,Ahmedabad,DEVICE_D,2026-10-20 04:21:00,4,4,0,10.64,1,0,0,0,0
TXN006023,USER00301,653.86,Apple,Kolkata,DEVICE_E,2026-06-10 05:36:00,5,28,0,40.71,1,0,0,0,0
TXN006024,USER01092,2746.8,Uber,Ahmedabad,DEVICE_D,2026-01-29 17:42:00,17,30,0,5.92,0,0,0,0,0
TXN006025,USER01031,663.01,Flipkart,Mumbai,DEVICE_E,2026-07-16 04:21:00,4,25,0,14.26,1,0,0,0,0
TXN006026,USER00817,5289.3,Flipkart,Bangalore,DEVICE_B,2026-09-07 09:52:00,9,20,0,4.52,0,0,0,0,0
TXN006027,USER01161,656.48,Flipkart,Bangalore,DEVICE_E,2026-11-25 20:41:00,20,33,0,29.42,0,0,0,0,0
TXN006028,USER01188,2437.51,Myntra,Ahmedabad,DEVICE_B,2026-08-18 04:53:00,4,36,0,13.77,1,0,0,0,0
TXN006029,USER00083,1217.27,Paytm,Bangalore,DEVICE_D,2026-11-19 07:40:00,7,48,0,15.37,0,0,0,0,0
TXN006030,USER01921,2020.13,Walmart,Chennai,DEVICE_D,2026-12-22 23:04:00,23,0,0,39.24,0,0,0,1,0
TXN006031,USER01674,442.77,Paytm,Mumbai,DEVICE_B,2026-05-30 18:17:00,18,3,0,26.88,0,0,0,0,0
TXN006032,USER01444,210.59,Apple,Pune,DEVICE_C,2026-11-03 06:55:00,6,46,0,67.78,0,0,0,0,0
TXN006033,USER01097,471.13,Paytm,Bangalore,DEVICE_E,2026-08-07 16:09:00,16,46,0,10.4,0,0,0,0,0
TXN006034,USER01261,762.42,Zomato,Chennai,DEVICE_A,2026-02-23 21:14:00,21,21,0,12.38,0,0,0,0,0
TXN006035,USER00046,916.05,Apple,Ahmedabad,DEVICE_D,2026-01-25 17:17:00,17,15,1,19.11,0,0,0,0,0
TXN006036,USER00618,709.35,Paytm,Ahmedabad,DEVICE_E,2026-03-01 04:56:00,4,44,0,12.08,1,0,0,0,0
TXN006037,USER00928,160.31,Paytm,Chennai,DEVICE_E,2026-08-23 04:56:00,4,45,0,10.88,1,0,0,0,0
TXN006038,USER01824,617.17,Swiggy,Delhi,DEVICE_D,2026-09-25 10:49:00,10,31,0,8.33,0,0,0,0,0
TXN006039,USER00262,1136.37,Netflix,Chennai,DEVICE_B,2026-02-05 09:33:00,9,33,0,35.66,0,0,0,0,0
TXN006040,USER00176,880.93,Myntra,Hyderabad,DEVICE_D,2026-07-30 16:28:00,16,20,0,15.25,0,0,0,0,0
TXN006041,USER01190,782.96,Apple,Kolkata,DEVICE_E,2026-08-16 23:15:00,23,26,0,18.7,0,0,0,0,0
TXN006042,USER00657,724.82,Walmart,Chennai,DEVICE_C,2026-10-07 11:50:00,11,41,1,4.57,0,0,0,0,0
TXN006043,USER00842,1153.76,Flipkart,Hyderabad,DEVICE_B,2026-01-20 04:53:00,4,36,0,5.8,1,0,0,0,0
TXN006044,USER00370,427.31,Amazon,Hyderabad,DEVICE_D,2026-02-02 03:02:00,3,2,0,8.3,1,0,0,0,0
TXN006045,USER01819,879.41,Uber,Delhi,DEVICE_A,2026-06-03 23:35:00,23,42,0,12.52,0,0,0,0,0
TXN006046,USER00054,759.91,Paytm,Pune,DEVICE_D,2026-08-09 04:40:00,4,44,0,0.9,1,0,0,0,0
TXN006047,USER00690,356.39,Flipkart,Delhi,DEVICE_E,2026-07-21 12:19:00,12,33,0,43.86,0,0,0,0,0
TXN006048,USER01443,931.37,Zomato,Ahmedabad,DEVICE_E,2026-05-26 14:19:00,14,6,0,46.81,0,0,0,0,0
TXN006049,USER01780,183.55,Uber,Ahmedabad,DEVICE_A,2026-02-25 19:04:00,19,28,0,21.68,0,0,0,0,0
TXN006050,USER01531,595.24,Netflix,Chennai,DEVICE_B,2026-06-18 03:29:00,3,2,0,7.6,1,0,0,0,0
TXN006051,USER01365,1485.01,Flipkart,Delhi,DEVICE_E,2026-06-24 20:49:00,20,44,0,9.73,0,0,0,0,0
TXN006052,USER01151,1588.77,Swiggy,Delhi,DEVICE_B,2026-03-28 06:15:00,6,37,0,26.49,0,0,0,0,0
TXN006053,USER01433,1109.73,Flipkart,Pune,DEVICE_B,2026-05-06 15:19:00,15,40,1,6.75,0,0,0,0,0
TXN006054,USER01948,1342.53,Netflix,Kolkata,DEVICE_D,2026-06-22 00:26:00,0,1,0,18.78,1,0,0,1,1
TXN006055,USER00367,1915.77,Flipkart,Bangalore,DEVICE_B,2026-12-29 17:29:00,17,11,0,47.35,0,0,0,0,0
TXN006056,USER01295,1204.93,Paytm,Ahmedabad,DEVICE_E,2026-04-01 17:43:00,17,14,0,10.57,0,0,0,0,0
TXN006057,USER00644,3161.75,Flipkart,Chennai,DEVICE_E,2026-03-22 21:34:00,21,15,0,17.69,0,0,0,0,0
TXN006058,USER01629,162.49,Swiggy,Ahmedabad,DEVICE_C,2026-12-14 02:21:00,2,2,0,52.79,1,0,0,0,1
TXN006059,USER00379,2303.8,Myntra,Pune,DEVICE_B,2026-06-26 21:43:00,21,26,0,8.33,0,0,0,0,0
TXN006060,USER00073,154.91,Netflix,Chennai,DEVICE_C,2026-01-25 14:07:00,14,45,0,28.51,0,0,0,0,0
TXN006061,USER01947,623.91,Swiggy,Ahmedabad,DEVICE_D,2026-07-19 19:06:00,19,22,0,28.14,0,0,0,0,0
TXN006062,USER01946,2116.28,Apple,Chennai,DEVICE_C,2026-02-02 03:39:00,3,32,0,52.76,1,0,0,0,0
TXN006063,USER00915,1916.21,Flipkart,Delhi,DEVICE_B,2026-06-23 06:05:00,6,47,0,39.12,0,0,0,0,0
TXN006064,USER01272,458.09,Walmart,Kolkata,DEVICE_E,2026-10-18 04:24:00,4,26,0,27.63,1,0,0,0,0
TXN006065,USER00860,1050.27,Flipkart,Delhi,DEVICE_D,2026-11-30 09:49:00,9,23,0,20.24,0,0,0,0,0
TXN006066,USER01809,641.78,Netflix,Hyderabad,DEVICE_B,2026-08-29 20:28:00,20,37,1,5.52,0,0,0,0,1
TXN006067,USER00043,2351.17,Uber,Mumbai,DEVICE_D,2026-08-02 03:09:00,3,26,0,22.21,1,0,0,0,1
TXN006068,USER00377,1022.9,Swiggy,Mumbai,DEVICE_A,2026-10-22 03:43:00,3,46,0,6.47,1,0,0,0,0
TXN006069,USER01065,611.94,Walmart,Pune,DEVICE_B,2026-05-03 09:22:00,9,30,0,11.6,0,0,0,0,0
TXN006070,USER00170,1546.25,Apple,Mumbai,DEVICE_A,2026-12-14 00:56:00,0,14,0,24.74,1,0,0,0,0
TXN006071,USER01970,1846.74,Zomato,Pune,DEVICE_C,2026-01-16 18:24:00,18,34,0,22.47,0,0,0,0,0
TXN006072,USER00212,919.97,Apple,Bangalore,DEVICE_B,2026-11-19 07:50:00,7,35,0,10.26,0,0,0,0,0
TXN006073,USER01517,1974.38,Swiggy,Delhi,DEVICE_A,2026-07-28 12:11:00,12,23,0,4.03,0,0,0,0,0
TXN006074,USER01704,4471.37,Uber,Ahmedabad,DEVICE_E,2026-10-18 20:18:00,20,16,1,13.24,0,0,0,0,0
TXN006075,USER00039,168.61,Swiggy,Hyderabad,DEVICE_C,2026-06-11 23:55:00,23,44,0,6.29,0,0,0,0,0
TXN006076,USER00369,3246.85,Amazon,Hyderabad,DEVICE_B,2026-01-21 03:06:00,3,33,0,5.9,1,0,0,0,0
TXN006077,USER00757,3979.28,Walmart,Mumbai,DEVICE_B,2026-07-08 17:26:00,17,0,0,7.91,0,0,0,1,1
TXN006078,USER00151,1642.9,Uber,Kolkata,DEVICE_E,2026-03-15 00:21:00,0,19,0,24.5,1,0,0,0,0
TXN006079,USER01135,827.77,Walmart,Bangalore,DEVICE_E,2026-04-12 08:38:00,8,5,0,13.75,0,0,0,0,0
TXN006080,USER01504,269.67,Swiggy,Pune,DEVICE_A,2026-07-18 12:08:00,12,4,1,9.34,0,0,0,0,0
TXN006081,USER01460,1139.35,Myntra,Bangalore,DEVICE_A,2026-04-23 09:34:00,9,28,1,46.17,0,0,0,0,0
TXN006082,USER01071,763.34,Walmart,Mumbai,DEVICE_A,2026-12-18 01:30:00,1,5,0,24.54,1,0,0,0,0
TXN006083,USER01024,313.57,Amazon,Pune,DEVICE_D,2026-09-19 19:10:00,19,49,1,13.65,0,0,0,0,0
TXN006084,USER01599,607.28,Paytm,Pune,DEVICE_C,2026-09-04 10:24:00,10,32,0,10.94,0,0,0,0,0
TXN006085,USER00737,1057.98,Uber,Mumbai,DEVICE_B,2026-01-02 09:48:00,9,44,0,34.17,0,0,0,0,0
TXN006086,USER01390,1397.56,Amazon,Ahmedabad,DEVICE_C,2026-10-17 04:43:00,4,37,0,3.8,1,0,0,0,0
TXN006087,USER00069,436.07,Amazon,Delhi,DEVICE_E,2026-05-06 16:28:00,16,28,0,21.82,0,0,0,0,0
TXN006088,USER00299,128.76,Zomato,Kolkata,DEVICE_C,2026-06-05 08:41:00,8,43,0,0.42,0,0,0,0,0
TXN006089,USER00944,871.23,Myntra,Bangalore,DEVICE_C,2026-03-15 05:21:00,5,9,0,0.14,1,0,0,0,0
TXN006090,USER00802,480.01,Flipkart,Hyderabad,DEVICE_A,2026-12-26 01:09:00,1,31,0,53.7,1,0,0,0,0
TXN006091,USER00296,740.47,Myntra,Mumbai,DEVICE_E,2026-11-26 20:06:00,20,24,0,14.43,0,0,0,0,0
TXN006092,USER00203,173.79,Netflix,Delhi,DEVICE_C,2026-01-07 05:32:00,5,27,1,7.57,1,0,0,0,1
TXN006093,USER00061,821.65,Zomato,Hyderabad,DEVICE_B,2026-08-05 17:29:00,17,28,0,31.67,0,0,0,0,0
TXN006094,USER00946,1533.21,Swiggy,Ahmedabad,DEVICE_A,2026-10-15 23:38:00,23,34,0,83.77,0,0,0,0,0
TXN006095,USER00963,735.78,Swiggy,Bangalore,DEVICE_C,2026-04-07 18:34:00,18,46,0,0.7,0,0,0,0,0
TXN006096,USER01854,1203.5,Apple,Mumbai,DEVICE_E,2026-01-19 18:11:00,18,31,0,0.77,0,0,0,0,0
TXN006097,USER01338,841.55,Flipkart,Pune,DEVICE_B,2026-07-04 17:20:00,17,45,0,38.59,0,0,0,0,0
TXN006098,USER01185,186.04,Netflix,Ahmedabad,DEVICE_E,2026-09-27 12:11:00,12,35,0,16.27,0,0,0,0,0
TXN006099,USER00331,1179.59,Walmart,Ahmedabad,DEVICE_E,2026-06-04 20:52:00,20,6,0,42.87,0,0,0,0,0
TXN006100,USER01552,541.27,Myntra,Kolkata,DEVICE_E,2026-09-18 21:39:00,21,9,0,23.73,0,0,0,0,0
TXN006101,USER00338,332.86,Uber,Mumbai,DEVICE_D,2026-04-03 15:46:00,15,45,0,12.72,0,0,0,0,0
TXN006102,USER01630,2019.05,Amazon,Ahmedabad,DEVICE_B,2026-09-09 01:29:00,1,33,0,3.52,1,0,0,0,0
TXN006103,USER01328,1397.51,Walmart,Kolkata,DEVICE_E,2026-09-22 13:31:00,13,32,0,9.88,0,0,0,0,0
TXN006104,USER01527,632.06,Apple,Delhi,DEVICE_D,2026-06-08 02:41:00,2,25,1,30.94,1,0,0,0,1
TXN006105,USER01674,953.73,Myntra,Delhi,DEVICE_A,2026-08-03 01:15:00,1,47,0,5.33,1,0,0,0,0
TXN006106,USER01362,1266.97,Uber,Ahmedabad,DEVICE_D,2026-09-09 09:57:00,9,47,0,24.92,0,0,0,0,0
TXN006107,USER01574,237.74,Apple,Bangalore,DEVICE_A,2026-03-04 05:53:00,5,12,0,5.68,1,0,0,0,1
TXN006108,USER00639,392.9,Amazon,Kolkata,DEVICE_D,2026-08-19 22:15:00,22,29,0,12.46,0,0,0,0,0
TXN006109,USER00275,410.15,Zomato,Mumbai,DEVICE_E,2026-12-05 15:33:00,15,31,0,1.79,0,0,0,0,0
TXN006110,USER01188,1716.27,Flipkart,Delhi,DEVICE_D,2026-06-12 11:31:00,11,32,0,12.14,0,0,0,0,0
TXN006111,USER01467,4486.94,Zomato,Mumbai,DEVICE_D,2026-12-02 03:01:00,3,5,0,18.97,1,0,0,0,0
TXN006112,USER00319,1866.98,Uber,Bangalore,DEVICE_E,2026-12-29 11:48:00,11,35,0,16.57,0,0,0,0,0
TXN006113,USER00589,1219.17,Zomato,Kolkata,DEVICE_A,2026-07-21 23:15:00,23,1,0,10.43,0,0,0,1,0
TXN006114,USER00504,435.06,Uber,Mumbai,DEVICE_E,2026-03-16 11:19:00,11,6,0,9.23,0,0,0,0,0
TXN006115,USER01710,2135.72,Netflix,Hyderabad,DEVICE_B,2026-05-24 23:41:00,23,29,1,6.44,0,0,0,0,0
TXN006116,USER00387,791.37,Netflix,Mumbai,DEVICE_D,2026-08-01 22:11:00,22,45,0,29.14,0,0,0,0,0
TXN006117,USER01994,441.29,Paytm,Chennai,DEVICE_B,2026-11-30 19:45:00,19,25,0,30.52,0,0,0,0,0
TXN006118,USER00870,2101.31,Paytm,Chennai,DEVICE_E,2026-11-19 14:10:00,14,24,0,13.2,0,0,0,0,1
TXN006119,USER00833,3629.55,Zomato,Pune,DEVICE_E,2026-05-31 13:23:00,13,32,0,9.64,0,0,0,0,0
TXN006120,USER01015,2132.02,Swiggy,Bangalore,DEVICE_C,2026-08-30 08:13:00,8,41,0,20.29,0,0,0,0,0
TXN006121,USER01912,9326.66,Zomato,Bangalore,DEVICE_B,2026-08-26 11:04:00,11,5,0,16.32,0,0,0,0,0
TXN006122,USER00603,554.09,Zomato,Bangalore,DEVICE_C,2026-02-18 14:07:00,14,7,0,22.01,0,0,0,0,0
TXN006123,USER01774,719.11,Swiggy,Hyderabad,DEVICE_B,2026-10-11 15:06:00,15,8,0,7.31,0,0,0,0,0
TXN006124,USER01800,496.4,Flipkart,Kolkata,DEVICE_C,2026-07-16 01:29:00,1,10,0,31.06,1,0,0,0,1
TXN006125,USER00691,493.7,Myntra,Hyderabad,DEVICE_C,2026-02-13 11:16:00,11,23,0,7.62,0,0,0,0,0
TXN006126,USER00494,3856.39,Swiggy,Pune,DEVICE_B,2026-04-14 01:59:00,1,5,0,10.85,1,0,0,0,0
TXN006127,USER00490,404.58,Uber,Mumbai,DEVICE_E,2026-02-20 20:07:00,20,39,0,2.84,0,0,0,0,0
TXN006128,USER00721,670.04,Myntra,Ahmedabad,DEVICE_A,2026-02-27 23:19:00,23,15,1,38.67,0,0,0,0,0
TXN006129,USER01097,3410.76,Amazon,Delhi,DEVICE_E,2026-12-10 05:02:00,5,16,0,20.67,1,0,0,0,0
TXN006130,USER00509,1552.47,Flipkart,Kolkata,DEVICE_A,2026-09-02 03:45:00,3,23,1,5.37,1,0,0,0,0
TXN006131,USER00390,439.54,Amazon,Chennai,DEVICE_B,2026-12-24 07:32:00,7,6,0,38.17,0,0,0,0,0
TXN006132,USER01643,1019.78,Paytm,Chennai,DEVICE_D,2026-09-25 15:33:00,15,39,0,24.4,0,0,0,0,0
TXN006133,USER01881,237.73,Walmart,Pune,DEVICE_E,2026-06-19 19:04:00,19,39,0,11.67,0,0,0,0,0
TXN006134,USER00295,915.15,Netflix,Ahmedabad,DEVICE_C,2026-04-02 04:38:00,4,26,1,91.79,1,0,0,0,1
TXN006135,USER01393,1175.06,Amazon,Chennai,DEVICE_E,2026-12-05 01:59:00,1,9,0,8.23,1,0,0,0,0
TXN006136,USER01980,1244.98,Apple,Pune,DEVICE_B,2026-06-13 22:20:00,22,8,0,2.1,0,0,0,0,0
TXN006137,USER00796,5941.48,Zomato,Mumbai,DEVICE_D,2026-02-02 22:23:00,22,9,0,26.44,0,0,0,0,0
TXN006138,USER00865,2140.73,Uber,Mumbai,DEVICE_D,2026-01-20 15:23:00,15,48,0,28.3,0,0,0,0,0
TXN006139,USER01718,382.39,Amazon,Bangalore,DEVICE_E,2026-05-27 15:37:00,15,29,0,1.22,0,0,0,0,0
TXN006140,USER00549,1209.36,Amazon,Delhi,DEVICE_E,2026-05-17 12:03:00,12,8,0,34.23,0,0,0,0,0
TXN006141,USER00649,1033.98,Walmart,Bangalore,DEVICE_E,2026-12-16 12:41:00,12,45,0,29.92,0,0,0,0,0
TXN006142,USER01874,5878.43,Paytm,Mumbai,DEVICE_B,2026-09-05 04:04:00,4,25,0,53.07,1,0,0,0,1
TXN006143,USER00568,737.14,Zomato,Hyderabad,DEVICE_A,2026-06-18 05:05:00,5,33,1,2.52,1,0,0,0,1
TXN006144,USER01211,1233.12,Zomato,Bangalore,DEVICE_A,2026-10-19 21:37:00,21,34,0,18.37,0,0,0,0,1
TXN006145,USER00853,1394.62,Walmart,Kolkata,DEVICE_C,2026-02-06 00:26:00,0,26,0,4.95,1,0,0,0,0
TXN006146,USER00770,418.72,Swiggy,Mumbai,DEVICE_B,2026-05-10 20:19:00,20,19,1,10.2,0,0,0,0,0
TXN006147,USER00445,278.12,Walmart,Mumbai,DEVICE_D,2026-04-26 14:39:00,14,23,0,6.16,0,0,0,0,0
TXN006148,USER01594,894.45,Apple,Ahmedabad,DEVICE_C,2026-04-18 01:00:00,1,26,0,11.93,1,0,0,0,0
TXN006149,USER00363,1998.45,Myntra,Ahmedabad,DEVICE_D,2026-11-14 23:02:00,23,40,0,2.4,0,0,0,0,0
TXN006150,USER00123,336.41,Apple,Hyderabad,DEVICE_D,2026-11-02 02:46:00,2,18,0,7.23,1,0,0,0,0
TXN006151,USER01212,1002.45,Walmart,Hyderabad,DEVICE_E,2026-07-03 09:02:00,9,17,0,1.47,0,0,0,0,0
TXN006152,USER00742,600.39,Netflix,Hyderabad,DEVICE_D,2026-07-25 10:55:00,10,49,0,13.54,0,0,0,0,0
TXN006153,USER00680,192.01,Swiggy,Ahmedabad,DEVICE_D,2026-12-30 02:44:00,2,42,0,7.04,1,0,0,0,0
TXN006154,USER00420,1352.66,Netflix,Delhi,DEVICE_B,2026-12-02 17:24:00,17,40,0,17.85,0,0,0,0,0
TXN006155,USER01650,1584.92,Apple,Kolkata,DEVICE_E,2026-08-29 17:01:00,17,11,0,12.19,0,0,0,0,0
TXN006156,USER01276,2004.98,Zomato,Mumbai,DEVICE_E,2026-12-03 11:51:00,11,39,0,5.59,0,0,0,0,0
TXN006157,USER01643,2219.21,Apple,Hyderabad,DEVICE_C,2026-04-25 11:08:00,11,17,0,2.17,0,0,0,0,0
TXN006158,USER01573,1002.99,Flipkart,Delhi,DEVICE_E,2026-10-22 04:03:00,4,7,0,27.99,1,0,0,0,0
TXN006159,USER01359,1572.48,Paytm,Chennai,DEVICE_A,2026-06-14 19:12:00,19,35,0,20.06,0,0,0,0,0
TXN006160,USER00092,1298.67,Uber,Kolkata,DEVICE_B,2026-04-21 01:10:00,1,37,0,0.67,1,0,0,0,0
TXN006161,USER01554,108.22,Flipkart,Pune,DEVICE_C,2026-04-27 17:59:00,17,15,0,90.87,0,0,0,0,0
TXN006162,USER01890,284.34,Walmart,Pune,DEVICE_A,2026-10-11 05:11:00,5,12,0,20.57,1,0,0,0,0
TXN006163,USER00063,563.18,Amazon,Ahmedabad,DEVICE_D,2026-12-30 05:22:00,5,25,0,4.64,1,0,0,0,0
TXN006164,USER01686,1149.57,Netflix,Chennai,DEVICE_A,2026-11-11 06:26:00,6,47,0,36.71,0,0,0,0,0
TXN006165,USER00512,1395.45,Myntra,Chennai,DEVICE_C,2026-02-22 02:51:00,2,25,0,42.76,1,0,0,0,0
TXN006166,USER01163,1972.22,Flipkart,Mumbai,DEVICE_E,2026-07-19 11:15:00,11,20,0,17.05,0,0,0,0,0
TXN006167,USER01722,2012.64,Swiggy,Delhi,DEVICE_B,2026-05-25 14:35:00,14,49,0,43.36,0,0,0,0,0
TXN006168,USER01209,1296.49,Netflix,Delhi,DEVICE_C,2026-04-11 23:17:00,23,20,0,0.59,0,0,0,0,0
TXN006169,USER01229,1707.84,Flipkart,Chennai,DEVICE_A,2026-04-26 23:08:00,23,7,0,58.07,0,0,0,0,0
TXN006170,USER00772,4357.82,Zomato,Kolkata,DEVICE_A,2026-06-24 01:27:00,1,32,0,1.18,1,0,0,0,0
TXN006171,USER01238,1587.29,Uber,Bangalore,DEVICE_C,2026-04-18 11:06:00,11,5,1,20.57,0,0,0,0,1
TXN006172,USER00256,1064.01,Apple,Chennai,DEVICE_C,2026-02-05 12:42:00,12,49,0,8.49,0,0,0,0,0
TXN006173,USER00135,1656.32,Apple,Mumbai,DEVICE_C,2026-03-04 02:37:00,2,1,0,0.8,1,0,0,1,0
TXN006174,USER01597,2284.93,Flipkart,Chennai,DEVICE_E,2026-01-16 20:56:00,20,7,1,52.98,0,0,0,0,1
TXN006175,USER00875,4422.76,Walmart,Kolkata,DEVICE_C,2026-12-06 02:14:00,2,5,0,2.91,1,0,0,0,0
TXN006176,USER00822,409.38,Swiggy,Kolkata,DEVICE_D,2026-07-17 05:08:00,5,5,0,38.45,1,0,0,0,0
TXN006177,USER00088,250.76,Walmart,Chennai,DEVICE_B,2026-07-17 00:12:00,0,21,0,8.02,1,0,0,0,0
TXN006178,USER01860,1321.59,Netflix,Delhi,DEVICE_B,2026-05-16 09:29:00,9,24,0,27.03,0,0,0,0,0
TXN006179,USER00988,298.64,Paytm,Chennai,DEVICE_D,2026-02-15 03:31:00,3,45,0,5.87,1,0,0,0,0
TXN006180,USER01231,876.32,Uber,Hyderabad,DEVICE_A,2026-08-14 19:49:00,19,30,0,17.51,0,0,0,0,0
TXN006181,USER01153,5596.32,Uber,Hyderabad,DEVICE_A,2026-02-18 22:43:00,22,34,0,32.14,0,0,0,0,0
TXN006182,USER00823,1100.05,Apple,Bangalore,DEVICE_A,2026-01-19 01:21:00,1,49,0,16.7,1,0,0,0,0
TXN006183,USER01027,1110.96,Uber,Mumbai,DEVICE_A,2026-06-26 16:19:00,16,4,0,7.32,0,0,0,0,0
TXN006184,USER00974,764.72,Walmart,Ahmedabad,DEVICE_E,2026-08-27 18:47:00,18,21,0,5.32,0,0,0,0,0
TXN006185,USER00934,4249.44,Swiggy,Mumbai,DEVICE_D,2026-01-21 23:45:00,23,47,0,3.84,0,0,0,0,0
TXN006186,USER01778,1605.15,Swiggy,Pune,DEVICE_B,2026-11-09 22:06:00,22,24,0,36.5,0,0,0,0,0
TXN006187,USER00121,719.67,Apple,Delhi,DEVICE_D,2026-09-29 03:18:00,3,17,0,18.88,1,0,0,0,1
TXN006188,USER01409,4154.55,Flipkart,Ahmedabad,DEVICE_B,2026-12-22 08:51:00,8,8,0,14.21,0,0,0,0,0
TXN006189,USER01638,1295.51,Swiggy,Mumbai,DEVICE_A,2026-02-05 00:45:00,0,24,0,5.74,1,0,0,0,1
TXN006190,USER01062,754.85,Walmart,Bangalore,DEVICE_E,2026-11-25 20:43:00,20,28,0,11.37,0,0,0,0,0
TXN006191,USER01365,167.45,Amazon,Hyderabad,DEVICE_C,2026-08-21 08:28:00,8,32,0,19.35,0,0,0,0,0
TXN006192,USER01008,1241.0,Flipkart,Delhi,DEVICE_C,2026-12-20 15:00:00,15,42,0,1.49,0,0,0,0,0
TXN006193,USER00925,730.52,Paytm,Kolkata,DEVICE_A,2026-09-02 07:34:00,7,7,0,8.95,0,0,0,0,0
TXN006194,USER00645,826.12,Myntra,Hyderabad,DEVICE_A,2026-01-10 15:39:00,15,39,0,5.48,0,0,0,0,0
TXN006195,USER00714,785.37,Zomato,Bangalore,DEVICE_D,2026-09-08 15:46:00,15,12,0,20.8,0,0,0,0,0
TXN006196,USER00860,211.13,Uber,Delhi,DEVICE_E,2026-06-23 18:34:00,18,7,0,18.64,0,0,0,0,0
TXN006197,USER00021,11019.24,Uber,Ahmedabad,DEVICE_E,2026-07-19 15:34:00,15,47,0,7.12,0,1,0,0,0
TXN006198,USER00242,587.32,Amazon,Chennai,DEVICE_D,2026-01-01 14:48:00,14,49,0,0.85,0,0,0,0,0
TXN006199,USER00455,2001.18,Flipkart,Mumbai,DEVICE_E,2026-09-07 05:51:00,5,40,0,4.04,1,0,0,0,1
TXN006200,USER00963,900.54,Apple,Bangalore,DEVICE_E,2026-09-05 05:49:00,5,43,1,3.49,1,0,0,0,0
TXN006201,USER00621,93.35,Walmart,Delhi,DEVICE_C,2026-12-24 19:16:00,19,26,0,16.8,0,0,0,0,0
TXN006202,USER00303,959.67,Amazon,Hyderabad,DEVICE_E,2026-10-31 02:27:00,2,2,0,3.71,1,0,0,0,0
TXN006203,USER01620,1221.1,Zomato,Delhi,DEVICE_A,2026-08-14 23:50:00,23,32,0,13.17,0,0,0,0,0
TXN006204,USER01619,671.44,Swiggy,Chennai,DEVICE_C,2026-02-11 09:25:00,9,30,0,19.07,0,0,0,0,0
TXN006205,USER00803,4047.35,Apple,Bangalore,DEVICE_A,2026-09-26 20:00:00,20,27,0,42.33,0,0,0,0,0
TXN006206,USER00964,5501.54,Myntra,Delhi,DEVICE_A,2026-09-20 07:01:00,7,20,0,5.62,0,0,0,0,0
TXN006207,USER00069,1419.98,Apple,Kolkata,DEVICE_D,2026-03-25 09:13:00,9,28,0,4.11,0,0,0,0,0
TXN006208,USER01153,1605.12,Amazon,Bangalore,DEVICE_E,2026-08-03 18:09:00,18,28,0,3.81,0,0,0,0,0
TXN006209,USER00196,388.66,Paytm,Bangalore,DEVICE_E,2026-08-27 13:14:00,13,8,0,8.94,0,0,0,0,0
TXN006210,USER00140,387.36,Amazon,Hyderabad,DEVICE_E,2026-10-09 22:03:00,22,21,1,20.95,0,0,0,0,0
TXN006211,USER01468,608.5,Amazon,Ahmedabad,DEVICE_E,2026-02-27 07:51:00,7,7,0,22.29,0,0,0,0,0
TXN006212,USER00283,6635.12,Amazon,Pune,DEVICE_C,2026-05-11 09:51:00,9,44,0,4.74,0,0,0,0,0
TXN006213,USER00312,669.34,Apple,Mumbai,DEVICE_B,2026-03-20 18:23:00,18,16,0,2.81,0,0,0,0,0
TXN006214,USER00746,3588.04,Amazon,Pune,DEVICE_A,2026-02-21 13:37:00,13,22,0,11.91,0,0,0,0,0
TXN006215,USER01559,572.32,Flipkart,Ahmedabad,DEVICE_B,2026-02-24 21:58:00,21,38,0,3.04,0,0,0,0,0
TXN006216,USER01689,461.27,Apple,Kolkata,DEVICE_B,2026-03-07 13:59:00,13,29,0,33.52,0,0,0,0,0
TXN006217,USER00277,699.01,Swiggy,Chennai,DEVICE_B,2026-09-24 05:51:00,5,14,1,1.75,1,0,0,0,1
TXN006218,USER00061,683.13,Flipkart,Delhi,DEVICE_C,2026-01-24 13:15:00,13,13,0,27.89,0,0,0,0,0
TXN006219,USER01343,570.8,Zomato,Pune,DEVICE_B,2026-10-24 05:05:00,5,24,0,0.87,1,0,0,0,0
TXN006220,USER01914,4471.08,Swiggy,Mumbai,DEVICE_C,2026-11-04 23:03:00,23,15,0,32.9,0,0,0,0,0
TXN006221,USER00052,1044.44,Myntra,Ahmedabad,DEVICE_D,2026-08-04 17:23:00,17,48,0,19.73,0,0,0,0,0
TXN006222,USER01880,916.84,Uber,Hyderabad,DEVICE_D,2026-02-25 14:16:00,14,47,0,7.78,0,0,0,0,0
TXN006223,USER00153,1121.97,Apple,Mumbai,DEVICE_D,2026-03-20 17:09:00,17,17,0,10.4,0,0,0,0,0
TXN006224,USER01773,2498.44,Uber,Bangalore,DEVICE_C,2026-05-22 07:23:00,7,31,0,22.39,0,0,0,0,0
TXN006225,USER01335,1121.67,Apple,Bangalore,DEVICE_C,2026-08-31 12:06:00,12,45,0,4.11,0,0,0,0,0
TXN006226,USER01838,1443.72,Swiggy,Chennai,DEVICE_A,2026-11-19 02:31:00,2,37,0,44.2,1,0,0,0,0
TXN006227,USER00544,2740.54,Myntra,Kolkata,DEVICE_B,2026-07-25 10:17:00,10,14,0,13.19,0,0,0,0,0
TXN006228,USER00567,418.99,Walmart,Delhi,DEVICE_E,2026-11-20 07:05:00,7,36,0,28.55,0,0,0,0,0
TXN006229,USER01888,515.97,Walmart,Delhi,DEVICE_E,2026-12-21 21:28:00,21,48,0,14.13,0,0,0,0,0
TXN006230,USER01413,1209.07,Flipkart,Hyderabad,DEVICE_B,2026-12-29 14:09:00,14,32,1,12.04,0,0,0,0,0
TXN006231,USER01572,579.99,Amazon,Chennai,DEVICE_E,2026-09-03 09:36:00,9,12,0,12.68,0,0,0,0,0
TXN006232,USER00622,889.9,Amazon,Delhi,DEVICE_E,2026-06-04 17:13:00,17,6,0,9.02,0,0,0,0,0
TXN006233,USER01201,406.45,Walmart,Kolkata,DEVICE_E,2026-02-02 19:46:00,19,18,0,26.39,0,0,0,0,0
TXN006234,USER01386,504.44,Swiggy,Ahmedabad,DEVICE_C,2026-12-12 15:25:00,15,20,0,37.44,0,0,0,0,0
TXN006235,USER00314,2979.02,Myntra,Bangalore,DEVICE_C,2026-05-12 02:57:00,2,36,1,38.54,1,0,0,0,1
TXN006236,USER00807,788.23,Flipkart,Ahmedabad,DEVICE_C,2026-10-09 18:46:00,18,8,0,2.58,0,0,0,0,0
TXN006237,USER00848,725.68,Swiggy,Ahmedabad,DEVICE_B,2026-05-09 20:37:00,20,3,0,28.66,0,0,0,0,0
TXN006238,USER00097,520.95,Amazon,Chennai,DEVICE_D,2026-12-15 02:03:00,2,30,0,4.46,1,0,0,0,0
TXN006239,USER00881,494.31,Flipkart,Mumbai,DEVICE_E,2026-03-01 18:02:00,18,6,1,0.25,0,0,0,0,1
TXN006240,USER01237,431.06,Uber,Pune,DEVICE_A,2026-07-16 23:08:00,23,12,1,6.44,0,0,0,0,0
TXN006241,USER00829,343.09,Netflix,Pune,DEVICE_C,2026-03-13 22:58:00,22,39,1,6.93,0,0,0,0,0
TXN006242,USER00137,582.07,Zomato,Chennai,DEVICE_A,2026-01-02 15:30:00,15,35,0,33.19,0,0,0,0,0
TXN006243,USER01030,988.23,Flipkart,Ahmedabad,DEVICE_E,2026-02-24 06:48:00,6,7,0,27.13,0,0,0,0,0
TXN006244,USER01011,1951.93,Amazon,Chennai,DEVICE_D,2026-08-10 19:05:00,19,25,0,1.77,0,0,0,0,0
TXN006245,USER00109,1016.38,Swiggy,Kolkata,DEVICE_A,2026-07-10 12:23:00,12,26,0,7.89,0,0,0,0,0
TXN006246,USER00547,442.84,Uber,Kolkata,DEVICE_E,2026-04-01 04:22:00,4,47,0,5.79,1,0,0,0,0
TXN006247,USER01063,673.71,Zomato,Delhi,DEVICE_E,2026-01-30 13:53:00,13,25,0,18.1,0,0,0,0,0
TXN006248,USER00662,638.04,Zomato,Pune,DEVICE_C,2026-05-21 05:29:00,5,44,0,15.6,1,0,0,0,0
TXN006249,USER00425,604.84,Flipkart,Hyderabad,DEVICE_D,2026-12-25 22:15:00,22,41,0,22.72,0,0,0,0,0
TXN006250,USER00630,779.87,Zomato,Hyderabad,DEVICE_E,2026-12-21 03:22:00,3,13,1,48.32,1,0,0,0,1
TXN006251,USER00261,2442.16,Uber,Ahmedabad,DEVICE_D,2026-11-16 03:51:00,3,19,0,10.93,1,0,0,0,1
TXN006252,USER01450,2011.02,Myntra,Kolkata,DEVICE_C,2026-11-19 22:43:00,22,41,0,21.34,0,0,0,0,0
TXN006253,USER00087,4614.84,Swiggy,Delhi,DEVICE_A,2026-03-18 12:52:00,12,44,0,50.11,0,0,0,0,0
TXN006254,USER00465,490.87,Flipkart,Delhi,DEVICE_B,2026-09-06 19:09:00,19,27,0,15.6,0,0,0,0,0
TXN006255,USER00076,401.37,Zomato,Delhi,DEVICE_B,2026-05-28 20:24:00,20,7,0,7.37,0,0,0,0,0
TXN006256,USER00471,786.62,Myntra,Ahmedabad,DEVICE_B,2026-11-20 00:44:00,0,4,0,10.31,1,0,0,0,0
TXN006257,USER02000,3133.05,Swiggy,Ahmedabad,DEVICE_D,2026-07-12 11:54:00,11,12,0,28.1,0,0,0,0,0
TXN006258,USER01987,164.97,Apple,Kolkata,DEVICE_B,2026-10-17 20:41:00,20,1,1,25.46,0,0,0,1,0
TXN006259,USER00414,1215.05,Myntra,Hyderabad,DEVICE_A,2026-09-11 14:26:00,14,47,1,27.6,0,0,0,0,0
TXN006260,USER00825,808.63,Apple,Delhi,DEVICE_E,2026-11-05 19:07:00,19,13,0,27.2,0,0,0,0,0
TXN006261,USER00895,1922.11,Apple,Kolkata,DEVICE_D,2026-01-12 06:24:00,6,48,1,50.63,0,0,0,0,0
TXN006262,USER00726,1600.73,Myntra,Mumbai,DEVICE_A,2026-11-06 23:38:00,23,2,0,28.88,0,0,0,0,0
TXN006263,USER00457,1914.49,Zomato,Mumbai,DEVICE_D,2026-07-26 09:28:00,9,15,1,38.68,0,0,0,0,0
TXN006264,USER01309,1704.67,Apple,Bangalore,DEVICE_D,2026-04-16 19:25:00,19,8,1,17.05,0,0,0,0,1
TXN006265,USER01263,13656.73,Zomato,Mumbai,DEVICE_D,2026-05-10 16:20:00,16,38,0,20.67,0,1,0,0,0
TXN006266,USER01701,5463.63,Zomato,Chennai,DEVICE_C,2026-05-11 23:11:00,23,1,0,68.67,0,0,0,1,0
TXN006267,USER01623,2305.05,Swiggy,Bangalore,DEVICE_E,2026-05-26 22:24:00,22,10,0,40.85,0,0,0,0,0
TXN006268,USER00653,708.6,Paytm,Mumbai,DEVICE_B,2026-01-01 14:24:00,14,23,1,30.04,0,0,0,0,0
TXN006269,USER00672,781.98,Uber,Chennai,DEVICE_C,2026-02-15 10:43:00,10,42,0,23.14,0,0,0,0,0
TXN006270,USER01582,3084.74,Zomato,Mumbai,DEVICE_E,2026-10-28 09:26:00,9,28,0,8.88,0,0,0,0,0
TXN006271,USER01396,3194.16,Swiggy,Kolkata,DEVICE_B,2026-01-09 04:12:00,4,13,0,15.89,1,0,0,0,0
TXN006272,USER00495,509.93,Netflix,Pune,DEVICE_C,2026-01-08 16:18:00,16,47,0,1.13,0,0,0,0,0
TXN006273,USER01648,181.42,Apple,Chennai,DEVICE_C,2026-08-28 13:51:00,13,39,0,10.76,0,0,0,0,0
TXN006274,USER01943,210.87,Flipkart,Delhi,DEVICE_A,2026-01-14 10:07:00,10,21,0,2.37,0,0,0,0,0
TXN006275,USER01069,3150.74,Zomato,Kolkata,DEVICE_C,2026-12-22 20:03:00,20,46,0,26.09,0,0,0,0,0
TXN006276,USER01425,3730.57,Myntra,Pune,DEVICE_D,2026-07-02 06:50:00,6,47,0,44.57,0,0,0,0,0
TXN006277,USER01271,1113.85,Apple,Chennai,DEVICE_C,2026-01-05 17:39:00,17,33,0,3.83,0,0,0,0,0
TXN006278,USER01640,1467.72,Apple,Kolkata,DEVICE_D,2026-06-22 08:06:00,8,35,0,5.64,0,0,0,0,0
TXN006279,USER00597,5454.02,Netflix,Delhi,DEVICE_E,2026-03-16 16:56:00,16,32,0,38.9,0,0,0,0,0
TXN006280,USER00450,6718.95,Flipkart,Chennai,DEVICE_E,2026-10-01 20:06:00,20,38,0,17.63,0,0,0,0,0
TXN006281,USER00485,2021.71,Swiggy,Chennai,DEVICE_D,2026-05-10 11:26:00,11,42,0,17.75,0,0,0,0,0
TXN006282,USER00646,1075.43,Netflix,Pune,DEVICE_A,2026-04-08 16:10:00,16,17,0,16.55,0,0,0,0,0
TXN006283,USER00620,743.14,Uber,Kolkata,DEVICE_A,2026-01-03 04:40:00,4,21,0,4.92,1,0,0,0,0
TXN006284,USER01042,851.21,Apple,Mumbai,DEVICE_E,2026-04-28 02:26:00,2,24,0,5.58,1,0,0,0,1
TXN006285,USER01630,546.14,Zomato,Chennai,DEVICE_C,2026-12-19 16:10:00,16,36,0,59.77,0,0,0,0,0
TXN006286,USER00662,1971.5,Zomato,Mumbai,DEVICE_E,2026-12-07 01:34:00,1,4,0,25.71,1,0,0,0,0
TXN006287,USER00758,974.34,Netflix,Chennai,DEVICE_E,2026-05-22 06:07:00,6,31,1,1.9,0,0,0,0,0
TXN006288,USER00289,524.44,Uber,Hyderabad,DEVICE_D,2026-04-02 03:15:00,3,48,1,5.04,1,0,0,0,0
TXN006289,USER01438,3029.91,Walmart,Bangalore,DEVICE_A,2026-07-05 19:18:00,19,35,0,19.73,0,0,0,0,0
TXN006290,USER00721,1803.77,Amazon,Mumbai,DEVICE_D,2026-12-16 14:43:00,14,8,0,6.67,0,0,0,0,0
TXN006291,USER00638,1382.87,Myntra,Mumbai,DEVICE_E,2026-11-21 01:52:00,1,13,0,5.8,1,0,0,0,0
TXN006292,USER00235,948.98,Myntra,Pune,DEVICE_B,2026-12-02 10:58:00,10,31,0,4.52,0,0,0,0,0
TXN006293,USER00416,1654.79,Walmart,Delhi,DEVICE_C,2026-10-06 08:57:00,8,8,0,4.11,0,0,0,0,0
TXN006294,USER00938,801.51,Apple,Hyderabad,DEVICE_E,2026-06-07 23:37:00,23,22,0,19.0,0,0,0,0,0
TXN006295,USER00499,13255.97,Swiggy,Delhi,DEVICE_D,2026-06-23 12:21:00,12,44,0,47.26,0,1,0,0,0
TXN006296,USER00974,8555.56,Flipkart,Hyderabad,DEVICE_B,2026-08-13 01:10:00,1,47,0,8.96,1,0,0,0,0
TXN006297,USER00634,525.55,Walmart,Hyderabad,DEVICE_B,2026-03-18 07:00:00,7,44,1,2.59,0,0,0,0,0
TXN006298,USER01674,868.06,Uber,Ahmedabad,DEVICE_E,2026-02-13 12:01:00,12,8,0,2.65,0,0,0,0,0
TXN006299,USER01020,488.43,Zomato,Kolkata,DEVICE_A,2026-07-16 21:35:00,21,20,0,54.27,0,0,0,0,0
TXN006300,USER00115,202.74,Amazon,Kolkata,DEVICE_B,2026-04-28 04:58:00,4,43,1,15.05,1,0,0,0,0
TXN006301,USER00932,5095.6,Apple,Kolkata,DEVICE_C,2026-12-03 22:19:00,22,31,0,12.56,0,0,0,0,0
TXN006302,USER00674,958.35,Amazon,Chennai,DEVICE_D,2026-09-23 19:25:00,19,43,1,44.28,0,0,0,0,0
TXN006303,USER01737,409.61,Flipkart,Pune,DEVICE_D,2026-06-10 22:30:00,22,9,0,14.15,0,0,0,0,0
TXN006304,USER01258,230.52,Zomato,Delhi,DEVICE_D,2026-03-09 22:55:00,22,28,0,13.1,0,0,0,0,0
TXN006305,USER01564,1340.18,Uber,Bangalore,DEVICE_E,2026-10-17 07:46:00,7,33,0,52.25,0,0,0,0,0
TXN006306,USER01035,1513.95,Myntra,Hyderabad,DEVICE_D,2026-03-03 16:07:00,16,21,0,12.87,0,0,0,0,0
TXN006307,USER00206,1588.2,Flipkart,Hyderabad,DEVICE_D,2026-09-06 04:20:00,4,4,0,9.92,1,0,0,0,0
TXN006308,USER01703,2873.3,Walmart,Pune,DEVICE_C,2026-01-17 13:13:00,13,10,0,17.43,0,0,0,0,0
TXN006309,USER00247,2456.97,Myntra,Mumbai,DEVICE_A,2026-05-08 04:47:00,4,27,0,75.65,1,0,0,0,0
TXN006310,USER01583,344.25,Myntra,Chennai,DEVICE_E,2026-06-07 22:58:00,22,23,0,66.39,0,0,0,0,0
TXN006311,USER00758,411.71,Uber,Bangalore,DEVICE_E,2026-12-13 18:18:00,18,33,0,29.89,0,0,0,0,0
TXN006312,USER01151,2636.47,Walmart,Kolkata,DEVICE_D,2026-01-25 21:44:00,21,41,0,13.83,0,0,0,0,0
TXN006313,USER00147,628.92,Netflix,Hyderabad,DEVICE_C,2026-03-22 06:35:00,6,39,0,42.65,0,0,0,0,0
TXN006314,USER00118,293.02,Flipkart,Mumbai,DEVICE_B,2026-04-05 06:24:00,6,9,1,10.87,0,0,0,0,0
TXN006315,USER01935,318.53,Swiggy,Delhi,DEVICE_D,2026-04-30 10:08:00,10,25,0,20.44,0,0,0,0,0
TXN006316,USER01406,2548.44,Paytm,Hyderabad,DEVICE_D,2026-10-27 16:01:00,16,42,1,3.96,0,0,0,0,0
TXN006317,USER00412,2508.51,Zomato,Mumbai,DEVICE_E,2026-01-30 14:37:00,14,40,0,21.65,0,0,0,0,0
TXN006318,USER01688,1230.74,Uber,Delhi,DEVICE_E,2026-10-01 16:05:00,16,6,0,6.46,0,0,0,0,0
TXN006319,USER01608,469.43,Zomato,Chennai,DEVICE_D,2026-03-23 01:19:00,1,43,0,29.55,1,0,0,0,0
TXN006320,USER00363,1036.22,Flipkart,Kolkata,DEVICE_E,2026-08-16 06:40:00,6,6,0,10.69,0,0,0,0,0
TXN006321,USER01533,949.83,Walmart,Pune,DEVICE_C,2026-01-18 00:28:00,0,47,0,10.16,1,0,0,0,0
TXN006322,USER00137,737.75,Swiggy,Delhi,DEVICE_B,2026-03-17 01:24:00,1,47,0,27.45,1,0,0,0,0
TXN006323,USER01199,2029.44,Paytm,Hyderabad,DEVICE_B,2026-03-25 06:45:00,6,14,0,11.08,0,0,0,0,0
TXN006324,USER01313,711.94,Amazon,Ahmedabad,DEVICE_B,2026-03-16 08:30:00,8,45,0,25.04,0,0,0,0,0
TXN006325,USER00958,1783.25,Swiggy,Ahmedabad,DEVICE_D,2026-12-14 20:38:00,20,44,0,38.63,0,0,0,0,0
TXN006326,USER01505,1480.97,Uber,Bangalore,DEVICE_D,2026-10-05 10:40:00,10,2,0,2.94,0,0,0,0,0
TXN006327,USER00019,299.67,Zomato,Delhi,DEVICE_D,2026-06-15 17:33:00,17,44,0,13.04,0,0,0,0,0
TXN006328,USER00195,6594.61,Swiggy,Bangalore,DEVICE_C,2026-05-28 03:18:00,3,25,0,57.98,1,0,0,0,0
TXN006329,USER00330,1843.15,Apple,Bangalore,DEVICE_B,2026-12-19 23:40:00,23,6,0,33.45,0,0,0,0,0
TXN006330,USER01960,261.54,Walmart,Delhi,DEVICE_E,2026-06-10 14:00:00,14,1,0,72.7,0,0,0,1,0
TXN006331,USER00175,300.91,Walmart,Pune,DEVICE_E,2026-03-19 18:52:00,18,9,0,39.37,0,0,0,0,0
TXN006332,USER01002,4563.04,Apple,Pune,DEVICE_A,2026-07-17 20:20:00,20,29,0,7.43,0,0,0,0,0
TXN006333,USER00449,1289.21,Myntra,Ahmedabad,DEVICE_A,2026-12-20 03:55:00,3,46,1,3.95,1,0,0,0,0
TXN006334,USER01949,1816.55,Myntra,Chennai,DEVICE_E,2026-03-23 03:45:00,3,2,0,4.73,1,0,0,0,0
TXN006335,USER00946,1554.81,Flipkart,Pune,DEVICE_B,2026-06-17 01:04:00,1,37,0,4.89,1,0,0,0,1
TXN006336,USER01378,2917.91,Netflix,Delhi,DEVICE_D,2026-12-19 05:50:00,5,28,0,1.58,1,0,0,0,0
TXN006337,USER01523,3037.06,Amazon,Ahmedabad,DEVICE_E,2026-01-07 00:29:00,0,24,0,47.46,1,0,0,0,0
TXN006338,USER00141,497.8,Apple,Pune,DEVICE_E,2026-09-06 14:50:00,14,45,1,13.97,0,0,0,0,0
TXN006339,USER00758,1724.81,Flipkart,Mumbai,DEVICE_A,2026-01-24 11:49:00,11,3,0,2.14,0,0,0,0,0
TXN006340,USER01921,309.68,Zomato,Kolkata,DEVICE_B,2026-06-09 23:11:00,23,46,0,28.76,0,0,0,0,0
TXN006341,USER00930,411.94,Apple,Bangalore,DEVICE_E,2026-05-11 17:00:00,17,4,1,7.88,0,0,0,0,1
TXN006342,USER00093,834.61,Netflix,Kolkata,DEVICE_D,2026-02-09 20:48:00,20,5,1,1.47,0,0,0,0,1
TXN006343,USER01968,237.35,Apple,Ahmedabad,DEVICE_D,2026-11-12 10:36:00,10,18,0,4.21,0,0,0,0,0
TXN006344,USER00239,544.64,Netflix,Hyderabad,DEVICE_C,2026-01-07 06:44:00,6,17,0,21.43,0,0,0,0,0
TXN006345,USER00205,155.22,Netflix,Bangalore,DEVICE_D,2026-10-21 02:17:00,2,37,0,31.6,1,0,0,0,0
TXN006346,USER00560,1077.03,Netflix,Ahmedabad,DEVICE_E,2026-07-01 23:30:00,23,35,0,5.85,0,0,0,0,0
TXN006347,USER01457,4809.46,Walmart,Hyderabad,DEVICE_E,2026-03-16 14:57:00,14,11,0,17.21,0,0,0,0,0
TXN006348,USER00245,1128.71,Swiggy,Mumbai,DEVICE_D,2026-12-28 21:22:00,21,23,0,0.02,0,0,0,0,0
TXN006349,USER00832,1131.6,Walmart,Mumbai,DEVICE_A,2026-02-07 00:20:00,0,29,0,6.53,1,0,0,0,0
TXN006350,USER01341,793.6,Flipkart,Kolkata,DEVICE_B,2026-10-14 01:12:00,1,13,0,4.01,1,0,0,0,0
TXN006351,USER00925,2641.59,Walmart,Mumbai,DEVICE_E,2026-05-28 07:28:00,7,38,1,1.59,0,0,0,0,1
TXN006352,USER00295,1046.67,Walmart,Ahmedabad,DEVICE_D,2026-08-18 12:53:00,12,1,0,13.23,0,0,0,1,0
TXN006353,USER00640,407.73,Zomato,Ahmedabad,DEVICE_D,2026-02-09 03:02:00,3,33,1,19.94,1,0,0,0,0
TXN006354,USER00856,1277.54,Apple,Delhi,DEVICE_E,2026-06-17 08:22:00,8,19,0,0.95,0,0,0,0,0
TXN006355,USER01306,4434.69,Walmart,Bangalore,DEVICE_C,2026-12-18 22:37:00,22,35,0,2.97,0,0,0,0,0
TXN006356,USER00017,303.49,Paytm,Hyderabad,DEVICE_B,2026-10-11 09:27:00,9,22,0,53.85,0,0,0,0,0
TXN006357,USER00071,470.18,Netflix,Pune,DEVICE_E,2026-03-08 22:25:00,22,34,0,5.05,0,0,0,0,0
TXN006358,USER01293,998.26,Apple,Kolkata,DEVICE_D,2026-05-25 21:18:00,21,33,0,28.54,0,0,0,0,0
TXN006359,USER01349,799.95,Myntra,Kolkata,DEVICE_C,2026-03-16 20:15:00,20,20,0,27.55,0,0,0,0,0
TXN006360,USER01818,1600.35,Zomato,Mumbai,DEVICE_E,2026-06-29 08:57:00,8,37,0,7.76,0,0,0,0,0
TXN006361,USER00305,452.74,Swiggy,Mumbai,DEVICE_B,2026-02-14 08:03:00,8,45,0,4.57,0,0,0,0,0
TXN006362,USER01475,680.79,Zomato,Ahmedabad,DEVICE_C,2026-01-25 09:27:00,9,7,0,5.59,0,0,0,0,0
TXN006363,USER01031,1149.63,Netflix,Hyderabad,DEVICE_D,2026-03-01 14:51:00,14,42,0,16.69,0,0,0,0,0
TXN006364,USER01338,1185.65,Apple,Bangalore,DEVICE_A,2026-06-13 04:18:00,4,29,0,9.6,1,0,0,0,0
TXN006365,USER00817,11419.04,Swiggy,Bangalore,DEVICE_B,2026-01-14 09:09:00,9,46,1,13.69,0,1,0,0,0
TXN006366,USER01127,2219.33,Amazon,Ahmedabad,DEVICE_C,2026-03-07 01:45:00,1,19,1,33.39,1,0,0,0,1
TXN006367,USER00821,274.1,Uber,Kolkata,DEVICE_E,2026-06-04 23:03:00,23,19,0,13.96,0,0,0,0,0
TXN006368,USER00193,439.73,Zomato,Hyderabad,DEVICE_E,2026-03-30 01:13:00,1,22,0,106.9,1,0,0,0,0
TXN006369,USER01777,322.0,Swiggy,Kolkata,DEVICE_C,2026-02-07 00:01:00,0,19,0,21.92,1,0,0,0,0
TXN006370,USER01598,4687.13,Flipkart,Ahmedabad,DEVICE_E,2026-04-13 02:54:00,2,45,0,4.64,1,0,0,0,0
TXN006371,USER00529,418.94,Swiggy,Pune,DEVICE_C,2026-01-08 18:50:00,18,22,0,13.84,0,0,0,0,0
TXN006372,USER00171,1860.55,Uber,Chennai,DEVICE_B,2026-03-30 12:43:00,12,3,1,33.58,0,0,0,0,0
TXN006373,USER01561,1700.03,Netflix,Bangalore,DEVICE_E,2026-10-06 12:05:00,12,9,0,4.93,0,0,0,0,0
TXN006374,USER00251,293.2,Apple,Hyderabad,DEVICE_B,2026-05-09 20:27:00,20,39,0,26.14,0,0,0,0,0
TXN006375,USER01789,752.21,Amazon,Pune,DEVICE_D,2026-10-10 01:00:00,1,4,0,0.68,1,0,0,0,0
TXN006376,USER01411,864.39,Flipkart,Hyderabad,DEVICE_D,2026-09-25 00:26:00,0,31,0,57.17,1,0,0,0,0
TXN006377,USER01231,264.31,Swiggy,Kolkata,DEVICE_D,2026-09-23 08:54:00,8,17,0,21.77,0,0,0,0,0
TXN006378,USER00541,5467.07,Paytm,Mumbai,DEVICE_D,2026-03-26 15:54:00,15,24,0,3.55,0,0,0,0,0
TXN006379,USER01653,1278.35,Walmart,Ahmedabad,DEVICE_E,2026-02-10 17:36:00,17,16,0,41.48,0,0,0,0,0
TXN006380,USER00416,4600.04,Netflix,Hyderabad,DEVICE_C,2026-05-10 11:43:00,11,4,0,1.71,0,0,0,0,0
TXN006381,USER00794,8000.46,Zomato,Kolkata,DEVICE_E,2026-04-11 19:05:00,19,34,0,10.42,0,0,0,0,0
TXN006382,USER01404,1266.04,Zomato,Delhi,DEVICE_E,2026-12-27 23:04:00,23,41,0,26.71,0,0,0,0,0
TXN006383,USER01168,1534.92,Uber,Mumbai,DEVICE_B,2026-10-06 14:05:00,14,20,0,55.42,0,0,0,0,0
TXN006384,USER00025,539.69,Netflix,Mumbai,DEVICE_C,2026-03-08 19:15:00,19,35,0,8.58,0,0,0,0,0
TXN006385,USER01846,3641.78,Flipkart,Bangalore,DEVICE_A,2026-04-22 23:05:00,23,18,0,35.5,0,0,0,0,0
TXN006386,USER00668,1050.44,Myntra,Chennai,DEVICE_A,2026-07-13 09:32:00,9,22,0,4.38,0,0,0,0,0
TXN006387,USER01097,749.17,Amazon,Bangalore,DEVICE_C,2026-10-06 16:30:00,16,4,0,0.71,0,0,0,0,0
TXN006388,USER00632,549.55,Flipkart,Delhi,DEVICE_A,2026-09-30 09:00:00,9,32,0,0.58,0,0,0,0,0
TXN006389,USER01848,1171.38,Amazon,Kolkata,DEVICE_C,2026-08-12 06:31:00,6,3,0,21.47,0,0,0,0,0
TXN006390,USER01857,1918.63,Apple,Ahmedabad,DEVICE_B,2026-01-16 00:26:00,0,32,0,3.35,1,0,0,0,0
TXN006391,USER01117,1317.22,Apple,Mumbai,DEVICE_B,2026-09-05 16:14:00,16,46,0,1.03,0,0,0,0,0
TXN006392,USER00505,1662.76,Netflix,Mumbai,DEVICE_E,2026-10-18 07:26:00,7,34,0,75.23,0,0,0,0,0
TXN006393,USER01622,903.16,Netflix,Pune,DEVICE_A,2026-04-20 00:52:00,0,41,0,5.54,1,0,0,0,0
TXN006394,USER00336,1727.35,Zomato,Hyderabad,DEVICE_C,2026-12-26 12:04:00,12,25,0,12.42,0,0,0,0,0
TXN006395,USER00425,1680.27,Walmart,Ahmedabad,DEVICE_B,2026-12-08 04:47:00,4,36,0,18.99,1,0,0,0,0
TXN006396,USER00499,3272.64,Uber,Chennai,DEVICE_E,2026-10-03 10:25:00,10,21,0,3.12,0,0,0,0,0
TXN006397,USER01388,2265.69,Walmart,Chennai,DEVICE_A,2026-03-19 17:55:00,17,10,0,8.84,0,0,0,0,0
TXN006398,USER00947,1260.37,Flipkart,Hyderabad,DEVICE_A,2026-01-06 23:43:00,23,48,0,20.87,0,0,0,0,0
TXN006399,USER00630,1592.85,Zomato,Ahmedabad,DEVICE_A,2026-10-20 19:59:00,19,25,0,20.42,0,0,0,0,0
TXN006400,USER01769,389.09,Amazon,Delhi,DEVICE_B,2026-08-20 18:36:00,18,40,0,36.91,0,0,0,0,0
TXN006401,USER01223,3463.67,Myntra,Chennai,DEVICE_B,2026-04-26 19:47:00,19,12,0,11.5,0,0,0,0,0
TXN006402,USER00718,876.03,Swiggy,Mumbai,DEVICE_A,2026-12-12 14:49:00,14,13,0,44.11,0,0,0,0,0
TXN006403,USER01437,980.2,Paytm,Delhi,DEVICE_B,2026-12-15 13:30:00,13,40,0,22.93,0,0,0,0,0
TXN006404,USER00339,712.97,Apple,Bangalore,DEVICE_A,2026-02-05 00:28:00,0,48,0,16.52,1,0,0,0,1
TXN006405,USER00659,493.73,Walmart,Ahmedabad,DEVICE_D,2026-11-12 23:24:00,23,6,0,2.49,0,0,0,0,0
TXN006406,USER00962,525.43,Uber,Bangalore,DEVICE_B,2026-08-07 12:31:00,12,15,0,17.1,0,0,0,0,0
TXN006407,USER01961,415.78,Myntra,Delhi,DEVICE_C,2026-08-21 02:00:00,2,19,0,18.06,1,0,0,0,0
TXN006408,USER00429,884.04,Myntra,Mumbai,DEVICE_B,2026-11-12 06:22:00,6,44,0,28.44,0,0,0,0,0
TXN006409,USER01807,2321.62,Apple,Pune,DEVICE_A,2026-01-01 13:48:00,13,45,1,25.4,0,0,0,0,1
TXN006410,USER00899,1074.48,Paytm,Bangalore,DEVICE_C,2026-12-04 07:11:00,7,49,0,15.1,0,0,0,0,0
TXN006411,USER00139,1992.38,Netflix,Kolkata,DEVICE_E,2026-12-02 10:06:00,10,42,1,17.97,0,0,0,0,0
TXN006412,USER01717,1691.01,Myntra,Mumbai,DEVICE_C,2026-04-30 15:46:00,15,26,0,29.6,0,0,0,0,0
TXN006413,USER00942,732.44,Flipkart,Hyderabad,DEVICE_C,2026-03-05 10:43:00,10,33,0,8.66,0,0,0,0,0
TXN006414,USER00542,3342.11,Flipkart,Chennai,DEVICE_B,2026-05-02 17:22:00,17,21,0,2.9,0,0,0,0,0
TXN006415,USER00057,2695.45,Netflix,Pune,DEVICE_C,2026-03-04 10:50:00,10,37,0,41.48,0,0,0,0,0
TXN006416,USER01256,2296.42,Amazon,Pune,DEVICE_C,2026-12-02 19:44:00,19,36,0,67.06,0,0,0,0,0
TXN006417,USER00658,1594.41,Zomato,Delhi,DEVICE_A,2026-01-24 05:28:00,5,2,0,11.22,1,0,0,0,1
TXN006418,USER00435,807.72,Netflix,Chennai,DEVICE_B,2026-07-07 15:37:00,15,26,0,92.73,0,0,0,0,0
TXN006419,USER00384,806.09,Paytm,Hyderabad,DEVICE_A,2026-11-24 19:51:00,19,6,1,7.79,0,0,0,0,0
TXN006420,USER00560,1067.54,Flipkart,Bangalore,DEVICE_B,2026-09-24 04:31:00,4,34,0,1.38,1,0,0,0,0
TXN006421,USER00194,3790.04,Myntra,Pune,DEVICE_E,2026-01-07 19:54:00,19,44,0,16.99,0,0,0,0,0
TXN006422,USER01760,2998.75,Flipkart,Kolkata,DEVICE_C,2026-10-14 12:22:00,12,22,0,40.53,0,0,0,0,0
TXN006423,USER01672,299.36,Swiggy,Mumbai,DEVICE_B,2026-08-04 08:54:00,8,1,0,19.22,0,0,0,1,0
TXN006424,USER00534,1385.33,Zomato,Ahmedabad,DEVICE_C,2026-10-01 05:38:00,5,23,0,0.19,1,0,0,0,0
TXN006425,USER00518,116.93,Uber,Pune,DEVICE_C,2026-05-16 21:54:00,21,1,0,0.24,0,0,0,1,0
TXN006426,USER00716,737.15,Swiggy,Pune,DEVICE_D,2026-04-28 06:30:00,6,49,0,25.77,0,0,0,0,0
TXN006427,USER00751,596.2,Amazon,Mumbai,DEVICE_A,2026-10-07 19:53:00,19,35,0,37.33,0,0,0,0,0
TXN006428,USER00185,1808.87,Apple,Hyderabad,DEVICE_B,2026-07-19 01:56:00,1,16,0,5.83,1,0,0,0,0
TXN006429,USER01896,411.88,Swiggy,Delhi,DEVICE_E,2026-10-09 12:44:00,12,10,0,12.7,0,0,0,0,0
TXN006430,USER00292,277.13,Amazon,Pune,DEVICE_D,2026-12-27 21:48:00,21,6,0,64.93,0,0,0,0,0
TXN006431,USER01359,699.96,Amazon,Pune,DEVICE_A,2026-02-15 09:18:00,9,1,0,12.34,0,0,0,1,1
TXN006432,USER00732,1088.93,Uber,Chennai,DEVICE_E,2026-10-24 03:44:00,3,14,1,2.92,1,0,0,0,1
TXN006433,USER00116,229.29,Apple,Ahmedabad,DEVICE_E,2026-07-19 19:23:00,19,45,0,48.53,0,0,0,0,0
TXN006434,USER00825,3053.45,Walmart,Kolkata,DEVICE_C,2026-03-29 01:10:00,1,30,0,13.67,1,0,0,0,0
TXN006435,USER01073,914.89,Netflix,Bangalore,DEVICE_A,2026-01-24 21:25:00,21,45,0,8.44,0,0,0,0,0
TXN006436,USER00685,1121.88,Myntra,Delhi,DEVICE_D,2026-11-29 13:32:00,13,5,0,2.05,0,0,0,0,0
TXN006437,USER00082,2958.27,Paytm,Ahmedabad,DEVICE_B,2026-10-25 09:24:00,9,36,0,12.26,0,0,0,0,0
TXN006438,USER00834,567.04,Paytm,Kolkata,DEVICE_B,2026-12-03 11:59:00,11,45,0,29.37,0,0,0,0,0
TXN006439,USER00333,4159.55,Paytm,Kolkata,DEVICE_D,2026-01-02 09:37:00,9,28,0,25.26,0,0,0,0,0
TXN006440,USER00557,1102.12,Walmart,Hyderabad,DEVICE_C,2026-02-13 23:22:00,23,3,0,13.73,0,0,0,0,0
TXN006441,USER00335,2236.75,Netflix,Ahmedabad,DEVICE_C,2026-07-11 16:29:00,16,45,0,25.43,0,0,0,0,0
TXN006442,USER00532,1635.28,Paytm,Hyderabad,DEVICE_E,2026-09-24 13:54:00,13,36,0,8.64,0,0,0,0,0
TXN006443,USER01984,2035.1,Netflix,Mumbai,DEVICE_A,2026-07-16 22:03:00,22,11,0,26.58,0,0,0,0,0
TXN006444,USER00221,1174.29,Myntra,Bangalore,DEVICE_E,2026-02-03 20:44:00,20,26,0,1.79,0,0,0,0,0
TXN006445,USER00635,719.6,Paytm,Delhi,DEVICE_B,2026-07-30 12:02:00,12,24,0,4.44,0,0,0,0,0
TXN006446,USER01770,6278.5,Apple,Mumbai,DEVICE_D,2026-07-23 06:17:00,6,44,0,42.03,0,0,0,0,0
TXN006447,USER01757,1076.94,Amazon,Pune,DEVICE_A,2026-05-05 12:06:00,12,11,0,6.95,0,0,0,0,0
TXN006448,USER00323,408.34,Paytm,Bangalore,DEVICE_D,2026-06-12 12:01:00,12,16,0,4.61,0,0,0,0,0
TXN006449,USER01875,4113.1,Netflix,Chennai,DEVICE_A,2026-09-07 17:17:00,17,49,0,1.86,0,0,0,0,0
TXN006450,USER00003,829.07,Amazon,Chennai,DEVICE_B,2026-01-13 00:40:00,0,11,0,9.98,1,0,0,0,0
TXN006451,USER01718,232.55,Uber,Mumbai,DEVICE_B,2026-02-04 07:08:00,7,30,0,1.39,0,0,0,0,0
TXN006452,USER00206,522.27,Paytm,Delhi,DEVICE_A,2026-09-10 12:21:00,12,8,0,13.74,0,0,0,0,0
TXN006453,USER01856,188.24,Paytm,Bangalore,DEVICE_C,2026-08-06 13:07:00,13,18,1,50.32,0,0,0,0,0
TXN006454,USER00040,544.34,Swiggy,Chennai,DEVICE_A,2026-12-05 04:25:00,4,28,0,30.94,1,0,0,0,0
TXN006455,USER00059,5336.35,Amazon,Chennai,DEVICE_B,2026-03-30 14:12:00,14,24,0,0.83,0,0,0,0,0
TXN006456,USER00951,1657.49,Paytm,Delhi,DEVICE_D,2026-08-15 03:49:00,3,14,0,7.13,1,0,0,0,0
TXN006457,USER00574,1091.96,Apple,Ahmedabad,DEVICE_E,2026-05-19 11:36:00,11,8,0,4.16,0,0,0,0,0
TXN006458,USER00644,652.17,Myntra,Mumbai,DEVICE_D,2026-06-27 15:15:00,15,12,0,1.39,0,0,0,0,0
TXN006459,USER01531,968.49,Amazon,Hyderabad,DEVICE_B,2026-04-10 23:36:00,23,46,0,2.3,0,0,0,0,0
TXN006460,USER01596,2990.72,Myntra,Pune,DEVICE_D,2026-02-03 00:00:00,0,43,0,47.75,1,0,0,0,0
TXN006461,USER01908,211.68,Zomato,Kolkata,DEVICE_C,2026-04-16 22:16:00,22,41,1,7.42,0,0,0,0,0
TXN006462,USER00843,15451.87,Netflix,Pune,DEVICE_C,2026-05-25 22:51:00,22,2,0,9.96,0,1,0,0,1
TXN006463,USER01146,495.52,Uber,Bangalore,DEVICE_A,2026-07-19 23:58:00,23,9,0,13.3,0,0,0,0,0
TXN006464,USER01503,876.07,Swiggy,Chennai,DEVICE_D,2026-10-31 03:50:00,3,17,0,27.32,1,0,0,0,0
TXN006465,USER00619,949.74,Apple,Kolkata,DEVICE_D,2026-08-21 21:05:00,21,9,0,32.03,0,0,0,0,0
TXN006466,USER00096,927.56,Uber,Kolkata,DEVICE_B,2026-08-31 01:18:00,1,35,1,66.34,1,0,0,0,0
TXN006467,USER01883,599.08,Swiggy,Hyderabad,DEVICE_A,2026-07-10 05:57:00,5,27,1,4.73,1,0,0,0,1
TXN006468,USER01438,2409.87,Uber,Kolkata,DEVICE_A,2026-05-11 22:51:00,22,2,0,7.16,0,0,0,0,0
TXN006469,USER01259,3061.93,Uber,Delhi,DEVICE_D,2026-12-12 11:38:00,11,19,0,7.51,0,0,0,0,0
TXN006470,USER00898,2590.91,Flipkart,Mumbai,DEVICE_E,2026-08-05 23:26:00,23,17,0,11.79,0,0,0,0,0
TXN006471,USER01086,1188.19,Netflix,Bangalore,DEVICE_D,2026-12-25 14:12:00,14,48,0,32.94,0,0,0,0,0
TXN006472,USER01280,645.22,Walmart,Delhi,DEVICE_D,2026-11-17 16:43:00,16,36,0,5.47,0,0,0,0,0
TXN006473,USER00561,927.97,Swiggy,Mumbai,DEVICE_D,2026-12-24 16:58:00,16,19,0,30.55,0,0,0,0,0
TXN006474,USER00905,1014.53,Apple,Delhi,DEVICE_C,2026-10-05 23:42:00,23,9,0,4.56,0,0,0,0,0
TXN006475,USER00348,453.78,Amazon,Chennai,DEVICE_A,2026-06-03 14:06:00,14,33,0,24.77,0,0,0,0,0
TXN006476,USER00671,1287.35,Uber,Chennai,DEVICE_C,2026-07-08 04:12:00,4,21,0,32.09,1,0,0,0,0
TXN006477,USER01148,5539.03,Uber,Hyderabad,DEVICE_E,2026-08-28 12:57:00,12,20,0,38.45,0,0,0,0,0
TXN006478,USER01506,941.25,Swiggy,Delhi,DEVICE_B,2026-10-18 18:21:00,18,32,0,14.28,0,0,0,0,0
TXN006479,USER00317,1719.74,Zomato,Pune,DEVICE_E,2026-02-08 01:17:00,1,15,0,7.97,1,0,0,0,0
TXN006480,USER01528,607.15,Walmart,Kolkata,DEVICE_A,2026-01-04 17:20:00,17,41,0,29.6,0,0,0,0,0
TXN006481,USER00719,2433.72,Uber,Chennai,DEVICE_B,2026-05-10 11:54:00,11,34,0,7.74,0,0,0,0,0
TXN006482,USER01072,606.68,Paytm,Ahmedabad,DEVICE_E,2026-11-06 06:28:00,6,35,0,3.21,0,0,0,0,0
TXN006483,USER01433,756.05,Flipkart,Mumbai,DEVICE_A,2026-11-19 13:25:00,13,0,1,36.0,0,0,0,1,1
TXN006484,USER01956,1747.04,Myntra,Ahmedabad,DEVICE_E,2026-05-27 12:50:00,12,11,0,10.59,0,0,0,0,0
TXN006485,USER01160,449.59,Flipkart,Ahmedabad,DEVICE_B,2026-10-23 23:45:00,23,12,0,16.92,0,0,0,0,0
TXN006486,USER01225,1618.51,Walmart,Hyderabad,DEVICE_B,2026-03-25 08:10:00,8,7,0,50.13,0,0,0,0,0
TXN006487,USER00250,2824.26,Paytm,Ahmedabad,DEVICE_E,2026-05-27 23:14:00,23,30,0,2.92,0,0,0,0,0
TXN006488,USER00314,1269.82,Flipkart,Ahmedabad,DEVICE_C,2026-06-12 10:10:00,10,4,0,16.29,0,0,0,0,0
TXN006489,USER01893,2396.68,Myntra,Ahmedabad,DEVICE_E,2026-06-22 08:06:00,8,43,1,16.36,0,0,0,0,0
TXN006490,USER01392,342.93,Amazon,Kolkata,DEVICE_E,2026-12-27 18:38:00,18,35,1,39.59,0,0,0,0,0
TXN006491,USER01453,1641.52,Netflix,Bangalore,DEVICE_E,2026-07-24 07:22:00,7,46,0,8.35,0,0,0,0,0
TXN006492,USER01854,727.38,Amazon,Delhi,DEVICE_C,2026-01-09 10:28:00,10,24,1,10.26,0,0,0,0,0
TXN006493,USER00807,1551.2,Netflix,Pune,DEVICE_D,2026-10-31 11:24:00,11,44,0,14.65,0,0,0,0,0
TXN006494,USER01504,4553.17,Zomato,Ahmedabad,DEVICE_B,2026-02-01 18:11:00,18,12,0,3.66,0,0,0,0,0
TXN006495,USER01338,74.71,Zomato,Ahmedabad,DEVICE_A,2026-09-10 01:47:00,1,34,0,12.72,1,0,0,0,0
TXN006496,USER01524,627.26,Zomato,Chennai,DEVICE_B,2026-11-27 17:23:00,17,31,0,11.46,0,0,0,0,0
TXN006497,USER01745,139.52,Flipkart,Pune,DEVICE_B,2026-07-05 09:42:00,9,7,1,4.4,0,0,0,0,0
TXN006498,USER01379,362.15,Zomato,Kolkata,DEVICE_D,2026-12-09 10:51:00,10,21,0,35.8,0,0,0,0,0
TXN006499,USER00485,714.98,Netflix,Mumbai,DEVICE_B,2026-10-23 17:43:00,17,5,1,11.28,0,0,0,0,1
TXN006500,USER01235,2377.84,Amazon,Delhi,DEVICE_B,2026-11-27 01:36:00,1,48,0,7.31,1,0,0,0,0
TXN006501,USER01728,2268.87,Swiggy,Pune,DEVICE_C,2026-11-13 06:03:00,6,10,0,2.79,0,0,0,0,0
TXN006502,USER00044,2210.56,Uber,Mumbai,DEVICE_C,2026-10-26 21:07:00,21,6,0,1.88,0,0,0,0,0
TXN006503,USER01565,1815.58,Netflix,Hyderabad,DEVICE_C,2026-01-20 23:48:00,23,14,0,64.49,0,0,0,0,0
TXN006504,USER00571,328.01,Amazon,Chennai,DEVICE_C,2026-06-09 06:03:00,6,3,0,106.59,0,0,0,0,0
TXN006505,USER00583,2257.12,Amazon,Chennai,DEVICE_C,2026-04-11 16:25:00,16,39,0,45.64,0,0,0,0,0
TXN006506,USER01116,595.85,Uber,Hyderabad,DEVICE_A,2026-05-13 02:20:00,2,33,0,12.27,1,0,0,0,0
TXN006507,USER01289,1641.09,Paytm,Mumbai,DEVICE_D,2026-10-24 10:31:00,10,42,0,33.0,0,0,0,0,0
TXN006508,USER00895,479.99,Swiggy,Pune,DEVICE_E,2026-04-24 14:21:00,14,39,0,35.95,0,0,0,0,0
TXN006509,USER00220,932.23,Paytm,Delhi,DEVICE_C,2026-04-28 18:49:00,18,21,0,7.13,0,0,0,0,0
TXN006510,USER01926,1031.81,Paytm,Mumbai,DEVICE_D,2026-05-27 04:46:00,4,29,0,17.64,1,0,0,0,0
TXN006511,USER00925,1496.61,Amazon,Delhi,DEVICE_E,2026-10-31 09:30:00,9,18,0,62.85,0,0,0,0,0
TXN006512,USER01466,515.22,Myntra,Kolkata,DEVICE_B,2026-08-28 14:03:00,14,36,0,6.57,0,0,0,0,0
TXN006513,USER00401,1989.06,Apple,Ahmedabad,DEVICE_B,2026-10-31 20:52:00,20,49,0,21.75,0,0,0,0,0
TXN006514,USER01424,336.36,Netflix,Hyderabad,DEVICE_D,2026-08-14 10:12:00,10,37,0,21.73,0,0,0,0,0
TXN006515,USER00727,5066.85,Flipkart,Bangalore,DEVICE_A,2026-03-11 18:15:00,18,29,1,12.05,0,0,0,0,0
TXN006516,USER00991,557.54,Paytm,Delhi,DEVICE_A,2026-09-02 15:51:00,15,31,1,13.48,0,0,0,0,1
TXN006517,USER00899,188.33,Zomato,Chennai,DEVICE_D,2026-03-28 00:58:00,0,18,0,12.19,1,0,0,0,0
TXN006518,USER01813,1027.73,Flipkart,Ahmedabad,DEVICE_A,2026-07-01 04:39:00,4,24,0,14.72,1,0,0,0,0
TXN006519,USER01600,756.96,Walmart,Kolkata,DEVICE_A,2026-05-14 02:17:00,2,36,0,3.22,1,0,0,0,0
TXN006520,USER00858,479.99,Myntra,Chennai,DEVICE_B,2026-06-12 03:45:00,3,44,1,31.67,1,0,0,0,0
TXN006521,USER00804,3681.78,Flipkart,Kolkata,DEVICE_A,2026-07-05 20:19:00,20,22,0,21.64,0,0,0,0,0
TXN006522,USER00490,2163.32,Uber,Chennai,DEVICE_A,2026-07-30 12:36:00,12,11,0,72.86,0,0,0,0,0
TXN006523,USER01509,1662.13,Apple,Mumbai,DEVICE_D,2026-11-17 17:06:00,17,8,1,5.64,0,0,0,0,1
TXN006524,USER01781,464.12,Swiggy,Pune,DEVICE_A,2026-08-16 18:49:00,18,36,1,3.16,0,0,0,0,0
TXN006525,USER01494,680.62,Uber,Mumbai,DEVICE_C,2026-09-08 03:05:00,3,16,0,8.39,1,0,0,0,0
TXN006526,USER01598,632.74,Paytm,Mumbai,DEVICE_C,2026-10-12 03:46:00,3,49,0,14.26,1,0,0,0,0
TXN006527,USER00938,211.83,Myntra,Pune,DEVICE_D,2026-06-17 14:11:00,14,34,0,4.59,0,0,0,0,0
TXN006528,USER00844,1400.06,Myntra,Kolkata,DEVICE_C,2026-07-03 04:53:00,4,46,0,12.35,1,0,0,0,1
TXN006529,USER01706,1495.26,Paytm,Kolkata,DEVICE_B,2026-05-08 15:21:00,15,48,0,20.58,0,0,0,0,0
TXN006530,USER01469,1224.06,Apple,Pune,DEVICE_D,2026-08-10 23:00:00,23,40,0,1.16,0,0,0,0,0
TXN006531,USER01293,1345.8,Amazon,Chennai,DEVICE_A,2026-10-02 16:02:00,16,29,0,28.38,0,0,0,0,0
TXN006532,USER00267,395.63,Flipkart,Delhi,DEVICE_C,2026-12-30 19:58:00,19,3,1,56.17,0,0,0,0,0
TXN006533,USER00054,490.29,Zomato,Kolkata,DEVICE_B,2026-01-27 04:25:00,4,40,0,6.25,1,0,0,0,0
TXN006534,USER00528,824.86,Paytm,Chennai,DEVICE_D,2026-03-10 20:08:00,20,3,0,29.94,0,0,0,0,0
TXN006535,USER01544,3812.22,Zomato,Delhi,DEVICE_D,2026-05-10 07:01:00,7,23,0,10.82,0,0,0,0,0
TXN006536,USER00616,3122.22,Flipkart,Pune,DEVICE_A,2026-10-15 15:11:00,15,2,0,21.84,0,0,0,0,0
TXN006537,USER01083,1746.36,Apple,Mumbai,DEVICE_E,2026-01-17 01:50:00,1,8,1,27.17,1,0,0,0,0
TXN006538,USER01849,6723.66,Amazon,Kolkata,DEVICE_C,2026-02-09 12:00:00,12,10,0,6.99,0,0,0,0,0
TXN006539,USER01064,1735.05,Swiggy,Bangalore,DEVICE_B,2026-06-29 20:31:00,20,31,0,30.97,0,0,0,0,0
TXN006540,USER01261,1943.72,Apple,Mumbai,DEVICE_D,2026-06-06 22:42:00,22,42,0,2.22,0,0,0,0,0
TXN006541,USER00955,4153.9,Zomato,Hyderabad,DEVICE_C,2026-05-04 04:19:00,4,39,0,86.44,1,0,0,0,1
TXN006542,USER00386,2051.03,Myntra,Delhi,DEVICE_B,2026-08-07 22:43:00,22,28,0,8.22,0,0,0,0,0
TXN006543,USER01630,4835.53,Myntra,Bangalore,DEVICE_B,2026-03-27 20:44:00,20,33,0,5.07,0,0,0,0,0
TXN006544,USER00734,1125.14,Walmart,Mumbai,DEVICE_D,2026-02-19 03:09:00,3,47,0,2.99,1,0,0,0,0
TXN006545,USER00716,616.28,Netflix,Ahmedabad,DEVICE_C,2026-01-29 03:56:00,3,33,0,33.45,1,0,0,0,1
TXN006546,USER00650,1006.41,Uber,Kolkata,DEVICE_B,2026-11-18 08:19:00,8,20,0,17.63,0,0,0,0,0
TXN006547,USER00300,1358.25,Uber,Bangalore,DEVICE_D,2026-10-12 20:11:00,20,24,1,60.59,0,0,0,0,0
TXN006548,USER00395,485.76,Paytm,Chennai,DEVICE_C,2026-09-28 06:57:00,6,20,0,20.86,0,0,0,0,0
TXN006549,USER01231,577.59,Zomato,Delhi,DEVICE_C,2026-02-15 07:39:00,7,19,0,8.33,0,0,0,0,0
TXN006550,USER01360,749.49,Uber,Hyderabad,DEVICE_D,2026-10-27 01:13:00,1,23,0,36.21,1,0,0,0,0
TXN006551,USER00593,408.09,Uber,Chennai,DEVICE_C,2026-01-02 04:06:00,4,4,1,6.6,1,0,0,0,1
TXN006552,USER01754,645.94,Apple,Ahmedabad,DEVICE_E,2026-10-14 06:32:00,6,40,1,6.87,0,0,0,0,1
TXN006553,USER00514,2124.77,Swiggy,Bangalore,DEVICE_B,2026-08-29 11:25:00,11,1,0,0.57,0,0,0,1,1
TXN006554,USER01202,2240.88,Zomato,Mumbai,DEVICE_B,2026-09-28 18:24:00,18,8,0,5.81,0,0,0,0,0
TXN006555,USER00396,310.34,Walmart,Delhi,DEVICE_C,2026-02-05 06:40:00,6,42,0,6.06,0,0,0,0,0
TXN006556,USER00371,1448.28,Swiggy,Kolkata,DEVICE_D,2026-01-01 12:42:00,12,7,0,7.06,0,0,0,0,0
TXN006557,USER00858,1030.33,Walmart,Hyderabad,DEVICE_A,2026-06-07 12:30:00,12,31,0,9.2,0,0,0,0,0
TXN006558,USER00791,2824.16,Zomato,Mumbai,DEVICE_C,2026-11-22 14:13:00,14,6,0,17.19,0,0,0,0,0
TXN006559,USER00658,860.66,Amazon,Hyderabad,DEVICE_A,2026-11-02 00:24:00,0,37,0,4.88,1,0,0,0,0
TXN006560,USER01342,359.39,Amazon,Kolkata,DEVICE_C,2026-11-05 00:40:00,0,19,0,20.25,1,0,0,0,0
TXN006561,USER00736,707.72,Uber,Pune,DEVICE_A,2026-12-20 06:05:00,6,46,0,2.86,0,0,0,0,0
TXN006562,USER01393,373.31,Paytm,Delhi,DEVICE_C,2026-02-24 13:59:00,13,14,0,53.45,0,0,0,0,0
TXN006563,USER00384,144.1,Myntra,Bangalore,DEVICE_D,2026-02-01 04:54:00,4,38,0,0.53,1,0,0,0,0
TXN006564,USER00062,1045.26,Apple,Hyderabad,DEVICE_A,2026-07-03 20:50:00,20,27,0,47.76,0,0,0,0,0
TXN006565,USER01830,1749.84,Uber,Delhi,DEVICE_E,2026-02-06 21:45:00,21,30,0,15.85,0,0,0,0,0
TXN006566,USER00505,1297.69,Netflix,Hyderabad,DEVICE_D,2026-09-24 11:46:00,11,21,0,24.76,0,0,0,0,0
TXN006567,USER00239,345.0,Amazon,Mumbai,DEVICE_C,2026-04-23 10:43:00,10,39,1,7.09,0,0,0,0,1
TXN006568,USER00195,324.64,Uber,Hyderabad,DEVICE_A,2026-02-27 13:12:00,13,48,0,3.82,0,0,0,0,0
TXN006569,USER00678,1334.36,Myntra,Pune,DEVICE_B,2026-05-02 16:27:00,16,23,0,58.86,0,0,0,0,0
TXN006570,USER01987,5056.48,Walmart,Mumbai,DEVICE_D,2026-07-30 07:41:00,7,33,0,11.63,0,0,0,0,0
TXN006571,USER01246,3517.2,Walmart,Mumbai,DEVICE_A,2026-01-11 05:22:00,5,8,0,13.1,1,0,0,0,0
TXN006572,USER00061,841.95,Flipkart,Delhi,DEVICE_D,2026-10-02 22:31:00,22,1,0,84.92,0,0,0,1,0
TXN006573,USER01153,1326.63,Apple,Chennai,DEVICE_A,2026-09-11 01:37:00,1,44,0,8.19,1,0,0,0,0
TXN006574,USER00990,2494.59,Paytm,Kolkata,DEVICE_B,2026-12-17 07:01:00,7,24,0,2.11,0,0,0,0,0
TXN006575,USER00685,963.44,Walmart,Hyderabad,DEVICE_E,2026-01-26 20:35:00,20,11,0,17.68,0,0,0,0,0
TXN006576,USER00156,327.19,Flipkart,Bangalore,DEVICE_B,2026-01-25 13:22:00,13,3,0,16.18,0,0,0,0,0
TXN006577,USER01941,86.68,Amazon,Ahmedabad,DEVICE_C,2026-10-05 00:29:00,0,39,0,29.67,1,0,0,0,0
TXN006578,USER01402,1291.57,Walmart,Mumbai,DEVICE_D,2026-05-23 21:01:00,21,12,0,62.06,0,0,0,0,0
TXN006579,USER01646,917.02,Paytm,Chennai,DEVICE_E,2026-10-27 01:36:00,1,28,0,7.35,1,0,0,0,0
TXN006580,USER01805,236.2,Uber,Mumbai,DEVICE_D,2026-04-09 06:52:00,6,31,0,25.59,0,0,0,0,0
TXN006581,USER00923,303.59,Myntra,Chennai,DEVICE_A,2026-05-24 07:46:00,7,26,0,11.4,0,0,0,0,0
TXN006582,USER00868,865.82,Netflix,Chennai,DEVICE_C,2026-12-31 16:23:00,16,29,0,30.63,0,0,0,0,0
TXN006583,USER00903,670.62,Walmart,Bangalore,DEVICE_C,2026-12-24 23:21:00,23,45,1,3.59,0,0,0,0,0
TXN006584,USER01814,3979.79,Netflix,Chennai,DEVICE_D,2026-11-09 10:12:00,10,38,0,13.9,0,0,0,0,0
TXN006585,USER01610,3932.37,Netflix,Bangalore,DEVICE_C,2026-01-10 01:34:00,1,0,0,1.61,1,0,0,1,0
TXN006586,USER00999,510.35,Netflix,Delhi,DEVICE_D,2026-03-03 04:41:00,4,10,0,16.47,1,0,0,0,0
TXN006587,USER01461,4247.38,Swiggy,Mumbai,DEVICE_A,2026-08-24 23:46:00,23,22,0,3.7,0,0,0,0,0
TXN006588,USER00975,4699.87,Netflix,Bangalore,DEVICE_A,2026-02-07 07:33:00,7,48,0,64.4,0,0,0,0,0
TXN006589,USER01231,1427.45,Swiggy,Kolkata,DEVICE_D,2026-04-17 20:01:00,20,16,0,16.16,0,0,0,0,0
TXN006590,USER00388,474.46,Myntra,Pune,DEVICE_B,2026-03-26 18:45:00,18,14,0,15.07,0,0,0,0,0
TXN006591,USER01504,1220.73,Netflix,Mumbai,DEVICE_B,2026-04-13 23:38:00,23,26,0,71.75,0,0,0,0,0
TXN006592,USER01815,161.95,Flipkart,Pune,DEVICE_A,2026-03-19 13:48:00,13,9,0,13.8,0,0,0,0,0
TXN006593,USER00887,646.11,Netflix,Kolkata,DEVICE_E,2026-08-13 20:44:00,20,15,0,22.59,0,0,0,0,0
TXN006594,USER00838,1393.81,Zomato,Hyderabad,DEVICE_B,2026-04-19 05:54:00,5,36,0,0.96,1,0,0,0,1
TXN006595,USER01364,1551.47,Apple,Kolkata,DEVICE_D,2026-02-05 22:48:00,22,27,1,24.64,0,0,0,0,0
TXN006596,USER01893,734.89,Flipkart,Delhi,DEVICE_A,2026-05-18 15:33:00,15,1,0,2.2,0,0,0,1,1
TXN006597,USER00340,1168.1,Paytm,Hyderabad,DEVICE_C,2026-01-26 09:59:00,9,38,0,30.3,0,0,0,0,0
TXN006598,USER00204,438.27,Walmart,Hyderabad,DEVICE_C,2026-02-18 21:27:00,21,34,0,41.89,0,0,0,0,0
TXN006599,USER00161,3892.84,Myntra,Chennai,DEVICE_B,2026-03-03 13:46:00,13,14,0,7.58,0,0,0,0,0
TXN006600,USER01564,4036.37,Myntra,Kolkata,DEVICE_E,2026-11-08 01:59:00,1,10,0,42.1,1,0,0,0,0
TXN006601,USER00392,2078.57,Zomato,Ahmedabad,DEVICE_B,2026-10-31 12:20:00,12,32,0,13.18,0,0,0,0,0
TXN006602,USER00769,861.84,Zomato,Chennai,DEVICE_E,2026-11-10 06:01:00,6,15,0,16.95,0,0,0,0,0
TXN006603,USER01701,522.58,Zomato,Kolkata,DEVICE_B,2026-07-12 17:25:00,17,10,0,10.59,0,0,0,0,0
TXN006604,USER00575,2347.78,Zomato,Hyderabad,DEVICE_C,2026-03-21 15:07:00,15,19,0,12.95,0,0,0,0,0
TXN006605,USER00534,1294.81,Zomato,Ahmedabad,DEVICE_E,2026-01-19 05:50:00,5,18,0,47.78,1,0,0,0,0
TXN006606,USER01094,445.09,Amazon,Chennai,DEVICE_C,2026-08-03 19:57:00,19,38,1,58.86,0,0,0,0,0
TXN006607,USER00893,2842.97,Uber,Pune,DEVICE_D,2026-12-30 15:09:00,15,49,0,11.81,0,0,0,0,0
TXN006608,USER00405,733.07,Myntra,Mumbai,DEVICE_D,2026-09-04 01:16:00,1,22,0,14.45,1,0,0,0,0
TXN006609,USER00608,504.03,Zomato,Ahmedabad,DEVICE_A,2026-08-13 14:21:00,14,9,0,2.47,0,0,0,0,0
TXN006610,USER01699,2570.85,Walmart,Kolkata,DEVICE_C,2026-08-03 06:56:00,6,7,0,7.88,0,0,0,0,0
TXN006611,USER01615,539.3,Amazon,Kolkata,DEVICE_C,2026-03-30 16:37:00,16,1,0,14.4,0,0,0,1,1
TXN006612,USER01541,1228.0,Flipkart,Chennai,DEVICE_A,2026-08-15 04:39:00,4,6,0,4.53,1,0,0,0,1
TXN006613,USER00828,3480.08,Flipkart,Kolkata,DEVICE_D,2026-10-16 13:09:00,13,25,0,17.19,0,0,0,0,0
TXN006614,USER01144,3179.64,Swiggy,Hyderabad,DEVICE_D,2026-02-28 08:59:00,8,39,0,23.12,0,0,0,0,0
TXN006615,USER01838,1491.4,Uber,Chennai,DEVICE_E,2026-08-06 16:48:00,16,18,0,20.99,0,0,0,0,0
TXN006616,USER00690,381.7,Flipkart,Chennai,DEVICE_E,2026-07-17 13:50:00,13,5,0,11.69,0,0,0,0,0
TXN006617,USER01712,700.88,Zomato,Ahmedabad,DEVICE_D,2026-12-21 06:06:00,6,32,0,29.33,0,0,0,0,0
TXN006618,USER00902,9648.24,Myntra,Bangalore,DEVICE_B,2026-12-27 03:23:00,3,10,0,7.7,1,0,0,0,0
TXN006619,USER01241,2573.33,Swiggy,Pune,DEVICE_C,2026-07-06 09:42:00,9,35,1,12.67,0,0,0,0,0
TXN006620,USER00056,890.7,Apple,Pune,DEVICE_E,2026-03-22 00:28:00,0,11,1,6.3,1,0,0,0,0
TXN006621,USER00366,353.0,Amazon,Bangalore,DEVICE_B,2026-03-01 21:32:00,21,27,0,18.51,0,0,0,0,0
TXN006622,USER01723,198.35,Apple,Ahmedabad,DEVICE_E,2026-08-07 21:59:00,21,8,0,11.62,0,0,0,0,0
TXN006623,USER01528,3273.6,Apple,Hyderabad,DEVICE_A,2026-06-30 08:21:00,8,22,0,4.9,0,0,0,0,0
TXN006624,USER01768,3332.74,Zomato,Mumbai,DEVICE_C,2026-12-26 12:31:00,12,39,0,7.37,0,0,0,0,0
TXN006625,USER01791,1059.61,Apple,Kolkata,DEVICE_E,2026-10-27 09:44:00,9,5,0,6.56,0,0,0,0,0
TXN006626,USER01949,757.56,Apple,Ahmedabad,DEVICE_D,2026-06-04 04:11:00,4,49,0,48.36,1,0,0,0,0
TXN006627,USER00455,3043.68,Flipkart,Delhi,DEVICE_A,2026-04-29 08:42:00,8,18,0,14.76,0,0,0,0,0
TXN006628,USER00104,289.76,Paytm,Kolkata,DEVICE_A,2026-05-01 03:16:00,3,19,0,21.15,1,0,0,0,0
TXN006629,USER00077,6623.81,Swiggy,Delhi,DEVICE_D,2026-12-12 14:01:00,14,17,0,54.59,0,0,0,0,0
TXN006630,USER00230,2130.32,Apple,Ahmedabad,DEVICE_A,2026-06-14 18:45:00,18,26,0,4.02,0,0,0,0,0
TXN006631,USER01938,355.08,Uber,Pune,DEVICE_C,2026-02-25 14:35:00,14,32,0,55.26,0,0,0,0,0
TXN006632,USER01282,2224.7,Walmart,Hyderabad,DEVICE_E,2026-11-30 20:08:00,20,28,0,15.51,0,0,0,0,0
TXN006633,USER01288,592.83,Swiggy,Mumbai,DEVICE_A,2026-06-16 01:14:00,1,8,0,38.79,1,0,0,0,0
TXN006634,USER00331,329.57,Uber,Mumbai,DEVICE_C,2026-02-10 22:15:00,22,44,1,3.68,0,0,0,0,0
TXN006635,USER01206,2217.84,Walmart,Mumbai,DEVICE_D,2026-09-22 15:47:00,15,43,0,6.37,0,0,0,0,0
TXN006636,USER00893,405.8,Apple,Bangalore,DEVICE_E,2026-06-18 14:43:00,14,49,0,4.32,0,0,0,0,0
TXN006637,USER01792,329.4,Paytm,Hyderabad,DEVICE_D,2026-03-21 15:55:00,15,26,0,21.19,0,0,0,0,0
TXN006638,USER01574,1696.34,Netflix,Delhi,DEVICE_E,2026-03-16 17:54:00,17,38,1,3.03,0,0,0,0,0
TXN006639,USER00688,999.01,Myntra,Mumbai,DEVICE_A,2026-11-09 16:33:00,16,10,0,31.45,0,0,0,0,0
TXN006640,USER00027,2725.39,Uber,Hyderabad,DEVICE_A,2026-03-14 08:18:00,8,49,0,5.77,0,0,0,0,0
TXN006641,USER01300,836.99,Apple,Kolkata,DEVICE_E,2026-08-23 22:33:00,22,41,0,5.9,0,0,0,0,0
TXN006642,USER01676,771.97,Swiggy,Delhi,DEVICE_C,2026-08-05 04:00:00,4,7,0,6.6,1,0,0,0,0
TXN006643,USER00299,175.38,Flipkart,Pune,DEVICE_C,2026-05-16 14:31:00,14,13,0,27.44,0,0,0,0,0
TXN006644,USER00957,1723.46,Apple,Bangalore,DEVICE_C,2026-01-13 13:27:00,13,45,0,51.6,0,0,0,0,0
TXN006645,USER00799,1079.19,Netflix,Chennai,DEVICE_B,2026-02-11 06:57:00,6,12,0,47.61,0,0,0,0,0
TXN006646,USER01115,3195.33,Apple,Ahmedabad,DEVICE_C,2026-06-08 19:43:00,19,6,0,2.14,0,0,0,0,0
TXN006647,USER00480,2173.13,Apple,Ahmedabad,DEVICE_A,2026-07-01 23:29:00,23,14,0,6.09,0,0,0,0,0
TXN006648,USER00573,1478.65,Myntra,Delhi,DEVICE_B,2026-06-11 13:03:00,13,37,0,22.31,0,0,0,0,0
TXN006649,USER00458,568.12,Flipkart,Pune,DEVICE_C,2026-08-11 19:45:00,19,43,0,19.28,0,0,0,0,0
TXN006650,USER01475,754.6,Uber,Pune,DEVICE_A,2026-12-01 05:13:00,5,42,0,8.62,1,0,0,0,0
TXN006651,USER00365,1797.83,Zomato,Pune,DEVICE_B,2026-06-03 07:32:00,7,17,0,39.73,0,0,0,0,0
TXN006652,USER00859,1046.85,Zomato,Kolkata,DEVICE_A,2026-07-11 05:27:00,5,35,0,2.8,1,0,0,0,1
TXN006653,USER01699,3929.89,Swiggy,Delhi,DEVICE_E,2026-05-01 10:09:00,10,30,0,20.38,0,0,0,0,0
TXN006654,USER00351,3580.12,Paytm,Delhi,DEVICE_A,2026-07-15 10:20:00,10,3,0,6.38,0,0,0,0,0
TXN006655,USER01679,875.37,Apple,Chennai,DEVICE_B,2026-04-03 09:19:00,9,12,0,14.98,0,0,0,0,0
TXN006656,USER01424,1192.7,Swiggy,Mumbai,DEVICE_C,2026-04-22 16:04:00,16,38,0,9.8,0,0,0,0,0
TXN006657,USER00253,536.49,Paytm,Kolkata,DEVICE_B,2026-08-12 02:06:00,2,29,0,77.98,1,0,0,0,0
TXN006658,USER00781,1000.26,Uber,Pune,DEVICE_C,2026-03-04 19:55:00,19,18,0,13.34,0,0,0,0,0
TXN006659,USER01905,2578.33,Uber,Chennai,DEVICE_C,2026-09-23 16:54:00,16,3,0,74.67,0,0,0,0,0
TXN006660,USER00803,672.16,Flipkart,Delhi,DEVICE_D,2026-08-17 21:31:00,21,0,0,5.89,0,0,0,1,0
TXN006661,USER01012,788.2,Zomato,Kolkata,DEVICE_E,2026-01-19 20:12:00,20,39,0,29.22,0,0,0,0,0
TXN006662,USER00459,383.1,Zomato,Bangalore,DEVICE_D,2026-09-14 10:14:00,10,31,0,25.25,0,0,0,0,0
TXN006663,USER01723,660.46,Swiggy,Delhi,DEVICE_B,2026-06-12 06:06:00,6,11,1,37.63,0,0,0,0,0
TXN006664,USER00917,1905.0,Myntra,Bangalore,DEVICE_D,2026-01-27 11:40:00,11,11,0,23.66,0,0,0,0,0
TXN006665,USER00499,883.03,Zomato,Hyderabad,DEVICE_C,2026-01-20 18:13:00,18,19,0,22.94,0,0,0,0,0
TXN006666,USER00950,389.02,Myntra,Bangalore,DEVICE_B,2026-08-30 07:41:00,7,10,0,21.62,0,0,0,0,0
TXN006667,USER01995,1327.29,Myntra,Delhi,DEVICE_D,2026-01-24 13:45:00,13,48,0,84.06,0,0,0,0,0
TXN006668,USER01950,1047.1,Uber,Chennai,DEVICE_A,2026-06-15 21:27:00,21,29,0,5.18,0,0,0,0,0
TXN006669,USER00508,3006.71,Flipkart,Delhi,DEVICE_E,2026-07-30 05:35:00,5,48,0,0.61,1,0,0,0,0
TXN006670,USER01328,970.44,Swiggy,Delhi,DEVICE_A,2026-05-17 04:34:00,4,43,1,22.66,1,0,0,0,1
TXN006671,USER00501,447.85,Walmart,Hyderabad,DEVICE_B,2026-03-05 15:56:00,15,30,0,3.78,0,0,0,0,0
TXN006672,USER00803,2609.7,Swiggy,Pune,DEVICE_D,2026-08-18 05:32:00,5,27,0,22.75,1,0,0,0,0
TXN006673,USER00598,458.25,Myntra,Mumbai,DEVICE_C,2026-10-18 18:45:00,18,43,0,7.7,0,0,0,0,0
TXN006674,USER00166,339.93,Paytm,Delhi,DEVICE_D,2026-11-08 05:23:00,5,48,0,0.89,1,0,0,0,0
TXN006675,USER01439,430.1,Paytm,Hyderabad,DEVICE_B,2026-07-30 16:09:00,16,28,1,29.37,0,0,0,0,1
TXN006676,USER00462,632.9,Flipkart,Chennai,DEVICE_B,2026-01-20 04:06:00,4,40,0,1.06,1,0,0,0,0
TXN006677,USER00920,200.07,Uber,Hyderabad,DEVICE_B,2026-02-09 14:03:00,14,21,0,5.08,0,0,0,0,0
TXN006678,USER00114,231.83,Uber,Ahmedabad,DEVICE_B,2026-10-12 19:07:00,19,44,0,8.2,0,0,0,0,0
TXN006679,USER01457,2214.41,Myntra,Hyderabad,DEVICE_D,2026-08-19 08:29:00,8,48,0,2.85,0,0,0,0,1
TXN006680,USER00992,940.08,Myntra,Bangalore,DEVICE_A,2026-04-08 01:09:00,1,28,1,48.97,1,0,0,0,1
TXN006681,USER01380,945.19,Netflix,Mumbai,DEVICE_C,2026-06-21 13:38:00,13,0,0,19.45,0,0,0,1,0
TXN006682,USER01952,1042.41,Netflix,Mumbai,DEVICE_C,2026-10-09 06:14:00,6,20,0,41.65,0,0,0,0,0
TXN006683,USER01719,1822.09,Myntra,Kolkata,DEVICE_E,2026-10-08 07:16:00,7,30,0,22.92,0,0,0,0,0
TXN006684,USER00207,524.73,Zomato,Pune,DEVICE_B,2026-01-20 19:25:00,19,26,1,96.43,0,0,0,0,0
TXN006685,USER01792,1815.92,Swiggy,Chennai,DEVICE_B,2026-06-13 22:28:00,22,34,0,14.9,0,0,0,0,0
TXN006686,USER01259,1213.71,Zomato,Kolkata,DEVICE_B,2026-06-27 02:24:00,2,7,1,1.11,1,0,0,0,0
TXN006687,USER01466,463.16,Uber,Pune,DEVICE_A,2026-07-10 23:06:00,23,39,0,3.51,0,0,0,0,0
TXN006688,USER01379,1897.14,Walmart,Pune,DEVICE_B,2026-04-24 01:33:00,1,7,0,17.76,1,0,0,0,1
TXN006689,USER00515,1154.64,Swiggy,Hyderabad,DEVICE_E,2026-03-09 23:57:00,23,5,0,8.55,0,0,0,0,0
TXN006690,USER01232,427.56,Zomato,Chennai,DEVICE_E,2026-12-13 09:02:00,9,14,0,2.4,0,0,0,0,0
TXN006691,USER00709,457.78,Zomato,Pune,DEVICE_A,2026-07-05 05:26:00,5,20,0,5.44,1,0,0,0,0
TXN006692,USER01877,1688.83,Amazon,Chennai,DEVICE_B,2026-12-05 08:52:00,8,36,0,12.87,0,0,0,0,0
TXN006693,USER01149,2732.65,Swiggy,Mumbai,DEVICE_D,2026-04-18 04:09:00,4,5,0,14.6,1,0,0,0,1
TXN006694,USER00138,1414.26,Walmart,Mumbai,DEVICE_D,2026-06-09 05:40:00,5,28,1,54.54,1,0,0,0,0
TXN006695,USER00339,2441.66,Flipkart,Mumbai,DEVICE_C,2026-09-27 23:34:00,23,24,1,1.9,0,0,0,0,0
TXN006696,USER00537,3325.59,Flipkart,Delhi,DEVICE_A,2026-12-23 10:08:00,10,22,1,8.86,0,0,0,0,1
TXN006697,USER00068,895.46,Zomato,Hyderabad,DEVICE_D,2026-03-12 11:27:00,11,37,0,14.11,0,0,0,0,0
TXN006698,USER01597,1271.7,Myntra,Ahmedabad,DEVICE_C,2026-07-30 07:04:00,7,26,0,2.4,0,0,0,0,0
TXN006699,USER01565,2002.94,Walmart,Chennai,DEVICE_E,2026-11-04 13:10:00,13,41,0,23.28,0,0,0,0,0
TXN006700,USER00383,390.51,Walmart,Hyderabad,DEVICE_C,2026-05-03 13:59:00,13,22,0,14.47,0,0,0,0,0
TXN006701,USER00019,2781.7,Uber,Pune,DEVICE_B,2026-09-07 10:08:00,10,18,1,12.31,0,0,0,0,0
TXN006702,USER00683,3740.6,Paytm,Chennai,DEVICE_B,2026-12-01 00:07:00,0,27,1,21.35,1,0,0,0,1
TXN006703,USER01474,564.34,Amazon,Chennai,DEVICE_E,2026-06-26 00:00:00,0,33,0,6.79,1,0,0,0,0
TXN006704,USER00074,14512.36,Uber,Kolkata,DEVICE_A,2026-04-30 15:54:00,15,6,1,8.29,0,1,0,0,0
TXN006705,USER00573,2241.93,Walmart,Chennai,DEVICE_B,2026-06-23 14:20:00,14,12,0,3.55,0,0,0,0,0
TXN006706,USER00939,955.89,Apple,Chennai,DEVICE_B,2026-10-15 01:19:00,1,3,0,14.84,1,0,0,0,0
TXN006707,USER01689,169.1,Myntra,Bangalore,DEVICE_C,2026-05-07 09:58:00,9,10,1,9.32,0,0,0,0,1
TXN006708,USER01300,1009.7,Walmart,Ahmedabad,DEVICE_C,2026-02-27 12:59:00,12,49,0,6.03,0,0,0,0,0
TXN006709,USER01072,1603.22,Amazon,Bangalore,DEVICE_C,2026-10-17 03:54:00,3,20,0,2.66,1,0,0,0,0
TXN006710,USER00211,1446.43,Walmart,Kolkata,DEVICE_D,2026-12-10 04:21:00,4,20,0,0.47,1,0,0,0,0
TXN006711,USER00855,337.11,Swiggy,Delhi,DEVICE_E,2026-09-15 06:22:00,6,42,0,4.3,0,0,0,0,0
TXN006712,USER01944,604.71,Swiggy,Mumbai,DEVICE_A,2026-03-23 23:50:00,23,44,0,5.69,0,0,0,0,0
TXN006713,USER00651,2022.65,Netflix,Pune,DEVICE_C,2026-09-27 14:42:00,14,41,0,13.29,0,0,0,0,0
TXN006714,USER01646,1869.41,Amazon,Pune,DEVICE_A,2026-06-16 17:56:00,17,25,0,5.51,0,0,0,0,0
TXN006715,USER00994,2560.57,Zomato,Ahmedabad,DEVICE_C,2026-05-12 09:43:00,9,30,0,34.04,0,0,0,0,0
TXN006716,USER00695,1220.32,Paytm,Chennai,DEVICE_B,2026-10-21 05:25:00,5,48,0,12.85,1,0,0,0,0
TXN006717,USER00540,1065.77,Zomato,Hyderabad,DEVICE_A,2026-07-30 16:16:00,16,3,1,19.55,0,0,0,0,0
TXN006718,USER01733,1737.78,Paytm,Pune,DEVICE_D,2026-08-18 13:54:00,13,2,0,4.66,0,0,0,0,0
TXN006719,USER01215,1193.89,Paytm,Bangalore,DEVICE_C,2026-09-09 00:43:00,0,38,0,10.76,1,0,0,0,1
TXN006720,USER01339,276.71,Paytm,Mumbai,DEVICE_E,2026-04-25 14:30:00,14,47,0,18.47,0,0,0,0,0
TXN006721,USER00901,4308.72,Flipkart,Delhi,DEVICE_B,2026-07-24 23:40:00,23,20,1,7.45,0,0,0,0,0
TXN006722,USER01587,2513.84,Paytm,Mumbai,DEVICE_C,2026-08-29 10:05:00,10,37,0,8.2,0,0,0,0,0
TXN006723,USER01685,1604.8,Walmart,Chennai,DEVICE_A,2026-12-01 01:22:00,1,17,1,32.95,1,0,0,0,1
TXN006724,USER00780,320.11,Apple,Ahmedabad,DEVICE_C,2026-02-13 19:07:00,19,32,0,36.3,0,0,0,0,0
TXN006725,USER01586,2330.7,Amazon,Mumbai,DEVICE_B,2026-08-25 06:03:00,6,41,0,15.23,0,0,0,0,0
TXN006726,USER01924,738.92,Apple,Chennai,DEVICE_E,2026-10-15 07:55:00,7,34,0,45.35,0,0,0,0,0
TXN006727,USER01782,2314.9,Netflix,Kolkata,DEVICE_E,2026-03-18 14:34:00,14,31,0,26.69,0,0,0,0,0
TXN006728,USER01137,1793.22,Walmart,Bangalore,DEVICE_E,2026-05-07 03:36:00,3,10,0,1.14,1,0,0,0,1
TXN006729,USER00170,807.65,Paytm,Bangalore,DEVICE_B,2026-04-02 23:35:00,23,38,0,16.4,0,0,0,0,0
TXN006730,USER01492,2826.42,Flipkart,Chennai,DEVICE_C,2026-07-27 13:23:00,13,30,0,23.93,0,0,0,0,0
TXN006731,USER01702,375.15,Uber,Hyderabad,DEVICE_B,2026-02-09 04:20:00,4,29,0,15.57,1,0,0,0,0
TXN006732,USER01945,1153.54,Zomato,Bangalore,DEVICE_B,2026-11-23 20:22:00,20,37,0,35.67,0,0,0,0,0
TXN006733,USER01038,4879.59,Swiggy,Ahmedabad,DEVICE_C,2026-10-30 00:43:00,0,45,0,7.16,1,0,0,0,1
TXN006734,USER01739,1699.34,Amazon,Hyderabad,DEVICE_D,2026-05-11 18:52:00,18,19,0,1.35,0,0,0,0,0
TXN006735,USER00288,2495.2,Apple,Chennai,DEVICE_E,2026-08-18 10:16:00,10,39,0,20.08,0,0,0,0,0
TXN006736,USER01931,1177.79,Walmart,Kolkata,DEVICE_A,2026-02-04 09:28:00,9,25,0,26.25,0,0,0,0,0
TXN006737,USER00189,1075.69,Uber,Chennai,DEVICE_A,2026-05-03 06:44:00,6,10,0,28.99,0,0,0,0,0
TXN006738,USER00914,365.58,Myntra,Kolkata,DEVICE_C,2026-08-22 12:18:00,12,1,0,0.22,0,0,0,1,1
TXN006739,USER01179,953.09,Myntra,Pune,DEVICE_A,2026-09-18 03:24:00,3,38,0,22.38,1,0,0,0,0
TXN006740,USER01591,2010.96,Swiggy,Bangalore,DEVICE_D,2026-02-18 12:21:00,12,16,0,0.42,0,0,0,0,0
TXN006741,USER00694,409.69,Myntra,Ahmedabad,DEVICE_B,2026-07-15 02:30:00,2,23,1,29.81,1,0,0,0,1
TXN006742,USER01746,460.97,Zomato,Hyderabad,DEVICE_E,2026-04-26 08:45:00,8,29,0,24.29,0,0,0,0,0
TXN006743,USER00888,1599.35,Netflix,Ahmedabad,DEVICE_A,2026-08-15 17:32:00,17,36,0,16.76,0,0,0,0,0
TXN006744,USER00471,2307.77,Myntra,Chennai,DEVICE_A,2026-04-29 05:10:00,5,5,0,14.12,1,0,0,0,0
TXN006745,USER01099,6724.92,Swiggy,Pune,DEVICE_C,2026-10-07 00:33:00,0,48,0,25.11,1,0,0,0,0
TXN006746,USER00277,856.82,Netflix,Bangalore,DEVICE_C,2026-11-22 12:16:00,12,22,1,1.18,0,0,0,0,0
TXN006747,USER00940,877.99,Zomato,Ahmedabad,DEVICE_B,2026-03-01 18:12:00,18,46,0,35.7,0,0,0,0,0
TXN006748,USER01669,2317.93,Swiggy,Pune,DEVICE_E,2026-12-19 10:11:00,10,34,0,4.49,0,0,0,0,0
TXN006749,USER01367,1832.67,Myntra,Kolkata,DEVICE_A,2026-04-21 21:43:00,21,49,0,12.99,0,0,0,0,0
TXN006750,USER01449,869.2,Paytm,Chennai,DEVICE_B,2026-03-10 20:27:00,20,46,0,13.34,0,0,0,0,0
TXN006751,USER00571,1069.02,Amazon,Pune,DEVICE_E,2026-08-10 00:23:00,0,25,0,30.02,1,0,0,0,0
TXN006752,USER01535,623.01,Myntra,Ahmedabad,DEVICE_B,2026-08-20 10:22:00,10,24,0,4.29,0,0,0,0,0
TXN006753,USER00857,387.43,Swiggy,Pune,DEVICE_A,2026-06-17 02:33:00,2,35,0,7.13,1,0,0,0,0
TXN006754,USER01001,971.05,Amazon,Kolkata,DEVICE_C,2026-09-01 05:36:00,5,20,0,21.76,1,0,0,0,0
TXN006755,USER01206,4317.28,Amazon,Mumbai,DEVICE_C,2026-10-30 18:53:00,18,41,0,10.65,0,0,0,0,0
TXN006756,USER00458,574.38,Netflix,Ahmedabad,DEVICE_C,2026-08-18 17:42:00,17,42,0,7.1,0,0,0,0,0
TXN006757,USER00918,301.42,Zomato,Kolkata,DEVICE_D,2026-07-13 14:13:00,14,22,0,19.43,0,0,0,0,0
TXN006758,USER01875,444.37,Myntra,Mumbai,DEVICE_B,2026-01-21 12:31:00,12,0,0,1.81,0,0,0,1,0
TXN006759,USER00833,1769.5,Uber,Bangalore,DEVICE_A,2026-09-18 15:22:00,15,9,0,31.19,0,0,0,0,0
TXN006760,USER01088,1613.09,Paytm,Chennai,DEVICE_B,2026-04-19 14:13:00,14,24,0,14.88,0,0,0,0,0
TXN006761,USER00839,3441.49,Zomato,Pune,DEVICE_C,2026-05-19 12:54:00,12,21,0,4.61,0,0,0,0,0
TXN006762,USER01284,2850.95,Uber,Bangalore,DEVICE_B,2026-07-31 12:23:00,12,46,0,10.5,0,0,0,0,0
TXN006763,USER00193,1433.43,Uber,Delhi,DEVICE_E,2026-10-29 02:46:00,2,7,0,2.81,1,0,0,0,0
TXN006764,USER01679,1969.43,Apple,Kolkata,DEVICE_B,2026-07-27 18:40:00,18,40,0,19.17,0,0,0,0,0
TXN006765,USER00616,558.67,Netflix,Bangalore,DEVICE_D,2026-02-02 15:11:00,15,32,0,22.13,0,0,0,0,0
TXN006766,USER01996,2039.25,Flipkart,Bangalore,DEVICE_D,2026-04-18 02:25:00,2,11,0,10.39,1,0,0,0,1
TXN006767,USER00406,994.32,Walmart,Pune,DEVICE_C,2026-10-12 02:00:00,2,47,0,8.3,1,0,0,0,0
TXN006768,USER01750,2358.19,Walmart,Mumbai,DEVICE_A,2026-10-08 01:43:00,1,38,0,37.91,1,0,0,0,0
TXN006769,USER01778,1598.49,Netflix,Kolkata,DEVICE_E,2026-12-29 17:42:00,17,11,0,17.16,0,0,0,0,0
TXN006770,USER00943,716.21,Netflix,Mumbai,DEVICE_A,2026-10-12 21:46:00,21,11,0,21.99,0,0,0,0,0
TXN006771,USER00721,407.33,Uber,Chennai,DEVICE_A,2026-11-04 14:33:00,14,10,0,2.73,0,0,0,0,0
TXN006772,USER00093,699.07,Netflix,Bangalore,DEVICE_E,2026-04-23 08:45:00,8,47,1,24.99,0,0,0,0,0
TXN006773,USER00430,1294.88,Uber,Kolkata,DEVICE_D,2026-03-30 19:13:00,19,7,0,11.76,0,0,0,0,0
TXN006774,USER00654,526.13,Zomato,Bangalore,DEVICE_C,2026-07-21 00:06:00,0,7,0,9.14,1,0,0,0,0
TXN006775,USER01458,955.68,Flipkart,Chennai,DEVICE_B,2026-12-25 00:21:00,0,36,0,53.02,1,0,0,0,0
TXN006776,USER01428,2918.73,Apple,Hyderabad,DEVICE_D,2026-11-17 17:29:00,17,48,0,1.11,0,0,0,0,0
TXN006777,USER00434,3157.11,Uber,Chennai,DEVICE_C,2026-08-23 08:36:00,8,15,0,4.35,0,0,0,0,0
TXN006778,USER01136,1686.41,Netflix,Mumbai,DEVICE_D,2026-04-23 09:09:00,9,35,0,9.4,0,0,0,0,0
TXN006779,USER01953,3740.42,Amazon,Mumbai,DEVICE_E,2026-12-14 09:15:00,9,17,0,7.83,0,0,0,0,0
TXN006780,USER00375,351.13,Myntra,Ahmedabad,DEVICE_A,2026-06-04 09:12:00,9,43,0,14.29,0,0,0,0,0
TXN006781,USER01083,3525.51,Walmart,Bangalore,DEVICE_E,2026-02-15 07:47:00,7,20,1,10.25,0,0,0,0,1
TXN006782,USER01067,322.52,Flipkart,Mumbai,DEVICE_B,2026-07-11 12:59:00,12,3,0,31.05,0,0,0,0,0
TXN006783,USER00207,1106.58,Myntra,Kolkata,DEVICE_E,2026-06-30 23:05:00,23,49,1,29.22,0,0,0,0,0
TXN006784,USER00780,527.64,Swiggy,Chennai,DEVICE_A,2026-03-03 22:15:00,22,6,1,29.6,0,0,0,0,0
TXN006785,USER01320,2132.39,Netflix,Bangalore,DEVICE_D,2026-06-14 00:10:00,0,33,0,9.22,1,0,0,0,0
TXN006786,USER01142,267.92,Uber,Chennai,DEVICE_C,2026-09-03 01:53:00,1,33,0,10.46,1,0,0,0,0
TXN006787,USER00532,223.99,Apple,Chennai,DEVICE_B,2026-11-14 03:19:00,3,44,0,25.49,1,0,0,0,0
TXN006788,USER01246,608.5,Amazon,Bangalore,DEVICE_D,2026-06-17 08:46:00,8,35,1,2.65,0,0,0,0,0
TXN006789,USER00166,570.96,Apple,Pune,DEVICE_C,2026-08-21 10:19:00,10,36,0,38.2,0,0,0,0,0
TXN006790,USER00643,656.0,Myntra,Hyderabad,DEVICE_A,2026-06-29 00:14:00,0,29,0,15.59,1,0,0,0,0
TXN006791,USER01180,597.37,Amazon,Ahmedabad,DEVICE_E,2026-05-06 16:40:00,16,25,0,37.75,0,0,0,0,0
TXN006792,USER01208,2035.66,Paytm,Pune,DEVICE_D,2026-08-29 02:07:00,2,11,0,31.56,1,0,0,0,1
TXN006793,USER00090,1016.11,Walmart,Mumbai,DEVICE_C,2026-03-24 21:02:00,21,10,0,9.38,0,0,0,0,0
TXN006794,USER01118,4421.28,Netflix,Delhi,DEVICE_C,2026-03-19 00:31:00,0,28,0,2.14,1,0,0,0,0
TXN006795,USER00013,1349.9,Swiggy,Ahmedabad,DEVICE_E,2026-09-10 21:03:00,21,2,1,50.72,0,0,0,0,1
TXN006796,USER00973,2426.1,Myntra,Pune,DEVICE_D,2026-09-20 10:50:00,10,10,0,8.45,0,0,0,0,0
TXN006797,USER01858,1847.97,Uber,Delhi,DEVICE_D,2026-06-03 04:50:00,4,8,1,9.36,1,0,0,0,1
TXN006798,USER00805,488.61,Walmart,Delhi,DEVICE_A,2026-09-08 12:32:00,12,25,0,47.95,0,0,0,0,0
TXN006799,USER00945,686.27,Swiggy,Mumbai,DEVICE_D,2026-01-20 19:00:00,19,7,1,49.86,0,0,0,0,0
TXN006800,USER00742,2683.12,Apple,Hyderabad,DEVICE_E,2026-11-11 02:54:00,2,20,0,6.1,1,0,0,0,0
TXN006801,USER01858,221.74,Walmart,Chennai,DEVICE_D,2026-04-24 03:43:00,3,7,0,1.86,1,0,0,0,0
TXN006802,USER01828,1699.34,Swiggy,Bangalore,DEVICE_A,2026-10-31 02:16:00,2,41,0,0.02,1,0,0,0,0
TXN006803,USER01462,934.09,Swiggy,Hyderabad,DEVICE_C,2026-01-15 03:45:00,3,5,0,11.54,1,0,0,0,1
TXN006804,USER01562,560.93,Apple,Delhi,DEVICE_D,2026-05-22 06:07:00,6,17,1,16.81,0,0,0,0,0
TXN006805,USER01611,862.94,Swiggy,Ahmedabad,DEVICE_E,2026-04-26 02:43:00,2,5,0,6.3,1,0,0,0,0
TXN006806,USER01992,4714.11,Flipkart,Kolkata,DEVICE_D,2026-08-30 07:27:00,7,20,0,6.02,0,0,0,0,0
TXN006807,USER00876,232.43,Amazon,Mumbai,DEVICE_B,2026-02-27 04:29:00,4,43,0,8.83,1,0,0,0,0
TXN006808,USER01960,366.2,Flipkart,Pune,DEVICE_A,2026-02-06 07:45:00,7,47,0,6.11,0,0,0,0,0
TXN006809,USER01835,191.67,Apple,Ahmedabad,DEVICE_C,2026-01-30 15:05:00,15,47,0,39.1,0,0,0,0,0
TXN006810,USER01174,739.35,Zomato,Mumbai,DEVICE_B,2026-06-06 09:05:00,9,22,0,20.59,0,0,0,0,0
TXN006811,USER00660,625.06,Walmart,Pune,DEVICE_E,2026-09-29 23:58:00,23,35,0,35.32,0,0,0,0,0
TXN006812,USER01032,1267.12,Paytm,Bangalore,DEVICE_D,2026-10-20 21:17:00,21,17,0,39.39,0,0,0,0,0
TXN006813,USER01053,712.28,Uber,Kolkata,DEVICE_A,2026-09-09 03:48:00,3,26,1,11.42,1,0,0,0,0
TXN006814,USER00296,1645.59,Uber,Chennai,DEVICE_D,2026-03-01 15:01:00,15,44,0,12.99,0,0,0,0,0
TXN006815,USER00986,539.72,Myntra,Hyderabad,DEVICE_D,2026-10-25 23:46:00,23,2,0,76.17,0,0,0,0,0
TXN006816,USER00926,7242.33,Myntra,Kolkata,DEVICE_D,2026-10-01 06:38:00,6,11,0,33.95,0,0,0,0,0
TXN006817,USER01745,1907.32,Apple,Hyderabad,DEVICE_D,2026-12-04 01:39:00,1,19,0,31.98,1,0,0,0,0
TXN006818,USER00640,1744.31,Myntra,Hyderabad,DEVICE_A,2026-07-07 06:14:00,6,18,0,17.53,0,0,0,0,0
TXN006819,USER00340,1927.26,Uber,Chennai,DEVICE_B,2026-10-22 03:01:00,3,22,0,12.37,1,0,0,0,1
TXN006820,USER00628,427.79,Flipkart,Chennai,DEVICE_E,2026-05-04 12:32:00,12,4,1,45.0,0,0,0,0,0
TXN006821,USER00439,878.25,Paytm,Pune,DEVICE_B,2026-09-29 18:04:00,18,18,0,32.65,0,0,0,0,0
TXN006822,USER01168,913.11,Uber,Chennai,DEVICE_A,2026-08-26 07:12:00,7,11,0,14.55,0,0,0,0,0
TXN006823,USER00942,717.1,Flipkart,Bangalore,DEVICE_E,2026-03-02 16:39:00,16,27,0,6.31,0,0,0,0,0
TXN006824,USER00830,802.39,Zomato,Mumbai,DEVICE_C,2026-12-21 19:04:00,19,36,0,3.19,0,0,0,0,0
TXN006825,USER01771,2313.12,Apple,Delhi,DEVICE_B,2026-12-04 04:05:00,4,33,1,16.09,1,0,0,0,0
TXN006826,USER00519,1040.19,Netflix,Chennai,DEVICE_A,2026-09-04 16:26:00,16,15,1,7.02,0,0,0,0,0
TXN006827,USER00976,1436.0,Zomato,Mumbai,DEVICE_A,2026-12-08 07:18:00,7,3,0,6.14,0,0,0,0,0
TXN006828,USER01069,239.85,Zomato,Pune,DEVICE_A,2026-09-25 14:22:00,14,46,0,2.24,0,0,0,0,0
TXN006829,USER00955,227.36,Uber,Chennai,DEVICE_E,2026-03-04 01:07:00,1,41,0,0.7,1,0,0,0,0
TXN006830,USER01263,468.93,Apple,Delhi,DEVICE_D,2026-11-07 09:10:00,9,5,0,30.59,0,0,0,0,0
TXN006831,USER00952,4795.85,Amazon,Kolkata,DEVICE_C,2026-09-26 01:20:00,1,6,0,2.29,1,0,0,0,0
TXN006832,USER00944,6685.64,Swiggy,Ahmedabad,DEVICE_E,2026-02-05 01:52:00,1,33,0,43.89,1,0,0,0,0
TXN006833,USER00155,2656.35,Zomato,Chennai,DEVICE_E,2026-12-10 23:38:00,23,3,0,4.81,0,0,0,0,0
TXN006834,USER01205,769.0,Myntra,Mumbai,DEVICE_B,2026-03-11 22:10:00,22,14,0,28.52,0,0,0,0,0
TXN006835,USER01239,1609.78,Flipkart,Pune,DEVICE_C,2026-11-23 19:29:00,19,12,0,34.63,0,0,0,0,0
TXN006836,USER00088,3415.11,Amazon,Pune,DEVICE_A,2026-08-03 15:48:00,15,8,0,31.46,0,0,0,0,0
TXN006837,USER01280,5819.51,Apple,Ahmedabad,DEVICE_E,2026-06-01 09:18:00,9,36,0,41.25,0,0,0,0,0
TXN006838,USER01535,389.55,Netflix,Bangalore,DEVICE_C,2026-05-13 11:30:00,11,16,0,8.3,0,0,0,0,0
TXN006839,USER01097,1317.77,Paytm,Pune,DEVICE_B,2026-07-11 18:01:00,18,37,0,85.22,0,0,0,0,0
TXN006840,USER00931,820.3,Amazon,Kolkata,DEVICE_D,2026-04-21 10:10:00,10,13,0,6.56,0,0,0,0,0
TXN006841,USER00179,1858.36,Netflix,Pune,DEVICE_C,2026-02-15 01:33:00,1,36,0,54.45,1,0,0,0,0
TXN006842,USER00212,1149.46,Uber,Pune,DEVICE_A,2026-11-23 22:38:00,22,30,0,11.51,0,0,0,0,0
TXN006843,USER01829,445.73,Walmart,Kolkata,DEVICE_E,2026-11-19 01:08:00,1,1,0,1.17,1,0,0,1,1
TXN006844,USER01258,1564.53,Swiggy,Ahmedabad,DEVICE_D,2026-12-20 12:51:00,12,45,0,30.73,0,0,0,0,0
TXN006845,USER00465,585.87,Uber,Ahmedabad,DEVICE_B,2026-01-12 00:19:00,0,18,0,30.97,1,0,0,0,0
TXN006846,USER01775,1062.28,Apple,Kolkata,DEVICE_A,2026-04-14 02:23:00,2,18,0,4.4,1,0,0,0,0
TXN006847,USER01247,1109.13,Walmart,Delhi,DEVICE_D,2026-12-12 03:10:00,3,12,0,34.69,1,0,0,0,0
TXN006848,USER00631,5005.74,Netflix,Mumbai,DEVICE_B,2026-05-18 07:25:00,7,20,0,3.43,0,0,0,0,0
TXN006849,USER00825,1463.51,Walmart,Hyderabad,DEVICE_A,2026-10-28 21:14:00,21,30,0,3.28,0,0,0,0,0
TXN006850,USER01288,1012.03,Paytm,Pune,DEVICE_E,2026-04-07 17:40:00,17,43,0,33.1,0,0,0,0,0
TXN006851,USER01231,2104.51,Myntra,Ahmedabad,DEVICE_B,2026-12-24 09:57:00,9,27,0,6.86,0,0,0,0,0
TXN006852,USER00607,494.85,Myntra,Hyderabad,DEVICE_D,2026-08-22 20:04:00,20,0,0,1.6,0,0,0,1,0
TXN006853,USER00885,1200.94,Uber,Hyderabad,DEVICE_A,2026-07-25 05:45:00,5,34,0,62.63,1,0,0,0,0
TXN006854,USER01758,1941.05,Uber,Bangalore,DEVICE_C,2026-05-01 08:04:00,8,9,1,16.29,0,0,0,0,0
TXN006855,USER00366,1862.96,Apple,Chennai,DEVICE_A,2026-12-16 19:01:00,19,7,0,11.89,0,0,0,0,0
TXN006856,USER00276,680.88,Apple,Pune,DEVICE_D,2026-03-05 15:08:00,15,12,0,14.03,0,0,0,0,0
TXN006857,USER00380,1521.63,Flipkart,Chennai,DEVICE_D,2026-10-15 21:40:00,21,18,1,22.2,0,0,0,0,1
TXN006858,USER01767,2022.89,Paytm,Chennai,DEVICE_C,2026-01-23 13:14:00,13,2,0,39.56,0,0,0,0,0
TXN006859,USER01333,485.6,Apple,Bangalore,DEVICE_D,2026-01-21 17:30:00,17,2,0,22.33,0,0,0,0,0
TXN006860,USER01655,636.69,Zomato,Hyderabad,DEVICE_A,2026-09-09 00:38:00,0,26,0,26.91,1,0,0,0,0
TXN006861,USER01292,820.43,Paytm,Kolkata,DEVICE_B,2026-01-30 20:51:00,20,17,0,3.97,0,0,0,0,0
TXN006862,USER00945,8924.69,Flipkart,Chennai,DEVICE_A,2026-02-10 07:51:00,7,34,0,9.69,0,0,0,0,0
TXN006863,USER01809,559.37,Myntra,Ahmedabad,DEVICE_D,2026-07-20 13:32:00,13,43,1,17.58,0,0,0,0,1
TXN006864,USER01088,1469.41,Amazon,Kolkata,DEVICE_C,2026-06-05 03:56:00,3,33,0,19.32,1,0,0,0,0
TXN006865,USER00810,798.11,Flipkart,Kolkata,DEVICE_C,2026-08-18 17:40:00,17,29,0,6.31,0,0,0,0,0
TXN006866,USER01374,471.64,Flipkart,Bangalore,DEVICE_E,2026-03-20 10:10:00,10,7,1,73.76,0,0,0,0,0
TXN006867,USER00925,2055.18,Uber,Ahmedabad,DEVICE_C,2026-10-28 01:04:00,1,20,0,2.52,1,0,0,0,0
TXN006868,USER01939,308.05,Swiggy,Bangalore,DEVICE_C,2026-09-21 08:11:00,8,45,0,2.38,0,0,0,0,0
TXN006869,USER00494,4020.55,Walmart,Mumbai,DEVICE_D,2026-01-01 07:09:00,7,18,0,5.21,0,0,0,0,0
TXN006870,USER01547,430.35,Myntra,Pune,DEVICE_B,2026-11-06 03:35:00,3,42,0,28.04,1,0,0,0,0
TXN006871,USER01122,602.46,Netflix,Chennai,DEVICE_B,2026-04-18 04:19:00,4,47,0,0.74,1,0,0,0,0
TXN006872,USER01970,1834.76,Netflix,Hyderabad,DEVICE_D,2026-05-06 23:38:00,23,45,0,88.23,0,0,0,0,0
TXN006873,USER01095,2158.71,Apple,Delhi,DEVICE_C,2026-09-25 12:29:00,12,39,0,88.01,0,0,0,0,0
TXN006874,USER00364,1352.86,Myntra,Ahmedabad,DEVICE_A,2026-03-22 10:48:00,10,29,0,3.48,0,0,0,0,0
TXN006875,USER00570,678.9,Zomato,Bangalore,DEVICE_B,2026-08-01 19:58:00,19,26,0,10.26,0,0,0,0,0
TXN006876,USER01826,261.36,Apple,Kolkata,DEVICE_D,2026-11-06 04:14:00,4,19,0,4.56,1,0,0,0,0
TXN006877,USER00763,1011.38,Apple,Mumbai,DEVICE_A,2026-08-23 05:02:00,5,13,0,10.49,1,0,0,0,0
TXN006878,USER00276,510.28,Flipkart,Delhi,DEVICE_C,2026-09-17 11:15:00,11,11,0,15.22,0,0,0,0,0
TXN006879,USER00050,9612.77,Myntra,Bangalore,DEVICE_D,2026-01-17 02:52:00,2,48,0,34.6,1,0,0,0,0
TXN006880,USER01382,1236.1,Walmart,Mumbai,DEVICE_B,2026-11-05 14:29:00,14,22,1,0.73,0,0,0,0,0
TXN006881,USER00728,343.69,Apple,Kolkata,DEVICE_A,2026-08-25 11:21:00,11,11,0,86.7,0,0,0,0,0
TXN006882,USER00906,813.22,Swiggy,Chennai,DEVICE_A,2026-09-03 05:07:00,5,43,0,56.46,1,0,0,0,1
TXN006883,USER00928,2169.31,Paytm,Pune,DEVICE_B,2026-08-01 20:20:00,20,43,0,16.9,0,0,0,0,0
TXN006884,USER00564,3122.0,Zomato,Pune,DEVICE_A,2026-08-03 18:01:00,18,38,0,13.11,0,0,0,0,0
TXN006885,USER00783,830.14,Zomato,Mumbai,DEVICE_B,2026-11-18 08:28:00,8,41,0,16.0,0,0,0,0,0
TXN006886,USER00485,985.59,Apple,Bangalore,DEVICE_D,2026-02-07 07:07:00,7,29,0,0.37,0,0,0,0,0
TXN006887,USER01108,1823.12,Swiggy,Pune,DEVICE_E,2026-06-02 16:30:00,16,47,0,26.76,0,0,0,0,0
TXN006888,USER01923,472.43,Paytm,Pune,DEVICE_C,2026-01-20 03:44:00,3,26,0,13.72,1,0,0,0,0
TXN006889,USER01829,1498.96,Amazon,Chennai,DEVICE_D,2026-09-25 06:48:00,6,23,0,6.74,0,0,0,0,0
TXN006890,USER01662,1418.14,Uber,Kolkata,DEVICE_C,2026-01-15 15:00:00,15,2,0,12.38,0,0,0,0,0
TXN006891,USER01832,1772.66,Uber,Hyderabad,DEVICE_C,2026-12-28 03:30:00,3,29,0,6.92,1,0,0,0,0
TXN006892,USER00584,1058.96,Uber,Pune,DEVICE_B,2026-12-17 15:31:00,15,34,1,24.08,0,0,0,0,0
TXN006893,USER01320,268.24,Flipkart,Mumbai,DEVICE_E,2026-09-28 17:15:00,17,32,0,19.06,0,0,0,0,0
TXN006894,USER00236,1346.12,Zomato,Delhi,DEVICE_C,2026-06-10 04:31:00,4,36,0,9.82,1,0,0,0,1
TXN006895,USER00056,498.49,Netflix,Ahmedabad,DEVICE_C,2026-03-05 22:12:00,22,39,1,7.54,0,0,0,0,0
TXN006896,USER01943,5183.86,Netflix,Kolkata,DEVICE_D,2026-04-09 05:52:00,5,48,1,42.08,1,0,0,0,0
TXN006897,USER00360,5318.99,Flipkart,Chennai,DEVICE_E,2026-04-30 22:17:00,22,15,0,22.93,0,0,0,0,0
TXN006898,USER01931,391.37,Apple,Kolkata,DEVICE_E,2026-01-21 12:50:00,12,47,0,25.16,0,0,0,0,0
TXN006899,USER00110,508.0,Myntra,Chennai,DEVICE_C,2026-04-24 13:09:00,13,17,0,19.28,0,0,0,0,0
TXN006900,USER00192,137.4,Myntra,Kolkata,DEVICE_E,2026-05-25 09:18:00,9,17,0,1.56,0,0,0,0,0
TXN006901,USER00904,2125.79,Uber,Ahmedabad,DEVICE_D,2026-12-01 00:56:00,0,13,0,1.22,1,0,0,0,0
TXN006902,USER01117,654.72,Myntra,Hyderabad,DEVICE_B,2026-08-07 20:00:00,20,31,0,11.21,0,0,0,0,0
TXN006903,USER00862,1399.07,Apple,Mumbai,DEVICE_C,2026-12-21 22:13:00,22,11,0,53.33,0,0,0,0,0
TXN006904,USER00568,675.02,Amazon,Delhi,DEVICE_A,2026-03-14 06:59:00,6,41,0,14.88,0,0,0,0,0
TXN006905,USER01084,259.33,Flipkart,Pune,DEVICE_C,2026-03-03 16:35:00,16,1,1,41.73,0,0,0,1,1
TXN006906,USER00650,1325.53,Amazon,Hyderabad,DEVICE_C,2026-09-21 12:09:00,12,25,0,2.03,0,0,0,0,0
TXN006907,USER00039,3497.84,Zomato,Mumbai,DEVICE_B,2026-11-07 08:19:00,8,22,0,25.77,0,0,0,0,0
TXN006908,USER01564,1069.34,Myntra,Delhi,DEVICE_A,2026-05-07 17:11:00,17,34,0,5.63,0,0,0,0,0
TXN006909,USER01073,435.18,Paytm,Kolkata,DEVICE_A,2026-02-12 06:34:00,6,32,0,14.87,0,0,0,0,0
TXN006910,USER01444,959.71,Uber,Ahmedabad,DEVICE_A,2026-06-21 23:38:00,23,40,1,6.93,0,0,0,0,0
TXN006911,USER00637,1740.57,Flipkart,Pune,DEVICE_B,2026-05-24 22:41:00,22,24,0,24.92,0,0,0,0,0
TXN006912,USER01037,914.48,Uber,Delhi,DEVICE_E,2026-12-07 21:46:00,21,3,0,10.25,0,0,0,0,0
TXN006913,USER00036,408.01,Myntra,Bangalore,DEVICE_A,2026-08-27 03:05:00,3,20,0,12.4,1,0,0,0,0
TXN006914,USER00101,6753.5,Walmart,Delhi,DEVICE_E,2026-08-14 22:36:00,22,47,0,5.63,0,0,0,0,0
TXN006915,USER01818,281.1,Myntra,Mumbai,DEVICE_D,2026-04-06 03:11:00,3,3,0,6.61,1,0,0,0,0
TXN006916,USER01110,8494.24,Flipkart,Hyderabad,DEVICE_B,2026-02-07 13:03:00,13,30,0,3.96,0,0,0,0,0
TXN006917,USER01540,1008.75,Netflix,Pune,DEVICE_E,2026-08-17 10:02:00,10,48,0,16.14,0,0,0,0,0
TXN006918,USER01247,2458.94,Flipkart,Hyderabad,DEVICE_A,2026-01-10 02:01:00,2,14,0,3.13,1,0,0,0,0
TXN006919,USER01362,1331.01,Swiggy,Pune,DEVICE_A,2026-08-17 04:09:00,4,3,0,6.25,1,0,0,0,0
TXN006920,USER01984,497.74,Paytm,Bangalore,DEVICE_E,2026-06-27 06:19:00,6,3,0,15.12,0,0,0,0,0
TXN006921,USER00166,3626.4,Myntra,Mumbai,DEVICE_E,2026-06-16 06:24:00,6,43,0,6.43,0,0,0,0,0
TXN006922,USER00383,1909.02,Swiggy,Ahmedabad,DEVICE_D,2026-02-11 12:41:00,12,2,0,17.76,0,0,0,0,0
TXN006923,USER01880,1006.23,Netflix,Ahmedabad,DEVICE_B,2026-06-16 09:41:00,9,4,0,0.29,0,0,0,0,0
TXN006924,USER01919,2110.97,Apple,Delhi,DEVICE_C,2026-09-21 16:16:00,16,18,0,72.4,0,0,0,0,0
TXN006925,USER01400,969.13,Apple,Bangalore,DEVICE_D,2026-02-10 16:16:00,16,37,0,26.19,0,0,0,0,0
TXN006926,USER01495,151.26,Paytm,Kolkata,DEVICE_D,2026-11-13 16:31:00,16,31,0,14.02,0,0,0,0,0
TXN006927,USER00790,235.2,Zomato,Chennai,DEVICE_D,2026-12-29 01:00:00,1,8,0,50.73,1,0,0,0,0
TXN006928,USER01666,1075.06,Paytm,Kolkata,DEVICE_A,2026-07-30 09:12:00,9,2,0,40.77,0,0,0,0,0
TXN006929,USER00031,823.95,Paytm,Mumbai,DEVICE_E,2026-01-27 08:30:00,8,33,0,9.13,0,0,0,0,0
TXN006930,USER01399,1011.72,Paytm,Bangalore,DEVICE_B,2026-07-13 15:46:00,15,24,1,2.47,0,0,0,0,1
TXN006931,USER00011,807.44,Paytm,Hyderabad,DEVICE_A,2026-02-15 17:37:00,17,9,0,5.81,0,0,0,0,0
TXN006932,USER01326,399.62,Paytm,Bangalore,DEVICE_D,2026-01-15 08:02:00,8,31,0,4.68,0,0,0,0,0
TXN006933,USER00096,315.97,Amazon,Chennai,DEVICE_B,2026-05-17 00:32:00,0,4,1,27.73,1,0,0,0,1
TXN006934,USER01214,512.24,Netflix,Ahmedabad,DEVICE_A,2026-05-09 21:06:00,21,28,0,15.89,0,0,0,0,0
TXN006935,USER00453,2162.17,Flipkart,Mumbai,DEVICE_C,2026-05-15 14:41:00,14,6,0,37.96,0,0,0,0,0
TXN006936,USER00192,525.63,Myntra,Bangalore,DEVICE_D,2026-03-28 23:44:00,23,14,0,13.46,0,0,0,0,0
TXN006937,USER00486,2801.56,Swiggy,Pune,DEVICE_A,2026-06-22 15:32:00,15,1,0,29.37,0,0,0,1,1
TXN006938,USER01290,431.4,Paytm,Kolkata,DEVICE_A,2026-05-24 22:47:00,22,9,0,7.81,0,0,0,0,0
TXN006939,USER01448,3186.27,Zomato,Delhi,DEVICE_D,2026-01-28 13:38:00,13,10,1,18.43,0,0,0,0,0
TXN006940,USER01152,689.51,Uber,Kolkata,DEVICE_C,2026-07-02 16:20:00,16,39,0,20.4,0,0,0,0,0
TXN006941,USER00238,831.12,Myntra,Mumbai,DEVICE_E,2026-09-30 17:42:00,17,20,0,28.48,0,0,0,0,0
TXN006942,USER01944,837.62,Uber,Ahmedabad,DEVICE_C,2026-10-20 16:39:00,16,11,0,32.14,0,0,0,0,0
TXN006943,USER01379,1851.79,Swiggy,Bangalore,DEVICE_D,2026-12-04 03:20:00,3,3,0,6.47,1,0,0,0,0
TXN006944,USER01964,1375.91,Swiggy,Ahmedabad,DEVICE_E,2026-03-27 10:58:00,10,27,0,9.72,0,0,0,0,0
TXN006945,USER01136,1242.96,Myntra,Kolkata,DEVICE_A,2026-04-05 23:23:00,23,28,0,4.64,0,0,0,0,0
TXN006946,USER01852,1019.63,Zomato,Bangalore,DEVICE_C,2026-12-18 12:33:00,12,12,0,27.55,0,0,0,0,0
TXN006947,USER01470,656.91,Amazon,Kolkata,DEVICE_C,2026-07-27 18:53:00,18,49,0,6.31,0,0,0,0,0
TXN006948,USER01367,2943.09,Apple,Mumbai,DEVICE_E,2026-12-06 00:04:00,0,17,1,9.92,1,0,0,0,0
TXN006949,USER01169,1184.84,Swiggy,Hyderabad,DEVICE_A,2026-01-10 03:07:00,3,26,0,32.49,1,0,0,0,0
TXN006950,USER01089,1838.59,Zomato,Ahmedabad,DEVICE_C,2026-09-06 14:51:00,14,2,0,8.3,0,0,0,0,0
TXN006951,USER01271,1313.07,Swiggy,Ahmedabad,DEVICE_E,2026-07-27 21:20:00,21,34,0,6.89,0,0,0,0,0
TXN006952,USER00735,750.38,Walmart,Kolkata,DEVICE_C,2026-10-16 06:29:00,6,38,0,21.06,0,0,0,0,0
TXN006953,USER00991,9469.61,Apple,Delhi,DEVICE_A,2026-07-11 00:38:00,0,21,0,74.08,1,0,0,0,0
TXN006954,USER01514,3318.03,Swiggy,Kolkata,DEVICE_A,2026-01-02 04:43:00,4,16,0,1.29,1,0,0,0,1
TXN006955,USER00825,674.45,Zomato,Mumbai,DEVICE_B,2026-12-26 13:24:00,13,27,0,36.01,0,0,0,0,0
TXN006956,USER01463,6955.66,Swiggy,Kolkata,DEVICE_E,2026-11-12 15:35:00,15,37,0,2.59,0,0,0,0,0
TXN006957,USER00106,2526.61,Uber,Delhi,DEVICE_D,2026-01-22 04:20:00,4,15,1,8.46,1,0,0,0,0
TXN006958,USER00181,410.07,Myntra,Pune,DEVICE_C,2026-08-02 04:00:00,4,4,0,10.78,1,0,0,0,0
TXN006959,USER00184,2425.51,Myntra,Delhi,DEVICE_A,2026-10-17 19:16:00,19,21,0,25.37,0,0,0,0,0
TXN006960,USER00226,1594.88,Swiggy,Mumbai,DEVICE_C,2026-12-03 15:24:00,15,16,0,52.23,0,0,0,0,0
TXN006961,USER00777,1272.85,Zomato,Bangalore,DEVICE_C,2026-06-04 11:46:00,11,10,0,2.15,0,0,0,0,0
TXN006962,USER00790,2733.31,Uber,Kolkata,DEVICE_D,2026-10-09 13:30:00,13,21,1,27.31,0,0,0,0,1
TXN006963,USER01933,1490.34,Amazon,Hyderabad,DEVICE_A,2026-02-06 00:25:00,0,43,0,7.78,1,0,0,0,0
TXN006964,USER01113,179.67,Amazon,Delhi,DEVICE_B,2026-03-11 09:43:00,9,43,0,46.44,0,0,0,0,1
TXN006965,USER00688,324.38,Uber,Pune,DEVICE_E,2026-02-18 22:04:00,22,35,0,6.52,0,0,0,0,0
TXN006966,USER00530,507.75,Flipkart,Delhi,DEVICE_C,2026-08-28 01:59:00,1,40,0,23.67,1,0,0,0,0
TXN006967,USER01395,6607.94,Zomato,Kolkata,DEVICE_D,2026-03-18 14:30:00,14,45,0,3.6,0,0,0,0,0
TXN006968,USER00972,1971.43,Amazon,Bangalore,DEVICE_D,2026-12-27 02:26:00,2,43,1,63.38,1,0,0,0,0
TXN006969,USER00936,1784.69,Flipkart,Ahmedabad,DEVICE_E,2026-10-30 22:36:00,22,41,0,0.09,0,0,0,0,0
TXN006970,USER01937,1208.42,Zomato,Kolkata,DEVICE_E,2026-07-27 19:22:00,19,39,0,5.3,0,0,0,0,0
TXN006971,USER01423,478.47,Uber,Ahmedabad,DEVICE_A,2026-10-26 20:02:00,20,2,0,22.54,0,0,0,0,0
TXN006972,USER00106,296.41,Paytm,Pune,DEVICE_C,2026-02-16 17:35:00,17,26,0,38.42,0,0,0,0,0
TXN006973,USER01295,2687.08,Flipkart,Pune,DEVICE_C,2026-05-16 08:20:00,8,44,0,100.9,0,0,0,0,0
TXN006974,USER01999,4900.36,Flipkart,Mumbai,DEVICE_E,2026-09-18 09:28:00,9,47,0,3.81,0,0,0,0,0
TXN006975,USER00831,2017.85,Swiggy,Hyderabad,DEVICE_B,2026-11-03 07:39:00,7,12,0,7.34,0,0,0,0,0
TXN006976,USER01527,705.05,Netflix,Kolkata,DEVICE_C,2026-03-09 20:12:00,20,12,0,44.49,0,0,0,0,0
TXN006977,USER00679,758.93,Netflix,Delhi,DEVICE_D,2026-09-19 21:52:00,21,29,0,0.66,0,0,0,0,0
TXN006978,USER01549,2046.35,Zomato,Delhi,DEVICE_E,2026-02-28 04:00:00,4,17,1,26.43,1,0,0,0,0
TXN006979,USER00849,987.42,Swiggy,Mumbai,DEVICE_C,2026-03-09 12:28:00,12,39,0,11.0,0,0,0,0,0
TXN006980,USER01056,951.84,Myntra,Bangalore,DEVICE_A,2026-03-23 10:35:00,10,32,0,23.35,0,0,0,0,0
TXN006981,USER00393,675.43,Apple,Kolkata,DEVICE_E,2026-10-29 16:00:00,16,16,0,14.88,0,0,0,0,0
TXN006982,USER00040,603.65,Paytm,Chennai,DEVICE_D,2026-05-14 08:17:00,8,40,0,19.73,0,0,0,0,0
TXN006983,USER00660,984.08,Apple,Bangalore,DEVICE_A,2026-01-25 20:45:00,20,9,0,21.97,0,0,0,0,0
TXN006984,USER01242,263.66,Flipkart,Delhi,DEVICE_E,2026-04-12 01:18:00,1,40,0,19.95,1,0,0,0,0
TXN006985,USER01755,1914.82,Walmart,Pune,DEVICE_E,2026-03-21 18:03:00,18,43,0,21.85,0,0,0,0,0
TXN006986,USER00981,204.29,Amazon,Kolkata,DEVICE_C,2026-12-08 00:07:00,0,23,0,16.8,1,0,0,0,0
TXN006987,USER01106,2860.68,Amazon,Pune,DEVICE_A,2026-09-19 18:09:00,18,41,0,25.03,0,0,0,0,0
TXN006988,USER00845,682.03,Swiggy,Delhi,DEVICE_E,2026-04-17 18:41:00,18,28,0,29.92,0,0,0,0,0
TXN006989,USER01744,985.31,Netflix,Hyderabad,DEVICE_D,2026-12-17 06:51:00,6,7,0,31.02,0,0,0,0,0
TXN006990,USER00201,1812.08,Walmart,Bangalore,DEVICE_A,2026-11-02 02:32:00,2,35,0,38.42,1,0,0,0,0
TXN006991,USER00447,846.3,Swiggy,Chennai,DEVICE_C,2026-02-28 19:52:00,19,13,0,7.61,0,0,0,0,0
TXN006992,USER01868,564.21,Flipkart,Hyderabad,DEVICE_B,2026-07-16 15:24:00,15,28,1,27.39,0,0,0,0,1
TXN006993,USER01452,1419.12,Walmart,Chennai,DEVICE_E,2026-06-08 07:23:00,7,6,0,58.62,0,0,0,0,0
TXN006994,USER01062,7930.67,Amazon,Hyderabad,DEVICE_B,2026-01-04 21:06:00,21,24,0,9.16,0,0,0,0,0
TXN006995,USER01235,2228.36,Zomato,Bangalore,DEVICE_E,2026-06-14 03:40:00,3,41,0,30.07,1,0,0,0,0
TXN006996,USER00444,554.39,Flipkart,Delhi,DEVICE_C,2026-02-15 09:43:00,9,29,0,6.89,0,0,0,0,0
TXN006997,USER01351,798.85,Swiggy,Chennai,DEVICE_C,2026-09-14 11:09:00,11,27,0,3.86,0,0,0,0,0
TXN006998,USER00761,713.69,Myntra,Ahmedabad,DEVICE_C,2026-09-02 20:38:00,20,9,0,11.83,0,0,0,0,0
TXN006999,USER00227,433.34,Uber,Bangalore,DEVICE_C,2026-01-03 20:12:00,20,46,0,32.85,0,0,0,0,0
TXN007000,USER00048,1881.59,Flipkart,Chennai,DEVICE_A,2026-07-26 00:15:00,0,46,0,7.34,1,0,0,0,0
TXN007001,USER01042,817.75,Flipkart,Ahmedabad,DEVICE_A,2026-04-05 03:11:00,3,33,0,6.99,1,0,0,0,0
TXN007002,USER00912,1459.7,Myntra,Bangalore,DEVICE_E,2026-10-29 15:50:00,15,15,0,6.51,0,0,0,0,0
TXN007003,USER01463,104.24,Paytm,Hyderabad,DEVICE_A,2026-09-14 11:23:00,11,9,0,4.92,0,0,0,0,0
TXN007004,USER01831,2040.64,Zomato,Bangalore,DEVICE_E,2026-12-03 13:19:00,13,28,0,18.89,0,0,0,0,0
TXN007005,USER01732,643.68,Myntra,Hyderabad,DEVICE_A,2026-10-29 09:42:00,9,14,0,5.58,0,0,0,0,0
TXN007006,USER00187,443.75,Apple,Delhi,DEVICE_A,2026-04-28 17:52:00,17,27,0,54.64,0,0,0,0,0
TXN007007,USER00345,329.01,Apple,Hyderabad,DEVICE_A,2026-01-02 17:16:00,17,23,0,8.49,0,0,0,0,0
TXN007008,USER00224,479.21,Flipkart,Mumbai,DEVICE_D,2026-04-01 18:56:00,18,41,0,15.64,0,0,0,0,0
TXN007009,USER00830,746.15,Paytm,Delhi,DEVICE_C,2026-02-25 07:56:00,7,19,1,10.52,0,0,0,0,0
TXN007010,USER00488,2440.2,Amazon,Pune,DEVICE_D,2026-04-19 04:00:00,4,46,0,65.78,1,0,0,0,0
TXN007011,USER01933,735.58,Paytm,Pune,DEVICE_A,2026-06-29 14:48:00,14,28,0,11.03,0,0,0,0,0
TXN007012,USER00877,2655.68,Apple,Pune,DEVICE_A,2026-12-19 06:38:00,6,1,0,16.59,0,0,0,1,1
TXN007013,USER00849,1426.44,Paytm,Kolkata,DEVICE_D,2026-01-25 04:13:00,4,45,0,28.83,1,0,0,0,0
TXN007014,USER01253,5638.61,Paytm,Ahmedabad,DEVICE_E,2026-12-16 18:18:00,18,31,0,3.76,0,0,0,0,0
TXN007015,USER01414,698.66,Zomato,Kolkata,DEVICE_C,2026-12-22 00:40:00,0,46,0,0.66,1,0,0,0,0
TXN007016,USER00979,1591.38,Flipkart,Bangalore,DEVICE_E,2026-12-23 21:39:00,21,41,0,12.14,0,0,0,0,0
TXN007017,USER01613,3374.26,Zomato,Bangalore,DEVICE_C,2026-12-11 22:48:00,22,29,0,16.0,0,0,0,0,0
TXN007018,USER01017,1933.93,Amazon,Ahmedabad,DEVICE_B,2026-06-01 17:18:00,17,8,1,6.77,0,0,0,0,0
TXN007019,USER00188,940.81,Amazon,Mumbai,DEVICE_C,2026-05-17 16:23:00,16,18,0,12.42,0,0,0,0,0
TXN007020,USER01882,707.09,Apple,Bangalore,DEVICE_E,2026-08-14 19:28:00,19,5,0,19.1,0,0,0,0,0
TXN007021,USER00270,190.7,Swiggy,Delhi,DEVICE_C,2026-09-19 15:53:00,15,7,0,72.44,0,0,0,0,0
TXN007022,USER01631,883.95,Myntra,Delhi,DEVICE_B,2026-11-21 20:08:00,20,33,0,18.41,0,0,0,0,0
TXN007023,USER00310,478.1,Netflix,Pune,DEVICE_B,2026-05-03 16:59:00,16,0,1,11.92,0,0,0,1,0
TXN007024,USER01156,673.46,Flipkart,Hyderabad,DEVICE_A,2026-09-06 11:51:00,11,12,0,0.46,0,0,0,0,0
TXN007025,USER01575,1148.83,Swiggy,Chennai,DEVICE_B,2026-11-03 00:16:00,0,5,0,7.44,1,0,0,0,0
TXN007026,USER01096,269.08,Flipkart,Bangalore,DEVICE_D,2026-12-14 05:30:00,5,34,0,8.88,1,0,0,0,0
TXN007027,USER01817,448.75,Myntra,Mumbai,DEVICE_E,2026-07-09 13:37:00,13,28,0,12.96,0,0,0,0,0
TXN007028,USER00845,1554.05,Myntra,Pune,DEVICE_D,2026-11-19 21:19:00,21,1,0,30.48,0,0,0,1,0
TXN007029,USER01696,351.25,Walmart,Ahmedabad,DEVICE_D,2026-02-04 16:01:00,16,9,0,29.91,0,0,0,0,0
TXN007030,USER01211,1052.91,Zomato,Kolkata,DEVICE_E,2026-04-06 20:47:00,20,30,0,37.32,0,0,0,0,0
TXN007031,USER00486,310.59,Apple,Ahmedabad,DEVICE_D,2026-11-22 07:36:00,7,7,1,6.85,0,0,0,0,0
TXN007032,USER01215,1761.1,Walmart,Delhi,DEVICE_D,2026-07-06 16:23:00,16,40,0,8.51,0,0,0,0,0
TXN007033,USER01446,1981.06,Amazon,Delhi,DEVICE_D,2026-01-24 17:37:00,17,38,0,3.26,0,0,0,0,0
TXN007034,USER00120,3332.33,Netflix,Delhi,DEVICE_B,2026-06-12 13:25:00,13,27,0,38.96,0,0,0,0,0
TXN007035,USER00220,3363.29,Apple,Chennai,DEVICE_E,2026-07-17 15:55:00,15,30,0,21.12,0,0,0,0,0
TXN007036,USER00053,1403.52,Amazon,Chennai,DEVICE_E,2026-01-12 15:13:00,15,12,0,1.61,0,0,0,0,0
TXN007037,USER01758,224.64,Paytm,Bangalore,DEVICE_E,2026-02-04 05:00:00,5,6,1,7.24,1,0,0,0,1
TXN007038,USER01475,1098.7,Zomato,Kolkata,DEVICE_D,2026-01-25 02:03:00,2,0,0,3.31,1,0,0,1,1
TXN007039,USER01436,1655.94,Zomato,Mumbai,DEVICE_B,2026-11-27 01:58:00,1,44,0,69.62,1,0,0,0,0
TXN007040,USER01667,1222.73,Zomato,Chennai,DEVICE_E,2026-07-11 17:26:00,17,48,0,7.85,0,0,0,0,0
TXN007041,USER01261,4897.5,Walmart,Ahmedabad,DEVICE_C,2026-06-03 11:41:00,11,43,1,13.72,0,0,0,0,0
TXN007042,USER00758,3525.94,Uber,Hyderabad,DEVICE_E,2026-08-09 05:10:00,5,25,0,7.65,1,0,0,0,0
TXN007043,USER00738,1122.8,Swiggy,Chennai,DEVICE_A,2026-10-18 21:40:00,21,45,0,12.86,0,0,0,0,0
TXN007044,USER00720,2145.66,Myntra,Delhi,DEVICE_C,2026-01-07 01:55:00,1,15,0,131.74,1,0,0,0,0
TXN007045,USER00406,293.02,Netflix,Ahmedabad,DEVICE_E,2026-06-07 19:41:00,19,11,0,6.78,0,0,0,0,0
TXN007046,USER00608,1300.19,Myntra,Mumbai,DEVICE_D,2026-01-15 08:23:00,8,15,0,6.64,0,0,0,0,0
TXN007047,USER01021,351.63,Uber,Bangalore,DEVICE_E,2026-05-07 21:41:00,21,33,0,9.28,0,0,0,0,0
TXN007048,USER00422,933.41,Paytm,Chennai,DEVICE_B,2026-06-11 11:52:00,11,26,1,3.71,0,0,0,0,0
TXN007049,USER00712,595.34,Paytm,Delhi,DEVICE_B,2026-02-09 14:20:00,14,24,1,26.86,0,0,0,0,0
TXN007050,USER00247,610.28,Paytm,Pune,DEVICE_E,2026-01-28 23:57:00,23,18,0,9.54,0,0,0,0,0
TXN007051,USER00072,527.86,Apple,Hyderabad,DEVICE_D,2026-01-03 05:04:00,5,6,0,17.39,1,0,0,0,0
TXN007052,USER01854,765.0,Amazon,Hyderabad,DEVICE_D,2026-11-01 08:01:00,8,11,0,21.65,0,0,0,0,0
TXN007053,USER00185,655.46,Amazon,Pune,DEVICE_D,2026-10-18 07:57:00,7,45,0,0.72,0,0,0,0,0
TXN007054,USER00006,1939.09,Paytm,Bangalore,DEVICE_E,2026-09-25 08:24:00,8,23,0,20.66,0,0,0,0,0
TXN007055,USER01230,864.4,Netflix,Bangalore,DEVICE_E,2026-03-10 15:25:00,15,49,0,15.22,0,0,0,0,0
TXN007056,USER01568,1052.55,Walmart,Chennai,DEVICE_A,2026-03-07 21:26:00,21,38,1,1.73,0,0,0,0,0
TXN007057,USER01635,1425.06,Netflix,Bangalore,DEVICE_B,2026-10-06 17:47:00,17,4,0,2.66,0,0,0,0,0
TXN007058,USER00906,1420.94,Netflix,Ahmedabad,DEVICE_C,2026-01-26 13:35:00,13,0,0,11.62,0,0,0,1,0
TXN007059,USER00387,419.06,Amazon,Kolkata,DEVICE_C,2026-02-23 17:45:00,17,6,0,8.5,0,0,0,0,0
TXN007060,USER01792,864.46,Zomato,Kolkata,DEVICE_B,2026-05-01 14:00:00,14,47,0,11.51,0,0,0,0,0
TXN007061,USER00699,1357.66,Netflix,Delhi,DEVICE_A,2026-05-25 22:35:00,22,25,0,20.19,0,0,0,0,0
TXN007062,USER01100,496.31,Netflix,Delhi,DEVICE_B,2026-01-24 15:27:00,15,23,0,3.35,0,0,0,0,0
TXN007063,USER01201,448.34,Myntra,Ahmedabad,DEVICE_A,2026-10-10 01:17:00,1,47,1,21.72,1,0,0,0,0
TXN007064,USER00827,381.52,Zomato,Delhi,DEVICE_A,2026-11-23 18:27:00,18,16,0,34.09,0,0,0,0,0
TXN007065,USER01823,1315.3,Amazon,Kolkata,DEVICE_D,2026-05-16 02:30:00,2,3,0,0.06,1,0,0,0,0
TXN007066,USER00349,841.8,Walmart,Chennai,DEVICE_B,2026-05-31 19:47:00,19,15,0,9.19,0,0,0,0,0
TXN007067,USER01279,956.98,Swiggy,Chennai,DEVICE_C,2026-11-05 02:32:00,2,35,0,6.44,1,0,0,0,0
TXN007068,USER01861,220.93,Amazon,Bangalore,DEVICE_E,2026-02-03 16:13:00,16,4,0,11.31,0,0,0,0,0
TXN007069,USER01726,1168.9,Amazon,Chennai,DEVICE_E,2026-10-13 07:36:00,7,4,0,19.1,0,0,0,0,0
TXN007070,USER00308,1222.35,Netflix,Delhi,DEVICE_B,2026-11-28 21:53:00,21,42,0,4.15,0,0,0,0,0
TXN007071,USER01369,1390.04,Myntra,Mumbai,DEVICE_E,2026-05-06 04:11:00,4,45,0,2.88,1,0,0,0,0
TXN007072,USER01151,4015.55,Uber,Delhi,DEVICE_A,2026-07-23 01:56:00,1,16,0,26.1,1,0,0,0,0
TXN007073,USER01961,553.5,Paytm,Kolkata,DEVICE_E,2026-02-13 05:30:00,5,40,0,23.15,1,0,0,0,0
TXN007074,USER00287,1701.01,Flipkart,Pune,DEVICE_A,2026-12-12 12:11:00,12,20,0,12.36,0,0,0,0,0
TXN007075,USER00766,1481.82,Myntra,Mumbai,DEVICE_A,2026-09-27 09:03:00,9,29,1,13.92,0,0,0,0,0
TXN007076,USER00725,1652.02,Uber,Bangalore,DEVICE_C,2026-04-25 17:56:00,17,48,0,6.29,0,0,0,0,0
TXN007077,USER00762,829.33,Netflix,Hyderabad,DEVICE_E,2026-02-23 20:59:00,20,32,0,7.99,0,0,0,0,0
TXN007078,USER01620,2180.15,Netflix,Pune,DEVICE_C,2026-03-09 01:12:00,1,44,0,7.72,1,0,0,0,0
TXN007079,USER01511,568.83,Walmart,Chennai,DEVICE_E,2026-05-03 20:34:00,20,22,0,25.92,0,0,0,0,0
TXN007080,USER00383,718.56,Uber,Chennai,DEVICE_A,2026-12-28 12:12:00,12,41,0,16.22,0,0,0,0,0
TXN007081,USER01430,928.26,Apple,Kolkata,DEVICE_E,2026-08-19 04:23:00,4,28,0,26.15,1,0,0,0,0
TXN007082,USER00388,892.05,Paytm,Delhi,DEVICE_C,2026-01-18 16:58:00,16,41,1,17.87,0,0,0,0,0
TXN007083,USER00525,1534.94,Flipkart,Delhi,DEVICE_D,2026-12-22 21:44:00,21,38,0,15.78,0,0,0,0,0
TXN007084,USER01581,1386.12,Walmart,Mumbai,DEVICE_C,2026-02-01 10:14:00,10,37,0,7.73,0,0,0,0,0
TXN007085,USER00639,1396.82,Myntra,Chennai,DEVICE_D,2026-11-30 20:04:00,20,6,0,10.07,0,0,0,0,0
TXN007086,USER00938,3603.19,Myntra,Pune,DEVICE_B,2026-07-07 00:45:00,0,36,0,43.68,1,0,0,0,0
TXN007087,USER01650,909.47,Uber,Kolkata,DEVICE_C,2026-12-23 13:11:00,13,6,1,17.16,0,0,0,0,0
TXN007088,USER01969,2837.29,Paytm,Pune,DEVICE_E,2026-03-11 14:25:00,14,14,0,14.87,0,0,0,0,0
TXN007089,USER00276,420.7,Paytm,Bangalore,DEVICE_D,2026-05-23 09:47:00,9,28,0,1.09,0,0,0,0,0
TXN007090,USER00500,977.06,Myntra,Delhi,DEVICE_E,2026-01-04 12:44:00,12,9,0,22.23,0,0,0,0,0
TXN007091,USER00717,1032.42,Apple,Ahmedabad,DEVICE_D,2026-05-06 18:52:00,18,19,0,23.17,0,0,0,0,0
TXN007092,USER00337,337.83,Netflix,Pune,DEVICE_C,2026-08-06 14:01:00,14,44,0,23.47,0,0,0,0,0
TXN007093,USER01974,1141.99,Paytm,Chennai,DEVICE_C,2026-08-30 22:23:00,22,8,0,1.91,0,0,0,0,0
TXN007094,USER00932,1217.09,Uber,Hyderabad,DEVICE_E,2026-03-14 13:25:00,13,5,0,7.15,0,0,0,0,0
TXN007095,USER00481,1877.34,Myntra,Kolkata,DEVICE_C,2026-08-02 15:27:00,15,19,1,9.28,0,0,0,0,0
TXN007096,USER01921,1692.42,Netflix,Mumbai,DEVICE_E,2026-04-25 08:19:00,8,20,0,35.03,0,0,0,0,0
TXN007097,USER00911,347.33,Zomato,Delhi,DEVICE_A,2026-08-10 22:38:00,22,6,0,78.92,0,0,0,0,0
TXN007098,USER01997,3217.46,Amazon,Delhi,DEVICE_D,2026-09-29 15:20:00,15,37,0,10.71,0,0,0,0,0
TXN007099,USER01297,723.28,Netflix,Bangalore,DEVICE_E,2026-12-18 11:07:00,11,47,0,16.16,0,0,0,0,0
TXN007100,USER01944,636.29,Paytm,Delhi,DEVICE_D,2026-12-19 14:07:00,14,33,0,0.15,0,0,0,0,0
TXN007101,USER01082,1704.85,Amazon,Kolkata,DEVICE_A,2026-12-10 19:03:00,19,46,0,0.18,0,0,0,0,0
TXN007102,USER01352,2358.91,Paytm,Chennai,DEVICE_D,2026-09-12 22:03:00,22,2,0,1.55,0,0,0,0,0
TXN007103,USER01755,717.01,Uber,Chennai,DEVICE_E,2026-08-13 23:07:00,23,44,0,25.42,0,0,0,0,0
TXN007104,USER00109,1053.72,Swiggy,Chennai,DEVICE_C,2026-11-16 00:58:00,0,16,0,3.92,1,0,0,0,0
TXN007105,USER01303,2489.96,Netflix,Ahmedabad,DEVICE_D,2026-10-25 07:29:00,7,42,0,28.36,0,0,0,0,0
TXN007106,USER01710,474.58,Amazon,Hyderabad,DEVICE_D,2026-04-15 22:21:00,22,1,0,11.31,0,0,0,1,0
TXN007107,USER00328,88.35,Uber,Hyderabad,DEVICE_A,2026-01-01 04:18:00,4,41,0,37.94,1,0,0,0,1
TXN007108,USER01800,1779.28,Paytm,Ahmedabad,DEVICE_B,2026-04-09 04:32:00,4,11,0,40.85,1,0,0,0,0
TXN007109,USER00315,2498.65,Netflix,Delhi,DEVICE_C,2026-02-01 04:45:00,4,12,0,42.38,1,0,0,0,0
TXN007110,USER01498,261.15,Uber,Pune,DEVICE_E,2026-08-02 22:18:00,22,37,0,15.68,0,0,0,0,0
TXN007111,USER01135,1076.87,Paytm,Hyderabad,DEVICE_A,2026-09-12 19:50:00,19,35,0,31.07,0,0,0,0,0
TXN007112,USER00699,700.48,Swiggy,Pune,DEVICE_E,2026-07-11 08:30:00,8,11,0,21.69,0,0,0,0,0
TXN007113,USER00781,1231.23,Swiggy,Pune,DEVICE_E,2026-12-03 16:40:00,16,26,1,4.13,0,0,0,0,0
TXN007114,USER01959,170.44,Flipkart,Hyderabad,DEVICE_D,2026-02-03 14:54:00,14,25,0,9.61,0,0,0,0,0
TXN007115,USER01253,350.52,Walmart,Ahmedabad,DEVICE_A,2026-12-06 17:00:00,17,46,0,65.6,0,0,0,0,0
TXN007116,USER01521,1642.31,Uber,Bangalore,DEVICE_A,2026-11-13 05:19:00,5,39,0,29.62,1,0,0,0,0
TXN007117,USER00156,972.73,Walmart,Hyderabad,DEVICE_C,2026-02-12 10:17:00,10,4,0,6.1,0,0,0,0,0
TXN007118,USER01497,4247.41,Flipkart,Mumbai,DEVICE_B,2026-01-04 22:49:00,22,31,0,6.6,0,0,0,0,0
TXN007119,USER01725,1862.54,Apple,Ahmedabad,DEVICE_E,2026-12-29 16:42:00,16,35,0,5.87,0,0,0,0,0
TXN007120,USER01296,460.95,Netflix,Mumbai,DEVICE_C,2026-06-22 06:02:00,6,44,0,7.97,0,0,0,0,0
TXN007121,USER00887,2095.32,Paytm,Pune,DEVICE_C,2026-04-23 16:26:00,16,37,0,52.71,0,0,0,0,0
TXN007122,USER01026,5103.02,Myntra,Mumbai,DEVICE_E,2026-02-16 04:12:00,4,15,0,11.37,1,0,0,0,1
TXN007123,USER00758,1027.57,Walmart,Delhi,DEVICE_D,2026-07-27 22:01:00,22,9,1,9.06,0,0,0,0,0
TXN007124,USER00722,1575.81,Walmart,Chennai,DEVICE_D,2026-08-08 19:59:00,19,36,0,5.47,0,0,0,0,0
TXN007125,USER01535,2305.02,Uber,Bangalore,DEVICE_E,2026-07-03 11:21:00,11,14,0,44.59,0,0,0,0,0
TXN007126,USER00913,943.75,Netflix,Delhi,DEVICE_A,2026-08-27 13:50:00,13,10,0,63.11,0,0,0,0,0
TXN007127,USER01310,163.42,Uber,Chennai,DEVICE_B,2026-01-14 00:41:00,0,8,1,7.82,1,0,0,0,1
TXN007128,USER00871,1808.58,Swiggy,Bangalore,DEVICE_D,2026-03-18 16:27:00,16,17,0,19.18,0,0,0,0,0
TXN007129,USER00013,2252.47,Walmart,Pune,DEVICE_B,2026-06-04 10:03:00,10,32,0,63.61,0,0,0,0,0
TXN007130,USER00608,4092.22,Netflix,Bangalore,DEVICE_C,2026-02-27 06:09:00,6,8,0,13.84,0,0,0,0,0
TXN007131,USER00498,407.4,Zomato,Bangalore,DEVICE_C,2026-03-20 20:43:00,20,40,1,12.65,0,0,0,0,0
TXN007132,USER01757,424.68,Apple,Mumbai,DEVICE_E,2026-08-24 04:22:00,4,14,0,15.0,1,0,0,0,0
TXN007133,USER00238,589.83,Paytm,Mumbai,DEVICE_E,2026-08-11 12:47:00,12,35,0,0.67,0,0,0,0,0
TXN007134,USER01118,942.82,Flipkart,Mumbai,DEVICE_E,2026-06-30 19:25:00,19,35,0,7.14,0,0,0,0,0
TXN007135,USER01362,1780.34,Apple,Bangalore,DEVICE_D,2026-10-29 18:11:00,18,0,1,24.01,0,0,0,1,1
TXN007136,USER00781,399.82,Flipkart,Kolkata,DEVICE_B,2026-06-08 00:09:00,0,27,0,68.06,1,0,0,0,0
TXN007137,USER01195,2576.87,Walmart,Ahmedabad,DEVICE_C,2026-10-21 17:18:00,17,32,1,16.82,0,0,0,0,0
TXN007138,USER00606,2462.47,Apple,Bangalore,DEVICE_B,2026-01-21 13:27:00,13,0,0,4.23,0,0,0,1,1
TXN007139,USER00661,2526.61,Apple,Ahmedabad,DEVICE_D,2026-01-26 15:40:00,15,5,0,11.13,0,0,0,0,0
TXN007140,USER01648,829.41,Paytm,Ahmedabad,DEVICE_B,2026-08-14 03:36:00,3,10,0,13.47,1,0,0,0,0
TXN007141,USER01591,146.71,Myntra,Mumbai,DEVICE_B,2026-06-25 23:02:00,23,47,0,3.3,0,0,0,0,0
TXN007142,USER00849,4633.89,Paytm,Bangalore,DEVICE_E,2026-07-14 20:28:00,20,26,0,7.99,0,0,0,0,0
TXN007143,USER00936,643.16,Uber,Mumbai,DEVICE_B,2026-04-23 15:01:00,15,4,1,11.78,0,0,0,0,1
TXN007144,USER01491,2091.95,Myntra,Mumbai,DEVICE_B,2026-04-14 14:10:00,14,9,0,6.07,0,0,0,0,0
TXN007145,USER00628,1223.55,Apple,Mumbai,DEVICE_B,2026-07-11 20:43:00,20,27,0,8.74,0,0,0,0,0
TXN007146,USER00143,3028.61,Myntra,Pune,DEVICE_A,2026-03-01 09:19:00,9,15,0,6.47,0,0,0,0,0
TXN007147,USER01225,1047.16,Myntra,Pune,DEVICE_C,2026-09-24 04:06:00,4,42,0,18.98,1,0,0,0,0
TXN007148,USER01204,1166.65,Uber,Kolkata,DEVICE_C,2026-08-17 18:23:00,18,25,0,17.28,0,0,0,0,0
TXN007149,USER00714,1289.38,Netflix,Chennai,DEVICE_B,2026-03-08 11:52:00,11,49,0,16.05,0,0,0,0,0
TXN007150,USER01388,1596.9,Walmart,Ahmedabad,DEVICE_E,2026-04-21 05:25:00,5,27,0,2.03,1,0,0,0,0
TXN007151,USER00479,360.76,Netflix,Bangalore,DEVICE_E,2026-04-28 14:52:00,14,13,0,4.06,0,0,0,0,0
TXN007152,USER00565,5931.69,Walmart,Delhi,DEVICE_E,2026-06-17 13:37:00,13,12,0,2.35,0,0,0,0,0
TXN007153,USER00471,1029.05,Netflix,Mumbai,DEVICE_C,2026-09-01 05:38:00,5,0,0,1.31,1,0,0,1,0
TXN007154,USER00384,1840.1,Netflix,Kolkata,DEVICE_D,2026-12-27 05:38:00,5,34,0,5.67,1,0,0,0,0
TXN007155,USER01716,4290.97,Flipkart,Delhi,DEVICE_B,2026-05-17 01:01:00,1,14,0,4.33,1,0,0,0,1
TXN007156,USER00926,1088.92,Myntra,Pune,DEVICE_C,2026-05-31 00:22:00,0,28,0,25.82,1,0,0,0,0
TXN007157,USER00417,447.45,Swiggy,Chennai,DEVICE_E,2026-08-25 04:04:00,4,30,0,23.81,1,0,0,0,0
TXN007158,USER01849,434.83,Uber,Bangalore,DEVICE_C,2026-12-29 17:14:00,17,11,0,4.5,0,0,0,0,0
TXN007159,USER00308,731.6,Netflix,Ahmedabad,DEVICE_C,2026-01-09 00:53:00,0,4,0,3.62,1,0,0,0,0
TXN007160,USER00649,1480.32,Apple,Ahmedabad,DEVICE_C,2026-07-10 16:42:00,16,47,0,3.13,0,0,0,0,0
TXN007161,USER01718,1626.4,Zomato,Pune,DEVICE_E,2026-11-17 12:05:00,12,45,1,7.71,0,0,0,0,0
TXN007162,USER01391,3031.69,Flipkart,Kolkata,DEVICE_D,2026-06-24 20:08:00,20,31,0,6.97,0,0,0,0,0
TXN007163,USER01025,275.07,Zomato,Mumbai,DEVICE_A,2026-01-16 13:27:00,13,9,0,0.58,0,0,0,0,0
TXN007164,USER01068,1338.8,Amazon,Mumbai,DEVICE_B,2026-09-03 07:54:00,7,4,0,16.78,0,0,0,0,0
TXN007165,USER00739,1908.56,Paytm,Ahmedabad,DEVICE_B,2026-01-03 14:14:00,14,26,0,45.66,0,0,0,0,0
TXN007166,USER01867,1845.19,Amazon,Mumbai,DEVICE_C,2026-04-10 06:48:00,6,38,0,15.48,0,0,0,0,0
TXN007167,USER01122,124.56,Walmart,Ahmedabad,DEVICE_D,2026-09-07 11:00:00,11,20,0,1.32,0,0,0,0,0
TXN007168,USER01744,784.63,Netflix,Kolkata,DEVICE_E,2026-07-30 12:59:00,12,15,0,18.3,0,0,0,0,0
TXN007169,USER01289,2280.96,Uber,Pune,DEVICE_A,2026-06-10 21:23:00,21,28,0,13.27,0,0,0,0,0
TXN007170,USER01824,527.84,Apple,Delhi,DEVICE_A,2026-01-16 20:44:00,20,14,0,47.49,0,0,0,0,0
TXN007171,USER01807,377.04,Swiggy,Chennai,DEVICE_C,2026-12-20 12:13:00,12,37,0,9.03,0,0,0,0,0
TXN007172,USER00140,1821.67,Swiggy,Bangalore,DEVICE_C,2026-11-07 12:47:00,12,6,0,27.89,0,0,0,0,0
TXN007173,USER01505,1435.47,Flipkart,Ahmedabad,DEVICE_E,2026-11-23 18:48:00,18,17,0,0.78,0,0,0,0,0
TXN007174,USER01261,1349.44,Flipkart,Chennai,DEVICE_E,2026-04-27 10:17:00,10,18,1,25.57,0,0,0,0,0
TXN007175,USER00974,612.98,Flipkart,Pune,DEVICE_E,2026-10-16 00:24:00,0,16,0,0.85,1,0,0,0,0
TXN007176,USER01017,335.9,Flipkart,Mumbai,DEVICE_C,2026-12-08 06:36:00,6,13,0,8.45,0,0,0,0,0
TXN007177,USER00953,2577.3,Myntra,Chennai,DEVICE_D,2026-08-30 07:28:00,7,40,0,59.16,0,0,0,0,0
TXN007178,USER00904,22106.87,Netflix,Delhi,DEVICE_C,2026-07-21 15:47:00,15,47,0,24.29,0,1,0,0,0
TXN007179,USER00072,255.14,Zomato,Hyderabad,DEVICE_C,2026-06-08 04:57:00,4,9,0,51.81,1,0,0,0,0
TXN007180,USER01691,2746.85,Netflix,Pune,DEVICE_A,2026-07-23 21:08:00,21,24,0,13.7,0,0,0,0,0
TXN007181,USER01214,940.02,Netflix,Hyderabad,DEVICE_E,2026-03-19 20:17:00,20,40,0,18.64,0,0,0,0,0
TXN007182,USER01292,1458.9,Amazon,Bangalore,DEVICE_B,2026-05-07 23:28:00,23,43,0,14.59,0,0,0,0,0
TXN007183,USER01345,1039.24,Uber,Bangalore,DEVICE_E,2026-04-18 21:02:00,21,8,1,13.03,0,0,0,0,0
TXN007184,USER00107,7908.5,Apple,Chennai,DEVICE_D,2026-11-07 19:35:00,19,15,1,17.27,0,0,0,0,0
TXN007185,USER01256,532.81,Walmart,Bangalore,DEVICE_D,2026-08-30 00:27:00,0,47,0,0.79,1,0,0,0,0
TXN007186,USER01066,638.23,Uber,Pune,DEVICE_E,2026-05-31 18:57:00,18,23,0,4.11,0,0,0,0,0
TXN007187,USER01726,1174.46,Flipkart,Kolkata,DEVICE_E,2026-10-29 15:18:00,15,20,0,4.83,0,0,0,0,0
TXN007188,USER00883,1827.51,Zomato,Ahmedabad,DEVICE_C,2026-12-19 23:37:00,23,33,0,9.65,0,0,0,0,0
TXN007189,USER00139,3646.14,Amazon,Delhi,DEVICE_B,2026-04-12 15:57:00,15,38,1,11.4,0,0,0,0,0
TXN007190,USER00615,1706.99,Myntra,Mumbai,DEVICE_C,2026-05-13 23:18:00,23,6,0,26.92,0,0,0,0,0
TXN007191,USER01707,1343.38,Zomato,Mumbai,DEVICE_A,2026-01-03 13:27:00,13,6,0,3.62,0,0,0,0,0
TXN007192,USER00863,736.88,Amazon,Ahmedabad,DEVICE_A,2026-04-13 02:53:00,2,27,0,16.87,1,0,0,0,0
TXN007193,USER00273,1739.24,Paytm,Chennai,DEVICE_D,2026-01-23 20:07:00,20,34,0,6.36,0,0,0,0,0
TXN007194,USER01505,576.97,Myntra,Mumbai,DEVICE_D,2026-02-21 06:15:00,6,9,0,14.5,0,0,0,0,0
TXN007195,USER00416,1315.35,Flipkart,Chennai,DEVICE_B,2026-11-12 01:27:00,1,37,1,19.7,1,0,0,0,1
TXN007196,USER00506,901.28,Walmart,Ahmedabad,DEVICE_D,2026-03-16 18:34:00,18,31,0,17.47,0,0,0,0,0
TXN007197,USER00733,452.91,Flipkart,Bangalore,DEVICE_A,2026-02-04 18:23:00,18,33,0,4.85,0,0,0,0,0
TXN007198,USER01749,4459.55,Zomato,Ahmedabad,DEVICE_B,2026-06-18 01:44:00,1,23,0,24.72,1,0,0,0,0
TXN007199,USER01877,454.1,Flipkart,Bangalore,DEVICE_A,2026-10-22 21:23:00,21,49,0,21.21,0,0,0,0,0
TXN007200,USER00424,769.28,Paytm,Kolkata,DEVICE_E,2026-08-29 17:26:00,17,40,0,53.77,0,0,0,0,0
TXN007201,USER01431,263.37,Flipkart,Kolkata,DEVICE_E,2026-11-11 17:22:00,17,46,0,20.11,0,0,0,0,0
TXN007202,USER01592,942.78,Amazon,Delhi,DEVICE_B,2026-03-13 14:15:00,14,45,1,25.48,0,0,0,0,0
TXN007203,USER00390,1620.06,Swiggy,Ahmedabad,DEVICE_C,2026-02-16 00:30:00,0,40,0,33.32,1,0,0,0,0
TXN007204,USER00342,484.91,Flipkart,Mumbai,DEVICE_D,2026-09-16 04:39:00,4,1,1,2.24,1,0,0,1,0
TXN007205,USER00946,213.34,Paytm,Pune,DEVICE_B,2026-08-16 14:12:00,14,41,0,23.84,0,0,0,0,0
TXN007206,USER00614,782.49,Netflix,Kolkata,DEVICE_D,2026-12-20 22:01:00,22,3,1,7.67,0,0,0,0,0
TXN007207,USER01957,952.39,Netflix,Ahmedabad,DEVICE_A,2026-01-26 12:44:00,12,0,0,34.65,0,0,0,1,0
TXN007208,USER00493,887.43,Walmart,Delhi,DEVICE_C,2026-06-22 00:44:00,0,21,0,13.09,1,0,0,0,1
TXN007209,USER00192,4567.42,Walmart,Hyderabad,DEVICE_D,2026-01-10 09:55:00,9,10,1,17.38,0,0,0,0,0
TXN007210,USER00499,1482.43,Walmart,Kolkata,DEVICE_E,2026-05-15 07:08:00,7,47,0,6.03,0,0,0,0,0
TXN007211,USER00822,1381.3,Uber,Delhi,DEVICE_E,2026-03-08 07:14:00,7,10,1,21.03,0,0,0,0,1
TXN007212,USER01736,1475.79,Apple,Chennai,DEVICE_A,2026-12-17 03:29:00,3,44,0,0.73,1,0,0,0,0
TXN007213,USER01257,1467.37,Walmart,Chennai,DEVICE_B,2026-03-14 07:46:00,7,13,1,27.61,0,0,0,0,1
TXN007214,USER01969,735.93,Flipkart,Delhi,DEVICE_D,2026-03-10 00:16:00,0,26,0,3.57,1,0,0,0,1
TXN007215,USER00227,472.47,Walmart,Bangalore,DEVICE_A,2026-11-13 08:37:00,8,32,0,5.16,0,0,0,0,0
TXN007216,USER01395,10140.02,Apple,Hyderabad,DEVICE_E,2026-11-10 08:26:00,8,27,0,0.02,0,1,0,0,0
TXN007217,USER00139,961.43,Uber,Delhi,DEVICE_E,2026-09-29 04:10:00,4,22,0,7.51,1,0,0,0,0
TXN007218,USER00856,1118.19,Apple,Kolkata,DEVICE_E,2026-11-12 11:46:00,11,8,1,9.83,0,0,0,0,0
TXN007219,USER00817,1142.23,Zomato,Bangalore,DEVICE_C,2026-02-14 23:56:00,23,17,0,5.33,0,0,0,0,0
TXN007220,USER01173,554.85,Walmart,Delhi,DEVICE_C,2026-07-09 08:56:00,8,42,1,5.23,0,0,0,0,0
TXN007221,USER01139,1287.7,Walmart,Mumbai,DEVICE_E,2026-05-07 00:05:00,0,23,0,44.69,1,0,0,0,0
TXN007222,USER01474,346.86,Walmart,Kolkata,DEVICE_B,2026-09-11 15:33:00,15,26,1,7.9,0,0,0,0,0
TXN007223,USER01087,2088.75,Zomato,Kolkata,DEVICE_C,2026-07-01 15:46:00,15,34,0,25.62,0,0,0,0,0
TXN007224,USER00104,870.82,Apple,Chennai,DEVICE_D,2026-09-05 02:53:00,2,3,0,5.42,1,0,0,0,0
TXN007225,USER01875,3027.28,Amazon,Mumbai,DEVICE_C,2026-11-09 13:01:00,13,21,0,33.11,0,0,0,0,0
TXN007226,USER00871,1746.95,Flipkart,Mumbai,DEVICE_D,2026-09-25 10:58:00,10,10,1,22.65,0,0,0,0,0
TXN007227,USER00668,1563.04,Paytm,Ahmedabad,DEVICE_C,2026-03-19 09:35:00,9,6,0,28.23,0,0,0,0,0
TXN007228,USER00273,536.8,Flipkart,Ahmedabad,DEVICE_E,2026-09-10 22:49:00,22,40,0,11.58,0,0,0,0,0
TXN007229,USER01030,1168.15,Walmart,Kolkata,DEVICE_D,2026-05-22 01:34:00,1,36,0,42.33,1,0,0,0,0
TXN007230,USER01171,2164.7,Uber,Hyderabad,DEVICE_B,2026-05-15 12:50:00,12,33,0,9.37,0,0,0,0,0
TXN007231,USER00184,1217.92,Zomato,Pune,DEVICE_C,2026-09-08 04:36:00,4,11,1,18.37,1,0,0,0,1
TXN007232,USER01052,323.17,Amazon,Ahmedabad,DEVICE_C,2026-01-19 11:26:00,11,3,0,20.44,0,0,0,0,0
TXN007233,USER01986,2662.18,Myntra,Bangalore,DEVICE_E,2026-12-29 06:37:00,6,44,0,60.84,0,0,0,0,0
TXN007234,USER01574,2165.26,Amazon,Chennai,DEVICE_D,2026-05-16 04:30:00,4,1,1,2.89,1,0,0,1,1
TXN007235,USER01143,284.12,Paytm,Mumbai,DEVICE_E,2026-04-18 02:12:00,2,46,0,2.91,1,0,0,0,1
TXN007236,USER00293,1228.15,Flipkart,Chennai,DEVICE_D,2026-04-28 19:07:00,19,0,0,12.4,0,0,0,1,1
TXN007237,USER01395,2284.16,Walmart,Kolkata,DEVICE_C,2026-09-27 16:33:00,16,17,0,49.99,0,0,0,0,0
TXN007238,USER01268,639.31,Swiggy,Bangalore,DEVICE_C,2026-02-22 14:46:00,14,22,1,0.44,0,0,0,0,1
TXN007239,USER01604,332.78,Myntra,Delhi,DEVICE_C,2026-01-05 20:31:00,20,33,0,6.47,0,0,0,0,0
TXN007240,USER01750,416.85,Walmart,Mumbai,DEVICE_C,2026-10-31 20:19:00,20,3,0,6.67,0,0,0,0,0
TXN007241,USER01242,994.26,Zomato,Bangalore,DEVICE_A,2026-07-08 09:37:00,9,41,0,7.28,0,0,0,0,0
TXN007242,USER00177,2534.0,Myntra,Pune,DEVICE_C,2026-01-15 10:56:00,10,44,0,0.5,0,0,0,0,0
TXN007243,USER01323,412.17,Paytm,Chennai,DEVICE_C,2026-10-16 21:42:00,21,18,0,34.93,0,0,0,0,0
TXN007244,USER01700,414.98,Swiggy,Kolkata,DEVICE_D,2026-12-21 02:02:00,2,39,0,0.18,1,0,0,0,0
TXN007245,USER00058,834.57,Apple,Bangalore,DEVICE_C,2026-02-09 06:30:00,6,41,0,12.99,0,0,0,0,0
TXN007246,USER01293,2036.27,Apple,Delhi,DEVICE_C,2026-10-26 17:48:00,17,39,0,1.16,0,0,0,0,0
TXN007247,USER00308,5315.71,Apple,Ahmedabad,DEVICE_D,2026-01-25 01:44:00,1,40,1,32.05,1,0,0,0,1
TXN007248,USER01594,1186.93,Uber,Ahmedabad,DEVICE_C,2026-09-16 00:07:00,0,8,0,27.45,1,0,0,0,0
TXN007249,USER01312,597.47,Apple,Bangalore,DEVICE_C,2026-12-05 03:44:00,3,22,0,25.57,1,0,0,0,1
TXN007250,USER00977,535.54,Netflix,Kolkata,DEVICE_E,2026-07-29 07:02:00,7,12,0,26.66,0,0,0,0,0
TXN007251,USER01129,3770.46,Myntra,Chennai,DEVICE_A,2026-10-16 04:26:00,4,0,0,56.35,1,0,0,1,1
TXN007252,USER01252,351.93,Swiggy,Mumbai,DEVICE_D,2026-01-05 17:11:00,17,11,0,10.78,0,0,0,0,0
TXN007253,USER01271,1305.65,Zomato,Pune,DEVICE_E,2026-05-19 20:35:00,20,9,1,39.55,0,0,0,0,0
TXN007254,USER00700,3589.97,Netflix,Pune,DEVICE_B,2026-02-01 07:57:00,7,26,1,4.07,0,0,0,0,0
TXN007255,USER01518,951.0,Netflix,Mumbai,DEVICE_B,2026-06-26 11:22:00,11,18,0,12.0,0,0,0,0,0
TXN007256,USER00083,414.49,Swiggy,Hyderabad,DEVICE_A,2026-09-04 19:39:00,19,39,0,0.18,0,0,0,0,0
TXN007257,USER01210,1765.69,Zomato,Chennai,DEVICE_B,2026-10-03 06:02:00,6,31,0,6.69,0,0,0,0,0
TXN007258,USER00252,1204.19,Myntra,Pune,DEVICE_A,2026-05-31 20:08:00,20,21,0,12.26,0,0,0,0,0
TXN007259,USER01379,1674.66,Flipkart,Hyderabad,DEVICE_B,2026-11-11 15:31:00,15,24,0,48.0,0,0,0,0,0
TXN007260,USER01774,1845.97,Walmart,Hyderabad,DEVICE_B,2026-04-19 02:06:00,2,10,0,7.62,1,0,0,0,0
TXN007261,USER01896,1747.59,Flipkart,Kolkata,DEVICE_E,2026-03-11 19:52:00,19,10,0,22.32,0,0,0,0,0
TXN007262,USER01720,1431.43,Paytm,Kolkata,DEVICE_B,2026-02-17 00:05:00,0,25,1,35.91,1,0,0,0,0
TXN007263,USER00796,2016.84,Swiggy,Kolkata,DEVICE_A,2026-04-15 12:32:00,12,15,0,7.91,0,0,0,0,0
TXN007264,USER00897,3692.86,Flipkart,Delhi,DEVICE_C,2026-11-11 13:33:00,13,28,0,3.71,0,0,0,0,0
TXN007265,USER01962,541.81,Flipkart,Chennai,DEVICE_C,2026-09-27 20:16:00,20,29,1,17.89,0,0,0,0,1
TXN007266,USER00210,863.42,Flipkart,Mumbai,DEVICE_C,2026-03-09 22:13:00,22,10,0,6.69,0,0,0,0,0
TXN007267,USER00816,2240.33,Apple,Chennai,DEVICE_A,2026-01-11 21:58:00,21,0,0,21.14,0,0,0,1,0
TXN007268,USER01832,1027.07,Amazon,Kolkata,DEVICE_A,2026-02-23 14:30:00,14,5,0,2.89,0,0,0,0,0
TXN007269,USER00609,351.67,Flipkart,Delhi,DEVICE_C,2026-01-12 21:33:00,21,12,0,3.29,0,0,0,0,0
TXN007270,USER00447,1479.66,Walmart,Chennai,DEVICE_B,2026-02-08 08:53:00,8,26,0,22.54,0,0,0,0,0
TXN007271,USER00460,704.67,Swiggy,Chennai,DEVICE_C,2026-03-31 19:56:00,19,42,0,72.66,0,0,0,0,0
TXN007272,USER00968,7393.21,Paytm,Hyderabad,DEVICE_D,2026-02-08 07:16:00,7,34,0,5.67,0,0,0,0,0
TXN007273,USER00472,2681.05,Amazon,Chennai,DEVICE_A,2026-03-09 05:58:00,5,32,0,25.03,1,0,0,0,0
TXN007274,USER01744,3113.98,Uber,Hyderabad,DEVICE_D,2026-11-13 11:45:00,11,13,0,15.19,0,0,0,0,0
TXN007275,USER00370,1138.56,Walmart,Hyderabad,DEVICE_D,2026-07-09 04:36:00,4,42,0,37.14,1,0,0,0,0
TXN007276,USER00900,1450.22,Walmart,Bangalore,DEVICE_A,2026-08-25 08:50:00,8,45,0,9.85,0,0,0,0,0
TXN007277,USER01958,805.82,Apple,Kolkata,DEVICE_C,2026-01-04 07:59:00,7,21,0,71.31,0,0,0,0,0
TXN007278,USER01516,515.8,Apple,Pune,DEVICE_E,2026-05-31 20:29:00,20,41,0,1.72,0,0,0,0,0
TXN007279,USER00923,482.71,Swiggy,Delhi,DEVICE_D,2026-10-13 04:08:00,4,20,0,83.53,1,0,0,0,0
TXN007280,USER00137,7502.13,Walmart,Hyderabad,DEVICE_C,2026-02-06 15:34:00,15,1,0,37.45,0,0,0,1,0
TXN007281,USER00367,1567.41,Zomato,Chennai,DEVICE_E,2026-07-25 18:33:00,18,4,0,40.27,0,0,0,0,0
TXN007282,USER00912,333.48,Zomato,Hyderabad,DEVICE_D,2026-05-22 15:47:00,15,14,0,36.95,0,0,0,0,0
TXN007283,USER00184,2605.39,Swiggy,Hyderabad,DEVICE_C,2026-04-12 14:03:00,14,49,1,39.59,0,0,0,0,1
TXN007284,USER01612,11624.45,Flipkart,Hyderabad,DEVICE_D,2026-02-22 17:24:00,17,47,0,33.76,0,1,0,0,0
TXN007285,USER01311,275.31,Netflix,Mumbai,DEVICE_C,2026-04-04 05:00:00,5,19,0,45.96,1,0,0,0,0
TXN007286,USER00472,1882.31,Uber,Pune,DEVICE_B,2026-01-30 19:59:00,19,25,0,12.35,0,0,0,0,0
TXN007287,USER01399,399.25,Paytm,Pune,DEVICE_B,2026-10-17 18:25:00,18,23,0,56.03,0,0,0,0,0
TXN007288,USER00654,3102.49,Apple,Mumbai,DEVICE_A,2026-01-24 09:53:00,9,34,0,9.72,0,0,0,0,0
TXN007289,USER00749,159.89,Paytm,Mumbai,DEVICE_E,2026-01-29 04:56:00,4,23,1,26.08,1,0,0,0,0
TXN007290,USER00537,1177.3,Netflix,Mumbai,DEVICE_D,2026-06-08 15:23:00,15,25,0,24.78,0,0,0,0,0
TXN007291,USER01535,1634.95,Myntra,Pune,DEVICE_D,2026-02-21 13:15:00,13,40,1,34.4,0,0,0,0,1
TXN007292,USER00802,315.4,Swiggy,Bangalore,DEVICE_C,2026-03-01 19:45:00,19,49,0,26.82,0,0,0,0,0
TXN007293,USER01603,1635.42,Flipkart,Hyderabad,DEVICE_E,2026-04-17 00:07:00,0,21,0,0.72,1,0,0,0,1
TXN007294,USER01274,721.73,Amazon,Bangalore,DEVICE_D,2026-01-27 01:16:00,1,26,0,26.88,1,0,0,0,0
TXN007295,USER00920,5171.05,Flipkart,Chennai,DEVICE_E,2026-05-02 13:57:00,13,18,0,0.47,0,0,0,0,0
TXN007296,USER00510,304.48,Walmart,Pune,DEVICE_E,2026-01-17 17:02:00,17,36,0,15.24,0,0,0,0,1
TXN007297,USER00630,2484.05,Flipkart,Kolkata,DEVICE_B,2026-10-27 11:09:00,11,35,0,36.52,0,0,0,0,0
TXN007298,USER01002,1002.27,Walmart,Pune,DEVICE_D,2026-03-14 08:26:00,8,28,0,35.39,0,0,0,0,0
TXN007299,USER01097,3513.17,Paytm,Delhi,DEVICE_D,2026-07-31 13:12:00,13,39,0,36.82,0,0,0,0,0
TXN007300,USER01306,3586.62,Myntra,Bangalore,DEVICE_A,2026-08-19 18:09:00,18,38,0,18.45,0,0,0,0,0
TXN007301,USER00916,874.41,Apple,Mumbai,DEVICE_E,2026-10-17 01:02:00,1,42,0,4.06,1,0,0,0,0
TXN007302,USER01984,1053.41,Myntra,Ahmedabad,DEVICE_C,2026-09-11 11:34:00,11,11,0,14.18,0,0,0,0,0
TXN007303,USER01384,2484.6,Walmart,Mumbai,DEVICE_B,2026-01-28 23:49:00,23,43,1,14.52,0,0,0,0,0
TXN007304,USER01034,1754.19,Amazon,Chennai,DEVICE_A,2026-04-08 05:19:00,5,15,1,7.85,1,0,0,0,0
TXN007305,USER01235,986.76,Netflix,Hyderabad,DEVICE_B,2026-04-07 01:04:00,1,47,0,11.04,1,0,0,0,0
TXN007306,USER01859,517.99,Paytm,Delhi,DEVICE_C,2026-03-11 18:20:00,18,30,0,41.14,0,0,0,0,0
TXN007307,USER00152,1523.54,Paytm,Bangalore,DEVICE_A,2026-09-07 02:19:00,2,14,0,14.59,1,0,0,0,0
TXN007308,USER01029,403.44,Flipkart,Hyderabad,DEVICE_B,2026-05-04 01:13:00,1,32,0,24.4,1,0,0,0,0
TXN007309,USER01219,1965.34,Apple,Hyderabad,DEVICE_C,2026-12-13 00:46:00,0,14,0,13.7,1,0,0,0,0
TXN007310,USER01978,2979.54,Flipkart,Kolkata,DEVICE_A,2026-10-16 23:57:00,23,31,0,19.22,0,0,0,0,0
TXN007311,USER01307,521.35,Flipkart,Kolkata,DEVICE_C,2026-08-15 18:44:00,18,21,1,1.94,0,0,0,0,1
TXN007312,USER00464,753.31,Walmart,Bangalore,DEVICE_A,2026-10-03 22:19:00,22,49,0,53.59,0,0,0,0,0
TXN007313,USER01137,621.69,Netflix,Bangalore,DEVICE_D,2026-11-17 09:22:00,9,5,0,11.45,0,0,0,0,0
TXN007314,USER00271,2831.32,Apple,Bangalore,DEVICE_D,2026-12-05 00:50:00,0,29,0,27.59,1,0,0,0,0
TXN007315,USER01187,1151.98,Flipkart,Bangalore,DEVICE_B,2026-10-09 17:56:00,17,40,0,22.0,0,0,0,0,0
TXN007316,USER00460,788.84,Paytm,Mumbai,DEVICE_E,2026-04-27 08:28:00,8,16,0,32.12,0,0,0,0,0
TXN007317,USER00105,1964.08,Flipkart,Pune,DEVICE_E,2026-02-15 04:23:00,4,43,0,0.71,1,0,0,0,0
TXN007318,USER01717,711.46,Uber,Pune,DEVICE_C,2026-02-01 09:29:00,9,1,0,54.78,0,0,0,1,0
TXN007319,USER01580,912.88,Swiggy,Hyderabad,DEVICE_A,2026-12-31 04:45:00,4,15,0,35.41,1,0,0,0,0
TXN007320,USER01306,402.04,Paytm,Pune,DEVICE_D,2026-07-04 10:21:00,10,46,0,35.89,0,0,0,0,0
TXN007321,USER01711,2332.7,Uber,Ahmedabad,DEVICE_E,2026-01-31 00:41:00,0,11,0,12.59,1,0,0,0,1
TXN007322,USER00162,410.44,Swiggy,Hyderabad,DEVICE_D,2026-10-01 02:27:00,2,46,0,31.82,1,0,0,0,0
TXN007323,USER00351,3982.43,Amazon,Mumbai,DEVICE_C,2026-08-16 09:41:00,9,44,0,17.12,0,0,0,0,0
TXN007324,USER00434,1359.79,Uber,Ahmedabad,DEVICE_C,2026-05-05 19:52:00,19,11,1,14.0,0,0,0,0,0
TXN007325,USER00852,952.37,Walmart,Pune,DEVICE_A,2026-10-11 14:13:00,14,47,0,30.74,0,0,0,0,0
TXN007326,USER00140,1083.78,Amazon,Hyderabad,DEVICE_E,2026-05-29 03:37:00,3,38,0,19.77,1,0,0,0,0
TXN007327,USER01495,5110.01,Zomato,Bangalore,DEVICE_C,2026-12-09 20:41:00,20,16,1,1.61,0,0,0,0,1
TXN007328,USER01156,326.51,Apple,Delhi,DEVICE_C,2026-12-26 23:35:00,23,41,0,7.55,0,0,0,0,0
TXN007329,USER00087,349.03,Paytm,Pune,DEVICE_D,2026-05-22 14:41:00,14,40,0,19.46,0,0,0,0,0
TXN007330,USER01712,2600.48,Zomato,Ahmedabad,DEVICE_B,2026-01-13 10:09:00,10,5,0,46.83,0,0,0,0,0
TXN007331,USER00183,478.56,Paytm,Kolkata,DEVICE_E,2026-05-20 05:22:00,5,40,0,54.06,1,0,0,0,0
TXN007332,USER00368,563.81,Apple,Ahmedabad,DEVICE_A,2026-08-11 06:15:00,6,25,0,36.52,0,0,0,0,0
TXN007333,USER00129,736.0,Apple,Ahmedabad,DEVICE_A,2026-11-20 08:35:00,8,0,0,5.87,0,0,0,1,0
TXN007334,USER01270,3019.74,Paytm,Kolkata,DEVICE_D,2026-01-16 01:34:00,1,15,0,12.83,1,0,0,0,0
TXN007335,USER01625,2272.4,Apple,Hyderabad,DEVICE_A,2026-05-09 11:10:00,11,45,1,11.36,0,0,0,0,0
TXN007336,USER01602,965.78,Uber,Delhi,DEVICE_C,2026-11-15 16:49:00,16,39,1,11.55,0,0,0,0,0
TXN007337,USER00670,1572.57,Myntra,Kolkata,DEVICE_E,2026-09-06 10:18:00,10,46,1,1.02,0,0,0,0,1
TXN007338,USER01923,1538.71,Netflix,Pune,DEVICE_A,2026-03-29 06:23:00,6,15,1,3.81,0,0,0,0,0
TXN007339,USER01402,444.85,Paytm,Delhi,DEVICE_E,2026-06-12 16:34:00,16,45,0,3.33,0,0,0,0,0
TXN007340,USER00149,472.93,Zomato,Ahmedabad,DEVICE_A,2026-08-13 04:08:00,4,15,0,19.21,1,0,0,0,1
TXN007341,USER00985,175.38,Zomato,Mumbai,DEVICE_B,2026-09-04 06:44:00,6,38,0,10.61,0,0,0,0,0
TXN007342,USER00852,4194.54,Apple,Chennai,DEVICE_B,2026-12-06 01:03:00,1,28,0,7.84,1,0,0,0,0
TXN007343,USER01457,599.99,Paytm,Hyderabad,DEVICE_E,2026-07-20 11:59:00,11,49,0,11.74,0,0,0,0,0
TXN007344,USER00628,1110.13,Myntra,Mumbai,DEVICE_B,2026-07-06 05:54:00,5,48,0,7.84,1,0,0,0,0
TXN007345,USER01750,1781.16,Myntra,Mumbai,DEVICE_B,2026-09-02 23:50:00,23,25,1,28.33,0,0,0,0,0
TXN007346,USER01493,457.54,Netflix,Delhi,DEVICE_C,2026-06-22 18:29:00,18,29,0,3.66,0,0,0,0,0
TXN007347,USER00446,511.41,Uber,Hyderabad,DEVICE_A,2026-08-17 01:34:00,1,32,0,1.16,1,0,0,0,0
TXN007348,USER01505,478.75,Netflix,Mumbai,DEVICE_B,2026-06-28 14:29:00,14,42,0,21.04,0,0,0,0,0
TXN007349,USER00884,80.87,Walmart,Bangalore,DEVICE_E,2026-12-13 12:02:00,12,19,0,5.24,0,0,0,0,0
TXN007350,USER00294,1034.19,Zomato,Mumbai,DEVICE_C,2026-04-30 20:19:00,20,36,1,20.62,0,0,0,0,0
TXN007351,USER01789,8986.19,Myntra,Bangalore,DEVICE_B,2026-08-04 22:51:00,22,12,0,1.21,0,0,0,0,0
TXN007352,USER01167,680.96,Apple,Chennai,DEVICE_E,2026-10-24 00:55:00,0,7,0,5.68,1,0,0,0,1
TXN007353,USER00250,697.91,Myntra,Bangalore,DEVICE_A,2026-02-08 06:23:00,6,31,1,3.34,0,0,0,0,1
TXN007354,USER00878,786.17,Myntra,Bangalore,DEVICE_B,2026-04-01 21:17:00,21,17,0,6.87,0,0,0,0,0
TXN007355,USER00948,1451.64,Swiggy,Delhi,DEVICE_E,2026-09-09 21:22:00,21,44,0,7.98,0,0,0,0,0
TXN007356,USER00975,2424.31,Zomato,Mumbai,DEVICE_E,2026-05-06 21:46:00,21,40,0,13.67,0,0,0,0,0
TXN007357,USER01326,517.48,Walmart,Chennai,DEVICE_D,2026-09-11 22:24:00,22,10,0,14.69,0,0,0,0,0
TXN007358,USER01049,1662.9,Netflix,Mumbai,DEVICE_E,2026-10-01 13:36:00,13,37,0,19.89,0,0,0,0,0
TXN007359,USER00789,1015.19,Walmart,Pune,DEVICE_D,2026-11-07 05:12:00,5,42,1,8.06,1,0,0,0,0
TXN007360,USER00984,1435.1,Swiggy,Pune,DEVICE_A,2026-08-01 15:52:00,15,46,1,15.19,0,0,0,0,0
TXN007361,USER00889,1646.1,Uber,Bangalore,DEVICE_A,2026-11-23 20:57:00,20,13,0,92.34,0,0,0,0,0
TXN007362,USER00890,456.08,Walmart,Kolkata,DEVICE_C,2026-08-05 05:28:00,5,39,0,4.73,1,0,0,0,0
TXN007363,USER01925,683.02,Myntra,Bangalore,DEVICE_D,2026-05-05 07:48:00,7,49,1,3.31,0,0,0,0,0
TXN007364,USER00070,1662.58,Amazon,Mumbai,DEVICE_E,2026-05-08 23:44:00,23,32,0,36.97,0,0,0,0,0
TXN007365,USER00625,966.65,Paytm,Ahmedabad,DEVICE_C,2026-05-14 17:24:00,17,40,1,10.57,0,0,0,0,0
TXN007366,USER00875,2237.28,Walmart,Chennai,DEVICE_C,2026-05-02 06:48:00,6,22,0,37.53,0,0,0,0,0
TXN007367,USER01136,897.71,Paytm,Kolkata,DEVICE_A,2026-12-18 02:44:00,2,6,0,11.06,1,0,0,0,0
TXN007368,USER01388,2722.84,Swiggy,Chennai,DEVICE_E,2026-05-07 05:14:00,5,14,0,0.44,1,0,0,0,0
TXN007369,USER01327,187.48,Walmart,Delhi,DEVICE_D,2026-11-30 01:21:00,1,14,0,9.4,1,0,0,0,0
TXN007370,USER00471,1467.05,Walmart,Bangalore,DEVICE_A,2026-06-14 03:11:00,3,8,0,18.84,1,0,0,0,0
TXN007371,USER01988,343.54,Flipkart,Bangalore,DEVICE_C,2026-10-13 04:09:00,4,20,0,11.87,1,0,0,0,0
TXN007372,USER00091,3008.62,Myntra,Pune,DEVICE_B,2026-09-17 10:12:00,10,36,0,12.3,0,0,0,0,0
TXN007373,USER00530,958.7,Apple,Delhi,DEVICE_C,2026-04-25 10:07:00,10,38,0,127.73,0,0,0,0,0
TXN007374,USER00661,807.18,Paytm,Pune,DEVICE_B,2026-06-29 00:51:00,0,27,0,15.71,1,0,0,0,0
TXN007375,USER00739,521.34,Uber,Mumbai,DEVICE_A,2026-05-15 12:27:00,12,43,0,23.88,0,0,0,0,0
TXN007376,USER00726,1992.86,Flipkart,Bangalore,DEVICE_D,2026-05-26 21:29:00,21,5,0,25.53,0,0,0,0,0
TXN007377,USER00872,1828.64,Myntra,Mumbai,DEVICE_E,2026-06-07 10:18:00,10,9,1,0.0,0,0,0,0,0
TXN007378,USER01687,851.18,Swiggy,Chennai,DEVICE_B,2026-04-30 10:36:00,10,14,1,16.08,0,0,0,0,0
TXN007379,USER00192,1995.98,Paytm,Kolkata,DEVICE_E,2026-12-07 12:46:00,12,23,1,65.97,0,0,0,0,0
TXN007380,USER01987,1337.5,Netflix,Kolkata,DEVICE_A,2026-12-30 21:09:00,21,3,0,27.79,0,0,0,0,0
TXN007381,USER01576,1184.84,Swiggy,Kolkata,DEVICE_A,2026-11-27 10:21:00,10,46,0,8.32,0,0,0,0,0
TXN007382,USER01266,2218.51,Apple,Pune,DEVICE_A,2026-05-22 04:51:00,4,49,0,9.07,1,0,0,0,0
TXN007383,USER00138,5598.27,Paytm,Hyderabad,DEVICE_D,2026-02-15 14:34:00,14,34,0,7.24,0,0,0,0,0
TXN007384,USER00345,1413.33,Swiggy,Delhi,DEVICE_B,2026-04-28 11:38:00,11,14,0,19.9,0,0,0,0,0
TXN007385,USER01204,1415.29,Flipkart,Kolkata,DEVICE_E,2026-03-10 23:52:00,23,36,1,2.05,0,0,0,0,0
TXN007386,USER01009,2506.77,Swiggy,Bangalore,DEVICE_C,2026-04-14 14:46:00,14,1,0,6.85,0,0,0,1,0
TXN007387,USER01736,465.35,Apple,Delhi,DEVICE_A,2026-12-15 18:05:00,18,46,0,13.79,0,0,0,0,0
TXN007388,USER00503,930.04,Apple,Chennai,DEVICE_E,2026-08-12 18:12:00,18,39,0,15.32,0,0,0,0,0
TXN007389,USER00203,774.74,Amazon,Chennai,DEVICE_E,2026-11-05 07:44:00,7,27,0,18.7,0,0,0,0,0
TXN007390,USER00573,1437.06,Walmart,Pune,DEVICE_D,2026-09-14 18:20:00,18,4,1,31.91,0,0,0,0,1
TXN007391,USER00192,1333.08,Netflix,Chennai,DEVICE_B,2026-02-27 05:19:00,5,22,0,3.56,1,0,0,0,1
TXN007392,USER00005,5338.55,Netflix,Chennai,DEVICE_D,2026-06-06 15:23:00,15,8,0,5.1,0,0,0,0,0
TXN007393,USER01914,4227.09,Flipkart,Ahmedabad,DEVICE_D,2026-11-16 18:21:00,18,6,0,41.16,0,0,0,0,0
TXN007394,USER01261,280.53,Apple,Hyderabad,DEVICE_E,2026-09-27 15:03:00,15,3,0,35.58,0,0,0,0,0
TXN007395,USER01717,1512.53,Amazon,Ahmedabad,DEVICE_B,2026-06-02 23:48:00,23,18,0,34.47,0,0,0,0,0
TXN007396,USER00311,2074.28,Myntra,Mumbai,DEVICE_B,2026-11-25 23:30:00,23,7,0,4.68,0,0,0,0,0
TXN007397,USER00549,1182.81,Amazon,Mumbai,DEVICE_B,2026-04-28 13:36:00,13,30,0,1.2,0,0,0,0,0
TXN007398,USER00056,689.26,Uber,Ahmedabad,DEVICE_A,2026-09-27 19:58:00,19,13,0,14.82,0,0,0,0,0
TXN007399,USER00443,3792.74,Swiggy,Kolkata,DEVICE_B,2026-07-12 21:27:00,21,28,0,40.81,0,0,0,0,0
TXN007400,USER01261,1476.08,Walmart,Hyderabad,DEVICE_E,2026-11-16 12:41:00,12,8,1,5.42,0,0,0,0,0
TXN007401,USER00870,428.77,Amazon,Pune,DEVICE_A,2026-03-17 15:29:00,15,36,0,46.91,0,0,0,0,0
TXN007402,USER01885,2639.7,Swiggy,Mumbai,DEVICE_C,2026-03-14 15:32:00,15,5,0,3.05,0,0,0,0,0
TXN007403,USER01221,1670.65,Walmart,Ahmedabad,DEVICE_D,2026-03-31 05:49:00,5,41,0,7.08,1,0,0,0,1
TXN007404,USER00585,614.44,Paytm,Pune,DEVICE_B,2026-08-16 04:19:00,4,27,0,7.08,1,0,0,0,0
TXN007405,USER01595,551.63,Uber,Pune,DEVICE_C,2026-12-13 03:38:00,3,44,0,3.28,1,0,0,0,1
TXN007406,USER00752,535.65,Uber,Chennai,DEVICE_B,2026-11-11 05:43:00,5,9,0,41.24,1,0,0,0,0
TXN007407,USER01538,3182.36,Apple,Mumbai,DEVICE_D,2026-12-15 18:09:00,18,44,1,10.64,0,0,0,0,0
TXN007408,USER01473,1864.08,Uber,Delhi,DEVICE_E,2026-03-14 21:21:00,21,2,0,4.23,0,0,0,0,0
TXN007409,USER00360,2593.09,Paytm,Kolkata,DEVICE_E,2026-08-11 05:29:00,5,11,0,3.19,1,0,0,0,0
TXN007410,USER01724,1318.23,Apple,Mumbai,DEVICE_D,2026-11-13 09:29:00,9,35,0,10.93,0,0,0,0,0
TXN007411,USER00819,593.84,Zomato,Delhi,DEVICE_C,2026-07-14 20:32:00,20,10,0,0.35,0,0,0,0,0
TXN007412,USER00030,536.52,Myntra,Bangalore,DEVICE_A,2026-10-09 17:47:00,17,8,0,2.58,0,0,0,0,0
TXN007413,USER01803,2880.83,Flipkart,Delhi,DEVICE_A,2026-01-11 16:06:00,16,5,0,0.07,0,0,0,0,0
TXN007414,USER00108,1638.61,Swiggy,Delhi,DEVICE_B,2026-05-24 10:16:00,10,11,0,0.49,0,0,0,0,0
TXN007415,USER00844,863.4,Myntra,Chennai,DEVICE_D,2026-10-22 01:49:00,1,45,0,118.84,1,0,0,0,0
TXN007416,USER01959,1117.91,Myntra,Chennai,DEVICE_D,2026-05-08 18:25:00,18,40,0,11.92,0,0,0,0,0
TXN007417,USER01626,2692.64,Netflix,Kolkata,DEVICE_A,2026-02-10 21:18:00,21,7,0,26.11,0,0,0,0,0
TXN007418,USER00717,1820.5,Amazon,Chennai,DEVICE_C,2026-01-25 00:00:00,0,40,0,26.72,1,0,0,0,0
TXN007419,USER00891,1009.25,Uber,Delhi,DEVICE_D,2026-01-20 15:36:00,15,12,1,42.47,0,0,0,0,1
TXN007420,USER01992,1051.92,Zomato,Hyderabad,DEVICE_E,2026-06-24 22:36:00,22,42,0,2.19,0,0,0,0,0
TXN007421,USER01983,644.54,Amazon,Chennai,DEVICE_E,2026-05-19 02:04:00,2,8,0,14.92,1,0,0,0,0
TXN007422,USER00960,1119.73,Flipkart,Chennai,DEVICE_D,2026-10-06 08:15:00,8,19,0,7.76,0,0,0,0,0
TXN007423,USER01469,846.35,Amazon,Ahmedabad,DEVICE_C,2026-05-17 08:01:00,8,39,0,15.9,0,0,0,0,0
TXN007424,USER00893,1048.25,Netflix,Delhi,DEVICE_E,2026-01-08 07:25:00,7,9,1,8.07,0,0,0,0,0
TXN007425,USER01462,673.57,Flipkart,Bangalore,DEVICE_C,2026-07-19 08:07:00,8,40,0,4.06,0,0,0,0,0
TXN007426,USER00732,328.4,Paytm,Bangalore,DEVICE_A,2026-02-26 12:58:00,12,26,0,22.35,0,0,0,0,0
TXN007427,USER01914,2587.43,Paytm,Ahmedabad,DEVICE_B,2026-11-22 23:47:00,23,3,0,0.78,0,0,0,0,0
TXN007428,USER00606,1836.85,Apple,Mumbai,DEVICE_A,2026-09-11 20:14:00,20,9,0,45.15,0,0,0,0,0
TXN007429,USER00457,863.57,Amazon,Kolkata,DEVICE_B,2026-07-11 15:06:00,15,48,0,3.16,0,0,0,0,0
TXN007430,USER00615,820.87,Swiggy,Bangalore,DEVICE_E,2026-03-16 04:26:00,4,18,0,19.1,1,0,0,0,0
TXN007431,USER01759,314.23,Zomato,Chennai,DEVICE_B,2026-10-17 08:53:00,8,9,0,28.07,0,0,0,0,0
TXN007432,USER00698,2862.04,Netflix,Hyderabad,DEVICE_B,2026-09-06 05:42:00,5,49,1,1.51,1,0,0,0,0
TXN007433,USER01720,3389.9,Flipkart,Mumbai,DEVICE_D,2026-05-18 06:23:00,6,47,0,46.72,0,0,0,0,0
TXN007434,USER01519,1013.14,Zomato,Kolkata,DEVICE_B,2026-01-20 07:10:00,7,22,0,8.81,0,0,0,0,0
TXN007435,USER00674,1471.6,Amazon,Hyderabad,DEVICE_D,2026-05-23 23:55:00,23,35,0,114.44,0,0,0,0,0
TXN007436,USER01271,450.41,Swiggy,Hyderabad,DEVICE_B,2026-07-05 00:28:00,0,40,0,1.43,1,0,0,0,0
TXN007437,USER00543,1184.46,Amazon,Chennai,DEVICE_D,2026-01-18 15:40:00,15,8,0,25.23,0,0,0,0,0
TXN007438,USER01588,590.4,Uber,Delhi,DEVICE_E,2026-08-12 07:29:00,7,1,0,3.5,0,0,0,1,0
TXN007439,USER00857,592.24,Uber,Delhi,DEVICE_E,2026-02-15 06:11:00,6,18,0,10.31,0,0,0,0,0
TXN007440,USER01612,845.78,Netflix,Delhi,DEVICE_B,2026-05-26 14:34:00,14,7,0,11.71,0,0,0,0,0
TXN007441,USER00897,748.55,Flipkart,Bangalore,DEVICE_C,2026-08-03 13:38:00,13,25,0,10.42,0,0,0,0,0
TXN007442,USER01463,977.07,Flipkart,Delhi,DEVICE_E,2026-09-18 01:25:00,1,35,0,8.24,1,0,0,0,0
TXN007443,USER00278,2838.36,Myntra,Kolkata,DEVICE_A,2026-08-12 06:55:00,6,10,0,29.15,0,0,0,0,0
TXN007444,USER00552,163.9,Netflix,Ahmedabad,DEVICE_A,2026-02-25 06:08:00,6,2,1,34.28,0,0,0,0,1
TXN007445,USER01637,678.62,Netflix,Chennai,DEVICE_D,2026-03-28 04:37:00,4,29,0,8.18,1,0,0,0,0
TXN007446,USER00111,1936.4,Swiggy,Ahmedabad,DEVICE_C,2026-07-30 05:12:00,5,17,0,13.18,1,0,0,0,1
TXN007447,USER00385,1306.68,Uber,Bangalore,DEVICE_D,2026-09-14 03:31:00,3,16,1,10.96,1,0,0,0,0
TXN007448,USER01857,543.6,Flipkart,Kolkata,DEVICE_B,2026-05-16 10:12:00,10,8,0,18.0,0,0,0,0,0
TXN007449,USER00761,7293.08,Amazon,Delhi,DEVICE_E,2026-11-16 16:32:00,16,29,0,3.26,0,0,0,0,0
TXN007450,USER01215,12415.62,Netflix,Kolkata,DEVICE_C,2026-03-19 19:23:00,19,15,0,32.77,0,1,0,0,0
TXN007451,USER01514,1081.44,Apple,Ahmedabad,DEVICE_D,2026-12-23 20:05:00,20,7,0,31.89,0,0,0,0,0
TXN007452,USER00694,449.31,Walmart,Hyderabad,DEVICE_D,2026-12-17 18:33:00,18,40,0,17.85,0,0,0,0,0
TXN007453,USER01450,874.8,Flipkart,Chennai,DEVICE_A,2026-12-11 14:36:00,14,25,0,27.42,0,0,0,0,0
TXN007454,USER00405,397.59,Paytm,Chennai,DEVICE_B,2026-07-21 08:41:00,8,4,0,89.32,0,0,0,0,0
TXN007455,USER01359,1572.75,Flipkart,Ahmedabad,DEVICE_D,2026-09-22 16:52:00,16,4,0,51.15,0,0,0,0,0
TXN007456,USER01233,1840.89,Apple,Kolkata,DEVICE_A,2026-03-14 10:29:00,10,45,0,18.91,0,0,0,0,0
TXN007457,USER00022,2661.89,Flipkart,Mumbai,DEVICE_C,2026-03-06 04:15:00,4,23,0,14.32,1,0,0,0,0
TXN007458,USER00678,1571.02,Apple,Ahmedabad,DEVICE_D,2026-06-24 00:39:00,0,13,1,15.29,1,0,0,0,0
TXN007459,USER00611,1347.33,Walmart,Chennai,DEVICE_A,2026-01-19 13:26:00,13,4,0,12.57,0,0,0,0,0
TXN007460,USER01232,442.84,Myntra,Hyderabad,DEVICE_B,2026-04-09 19:36:00,19,35,0,13.09,0,0,0,0,0
TXN007461,USER00008,364.95,Swiggy,Ahmedabad,DEVICE_E,2026-02-13 00:56:00,0,24,0,26.34,1,0,0,0,0
TXN007462,USER00702,177.91,Walmart,Ahmedabad,DEVICE_C,2026-01-12 03:04:00,3,16,0,96.87,1,0,0,0,0
TXN007463,USER01711,1179.44,Zomato,Chennai,DEVICE_D,2026-09-10 15:12:00,15,5,1,0.93,0,0,0,0,0
TXN007464,USER01809,2384.97,Myntra,Ahmedabad,DEVICE_A,2026-11-10 08:10:00,8,6,0,5.23,0,0,0,0,0
TXN007465,USER00529,3091.8,Swiggy,Mumbai,DEVICE_D,2026-05-26 03:49:00,3,45,0,4.72,1,0,0,0,0
TXN007466,USER00602,2330.52,Uber,Chennai,DEVICE_E,2026-02-22 07:42:00,7,14,0,35.78,0,0,0,0,0
TXN007467,USER01677,788.02,Apple,Pune,DEVICE_D,2026-12-29 20:52:00,20,5,0,10.89,0,0,0,0,0
TXN007468,USER00657,5844.39,Netflix,Chennai,DEVICE_D,2026-05-05 16:47:00,16,31,0,14.89,0,0,0,0,0
TXN007469,USER00166,466.89,Zomato,Mumbai,DEVICE_A,2026-01-21 09:59:00,9,41,0,12.67,0,0,0,0,0
TXN007470,USER00849,447.67,Walmart,Pune,DEVICE_E,2026-02-18 20:26:00,20,39,0,38.44,0,0,0,0,0
TXN007471,USER00496,2186.45,Flipkart,Pune,DEVICE_C,2026-08-06 16:09:00,16,26,0,13.85,0,0,0,0,0
TXN007472,USER00590,3887.87,Walmart,Chennai,DEVICE_A,2026-10-25 21:59:00,21,39,0,22.04,0,0,0,0,0
TXN007473,USER00429,5504.85,Swiggy,Ahmedabad,DEVICE_E,2026-05-25 13:46:00,13,4,0,0.39,0,0,0,0,1
TXN007474,USER00774,2690.27,Zomato,Kolkata,DEVICE_E,2026-01-03 03:21:00,3,15,0,21.14,1,0,0,0,0
TXN007475,USER00163,2124.18,Amazon,Bangalore,DEVICE_D,2026-04-11 18:52:00,18,10,0,5.51,0,0,0,0,0
TXN007476,USER00366,2279.12,Swiggy,Pune,DEVICE_B,2026-09-01 07:13:00,7,38,0,40.33,0,0,0,0,0
TXN007477,USER01550,853.8,Myntra,Kolkata,DEVICE_B,2026-09-16 18:07:00,18,24,0,27.85,0,0,0,0,0
TXN007478,USER01263,533.17,Walmart,Chennai,DEVICE_C,2026-05-31 07:01:00,7,1,0,2.31,0,0,0,1,0
TXN007479,USER00072,1404.22,Walmart,Delhi,DEVICE_D,2026-05-15 00:41:00,0,27,0,2.18,1,0,0,0,1
TXN007480,USER01469,238.39,Zomato,Delhi,DEVICE_B,2026-05-10 06:24:00,6,6,0,6.93,0,0,0,0,0
TXN007481,USER00655,830.89,Apple,Bangalore,DEVICE_A,2026-09-28 01:28:00,1,37,0,2.69,1,0,0,0,0
TXN007482,USER01846,680.18,Zomato,Pune,DEVICE_C,2026-09-13 20:27:00,20,49,0,26.97,0,0,0,0,0
TXN007483,USER01533,1853.71,Netflix,Chennai,DEVICE_D,2026-02-05 02:32:00,2,0,0,86.58,1,0,0,1,0
TXN007484,USER01819,1336.91,Walmart,Hyderabad,DEVICE_A,2026-04-04 22:38:00,22,17,0,21.3,0,0,0,0,0
TXN007485,USER00269,4178.99,Apple,Pune,DEVICE_B,2026-07-30 17:05:00,17,11,0,5.73,0,0,0,0,0
TXN007486,USER01777,2298.6,Apple,Chennai,DEVICE_B,2026-11-01 02:07:00,2,48,1,16.61,1,0,0,0,1
TXN007487,USER00415,616.95,Zomato,Delhi,DEVICE_B,2026-01-04 08:58:00,8,7,0,32.76,0,0,0,0,0
TXN007488,USER01269,2008.73,Uber,Mumbai,DEVICE_B,2026-08-21 12:33:00,12,19,0,65.51,0,0,0,0,0
TXN007489,USER01016,231.7,Swiggy,Bangalore,DEVICE_E,2026-11-09 16:03:00,16,34,1,0.1,0,0,0,0,0
TXN007490,USER00675,2119.97,Myntra,Mumbai,DEVICE_C,2026-06-11 12:40:00,12,41,0,14.83,0,0,0,0,0
TXN007491,USER01084,560.29,Uber,Hyderabad,DEVICE_C,2026-03-06 15:40:00,15,15,0,12.07,0,0,0,0,0
TXN007492,USER00006,634.6,Walmart,Chennai,DEVICE_B,2026-09-25 14:46:00,14,49,0,10.71,0,0,0,0,0
TXN007493,USER01733,3672.68,Walmart,Ahmedabad,DEVICE_C,2026-09-15 00:00:00,0,32,0,14.02,1,0,0,0,0
TXN007494,USER00982,1557.11,Walmart,Hyderabad,DEVICE_A,2026-06-14 21:12:00,21,39,0,10.33,0,0,0,0,0
TXN007495,USER00570,921.69,Paytm,Mumbai,DEVICE_A,2026-12-01 10:03:00,10,24,0,8.43,0,0,0,0,0
TXN007496,USER01841,2737.37,Flipkart,Chennai,DEVICE_C,2026-09-06 00:07:00,0,18,1,2.44,1,0,0,0,1
TXN007497,USER00407,4129.61,Amazon,Pune,DEVICE_B,2026-12-06 00:29:00,0,34,0,13.86,1,0,0,0,1
TXN007498,USER01241,445.97,Paytm,Kolkata,DEVICE_D,2026-08-28 13:03:00,13,15,0,34.41,0,0,0,0,0
TXN007499,USER01954,576.88,Amazon,Kolkata,DEVICE_B,2026-04-29 12:39:00,12,15,0,2.21,0,0,0,0,0
TXN007500,USER00026,2275.77,Apple,Pune,DEVICE_E,2026-05-07 03:26:00,3,47,1,26.83,1,0,0,0,0
TXN007501,USER01839,1445.1,Walmart,Hyderabad,DEVICE_D,2026-02-28 20:52:00,20,24,0,6.23,0,0,0,0,0
TXN007502,USER01029,205.41,Netflix,Ahmedabad,DEVICE_E,2026-06-11 08:18:00,8,31,0,9.6,0,0,0,0,0
TXN007503,USER00986,5455.7,Myntra,Kolkata,DEVICE_C,2026-05-11 13:43:00,13,43,0,88.6,0,0,0,0,0
TXN007504,USER01556,710.81,Zomato,Ahmedabad,DEVICE_E,2026-01-14 10:42:00,10,27,0,22.49,0,0,0,0,0
TXN007505,USER00390,443.88,Myntra,Ahmedabad,DEVICE_C,2026-06-10 07:53:00,7,8,0,25.4,0,0,0,0,0
TXN007506,USER00710,1108.15,Netflix,Kolkata,DEVICE_E,2026-04-20 14:13:00,14,17,0,18.45,0,0,0,0,0
TXN007507,USER00571,2469.75,Zomato,Delhi,DEVICE_D,2026-02-24 00:21:00,0,22,0,7.78,1,0,0,0,0
TXN007508,USER01472,3044.82,Apple,Kolkata,DEVICE_E,2026-08-14 17:24:00,17,29,0,22.49,0,0,0,0,0
TXN007509,USER00754,1154.53,Netflix,Delhi,DEVICE_B,2026-04-23 00:27:00,0,31,0,12.22,1,0,0,0,0
TXN007510,USER00146,10745.54,Walmart,Bangalore,DEVICE_C,2026-07-24 01:27:00,1,23,0,35.69,1,1,0,0,1
TXN007511,USER01412,13915.46,Netflix,Delhi,DEVICE_A,2026-08-26 13:34:00,13,10,0,16.93,0,1,0,0,0
TXN007512,USER00785,1641.18,Walmart,Delhi,DEVICE_E,2026-06-08 08:22:00,8,25,0,29.5,0,0,0,0,0
TXN007513,USER01273,1037.04,Netflix,Mumbai,DEVICE_C,2026-09-19 00:46:00,0,10,0,37.74,1,0,0,0,0
TXN007514,USER00526,809.85,Netflix,Ahmedabad,DEVICE_A,2026-07-15 08:08:00,8,19,0,34.42,0,0,0,0,0
TXN007515,USER01486,955.74,Uber,Ahmedabad,DEVICE_C,2026-04-22 01:48:00,1,43,1,10.29,1,0,0,0,1
TXN007516,USER00013,4211.56,Myntra,Delhi,DEVICE_C,2026-07-06 21:05:00,21,17,0,9.2,0,0,0,0,0
TXN007517,USER00903,1483.59,Amazon,Delhi,DEVICE_A,2026-06-12 12:12:00,12,33,0,40.66,0,0,0,0,0
TXN007518,USER00384,2400.12,Paytm,Mumbai,DEVICE_A,2026-04-22 20:09:00,20,35,0,3.09,0,0,0,0,0
TXN007519,USER00556,2047.75,Uber,Delhi,DEVICE_D,2026-04-22 00:36:00,0,3,0,6.55,1,0,0,0,0
TXN007520,USER00887,1892.68,Amazon,Kolkata,DEVICE_E,2026-12-02 16:26:00,16,20,0,2.58,0,0,0,0,0
TXN007521,USER01423,2922.4,Uber,Pune,DEVICE_E,2026-12-09 11:59:00,11,25,0,0.86,0,0,0,0,0
TXN007522,USER00019,2309.55,Flipkart,Delhi,DEVICE_C,2026-04-30 04:22:00,4,13,0,19.14,1,0,0,0,1
TXN007523,USER00575,1684.14,Zomato,Bangalore,DEVICE_B,2026-09-15 08:20:00,8,25,0,46.21,0,0,0,0,0
TXN007524,USER01515,5769.82,Walmart,Delhi,DEVICE_B,2026-09-06 00:04:00,0,12,0,2.77,1,0,0,0,0
TXN007525,USER00751,334.5,Paytm,Delhi,DEVICE_C,2026-08-06 05:41:00,5,25,0,31.76,1,0,0,0,1
TXN007526,USER01004,1414.8,Uber,Bangalore,DEVICE_D,2026-01-10 20:31:00,20,40,0,9.54,0,0,0,0,0
TXN007527,USER00419,682.07,Uber,Pune,DEVICE_A,2026-11-01 07:57:00,7,14,1,19.25,0,0,0,0,0
TXN007528,USER01361,2509.08,Apple,Mumbai,DEVICE_C,2026-08-20 14:17:00,14,26,1,28.86,0,0,0,0,0
TXN007529,USER00419,251.95,Netflix,Kolkata,DEVICE_E,2026-01-12 19:24:00,19,22,1,24.76,0,0,0,0,0
TXN007530,USER01939,1352.71,Flipkart,Pune,DEVICE_B,2026-06-23 03:45:00,3,21,0,2.94,1,0,0,0,0
TXN007531,USER01940,1692.8,Paytm,Delhi,DEVICE_B,2026-04-05 06:03:00,6,9,0,2.45,0,0,0,0,0
TXN007532,USER01636,3296.65,Paytm,Kolkata,DEVICE_B,2026-11-16 01:47:00,1,4,0,51.59,1,0,0,0,0
TXN007533,USER01699,749.57,Zomato,Hyderabad,DEVICE_D,2026-09-18 10:02:00,10,3,0,1.66,0,0,0,0,0
TXN007534,USER01952,13510.31,Paytm,Ahmedabad,DEVICE_E,2026-07-18 19:56:00,19,49,0,4.93,0,1,0,0,0
TXN007535,USER00122,646.95,Swiggy,Kolkata,DEVICE_D,2026-04-29 10:19:00,10,35,1,11.54,0,0,0,0,1
TXN007536,USER00432,393.71,Paytm,Mumbai,DEVICE_A,2026-08-28 10:32:00,10,15,0,34.41,0,0,0,0,0
TXN007537,USER00044,1891.67,Uber,Mumbai,DEVICE_C,2026-03-31 12:34:00,12,31,0,18.46,0,0,0,0,0
TXN007538,USER01896,977.7,Swiggy,Ahmedabad,DEVICE_C,2026-10-30 23:54:00,23,10,0,16.93,0,0,0,0,0
TXN007539,USER01944,5751.51,Amazon,Pune,DEVICE_B,2026-08-05 15:52:00,15,38,0,23.55,0,0,0,0,0
TXN007540,USER01341,262.21,Netflix,Delhi,DEVICE_B,2026-08-30 20:53:00,20,32,0,32.41,0,0,0,0,0
TXN007541,USER00381,1132.43,Swiggy,Ahmedabad,DEVICE_A,2026-06-08 02:25:00,2,34,0,5.29,1,0,0,0,0
TXN007542,USER00145,2289.99,Amazon,Bangalore,DEVICE_D,2026-06-09 03:22:00,3,47,1,0.38,1,0,0,0,1
TXN007543,USER01351,601.88,Flipkart,Mumbai,DEVICE_E,2026-09-09 22:36:00,22,3,0,2.72,0,0,0,0,0
TXN007544,USER00363,313.2,Myntra,Bangalore,DEVICE_A,2026-09-17 22:10:00,22,22,0,3.61,0,0,0,0,0
TXN007545,USER01074,4037.34,Walmart,Pune,DEVICE_C,2026-09-21 23:46:00,23,2,0,0.82,0,0,0,0,0
TXN007546,USER01089,515.18,Uber,Pune,DEVICE_C,2026-04-18 10:39:00,10,19,0,27.53,0,0,0,0,0
TXN007547,USER00355,2805.83,Swiggy,Hyderabad,DEVICE_D,2026-06-27 00:24:00,0,0,0,43.24,1,0,0,1,0
TXN007548,USER00800,477.37,Myntra,Bangalore,DEVICE_A,2026-11-12 21:31:00,21,32,0,24.8,0,0,0,0,0
TXN007549,USER01188,823.03,Netflix,Pune,DEVICE_E,2026-01-26 03:16:00,3,9,0,4.18,1,0,0,0,0
TXN007550,USER01165,2167.85,Apple,Pune,DEVICE_A,2026-05-18 06:39:00,6,43,0,18.65,0,0,0,0,0
TXN007551,USER01990,1507.98,Flipkart,Pune,DEVICE_A,2026-12-31 21:55:00,21,2,0,14.7,0,0,0,0,0
TXN007552,USER00826,474.23,Walmart,Ahmedabad,DEVICE_D,2026-06-16 12:50:00,12,31,0,34.29,0,0,0,0,0
TXN007553,USER01152,1767.86,Netflix,Chennai,DEVICE_E,2026-10-09 18:57:00,18,44,1,57.05,0,0,0,0,1
TXN007554,USER00398,155.23,Flipkart,Pune,DEVICE_C,2026-12-06 18:15:00,18,37,0,27.17,0,0,0,0,0
TXN007555,USER01957,372.31,Apple,Pune,DEVICE_B,2026-10-02 20:05:00,20,30,0,14.37,0,0,0,0,0
TXN007556,USER00880,5276.44,Amazon,Bangalore,DEVICE_E,2026-08-11 21:44:00,21,20,1,14.31,0,0,0,0,0
TXN007557,USER00463,941.31,Apple,Mumbai,DEVICE_C,2026-10-05 06:57:00,6,23,0,32.98,0,0,0,0,0
TXN007558,USER01775,2092.55,Swiggy,Bangalore,DEVICE_D,2026-01-05 23:07:00,23,23,0,2.61,0,0,0,0,0
TXN007559,USER01860,2038.66,Walmart,Bangalore,DEVICE_E,2026-08-26 17:36:00,17,9,0,3.33,0,0,0,0,0
TXN007560,USER00808,804.58,Paytm,Chennai,DEVICE_E,2026-02-25 14:12:00,14,5,0,8.42,0,0,0,0,0
TXN007561,USER00187,1218.75,Zomato,Chennai,DEVICE_C,2026-07-08 10:15:00,10,27,0,27.5,0,0,0,0,0
TXN007562,USER01744,381.68,Uber,Ahmedabad,DEVICE_C,2026-08-13 15:57:00,15,0,0,1.37,0,0,0,1,0
TXN007563,USER00732,1232.62,Uber,Delhi,DEVICE_A,2026-09-29 13:05:00,13,46,0,8.44,0,0,0,0,0
TXN007564,USER01936,705.26,Amazon,Mumbai,DEVICE_A,2026-07-15 12:50:00,12,45,0,7.67,0,0,0,0,0
TXN007565,USER01214,7205.34,Netflix,Pune,DEVICE_E,2026-01-03 06:16:00,6,43,1,13.3,0,0,0,0,0
TXN007566,USER01412,583.43,Walmart,Ahmedabad,DEVICE_B,2026-11-09 18:04:00,18,9,0,12.46,0,0,0,0,0
TXN007567,USER00429,1740.64,Paytm,Delhi,DEVICE_D,2026-08-18 01:47:00,1,40,0,25.06,1,0,0,0,0
TXN007568,USER00858,857.32,Amazon,Pune,DEVICE_C,2026-01-24 19:02:00,19,29,0,19.65,0,0,0,0,0
TXN007569,USER01308,2280.35,Zomato,Pune,DEVICE_A,2026-09-14 19:33:00,19,14,0,46.61,0,0,0,0,0
TXN007570,USER01888,323.47,Swiggy,Chennai,DEVICE_D,2026-01-25 02:14:00,2,13,0,3.99,1,0,0,0,0
TXN007571,USER00237,973.78,Swiggy,Pune,DEVICE_E,2026-03-11 14:21:00,14,23,0,11.32,0,0,0,0,0
TXN007572,USER01218,1869.01,Paytm,Pune,DEVICE_C,2026-11-15 11:18:00,11,9,0,10.22,0,0,0,0,0
TXN007573,USER01311,1355.27,Paytm,Bangalore,DEVICE_C,2026-09-28 14:44:00,14,25,0,2.39,0,0,0,0,0
TXN007574,USER00771,1713.3,Paytm,Chennai,DEVICE_A,2026-05-12 18:05:00,18,0,0,3.6,0,0,0,1,0
TXN007575,USER00758,519.94,Apple,Hyderabad,DEVICE_B,2026-01-09 15:21:00,15,19,0,8.21,0,0,0,0,0
TXN007576,USER00136,802.8,Uber,Bangalore,DEVICE_C,2026-01-09 19:52:00,19,28,0,26.55,0,0,0,0,0
TXN007577,USER00792,1078.18,Myntra,Delhi,DEVICE_B,2026-08-30 16:23:00,16,33,0,3.25,0,0,0,0,0
TXN007578,USER01807,2212.54,Walmart,Bangalore,DEVICE_D,2026-01-04 15:49:00,15,1,0,6.17,0,0,0,1,1
TXN007579,USER00171,3855.24,Myntra,Ahmedabad,DEVICE_C,2026-11-08 03:40:00,3,1,0,22.57,1,0,0,1,0
TXN007580,USER00159,205.92,Apple,Hyderabad,DEVICE_C,2026-07-18 10:48:00,10,1,0,18.16,0,0,0,1,0
TXN007581,USER00201,822.55,Netflix,Chennai,DEVICE_B,2026-08-31 12:41:00,12,7,0,2.21,0,0,0,0,0
TXN007582,USER01511,606.05,Swiggy,Mumbai,DEVICE_A,2026-01-22 17:00:00,17,24,0,57.54,0,0,0,0,0
TXN007583,USER01581,546.76,Uber,Pune,DEVICE_E,2026-09-02 10:07:00,10,17,0,3.2,0,0,0,0,0
TXN007584,USER00962,1394.06,Paytm,Kolkata,DEVICE_D,2026-08-08 11:42:00,11,44,0,1.27,0,0,0,0,0
TXN007585,USER01800,1129.25,Zomato,Mumbai,DEVICE_C,2026-09-02 02:39:00,2,16,0,7.26,1,0,0,0,1
TXN007586,USER00583,399.51,Zomato,Mumbai,DEVICE_A,2026-02-18 08:40:00,8,29,0,0.54,0,0,0,0,0
TXN007587,USER01528,382.28,Zomato,Pune,DEVICE_C,2026-06-10 07:57:00,7,7,1,0.62,0,0,0,0,0
TXN007588,USER00876,1661.83,Walmart,Chennai,DEVICE_D,2026-03-25 13:56:00,13,41,0,17.29,0,0,0,0,0
TXN007589,USER00371,410.59,Paytm,Mumbai,DEVICE_E,2026-01-22 15:59:00,15,45,0,44.69,0,0,0,0,0
TXN007590,USER00103,586.81,Uber,Hyderabad,DEVICE_C,2026-02-02 06:47:00,6,28,0,10.3,0,0,0,0,0
TXN007591,USER01002,2517.63,Swiggy,Pune,DEVICE_B,2026-12-31 03:15:00,3,18,1,7.19,1,0,0,0,1
TXN007592,USER01149,1280.67,Myntra,Chennai,DEVICE_A,2026-12-01 14:12:00,14,36,0,49.21,0,0,0,0,0
TXN007593,USER01337,4415.45,Paytm,Ahmedabad,DEVICE_E,2026-02-11 15:11:00,15,23,0,1.27,0,0,0,0,0
TXN007594,USER00976,995.97,Paytm,Mumbai,DEVICE_C,2026-03-22 04:11:00,4,17,0,12.82,1,0,0,0,0
TXN007595,USER00798,8181.44,Apple,Pune,DEVICE_E,2026-03-30 12:52:00,12,9,0,5.82,0,0,0,0,0
TXN007596,USER01482,929.51,Netflix,Kolkata,DEVICE_B,2026-04-30 19:09:00,19,15,0,9.62,0,0,0,0,0
TXN007597,USER01254,3222.85,Zomato,Delhi,DEVICE_C,2026-12-11 19:59:00,19,49,1,10.58,0,0,0,0,1
TXN007598,USER00658,514.95,Amazon,Chennai,DEVICE_E,2026-04-14 02:39:00,2,40,0,15.76,1,0,0,0,0
TXN007599,USER00882,610.85,Uber,Chennai,DEVICE_C,2026-03-25 16:46:00,16,41,0,12.08,0,0,0,0,0
TXN007600,USER01221,5026.98,Apple,Bangalore,DEVICE_C,2026-11-30 19:52:00,19,43,1,88.54,0,0,0,0,1
TXN007601,USER01909,586.54,Netflix,Ahmedabad,DEVICE_E,2026-06-06 18:06:00,18,4,0,0.52,0,0,0,0,0
TXN007602,USER00733,901.79,Netflix,Pune,DEVICE_C,2026-06-22 08:26:00,8,14,0,28.35,0,0,0,0,0
TXN007603,USER00423,604.68,Flipkart,Mumbai,DEVICE_B,2026-10-28 12:22:00,12,22,1,1.05,0,0,0,0,0
TXN007604,USER00572,3016.77,Zomato,Delhi,DEVICE_E,2026-06-29 05:03:00,5,30,1,11.28,1,0,0,0,0
TXN007605,USER01634,369.31,Flipkart,Pune,DEVICE_E,2026-06-01 04:11:00,4,29,0,4.51,1,0,0,0,0
TXN007606,USER00171,3557.27,Apple,Kolkata,DEVICE_B,2026-11-05 04:09:00,4,6,0,58.12,1,0,0,0,0
TXN007607,USER01406,1366.83,Netflix,Hyderabad,DEVICE_B,2026-04-06 02:10:00,2,19,0,25.64,1,0,0,0,0
TXN007608,USER00173,1297.0,Amazon,Chennai,DEVICE_B,2026-12-20 03:58:00,3,38,0,12.43,1,0,0,0,0
TXN007609,USER00663,1041.29,Uber,Hyderabad,DEVICE_C,2026-10-05 15:58:00,15,2,0,60.83,0,0,0,0,0
TXN007610,USER00453,3380.26,Flipkart,Hyderabad,DEVICE_C,2026-05-08 19:27:00,19,2,0,25.55,0,0,0,0,0
TXN007611,USER00350,900.26,Netflix,Hyderabad,DEVICE_D,2026-10-09 00:23:00,0,30,0,60.71,1,0,0,0,0
TXN007612,USER01926,578.31,Uber,Ahmedabad,DEVICE_C,2026-12-16 20:21:00,20,6,0,24.39,0,0,0,0,0
TXN007613,USER01976,1751.79,Zomato,Bangalore,DEVICE_B,2026-12-19 23:28:00,23,0,0,1.62,0,0,0,1,0
TXN007614,USER01658,1015.48,Myntra,Pune,DEVICE_D,2026-07-01 18:58:00,18,26,0,19.16,0,0,0,0,0
TXN007615,USER00494,6404.33,Uber,Hyderabad,DEVICE_B,2026-01-10 18:43:00,18,49,0,78.59,0,0,0,0,0
TXN007616,USER00620,2491.52,Netflix,Mumbai,DEVICE_A,2026-06-14 22:57:00,22,0,0,4.82,0,0,0,1,0
TXN007617,USER01028,1498.41,Apple,Mumbai,DEVICE_E,2026-01-31 17:15:00,17,5,0,31.48,0,0,0,0,0
TXN007618,USER01117,3986.73,Flipkart,Delhi,DEVICE_A,2026-08-12 07:18:00,7,19,0,4.08,0,0,0,0,0
TXN007619,USER00919,297.15,Flipkart,Delhi,DEVICE_B,2026-09-26 12:26:00,12,38,1,12.04,0,0,0,0,1
TXN007620,USER00006,1817.03,Swiggy,Kolkata,DEVICE_C,2026-05-02 22:44:00,22,43,1,1.77,0,0,0,0,0
TXN007621,USER00288,1202.14,Netflix,Hyderabad,DEVICE_E,2026-02-13 18:57:00,18,2,0,8.33,0,0,0,0,0
TXN007622,USER01642,913.2,Swiggy,Hyderabad,DEVICE_C,2026-07-10 12:34:00,12,1,0,29.94,0,0,0,1,1
TXN007623,USER01170,851.62,Amazon,Bangalore,DEVICE_C,2026-10-13 20:09:00,20,46,0,0.93,0,0,0,0,0
TXN007624,USER01807,2986.7,Amazon,Pune,DEVICE_E,2026-09-01 18:03:00,18,31,0,7.72,0,0,0,0,0
TXN007625,USER01448,205.32,Netflix,Hyderabad,DEVICE_E,2026-02-09 06:29:00,6,19,0,19.87,0,0,0,0,0
TXN007626,USER01914,1677.82,Flipkart,Hyderabad,DEVICE_A,2026-08-13 13:20:00,13,35,0,59.35,0,0,0,0,0
TXN007627,USER00608,302.66,Zomato,Ahmedabad,DEVICE_B,2026-10-22 00:36:00,0,26,0,5.63,1,0,0,0,1
TXN007628,USER00457,879.94,Walmart,Pune,DEVICE_C,2026-01-07 13:01:00,13,19,0,3.8,0,0,0,0,0
TXN007629,USER01765,1048.09,Amazon,Hyderabad,DEVICE_B,2026-01-26 10:17:00,10,18,0,4.55,0,0,0,0,0
TXN007630,USER01226,4697.68,Flipkart,Chennai,DEVICE_B,2026-07-09 23:20:00,23,20,0,5.4,0,0,0,0,0
TXN007631,USER01236,678.44,Paytm,Chennai,DEVICE_D,2026-05-11 03:28:00,3,42,1,20.34,1,0,0,0,1
TXN007632,USER01030,1151.61,Paytm,Ahmedabad,DEVICE_A,2026-05-29 01:23:00,1,19,0,132.42,1,0,0,0,1
TXN007633,USER00624,362.88,Swiggy,Ahmedabad,DEVICE_C,2026-09-01 01:31:00,1,4,0,14.83,1,0,0,0,1
TXN007634,USER00376,1728.9,Uber,Bangalore,DEVICE_E,2026-03-06 21:52:00,21,19,0,6.33,0,0,0,0,0
TXN007635,USER01915,330.99,Zomato,Ahmedabad,DEVICE_E,2026-01-06 19:29:00,19,11,1,27.48,0,0,0,0,1
TXN007636,USER00447,221.33,Swiggy,Bangalore,DEVICE_B,2026-03-08 18:12:00,18,47,0,3.45,0,0,0,0,0
TXN007637,USER00835,282.02,Paytm,Ahmedabad,DEVICE_A,2026-03-18 22:05:00,22,9,1,0.61,0,0,0,0,0
TXN007638,USER01130,849.43,Zomato,Ahmedabad,DEVICE_A,2026-09-17 08:50:00,8,21,1,18.59,0,0,0,0,0
TXN007639,USER01675,888.51,Walmart,Mumbai,DEVICE_C,2026-12-20 03:47:00,3,37,0,4.72,1,0,0,0,0
TXN007640,USER00811,3044.96,Uber,Bangalore,DEVICE_C,2026-02-21 04:51:00,4,27,0,10.19,1,0,0,0,0
TXN007641,USER01425,4315.39,Swiggy,Kolkata,DEVICE_B,2026-01-10 03:38:00,3,11,0,5.26,1,0,0,0,0
TXN007642,USER01120,4222.84,Paytm,Mumbai,DEVICE_B,2026-05-11 03:06:00,3,38,0,50.04,1,0,0,0,0
TXN007643,USER01412,3089.16,Amazon,Ahmedabad,DEVICE_B,2026-05-18 19:13:00,19,9,0,8.25,0,0,0,0,0
TXN007644,USER00959,7100.25,Amazon,Pune,DEVICE_D,2026-01-05 07:26:00,7,47,0,11.92,0,0,0,0,0
TXN007645,USER01476,1652.14,Swiggy,Hyderabad,DEVICE_A,2026-10-18 08:00:00,8,34,0,5.35,0,0,0,0,0
TXN007646,USER00849,1673.96,Walmart,Ahmedabad,DEVICE_B,2026-07-13 04:15:00,4,47,0,1.77,1,0,0,0,0
TXN007647,USER00809,5677.84,Walmart,Bangalore,DEVICE_A,2026-08-15 13:35:00,13,43,0,14.37,0,0,0,0,0
TXN007648,USER00979,402.26,Netflix,Kolkata,DEVICE_E,2026-03-07 11:46:00,11,39,0,40.61,0,0,0,0,0
TXN007649,USER01925,2555.1,Uber,Bangalore,DEVICE_E,2026-02-07 10:50:00,10,36,0,8.67,0,0,0,0,0
TXN007650,USER00416,1051.06,Flipkart,Ahmedabad,DEVICE_A,2026-05-30 10:22:00,10,16,0,30.37,0,0,0,0,0
TXN007651,USER00726,3640.48,Walmart,Bangalore,DEVICE_E,2026-08-11 01:53:00,1,26,0,0.66,1,0,0,0,0
TXN007652,USER01528,3176.74,Uber,Mumbai,DEVICE_E,2026-12-16 16:18:00,16,45,0,5.37,0,0,0,0,0
TXN007653,USER00454,945.86,Walmart,Pune,DEVICE_E,2026-10-10 17:10:00,17,28,1,2.82,0,0,0,0,0
TXN007654,USER01315,370.81,Netflix,Pune,DEVICE_C,2026-11-10 06:54:00,6,25,0,10.31,0,0,0,0,0
TXN007655,USER01558,3694.43,Myntra,Mumbai,DEVICE_C,2026-09-30 01:09:00,1,8,0,44.95,1,0,0,0,0
TXN007656,USER01217,716.36,Walmart,Ahmedabad,DEVICE_A,2026-09-18 12:56:00,12,11,0,9.35,0,0,0,0,0
TXN007657,USER00150,1222.89,Uber,Delhi,DEVICE_A,2026-10-23 13:32:00,13,42,0,18.49,0,0,0,0,0
TXN007658,USER01904,400.61,Netflix,Mumbai,DEVICE_D,2026-10-30 07:45:00,7,25,0,45.68,0,0,0,0,0
TXN007659,USER00759,792.71,Netflix,Mumbai,DEVICE_C,2026-11-23 20:50:00,20,32,0,8.92,0,0,0,0,0
TXN007660,USER00779,2737.17,Uber,Chennai,DEVICE_A,2026-09-08 07:28:00,7,31,0,9.11,0,0,0,0,0
TXN007661,USER00973,1550.99,Uber,Ahmedabad,DEVICE_C,2026-04-29 13:11:00,13,10,1,1.84,0,0,0,0,1
TXN007662,USER00763,557.71,Amazon,Bangalore,DEVICE_D,2026-11-19 05:16:00,5,28,0,8.59,1,0,0,0,0
TXN007663,USER01002,202.17,Myntra,Mumbai,DEVICE_A,2026-12-05 17:53:00,17,7,0,27.42,0,0,0,0,0
TXN007664,USER01539,2037.28,Netflix,Bangalore,DEVICE_A,2026-03-02 06:20:00,6,24,0,37.24,0,0,0,0,0
TXN007665,USER01417,754.66,Amazon,Bangalore,DEVICE_A,2026-09-23 04:55:00,4,19,0,25.66,1,0,0,0,1
TXN007666,USER01340,1283.55,Zomato,Chennai,DEVICE_A,2026-11-11 09:29:00,9,20,0,0.14,0,0,0,0,0
TXN007667,USER00076,969.54,Swiggy,Ahmedabad,DEVICE_B,2026-10-09 14:21:00,14,3,1,2.49,0,0,0,0,0
TXN007668,USER00599,747.82,Swiggy,Bangalore,DEVICE_C,2026-04-21 04:52:00,4,35,0,26.26,1,0,0,0,0
TXN007669,USER01294,1915.86,Netflix,Kolkata,DEVICE_C,2026-01-13 15:39:00,15,42,1,57.08,0,0,0,0,0
TXN007670,USER00225,501.93,Amazon,Mumbai,DEVICE_C,2026-06-27 15:56:00,15,28,0,23.77,0,0,0,0,0
TXN007671,USER01554,1254.7,Myntra,Bangalore,DEVICE_D,2026-11-18 04:34:00,4,18,0,5.13,1,0,0,0,0
TXN007672,USER00113,1592.79,Myntra,Delhi,DEVICE_B,2026-12-14 13:28:00,13,25,1,2.28,0,0,0,0,1
TXN007673,USER00251,3687.76,Zomato,Delhi,DEVICE_C,2026-10-19 04:07:00,4,35,0,41.91,1,0,0,0,0
TXN007674,USER01257,1149.35,Netflix,Chennai,DEVICE_C,2026-08-05 10:25:00,10,24,0,2.09,0,0,0,0,0
TXN007675,USER00841,375.14,Walmart,Kolkata,DEVICE_A,2026-05-06 13:24:00,13,22,0,3.27,0,0,0,0,0
TXN007676,USER01815,2012.88,Zomato,Pune,DEVICE_A,2026-11-11 00:41:00,0,37,0,18.16,1,0,0,0,0
TXN007677,USER00714,493.1,Amazon,Pune,DEVICE_A,2026-04-11 04:55:00,4,27,0,4.21,1,0,0,0,1
TXN007678,USER01107,599.99,Walmart,Mumbai,DEVICE_C,2026-12-15 07:16:00,7,40,0,5.16,0,0,0,0,0
TXN007679,USER00125,699.33,Swiggy,Ahmedabad,DEVICE_A,2026-09-23 12:20:00,12,10,0,3.07,0,0,0,0,0
TXN007680,USER01199,928.63,Apple,Chennai,DEVICE_C,2026-02-21 12:05:00,12,28,0,57.76,0,0,0,0,0
TXN007681,USER01093,3510.53,Swiggy,Delhi,DEVICE_D,2026-03-23 20:36:00,20,43,1,2.67,0,0,0,0,1
TXN007682,USER01071,1971.91,Netflix,Kolkata,DEVICE_D,2026-12-22 07:31:00,7,49,0,53.57,0,0,0,0,0
TXN007683,USER00884,407.48,Uber,Mumbai,DEVICE_E,2026-06-22 19:02:00,19,19,0,7.9,0,0,0,0,0
TXN007684,USER01280,4278.55,Swiggy,Bangalore,DEVICE_B,2026-02-13 10:40:00,10,8,1,34.47,0,0,0,0,0
TXN007685,USER01751,2849.74,Paytm,Mumbai,DEVICE_A,2026-12-11 02:07:00,2,23,0,59.91,1,0,0,0,1
TXN007686,USER00030,1595.49,Swiggy,Hyderabad,DEVICE_A,2026-06-11 15:17:00,15,46,0,14.65,0,0,0,0,0
TXN007687,USER00281,136.23,Swiggy,Mumbai,DEVICE_B,2026-02-07 08:50:00,8,48,0,29.41,0,0,0,0,0
TXN007688,USER00924,513.03,Swiggy,Bangalore,DEVICE_B,2026-08-06 08:02:00,8,40,0,6.19,0,0,0,0,0
TXN007689,USER01261,1105.59,Swiggy,Hyderabad,DEVICE_E,2026-02-26 18:08:00,18,12,0,9.66,0,0,0,0,0
TXN007690,USER01272,4865.3,Walmart,Pune,DEVICE_B,2026-04-18 14:44:00,14,1,0,16.1,0,0,0,1,1
TXN007691,USER00368,3615.27,Walmart,Kolkata,DEVICE_C,2026-02-01 15:35:00,15,16,0,38.0,0,0,0,0,0
TXN007692,USER00495,459.95,Swiggy,Chennai,DEVICE_A,2026-09-22 02:51:00,2,49,0,19.39,1,0,0,0,0
TXN007693,USER01049,241.72,Flipkart,Kolkata,DEVICE_B,2026-01-19 18:37:00,18,26,0,0.45,0,0,0,0,0
TXN007694,USER01610,930.6,Flipkart,Mumbai,DEVICE_C,2026-02-27 12:11:00,12,37,0,7.27,0,0,0,0,0
TXN007695,USER00718,1244.32,Walmart,Pune,DEVICE_B,2026-01-26 03:06:00,3,1,0,40.05,1,0,0,1,1
TXN007696,USER01514,358.85,Apple,Chennai,DEVICE_C,2026-10-23 16:54:00,16,32,0,5.49,0,0,0,0,0
TXN007697,USER01017,500.79,Uber,Mumbai,DEVICE_D,2026-02-11 01:27:00,1,4,0,9.18,1,0,0,0,0
TXN007698,USER01518,7365.26,Zomato,Delhi,DEVICE_C,2026-12-14 17:33:00,17,13,0,9.87,0,0,0,0,0
TXN007699,USER01338,783.19,Paytm,Delhi,DEVICE_E,2026-02-07 02:46:00,2,26,0,3.36,1,0,0,0,0
TXN007700,USER00606,836.53,Paytm,Bangalore,DEVICE_C,2026-04-15 02:43:00,2,49,0,8.61,1,0,0,0,0
TXN007701,USER00375,13956.15,Swiggy,Pune,DEVICE_B,2026-03-25 02:13:00,2,35,0,34.01,1,1,0,0,1
TXN007702,USER00639,808.47,Apple,Ahmedabad,DEVICE_D,2026-04-10 03:41:00,3,26,0,37.82,1,0,0,0,0
TXN007703,USER01961,441.34,Flipkart,Pune,DEVICE_D,2026-06-24 22:41:00,22,13,0,17.39,0,0,0,0,0
TXN007704,USER01049,579.26,Flipkart,Ahmedabad,DEVICE_C,2026-05-01 15:39:00,15,14,0,22.71,0,0,0,0,0
TXN007705,USER01358,1425.71,Apple,Kolkata,DEVICE_B,2026-05-24 21:36:00,21,26,0,15.3,0,0,0,0,0
TXN007706,USER01379,715.23,Uber,Delhi,DEVICE_D,2026-04-26 15:47:00,15,7,0,0.91,0,0,0,0,0
TXN007707,USER00116,975.42,Walmart,Hyderabad,DEVICE_C,2026-09-21 11:13:00,11,20,0,23.86,0,0,0,0,0
TXN007708,USER00048,1055.05,Uber,Hyderabad,DEVICE_C,2026-05-17 13:17:00,13,33,1,113.39,0,0,0,0,0
TXN007709,USER01762,18640.27,Netflix,Pune,DEVICE_C,2026-11-15 21:06:00,21,48,0,5.17,0,1,0,0,0
TXN007710,USER01802,2082.62,Netflix,Pune,DEVICE_D,2026-06-04 10:19:00,10,27,0,80.52,0,0,0,0,0
TXN007711,USER00099,465.94,Flipkart,Mumbai,DEVICE_A,2026-01-31 18:01:00,18,23,0,122.15,0,0,0,0,0
TXN007712,USER01483,937.5,Zomato,Pune,DEVICE_B,2026-07-11 15:06:00,15,16,0,3.05,0,0,0,0,0
TXN007713,USER01547,2259.12,Netflix,Chennai,DEVICE_E,2026-03-21 16:14:00,16,5,0,52.11,0,0,0,0,0
TXN007714,USER01621,2906.1,Flipkart,Hyderabad,DEVICE_E,2026-05-12 01:14:00,1,37,1,22.51,1,0,0,0,0
TXN007715,USER00405,258.79,Swiggy,Mumbai,DEVICE_B,2026-06-16 01:14:00,1,18,0,12.56,1,0,0,0,0
TXN007716,USER01238,306.31,Myntra,Ahmedabad,DEVICE_A,2026-01-14 20:05:00,20,0,0,8.45,0,0,0,1,0
TXN007717,USER00685,1674.0,Myntra,Chennai,DEVICE_B,2026-02-14 23:46:00,23,37,0,19.87,0,0,0,0,0
TXN007718,USER00903,617.72,Amazon,Pune,DEVICE_C,2026-06-01 00:34:00,0,25,0,37.0,1,0,0,0,0
TXN007719,USER00503,544.36,Swiggy,Pune,DEVICE_B,2026-05-27 03:15:00,3,4,0,0.69,1,0,0,0,0
TXN007720,USER01745,1297.73,Myntra,Delhi,DEVICE_B,2026-10-03 12:50:00,12,3,0,15.33,0,0,0,0,0
TXN007721,USER01472,2234.3,Uber,Mumbai,DEVICE_D,2026-02-08 03:49:00,3,24,0,21.01,1,0,0,0,0
TXN007722,USER00894,884.45,Amazon,Chennai,DEVICE_E,2026-11-23 04:24:00,4,44,0,0.52,1,0,0,0,0
TXN007723,USER01600,190.8,Flipkart,Bangalore,DEVICE_E,2026-01-08 10:15:00,10,48,0,43.98,0,0,0,0,0
TXN007724,USER00258,681.49,Apple,Pune,DEVICE_C,2026-12-05 21:59:00,21,44,0,60.64,0,0,0,0,0
TXN007725,USER00844,385.92,Apple,Kolkata,DEVICE_C,2026-04-25 00:18:00,0,21,0,18.96,1,0,0,0,0
TXN007726,USER00121,1818.11,Flipkart,Kolkata,DEVICE_D,2026-03-29 14:55:00,14,47,0,2.49,0,0,0,0,0
TXN007727,USER00810,6942.71,Zomato,Pune,DEVICE_C,2026-05-25 06:03:00,6,12,0,53.89,0,0,0,0,0
TXN007728,USER00978,1421.02,Flipkart,Bangalore,DEVICE_A,2026-02-17 04:24:00,4,22,0,32.7,1,0,0,0,0
TXN007729,USER00054,1630.94,Walmart,Hyderabad,DEVICE_D,2026-10-08 17:21:00,17,32,0,0.58,0,0,0,0,0
TXN007730,USER01019,2279.48,Apple,Kolkata,DEVICE_D,2026-10-05 08:24:00,8,24,0,17.31,0,0,0,0,0
TXN007731,USER01355,3689.48,Myntra,Chennai,DEVICE_B,2026-07-14 18:17:00,18,9,0,2.43,0,0,0,0,0
TXN007732,USER00784,649.58,Paytm,Pune,DEVICE_B,2026-04-15 03:16:00,3,17,0,3.04,1,0,0,0,0
TXN007733,USER00241,1045.61,Amazon,Pune,DEVICE_A,2026-06-05 00:56:00,0,26,0,4.28,1,0,0,0,0
TXN007734,USER01779,2575.03,Zomato,Pune,DEVICE_D,2026-04-14 23:51:00,23,48,0,10.09,0,0,0,0,0
TXN007735,USER01554,469.88,Netflix,Bangalore,DEVICE_D,2026-02-20 15:51:00,15,25,0,41.81,0,0,0,0,0
TXN007736,USER00483,281.99,Swiggy,Hyderabad,DEVICE_B,2026-11-20 14:10:00,14,48,0,0.63,0,0,0,0,0
TXN007737,USER01013,721.58,Zomato,Mumbai,DEVICE_E,2026-07-31 13:29:00,13,41,0,23.37,0,0,0,0,0
TXN007738,USER00187,3397.36,Netflix,Pune,DEVICE_E,2026-10-05 10:04:00,10,1,0,66.79,0,0,0,1,0
TXN007739,USER01882,1244.46,Zomato,Mumbai,DEVICE_B,2026-12-23 23:04:00,23,9,0,20.5,0,0,0,0,0
TXN007740,USER00656,720.81,Paytm,Chennai,DEVICE_C,2026-05-11 22:21:00,22,19,0,33.81,0,0,0,0,0
TXN007741,USER00262,2735.75,Zomato,Chennai,DEVICE_D,2026-01-06 03:34:00,3,37,1,46.41,1,0,0,0,1
TXN007742,USER00953,1804.67,Myntra,Ahmedabad,DEVICE_A,2026-09-08 16:10:00,16,2,0,25.09,0,0,0,0,0
TXN007743,USER01388,544.98,Flipkart,Chennai,DEVICE_E,2026-07-31 11:27:00,11,9,0,21.57,0,0,0,0,0
TXN007744,USER00491,924.41,Walmart,Kolkata,DEVICE_C,2026-11-25 12:22:00,12,27,0,0.36,0,0,0,0,0
TXN007745,USER00431,436.27,Amazon,Chennai,DEVICE_D,2026-11-06 15:53:00,15,18,0,14.63,0,0,0,0,0
TXN007746,USER00239,1247.69,Apple,Ahmedabad,DEVICE_C,2026-03-26 12:04:00,12,16,0,12.67,0,0,0,0,0
TXN007747,USER00304,1944.39,Netflix,Pune,DEVICE_D,2026-04-17 19:04:00,19,43,0,14.79,0,0,0,0,0
TXN007748,USER00298,120.03,Amazon,Bangalore,DEVICE_D,2026-04-11 07:40:00,7,43,0,11.33,0,0,0,0,0
TXN007749,USER00076,437.84,Zomato,Bangalore,DEVICE_B,2026-04-25 12:54:00,12,22,0,47.41,0,0,0,0,0
TXN007750,USER01724,4967.82,Flipkart,Hyderabad,DEVICE_B,2026-01-13 04:03:00,4,27,0,43.97,1,0,0,0,0
TXN007751,USER01357,810.79,Amazon,Bangalore,DEVICE_A,2026-12-22 12:10:00,12,26,0,2.69,0,0,0,0,0
TXN007752,USER01924,4879.71,Flipkart,Ahmedabad,DEVICE_A,2026-10-20 09:28:00,9,31,0,15.22,0,0,0,0,0
TXN007753,USER00999,348.08,Netflix,Kolkata,DEVICE_C,2026-02-20 00:02:00,0,37,0,64.16,1,0,0,0,0
TXN007754,USER01782,679.52,Myntra,Ahmedabad,DEVICE_B,2026-01-06 16:46:00,16,11,0,18.26,0,0,0,0,0
TXN007755,USER00642,1333.94,Myntra,Mumbai,DEVICE_D,2026-08-21 02:22:00,2,19,0,32.36,1,0,0,0,0
TXN007756,USER01498,823.26,Flipkart,Ahmedabad,DEVICE_B,2026-06-23 23:55:00,23,5,0,9.35,0,0,0,0,0
TXN007757,USER00827,3425.17,Flipkart,Hyderabad,DEVICE_D,2026-09-17 09:06:00,9,2,0,9.47,0,0,0,0,0
TXN007758,USER01947,985.83,Walmart,Bangalore,DEVICE_B,2026-10-06 07:55:00,7,2,0,7.88,0,0,0,0,0
TXN007759,USER00283,2081.57,Swiggy,Chennai,DEVICE_D,2026-05-02 06:56:00,6,22,0,0.44,0,0,0,0,0
TXN007760,USER00591,410.42,Walmart,Bangalore,DEVICE_C,2026-06-15 23:48:00,23,8,0,51.77,0,0,0,0,0
TXN007761,USER00072,1391.25,Amazon,Delhi,DEVICE_B,2026-05-21 00:19:00,0,32,0,8.6,1,0,0,0,0
TXN007762,USER01287,826.83,Uber,Hyderabad,DEVICE_E,2026-08-25 19:22:00,19,35,0,9.15,0,0,0,0,0
TXN007763,USER00703,445.27,Walmart,Pune,DEVICE_E,2026-06-05 03:42:00,3,11,0,28.5,1,0,0,0,0
TXN007764,USER01903,1668.87,Amazon,Pune,DEVICE_D,2026-06-13 14:19:00,14,25,0,14.97,0,0,0,0,0
TXN007765,USER01911,3736.73,Apple,Kolkata,DEVICE_C,2026-08-19 12:11:00,12,36,0,8.99,0,0,0,0,1
TXN007766,USER01966,641.79,Amazon,Bangalore,DEVICE_D,2026-08-01 17:13:00,17,49,0,43.02,0,0,0,0,0
TXN007767,USER00575,1604.39,Amazon,Bangalore,DEVICE_C,2026-06-18 12:42:00,12,47,1,34.9,0,0,0,0,1
TXN007768,USER01000,903.62,Flipkart,Kolkata,DEVICE_A,2026-03-14 20:36:00,20,9,0,75.27,0,0,0,0,0
TXN007769,USER00892,1207.67,Paytm,Ahmedabad,DEVICE_B,2026-11-29 00:32:00,0,43,0,20.49,1,0,0,0,0
TXN007770,USER00012,2335.25,Zomato,Mumbai,DEVICE_C,2026-09-02 20:10:00,20,10,0,23.43,0,0,0,0,0
TXN007771,USER00141,4014.25,Flipkart,Chennai,DEVICE_D,2026-02-07 12:15:00,12,18,1,7.85,0,0,0,0,1
TXN007772,USER01790,3353.26,Flipkart,Ahmedabad,DEVICE_A,2026-06-10 23:54:00,23,4,0,2.1,0,0,0,0,0
TXN007773,USER01579,558.57,Paytm,Chennai,DEVICE_D,2026-06-22 02:33:00,2,23,0,2.24,1,0,0,0,0
TXN007774,USER00017,327.06,Paytm,Mumbai,DEVICE_E,2026-12-07 06:02:00,6,34,0,20.77,0,0,0,0,0
TXN007775,USER01087,179.42,Zomato,Mumbai,DEVICE_E,2026-12-01 21:52:00,21,27,0,2.4,0,0,0,0,0
TXN007776,USER00253,1938.6,Uber,Delhi,DEVICE_B,2026-01-05 05:16:00,5,29,0,47.42,1,0,0,0,0
TXN007777,USER00465,682.89,Apple,Ahmedabad,DEVICE_B,2026-02-17 10:25:00,10,18,1,24.34,0,0,0,0,0
TXN007778,USER00376,2852.89,Walmart,Kolkata,DEVICE_A,2026-09-10 20:41:00,20,5,0,5.13,0,0,0,0,0
TXN007779,USER01828,432.16,Amazon,Hyderabad,DEVICE_E,2026-10-11 15:47:00,15,48,1,6.55,0,0,0,0,0
TXN007780,USER00981,1638.57,Walmart,Chennai,DEVICE_C,2026-11-21 23:01:00,23,44,0,24.76,0,0,0,0,0
TXN007781,USER00520,222.91,Myntra,Mumbai,DEVICE_E,2026-06-21 14:26:00,14,38,1,34.76,0,0,0,0,0
TXN007782,USER01861,1727.05,Netflix,Mumbai,DEVICE_B,2026-01-10 23:17:00,23,18,0,36.58,0,0,0,0,0
TXN007783,USER00090,1559.58,Uber,Kolkata,DEVICE_D,2026-08-03 02:16:00,2,30,0,18.38,1,0,0,0,0
TXN007784,USER00720,407.66,Netflix,Pune,DEVICE_A,2026-01-20 19:35:00,19,43,0,3.37,0,0,0,0,0
TXN007785,USER00804,1303.77,Amazon,Hyderabad,DEVICE_E,2026-08-12 05:41:00,5,10,0,34.11,1,0,0,0,0
TXN007786,USER00796,7061.48,Paytm,Mumbai,DEVICE_C,2026-06-27 12:22:00,12,16,0,31.37,0,0,0,0,0
TXN007787,USER00630,2036.97,Amazon,Pune,DEVICE_C,2026-05-01 09:47:00,9,16,0,36.08,0,0,0,0,0
TXN007788,USER01885,15672.21,Apple,Delhi,DEVICE_C,2026-07-23 16:21:00,16,49,0,3.43,0,1,0,0,0
TXN007789,USER01199,1258.77,Walmart,Hyderabad,DEVICE_A,2026-03-02 08:43:00,8,14,0,23.06,0,0,0,0,0
TXN007790,USER00076,1845.17,Zomato,Pune,DEVICE_C,2026-04-26 08:15:00,8,5,0,64.5,0,0,0,0,0
TXN007791,USER01637,714.39,Swiggy,Delhi,DEVICE_C,2026-08-19 13:39:00,13,31,0,5.92,0,0,0,0,0
TXN007792,USER00926,1368.76,Swiggy,Bangalore,DEVICE_E,2026-06-23 06:10:00,6,39,0,25.23,0,0,0,0,0
TXN007793,USER01687,455.54,Zomato,Chennai,DEVICE_A,2026-02-16 09:54:00,9,10,0,5.99,0,0,0,0,0
TXN007794,USER00400,2477.48,Paytm,Mumbai,DEVICE_D,2026-07-24 20:59:00,20,12,0,7.34,0,0,0,0,0
TXN007795,USER01806,531.12,Swiggy,Pune,DEVICE_D,2026-01-01 22:33:00,22,16,0,13.28,0,0,0,0,0
TXN007796,USER00970,4912.79,Paytm,Hyderabad,DEVICE_C,2026-10-03 23:56:00,23,27,0,45.07,0,0,0,0,0
TXN007797,USER01095,326.51,Flipkart,Delhi,DEVICE_B,2026-12-14 07:23:00,7,48,0,0.79,0,0,0,0,0
TXN007798,USER01204,833.53,Apple,Chennai,DEVICE_A,2026-08-18 15:40:00,15,17,0,91.4,0,0,0,0,0
TXN007799,USER01148,876.55,Uber,Ahmedabad,DEVICE_B,2026-12-31 06:04:00,6,27,0,29.57,0,0,0,0,0
TXN007800,USER01405,400.94,Walmart,Chennai,DEVICE_A,2026-07-30 15:12:00,15,47,0,8.92,0,0,0,0,0
TXN007801,USER01317,1354.47,Walmart,Ahmedabad,DEVICE_A,2026-11-25 01:02:00,1,15,0,8.74,1,0,0,0,0
TXN007802,USER00797,678.52,Uber,Ahmedabad,DEVICE_E,2026-08-10 04:06:00,4,35,0,13.19,1,0,0,0,0
TXN007803,USER00195,3880.97,Amazon,Mumbai,DEVICE_C,2026-03-25 20:19:00,20,48,0,41.67,0,0,0,0,0
TXN007804,USER01935,527.96,Amazon,Pune,DEVICE_E,2026-02-06 09:20:00,9,39,1,0.36,0,0,0,0,0
TXN007805,USER00228,1601.83,Netflix,Ahmedabad,DEVICE_B,2026-10-25 10:41:00,10,19,0,15.89,0,0,0,0,0
TXN007806,USER01455,1014.96,Amazon,Chennai,DEVICE_B,2026-03-14 05:50:00,5,38,0,1.15,1,0,0,0,1
TXN007807,USER01966,905.06,Paytm,Mumbai,DEVICE_D,2026-02-22 16:15:00,16,26,0,2.46,0,0,0,0,0
TXN007808,USER01460,1190.74,Zomato,Pune,DEVICE_E,2026-06-23 07:21:00,7,39,0,23.47,0,0,0,0,0
TXN007809,USER01811,2074.37,Flipkart,Ahmedabad,DEVICE_E,2026-01-29 05:36:00,5,32,0,5.34,1,0,0,0,0
TXN007810,USER00461,200.62,Uber,Pune,DEVICE_E,2026-02-03 23:20:00,23,1,0,0.85,0,0,0,1,1
TXN007811,USER00618,1144.66,Paytm,Bangalore,DEVICE_D,2026-08-12 18:44:00,18,12,0,3.59,0,0,0,0,0
TXN007812,USER01045,521.54,Paytm,Mumbai,DEVICE_E,2026-11-10 20:53:00,20,1,0,4.68,0,0,0,1,0
TXN007813,USER00064,558.45,Netflix,Kolkata,DEVICE_E,2026-06-01 21:13:00,21,36,0,29.37,0,0,0,0,0
TXN007814,USER00165,1365.44,Paytm,Ahmedabad,DEVICE_E,2026-05-15 05:16:00,5,4,0,19.61,1,0,0,0,0
TXN007815,USER00027,2951.34,Apple,Delhi,DEVICE_E,2026-02-02 15:55:00,15,5,0,26.57,0,0,0,0,0
TXN007816,USER01335,4429.38,Amazon,Kolkata,DEVICE_B,2026-02-28 15:33:00,15,49,0,9.24,0,0,0,0,0
TXN007817,USER01012,649.6,Walmart,Pune,DEVICE_C,2026-07-31 00:50:00,0,31,0,2.4,1,0,0,0,1
TXN007818,USER00285,84.45,Apple,Pune,DEVICE_B,2026-11-30 14:05:00,14,47,0,32.72,0,0,0,0,0
TXN007819,USER01684,1168.16,Flipkart,Chennai,DEVICE_E,2026-02-26 01:50:00,1,23,0,3.03,1,0,0,0,0
TXN007820,USER00281,213.51,Flipkart,Chennai,DEVICE_A,2026-03-08 02:44:00,2,16,0,9.65,1,0,0,0,0
TXN007821,USER00838,1631.37,Flipkart,Chennai,DEVICE_A,2026-09-24 08:54:00,8,8,0,6.08,0,0,0,0,0
TXN007822,USER00831,488.22,Amazon,Pune,DEVICE_D,2026-03-25 05:00:00,5,39,0,7.03,1,0,0,0,0
TXN007823,USER01188,1492.36,Paytm,Mumbai,DEVICE_B,2026-02-13 21:24:00,21,39,0,18.42,0,0,0,0,0
TXN007824,USER01922,508.76,Flipkart,Hyderabad,DEVICE_D,2026-05-18 05:48:00,5,1,0,3.59,1,0,0,1,0
TXN007825,USER00918,384.56,Uber,Mumbai,DEVICE_D,2026-07-23 05:57:00,5,8,0,11.81,1,0,0,0,0
TXN007826,USER00224,393.17,Walmart,Delhi,DEVICE_A,2026-11-17 03:14:00,3,5,0,20.36,1,0,0,0,1
TXN007827,USER00784,1567.61,Paytm,Mumbai,DEVICE_B,2026-10-20 06:12:00,6,18,0,40.64,0,0,0,0,0
TXN007828,USER01170,333.74,Netflix,Chennai,DEVICE_C,2026-12-20 12:25:00,12,32,0,9.28,0,0,0,0,0
TXN007829,USER00965,1792.46,Amazon,Bangalore,DEVICE_B,2026-11-17 08:29:00,8,18,0,7.67,0,0,0,0,0
TXN007830,USER00950,5429.05,Zomato,Delhi,DEVICE_D,2026-03-02 14:22:00,14,32,1,9.17,0,0,0,0,1
TXN007831,USER01892,4934.17,Apple,Kolkata,DEVICE_E,2026-05-04 14:41:00,14,44,0,13.89,0,0,0,0,0
TXN007832,USER01054,260.65,Myntra,Bangalore,DEVICE_D,2026-12-06 04:17:00,4,29,0,7.51,1,0,0,0,0
TXN007833,USER00045,326.2,Apple,Delhi,DEVICE_B,2026-12-14 12:38:00,12,38,0,5.77,0,0,0,0,0
TXN007834,USER01811,1691.05,Flipkart,Delhi,DEVICE_A,2026-07-11 21:37:00,21,12,0,9.41,0,0,0,0,0
TXN007835,USER00471,419.29,Walmart,Pune,DEVICE_B,2026-11-24 07:23:00,7,17,0,30.09,0,0,0,0,0
TXN007836,USER00034,1913.91,Netflix,Chennai,DEVICE_C,2026-01-05 11:46:00,11,1,0,5.83,0,0,0,1,0
TXN007837,USER00653,235.27,Paytm,Pune,DEVICE_E,2026-07-17 15:02:00,15,2,0,37.24,0,0,0,0,0
TXN007838,USER01451,1028.25,Uber,Ahmedabad,DEVICE_E,2026-06-26 02:40:00,2,5,1,6.71,1,0,0,0,1
TXN007839,USER00830,2564.97,Swiggy,Kolkata,DEVICE_D,2026-02-12 09:21:00,9,27,0,18.48,0,0,0,0,0
TXN007840,USER01910,271.29,Apple,Mumbai,DEVICE_B,2026-05-15 05:08:00,5,12,0,70.79,1,0,0,0,0
TXN007841,USER00221,987.11,Swiggy,Pune,DEVICE_A,2026-10-28 09:00:00,9,19,1,60.64,0,0,0,0,0
TXN007842,USER01892,975.24,Paytm,Ahmedabad,DEVICE_C,2026-05-13 10:00:00,10,31,0,11.41,0,0,0,0,0
TXN007843,USER00534,1892.74,Walmart,Kolkata,DEVICE_D,2026-04-18 11:28:00,11,30,0,1.4,0,0,0,0,0
TXN007844,USER00692,600.67,Swiggy,Chennai,DEVICE_B,2026-11-11 23:00:00,23,8,1,46.58,0,0,0,0,1
TXN007845,USER01972,303.31,Apple,Chennai,DEVICE_A,2026-08-04 21:57:00,21,2,0,2.71,0,0,0,0,0
TXN007846,USER01391,113.09,Zomato,Ahmedabad,DEVICE_B,2026-08-10 06:37:00,6,30,0,51.42,0,0,0,0,0
TXN007847,USER00932,3614.43,Myntra,Pune,DEVICE_A,2026-08-30 06:05:00,6,14,0,26.38,0,0,0,0,0
TXN007848,USER00841,2324.76,Swiggy,Chennai,DEVICE_B,2026-12-09 15:14:00,15,3,0,54.43,0,0,0,0,0
TXN007849,USER01767,1072.83,Zomato,Bangalore,DEVICE_B,2026-04-17 02:35:00,2,48,0,21.9,1,0,0,0,0
TXN007850,USER01011,1047.3,Zomato,Kolkata,DEVICE_D,2026-01-30 15:44:00,15,16,0,106.42,0,0,0,0,0
TXN007851,USER01939,1607.91,Flipkart,Kolkata,DEVICE_B,2026-07-07 01:20:00,1,44,0,12.58,1,0,0,0,0
TXN007852,USER01574,2615.68,Myntra,Delhi,DEVICE_B,2026-03-17 19:04:00,19,30,0,8.0,0,0,0,0,0
TXN007853,USER00582,178.49,Uber,Hyderabad,DEVICE_D,2026-07-01 20:02:00,20,28,0,9.99,0,0,0,0,0
TXN007854,USER01140,220.98,Apple,Mumbai,DEVICE_D,2026-01-01 01:09:00,1,10,1,8.62,1,0,0,0,0
TXN007855,USER00239,193.78,Netflix,Ahmedabad,DEVICE_E,2026-05-20 20:48:00,20,31,0,10.24,0,0,0,0,0
TXN007856,USER01359,803.22,Paytm,Chennai,DEVICE_E,2026-03-27 08:45:00,8,39,1,43.29,0,0,0,0,0
TXN007857,USER00441,1291.74,Netflix,Kolkata,DEVICE_D,2026-08-28 13:40:00,13,2,0,17.93,0,0,0,0,0
TXN007858,USER00148,2727.88,Swiggy,Kolkata,DEVICE_C,2026-10-22 17:47:00,17,49,0,25.87,0,0,0,0,0
TXN007859,USER01033,79.86,Myntra,Delhi,DEVICE_A,2026-03-24 15:27:00,15,0,0,6.79,0,0,0,1,0
TXN007860,USER01312,328.99,Swiggy,Ahmedabad,DEVICE_D,2026-06-28 16:38:00,16,7,1,91.85,0,0,0,0,0
TXN007861,USER00388,1233.48,Myntra,Mumbai,DEVICE_E,2026-12-11 16:16:00,16,40,0,6.59,0,0,0,0,0
TXN007862,USER01074,1379.05,Apple,Hyderabad,DEVICE_B,2026-06-14 00:13:00,0,16,0,3.46,1,0,0,0,1
TXN007863,USER01874,916.26,Paytm,Hyderabad,DEVICE_D,2026-03-10 00:21:00,0,7,0,30.12,1,0,0,0,1
TXN007864,USER01541,398.36,Paytm,Chennai,DEVICE_D,2026-08-31 02:55:00,2,42,0,36.54,1,0,0,0,0
TXN007865,USER00916,584.23,Apple,Hyderabad,DEVICE_E,2026-04-29 13:35:00,13,32,1,10.01,0,0,0,0,0
TXN007866,USER01879,969.44,Uber,Hyderabad,DEVICE_E,2026-08-27 18:38:00,18,25,0,15.58,0,0,0,0,0
TXN007867,USER00638,233.91,Zomato,Pune,DEVICE_C,2026-08-29 09:29:00,9,1,1,10.69,0,0,0,1,1
TXN007868,USER01611,508.82,Myntra,Mumbai,DEVICE_E,2026-03-04 22:46:00,22,46,0,6.96,0,0,0,0,0
TXN007869,USER01701,316.47,Amazon,Ahmedabad,DEVICE_E,2026-08-22 09:24:00,9,48,1,33.57,0,0,0,0,0
TXN007870,USER00278,1722.97,Amazon,Mumbai,DEVICE_E,2026-06-21 10:39:00,10,28,0,28.3,0,0,0,0,0
TXN007871,USER01978,481.58,Zomato,Pune,DEVICE_B,2026-10-16 21:23:00,21,14,0,13.28,0,0,0,0,0
TXN007872,USER01860,338.14,Swiggy,Chennai,DEVICE_D,2026-01-26 15:12:00,15,29,0,12.16,0,0,0,0,0
TXN007873,USER00989,688.33,Myntra,Kolkata,DEVICE_D,2026-12-02 04:28:00,4,49,0,3.97,1,0,0,0,1
TXN007874,USER01324,2159.09,Walmart,Delhi,DEVICE_E,2026-12-20 06:17:00,6,43,0,20.28,0,0,0,0,0
TXN007875,USER01826,1074.18,Paytm,Chennai,DEVICE_C,2026-04-27 23:20:00,23,45,0,51.46,0,0,0,0,0
TXN007876,USER00589,2957.02,Netflix,Bangalore,DEVICE_E,2026-06-11 06:42:00,6,11,0,25.38,0,0,0,0,0
TXN007877,USER01834,2575.96,Walmart,Hyderabad,DEVICE_C,2026-03-10 17:43:00,17,1,0,14.12,0,0,0,1,1
TXN007878,USER00649,558.41,Netflix,Pune,DEVICE_D,2026-11-21 07:20:00,7,20,0,0.79,0,0,0,0,0
TXN007879,USER00618,1237.91,Paytm,Delhi,DEVICE_C,2026-05-02 05:35:00,5,28,0,53.27,1,0,0,0,0
TXN007880,USER01631,2945.3,Amazon,Kolkata,DEVICE_C,2026-05-09 00:02:00,0,28,0,7.36,1,0,0,0,0
TXN007881,USER00135,710.16,Apple,Kolkata,DEVICE_A,2026-03-28 21:29:00,21,15,1,7.13,0,0,0,0,0
TXN007882,USER00580,1361.23,Uber,Mumbai,DEVICE_C,2026-09-22 16:14:00,16,30,0,12.68,0,0,0,0,0
TXN007883,USER01171,487.03,Flipkart,Bangalore,DEVICE_C,2026-02-17 07:46:00,7,32,0,11.21,0,0,0,0,0
TXN007884,USER00490,895.2,Swiggy,Ahmedabad,DEVICE_B,2026-04-08 08:10:00,8,1,0,65.59,0,0,0,1,1
TXN007885,USER00478,869.35,Zomato,Kolkata,DEVICE_D,2026-09-10 12:53:00,12,43,0,3.61,0,0,0,0,0
TXN007886,USER01183,1928.47,Amazon,Bangalore,DEVICE_E,2026-02-16 21:37:00,21,3,0,23.37,0,0,0,0,0
TXN007887,USER00384,776.56,Apple,Hyderabad,DEVICE_A,2026-11-21 05:13:00,5,38,0,2.26,1,0,0,0,0
TXN007888,USER00163,1331.34,Apple,Mumbai,DEVICE_C,2026-10-02 21:35:00,21,48,0,6.48,0,0,0,0,0
TXN007889,USER00441,1545.39,Netflix,Delhi,DEVICE_B,2026-08-15 06:53:00,6,4,0,25.61,0,0,0,0,0
TXN007890,USER01877,539.07,Apple,Mumbai,DEVICE_B,2026-07-17 05:07:00,5,1,0,32.6,1,0,0,1,0
TXN007891,USER01213,763.39,Myntra,Hyderabad,DEVICE_E,2026-06-28 17:57:00,17,44,0,12.66,0,0,0,0,0
TXN007892,USER00415,1663.62,Swiggy,Pune,DEVICE_E,2026-11-21 18:57:00,18,7,1,31.15,0,0,0,0,0
TXN007893,USER01363,5736.64,Flipkart,Kolkata,DEVICE_D,2026-03-20 11:38:00,11,49,1,54.71,0,0,0,0,0
TXN007894,USER01631,353.71,Amazon,Bangalore,DEVICE_C,2026-12-11 10:50:00,10,35,0,54.91,0,0,0,0,0
TXN007895,USER01205,1759.53,Myntra,Pune,DEVICE_B,2026-11-11 06:39:00,6,5,0,8.39,0,0,0,0,0
TXN007896,USER00288,3270.49,Amazon,Hyderabad,DEVICE_A,2026-06-26 17:03:00,17,40,0,7.48,0,0,0,0,0
TXN007897,USER01858,1195.15,Uber,Kolkata,DEVICE_D,2026-10-13 14:02:00,14,9,0,25.93,0,0,0,0,0
TXN007898,USER00187,486.47,Flipkart,Chennai,DEVICE_C,2026-07-11 14:28:00,14,35,0,21.23,0,0,0,0,0
TXN007899,USER01908,1046.09,Apple,Ahmedabad,DEVICE_E,2026-02-01 18:41:00,18,3,0,9.96,0,0,0,0,0
TXN007900,USER01162,459.21,Uber,Bangalore,DEVICE_C,2026-02-23 13:17:00,13,38,0,5.19,0,0,0,0,0
TXN007901,USER00130,697.48,Netflix,Hyderabad,DEVICE_E,2026-11-29 16:36:00,16,13,0,19.27,0,0,0,0,0
TXN007902,USER00194,1551.28,Uber,Delhi,DEVICE_C,2026-07-11 12:12:00,12,11,1,11.25,0,0,0,0,0
TXN007903,USER00316,1038.5,Walmart,Delhi,DEVICE_A,2026-09-26 08:55:00,8,46,1,2.83,0,0,0,0,0
TXN007904,USER01809,1308.2,Netflix,Kolkata,DEVICE_D,2026-04-03 19:16:00,19,16,0,20.39,0,0,0,0,0
TXN007905,USER01888,382.86,Flipkart,Kolkata,DEVICE_E,2026-03-29 19:07:00,19,20,0,23.93,0,0,0,0,0
TXN007906,USER00144,632.79,Swiggy,Delhi,DEVICE_A,2026-05-19 16:18:00,16,12,0,9.06,0,0,0,0,0
TXN007907,USER00016,1904.02,Walmart,Ahmedabad,DEVICE_B,2026-10-20 22:42:00,22,32,1,35.67,0,0,0,0,0
TXN007908,USER01326,242.89,Amazon,Chennai,DEVICE_A,2026-05-03 23:07:00,23,12,1,1.53,0,0,0,0,0
TXN007909,USER00423,332.39,Zomato,Mumbai,DEVICE_A,2026-08-04 22:10:00,22,47,0,13.7,0,0,0,0,0
TXN007910,USER00245,832.95,Zomato,Delhi,DEVICE_A,2026-11-11 14:03:00,14,44,0,62.62,0,0,0,0,0
TXN007911,USER00927,688.34,Walmart,Ahmedabad,DEVICE_E,2026-08-29 19:08:00,19,8,0,4.23,0,0,0,0,0
TXN007912,USER01131,2191.82,Swiggy,Ahmedabad,DEVICE_B,2026-05-22 09:43:00,9,49,0,3.78,0,0,0,0,0
TXN007913,USER01112,127.07,Myntra,Kolkata,DEVICE_D,2026-02-03 02:00:00,2,47,0,9.52,1,0,0,0,0
TXN007914,USER00129,1018.17,Zomato,Kolkata,DEVICE_A,2026-08-27 00:44:00,0,19,0,6.24,1,0,0,0,0
TXN007915,USER00907,3766.35,Walmart,Chennai,DEVICE_E,2026-11-06 03:01:00,3,43,1,5.01,1,0,0,0,1
TXN007916,USER00887,1471.9,Flipkart,Delhi,DEVICE_E,2026-04-28 18:52:00,18,39,0,59.85,0,0,0,0,0
TXN007917,USER00341,275.8,Paytm,Chennai,DEVICE_D,2026-02-16 10:17:00,10,0,0,8.46,0,0,0,1,0
TXN007918,USER00004,9747.96,Swiggy,Ahmedabad,DEVICE_C,2026-08-30 03:58:00,3,12,0,1.23,1,0,0,0,0
TXN007919,USER01351,670.37,Swiggy,Delhi,DEVICE_B,2026-07-10 05:42:00,5,21,0,46.01,1,0,0,0,0
TXN007920,USER01434,122.64,Myntra,Mumbai,DEVICE_B,2026-09-02 19:24:00,19,12,0,11.89,0,0,0,0,0
TXN007921,USER01903,2277.52,Netflix,Hyderabad,DEVICE_A,2026-03-29 12:47:00,12,34,1,26.63,0,0,0,0,0
TXN007922,USER00306,529.86,Apple,Delhi,DEVICE_C,2026-03-23 07:06:00,7,0,0,9.16,0,0,0,1,0
TXN007923,USER00908,5907.65,Zomato,Hyderabad,DEVICE_B,2026-07-28 11:23:00,11,45,0,54.72,0,0,0,0,0
TXN007924,USER00607,2099.57,Apple,Delhi,DEVICE_A,2026-02-22 05:33:00,5,32,0,6.79,1,0,0,0,0
TXN007925,USER01745,7465.0,Apple,Mumbai,DEVICE_C,2026-03-27 21:34:00,21,4,0,21.74,0,0,0,0,0
TXN007926,USER01249,424.95,Flipkart,Ahmedabad,DEVICE_E,2026-07-27 19:22:00,19,29,0,34.78,0,0,0,0,0
TXN007927,USER01995,3464.04,Amazon,Pune,DEVICE_A,2026-04-04 22:14:00,22,4,0,5.43,0,0,0,0,0
TXN007928,USER01372,527.47,Apple,Kolkata,DEVICE_C,2026-09-04 14:31:00,14,42,0,32.34,0,0,0,0,0
TXN007929,USER00992,1493.99,Swiggy,Hyderabad,DEVICE_D,2026-12-08 19:49:00,19,24,0,31.43,0,0,0,0,0
TXN007930,USER00321,1280.7,Myntra,Ahmedabad,DEVICE_B,2026-01-12 21:16:00,21,25,0,66.61,0,0,0,0,0
TXN007931,USER00559,3821.98,Myntra,Chennai,DEVICE_A,2026-10-21 21:29:00,21,18,0,51.23,0,0,0,0,0
TXN007932,USER01205,2273.09,Paytm,Delhi,DEVICE_E,2026-03-20 23:23:00,23,11,0,9.84,0,0,0,0,0
TXN007933,USER00618,721.7,Amazon,Kolkata,DEVICE_A,2026-09-27 08:57:00,8,7,0,17.86,0,0,0,0,0
TXN007934,USER00711,2921.31,Netflix,Delhi,DEVICE_B,2026-11-15 12:52:00,12,9,0,51.88,0,0,0,0,0
TXN007935,USER01410,1009.51,Swiggy,Chennai,DEVICE_B,2026-04-14 16:00:00,16,17,0,0.09,0,0,0,0,0
TXN007936,USER01642,2047.15,Swiggy,Ahmedabad,DEVICE_C,2026-10-30 20:55:00,20,40,0,19.74,0,0,0,0,0
TXN007937,USER01816,1430.95,Paytm,Mumbai,DEVICE_E,2026-01-04 03:12:00,3,10,0,4.85,1,0,0,0,0
TXN007938,USER01796,905.23,Uber,Bangalore,DEVICE_C,2026-09-16 05:44:00,5,29,0,26.85,1,0,0,0,0
TXN007939,USER01132,333.2,Paytm,Delhi,DEVICE_E,2026-02-24 22:21:00,22,4,0,31.84,0,0,0,0,0
TXN007940,USER00531,1316.89,Apple,Pune,DEVICE_A,2026-02-06 15:54:00,15,23,1,24.96,0,0,0,0,0
TXN007941,USER00410,597.34,Walmart,Chennai,DEVICE_A,2026-12-17 12:39:00,12,44,0,110.82,0,0,0,0,0
TXN007942,USER01995,362.45,Myntra,Bangalore,DEVICE_C,2026-07-20 18:55:00,18,12,0,13.05,0,0,0,0,0
TXN007943,USER01320,2315.58,Paytm,Delhi,DEVICE_D,2026-01-03 03:36:00,3,35,0,16.48,1,0,0,0,0
TXN007944,USER00818,621.55,Apple,Hyderabad,DEVICE_B,2026-07-15 17:22:00,17,48,1,10.52,0,0,0,0,0
TXN007945,USER01195,216.0,Zomato,Ahmedabad,DEVICE_C,2026-01-22 09:01:00,9,26,0,72.98,0,0,0,0,0
TXN007946,USER01355,1098.84,Amazon,Kolkata,DEVICE_C,2026-11-09 11:22:00,11,31,1,51.22,0,0,0,0,1
TXN007947,USER00493,956.41,Swiggy,Kolkata,DEVICE_A,2026-03-19 22:31:00,22,13,0,86.3,0,0,0,0,0
TXN007948,USER01219,1037.35,Uber,Chennai,DEVICE_B,2026-07-14 04:29:00,4,40,0,83.85,1,0,0,0,1
TXN007949,USER00012,1036.28,Amazon,Hyderabad,DEVICE_C,2026-10-25 07:36:00,7,1,0,45.16,0,0,0,1,0
TXN007950,USER00195,443.45,Apple,Mumbai,DEVICE_A,2026-03-29 04:10:00,4,3,0,53.44,1,0,0,0,0
TXN007951,USER00490,765.57,Netflix,Bangalore,DEVICE_A,2026-02-03 16:27:00,16,10,0,2.55,0,0,0,0,0
TXN007952,USER00795,2794.3,Zomato,Chennai,DEVICE_C,2026-06-06 08:01:00,8,41,0,3.81,0,0,0,0,0
TXN007953,USER00881,2367.22,Apple,Pune,DEVICE_C,2026-01-14 01:45:00,1,36,0,43.29,1,0,0,0,1
TXN007954,USER00182,797.78,Walmart,Delhi,DEVICE_A,2026-05-13 00:21:00,0,47,0,25.95,1,0,0,0,0
TXN007955,USER00962,1856.88,Flipkart,Kolkata,DEVICE_C,2026-11-25 04:43:00,4,37,1,41.59,1,0,0,0,0
TXN007956,USER01841,1192.41,Apple,Delhi,DEVICE_B,2026-11-26 05:36:00,5,36,0,29.4,1,0,0,0,0
TXN007957,USER00656,815.04,Paytm,Bangalore,DEVICE_A,2026-12-27 04:17:00,4,12,1,3.01,1,0,0,0,1
TXN007958,USER01922,3367.72,Apple,Hyderabad,DEVICE_A,2026-06-10 20:49:00,20,8,0,49.67,0,0,0,0,0
TXN007959,USER01340,490.11,Paytm,Hyderabad,DEVICE_C,2026-05-08 08:15:00,8,41,0,29.5,0,0,0,0,0
TXN007960,USER00694,1445.02,Netflix,Chennai,DEVICE_C,2026-06-04 05:47:00,5,26,0,16.92,1,0,0,0,1
TXN007961,USER00030,245.41,Swiggy,Chennai,DEVICE_C,2026-10-18 19:52:00,19,1,0,15.2,0,0,0,1,0
TXN007962,USER01620,1516.95,Myntra,Hyderabad,DEVICE_B,2026-01-11 16:42:00,16,46,0,17.06,0,0,0,0,0
TXN007963,USER01702,605.44,Flipkart,Chennai,DEVICE_A,2026-09-28 21:41:00,21,26,0,9.9,0,0,0,0,0
TXN007964,USER01820,777.79,Netflix,Hyderabad,DEVICE_D,2026-01-20 15:02:00,15,11,0,32.51,0,0,0,0,0
TXN007965,USER01817,843.84,Paytm,Bangalore,DEVICE_B,2026-02-26 02:04:00,2,11,0,47.94,1,0,0,0,0
TXN007966,USER01120,148.91,Myntra,Chennai,DEVICE_B,2026-02-12 08:30:00,8,2,0,5.83,0,0,0,0,0
TXN007967,USER01405,256.55,Walmart,Hyderabad,DEVICE_A,2026-01-15 05:18:00,5,25,0,0.78,1,0,0,0,0
TXN007968,USER00778,2314.87,Amazon,Chennai,DEVICE_D,2026-04-20 03:30:00,3,14,0,4.54,1,0,0,0,0
TXN007969,USER00444,1204.88,Flipkart,Delhi,DEVICE_A,2026-10-08 08:13:00,8,26,0,28.32,0,0,0,0,0
TXN007970,USER00298,4074.59,Uber,Ahmedabad,DEVICE_B,2026-02-21 03:22:00,3,44,0,40.56,1,0,0,0,1
TXN007971,USER00808,320.18,Netflix,Kolkata,DEVICE_C,2026-07-31 09:54:00,9,34,0,8.57,0,0,0,0,0
TXN007972,USER01761,2359.2,Amazon,Delhi,DEVICE_A,2026-11-25 05:33:00,5,12,1,3.31,1,0,0,0,0
TXN007973,USER00845,1660.08,Amazon,Mumbai,DEVICE_A,2026-07-30 22:35:00,22,4,1,39.11,0,0,0,0,0
TXN007974,USER01016,3127.73,Apple,Hyderabad,DEVICE_C,2026-01-15 16:11:00,16,42,0,4.83,0,0,0,0,0
TXN007975,USER01385,995.43,Apple,Mumbai,DEVICE_D,2026-06-15 17:00:00,17,16,0,5.54,0,0,0,0,0
TXN007976,USER01398,1215.82,Uber,Hyderabad,DEVICE_D,2026-11-21 20:56:00,20,18,0,1.94,0,0,0,0,0
TXN007977,USER00554,497.83,Uber,Ahmedabad,DEVICE_A,2026-12-03 09:32:00,9,19,0,48.23,0,0,0,0,0
TXN007978,USER00303,859.6,Paytm,Kolkata,DEVICE_C,2026-04-09 03:52:00,3,22,0,7.91,1,0,0,0,0
TXN007979,USER00421,704.71,Uber,Chennai,DEVICE_A,2026-01-17 02:27:00,2,11,1,3.77,1,0,0,0,0
TXN007980,USER01270,332.64,Amazon,Hyderabad,DEVICE_C,2026-11-07 00:33:00,0,31,0,61.43,1,0,0,0,0
TXN007981,USER01744,1239.6,Paytm,Ahmedabad,DEVICE_B,2026-01-25 16:54:00,16,28,1,8.18,0,0,0,0,0
TXN007982,USER01261,2559.92,Myntra,Delhi,DEVICE_C,2026-12-15 04:45:00,4,4,1,27.53,1,0,0,0,1
TXN007983,USER01558,3171.39,Swiggy,Chennai,DEVICE_A,2026-09-04 05:58:00,5,48,1,5.24,1,0,0,0,0
TXN007984,USER00185,528.71,Swiggy,Kolkata,DEVICE_E,2026-05-26 01:18:00,1,42,0,25.95,1,0,0,0,0
TXN007985,USER00468,1061.28,Swiggy,Delhi,DEVICE_D,2026-12-04 13:45:00,13,1,0,5.28,0,0,0,1,1
TXN007986,USER00754,971.5,Flipkart,Chennai,DEVICE_A,2026-07-04 09:22:00,9,5,0,20.31,0,0,0,0,0
TXN007987,USER00363,4134.57,Flipkart,Hyderabad,DEVICE_C,2026-02-11 09:16:00,9,20,0,11.63,0,0,0,0,0
TXN007988,USER01307,5473.46,Uber,Hyderabad,DEVICE_C,2026-07-08 04:31:00,4,34,0,32.06,1,0,0,0,0
TXN007989,USER01577,338.87,Swiggy,Delhi,DEVICE_D,2026-03-17 13:42:00,13,14,0,26.21,0,0,0,0,0
TXN007990,USER00336,1699.07,Walmart,Bangalore,DEVICE_A,2026-04-22 21:44:00,21,17,0,54.82,0,0,0,0,0
TXN007991,USER00162,1768.72,Apple,Hyderabad,DEVICE_E,2026-07-08 22:13:00,22,48,0,9.45,0,0,0,0,0
TXN007992,USER01184,915.57,Walmart,Ahmedabad,DEVICE_B,2026-06-29 04:34:00,4,46,0,28.08,1,0,0,0,1
TXN007993,USER01498,351.91,Swiggy,Bangalore,DEVICE_E,2026-11-13 10:32:00,10,1,1,69.37,0,0,0,1,1
TXN007994,USER01625,2069.14,Swiggy,Chennai,DEVICE_B,2026-05-27 00:04:00,0,4,0,8.2,1,0,0,0,0
TXN007995,USER01346,3276.79,Apple,Bangalore,DEVICE_B,2026-08-07 12:19:00,12,36,0,6.85,0,0,0,0,0
TXN007996,USER00012,670.3,Swiggy,Delhi,DEVICE_A,2026-04-24 04:09:00,4,40,0,29.31,1,0,0,0,0
TXN007997,USER01448,3218.76,Netflix,Mumbai,DEVICE_B,2026-01-18 09:19:00,9,5,0,11.79,0,0,0,0,0
TXN007998,USER01097,1100.62,Amazon,Mumbai,DEVICE_C,2026-08-11 12:49:00,12,41,1,10.17,0,0,0,0,0
TXN007999,USER00588,3943.18,Paytm,Delhi,DEVICE_B,2026-01-12 19:05:00,19,18,0,15.78,0,0,0,0,0
TXN008000,USER01882,3936.11,Apple,Pune,DEVICE_B,2026-04-27 23:31:00,23,15,0,54.83,0,0,0,0,0
TXN008001,USER00201,1073.63,Swiggy,Ahmedabad,DEVICE_D,2026-09-19 16:53:00,16,11,0,1.75,0,0,0,0,0
TXN008002,USER00522,1596.59,Flipkart,Mumbai,DEVICE_D,2026-05-14 21:57:00,21,23,1,12.54,0,0,0,0,0
TXN008003,USER01888,582.79,Flipkart,Delhi,DEVICE_A,2026-03-08 01:14:00,1,8,0,2.33,1,0,0,0,0
TXN008004,USER00505,254.38,Amazon,Hyderabad,DEVICE_A,2026-08-29 15:37:00,15,2,0,43.01,0,0,0,0,0
TXN008005,USER01762,1374.24,Flipkart,Bangalore,DEVICE_C,2026-07-07 04:30:00,4,16,0,2.94,1,0,0,0,0
TXN008006,USER01712,293.05,Paytm,Mumbai,DEVICE_D,2026-04-22 21:08:00,21,29,0,1.88,0,0,0,0,0
TXN008007,USER00788,7213.95,Zomato,Hyderabad,DEVICE_E,2026-11-13 05:45:00,5,26,0,66.35,1,0,0,0,0
TXN008008,USER01063,3055.32,Zomato,Mumbai,DEVICE_A,2026-03-15 23:34:00,23,23,1,16.57,0,0,0,0,1
TXN008009,USER00060,956.79,Zomato,Chennai,DEVICE_A,2026-12-17 12:30:00,12,41,0,34.96,0,0,0,0,0
TXN008010,USER00578,12095.23,Amazon,Delhi,DEVICE_D,2026-04-18 20:05:00,20,49,0,12.71,0,1,0,0,1
TXN008011,USER00321,621.85,Amazon,Delhi,DEVICE_D,2026-03-04 03:41:00,3,38,1,11.44,1,0,0,0,0
TXN008012,USER01459,770.32,Paytm,Ahmedabad,DEVICE_C,2026-07-25 05:27:00,5,6,0,48.52,1,0,0,0,0
TXN008013,USER01660,761.98,Apple,Hyderabad,DEVICE_D,2026-12-29 14:28:00,14,8,0,91.85,0,0,0,0,0
TXN008014,USER01700,1035.26,Uber,Pune,DEVICE_B,2026-12-30 15:57:00,15,15,0,19.27,0,0,0,0,0
TXN008015,USER01432,829.62,Zomato,Chennai,DEVICE_E,2026-04-17 14:17:00,14,10,0,50.07,0,0,0,0,0
TXN008016,USER00923,1653.92,Flipkart,Bangalore,DEVICE_B,2026-03-01 16:23:00,16,8,0,39.71,0,0,0,0,0
TXN008017,USER01410,446.35,Walmart,Ahmedabad,DEVICE_B,2026-02-13 14:38:00,14,0,0,15.71,0,0,0,1,0
TXN008018,USER01695,1230.44,Uber,Chennai,DEVICE_B,2026-03-28 11:46:00,11,43,0,56.64,0,0,0,0,0
TXN008019,USER00569,672.98,Paytm,Pune,DEVICE_A,2026-12-08 09:19:00,9,34,0,4.72,0,0,0,0,0
TXN008020,USER01102,1160.27,Apple,Chennai,DEVICE_B,2026-01-21 05:08:00,5,19,1,43.23,1,0,0,0,0
TXN008021,USER01218,413.8,Flipkart,Kolkata,DEVICE_A,2026-06-18 02:28:00,2,7,0,7.4,1,0,0,0,0
TXN008022,USER01309,503.68,Swiggy,Bangalore,DEVICE_D,2026-05-26 05:28:00,5,6,1,0.62,1,0,0,0,0
TXN008023,USER00527,7425.36,Apple,Ahmedabad,DEVICE_E,2026-01-07 19:05:00,19,36,0,30.94,0,0,0,0,0
TXN008024,USER00524,478.63,Zomato,Bangalore,DEVICE_E,2026-12-09 00:18:00,0,36,1,53.19,1,0,0,0,1
TXN008025,USER00613,1756.57,Zomato,Chennai,DEVICE_B,2026-04-24 19:08:00,19,19,0,4.89,0,0,0,0,0
TXN008026,USER01180,676.46,Swiggy,Ahmedabad,DEVICE_E,2026-01-14 01:28:00,1,4,0,15.28,1,0,0,0,0
TXN008027,USER01364,438.95,Paytm,Mumbai,DEVICE_A,2026-07-14 19:01:00,19,11,0,27.67,0,0,0,0,0
TXN008028,USER00125,1161.76,Myntra,Kolkata,DEVICE_D,2026-04-13 10:08:00,10,20,0,8.06,0,0,0,0,0
TXN008029,USER00871,501.69,Apple,Mumbai,DEVICE_B,2026-05-16 19:28:00,19,19,0,3.18,0,0,0,0,0
TXN008030,USER00280,1747.95,Swiggy,Chennai,DEVICE_C,2026-08-10 11:17:00,11,4,0,9.96,0,0,0,0,0
TXN008031,USER00917,980.18,Paytm,Mumbai,DEVICE_E,2026-08-20 01:35:00,1,22,0,12.2,1,0,0,0,0
TXN008032,USER01930,3649.96,Paytm,Bangalore,DEVICE_E,2026-06-11 08:03:00,8,6,0,27.11,0,0,0,0,0
TXN008033,USER00622,338.65,Amazon,Ahmedabad,DEVICE_B,2026-07-15 04:36:00,4,0,1,4.43,1,0,0,1,1
TXN008034,USER00846,1405.97,Apple,Bangalore,DEVICE_E,2026-01-13 17:25:00,17,24,1,33.76,0,0,0,0,0
TXN008035,USER01893,1530.43,Flipkart,Mumbai,DEVICE_E,2026-01-03 05:37:00,5,18,0,13.95,1,0,0,0,0
TXN008036,USER01682,447.23,Myntra,Ahmedabad,DEVICE_C,2026-07-18 02:00:00,2,1,0,46.85,1,0,0,1,0
TXN008037,USER01752,603.28,Netflix,Bangalore,DEVICE_A,2026-12-28 01:21:00,1,11,0,16.68,1,0,0,0,0
TXN008038,USER01934,304.57,Walmart,Delhi,DEVICE_B,2026-05-03 05:44:00,5,41,0,11.84,1,0,0,0,0
TXN008039,USER00674,269.34,Apple,Bangalore,DEVICE_B,2026-01-28 05:15:00,5,24,0,6.76,1,0,0,0,0
TXN008040,USER01152,985.63,Uber,Chennai,DEVICE_C,2026-08-05 04:11:00,4,31,0,2.25,1,0,0,0,0
TXN008041,USER00314,2266.88,Paytm,Hyderabad,DEVICE_C,2026-06-05 11:51:00,11,47,0,9.29,0,0,0,0,0
TXN008042,USER00332,974.14,Amazon,Mumbai,DEVICE_A,2026-06-01 09:26:00,9,42,0,10.68,0,0,0,0,0
TXN008043,USER01174,1011.48,Swiggy,Kolkata,DEVICE_D,2026-03-17 01:18:00,1,17,0,16.8,1,0,0,0,0
TXN008044,USER01478,340.87,Zomato,Pune,DEVICE_B,2026-07-18 09:45:00,9,30,1,39.3,0,0,0,0,0
TXN008045,USER00036,165.43,Swiggy,Mumbai,DEVICE_E,2026-10-25 10:48:00,10,43,0,12.47,0,0,0,0,0
TXN008046,USER01709,1491.96,Swiggy,Pune,DEVICE_A,2026-09-08 12:57:00,12,8,0,7.55,0,0,0,0,0
TXN008047,USER01444,605.09,Myntra,Pune,DEVICE_B,2026-02-12 06:08:00,6,20,1,41.31,0,0,0,0,0
TXN008048,USER01046,216.85,Apple,Bangalore,DEVICE_A,2026-10-17 00:31:00,0,38,0,26.48,1,0,0,0,0
TXN008049,USER00206,672.07,Swiggy,Bangalore,DEVICE_D,2026-09-25 09:18:00,9,6,0,7.34,0,0,0,0,0
TXN008050,USER00639,1372.52,Myntra,Ahmedabad,DEVICE_B,2026-08-18 03:03:00,3,12,0,3.65,1,0,0,0,0
TXN008051,USER00848,1575.49,Netflix,Ahmedabad,DEVICE_E,2026-02-11 00:28:00,0,19,0,6.88,1,0,0,0,0
TXN008052,USER01981,1311.6,Flipkart,Hyderabad,DEVICE_B,2026-02-19 05:48:00,5,12,0,2.64,1,0,0,0,0
TXN008053,USER01380,586.41,Netflix,Hyderabad,DEVICE_A,2026-04-26 14:11:00,14,27,0,46.75,0,0,0,0,0
TXN008054,USER00440,1872.42,Apple,Kolkata,DEVICE_D,2026-10-22 08:52:00,8,36,1,18.92,0,0,0,0,0
TXN008055,USER00729,1076.65,Zomato,Chennai,DEVICE_A,2026-01-24 12:10:00,12,24,0,39.83,0,0,0,0,0
TXN008056,USER01120,498.39,Netflix,Delhi,DEVICE_A,2026-05-21 22:07:00,22,45,0,34.34,0,0,0,0,0
TXN008057,USER01953,401.26,Myntra,Chennai,DEVICE_C,2026-08-03 07:17:00,7,47,0,3.33,0,0,0,0,0
TXN008058,USER00941,1308.54,Myntra,Ahmedabad,DEVICE_A,2026-06-18 23:25:00,23,44,0,11.7,0,0,0,0,0
TXN008059,USER00164,2397.24,Walmart,Kolkata,DEVICE_D,2026-09-17 22:33:00,22,25,0,71.56,0,0,0,0,0
TXN008060,USER00148,1871.14,Paytm,Mumbai,DEVICE_E,2026-01-15 01:53:00,1,43,0,5.33,1,0,0,0,1
TXN008061,USER01554,1270.16,Uber,Bangalore,DEVICE_C,2026-10-26 04:43:00,4,32,1,1.03,1,0,0,0,1
TXN008062,USER00294,1939.23,Uber,Chennai,DEVICE_A,2026-10-04 03:52:00,3,39,0,8.49,1,0,0,0,0
TXN008063,USER00195,9267.75,Apple,Pune,DEVICE_B,2026-02-16 18:05:00,18,39,0,14.31,0,0,0,0,0
TXN008064,USER00663,1420.91,Paytm,Bangalore,DEVICE_C,2026-03-25 20:24:00,20,26,0,1.15,0,0,0,0,0
TXN008065,USER00480,1263.55,Walmart,Bangalore,DEVICE_D,2026-06-16 13:30:00,13,14,0,11.13,0,0,0,0,0
TXN008066,USER01901,1790.31,Amazon,Chennai,DEVICE_B,2026-11-01 14:58:00,14,2,0,5.84,0,0,0,0,0
TXN008067,USER00123,2154.44,Swiggy,Chennai,DEVICE_D,2026-01-15 22:55:00,22,28,0,4.77,0,0,0,0,0
TXN008068,USER01424,329.54,Netflix,Pune,DEVICE_B,2026-01-20 04:41:00,4,30,0,6.13,1,0,0,0,0
TXN008069,USER00699,1286.15,Paytm,Ahmedabad,DEVICE_E,2026-07-17 10:54:00,10,39,0,2.23,0,0,0,0,0
TXN008070,USER00965,2706.69,Swiggy,Pune,DEVICE_D,2026-11-17 03:45:00,3,17,0,1.59,1,0,0,0,1
TXN008071,USER01476,5276.82,Amazon,Hyderabad,DEVICE_B,2026-12-01 07:43:00,7,23,0,18.12,0,0,0,0,0
TXN008072,USER00661,1116.74,Zomato,Ahmedabad,DEVICE_D,2026-07-26 17:31:00,17,38,0,59.07,0,0,0,0,0
TXN008073,USER01128,728.62,Walmart,Kolkata,DEVICE_C,2026-10-16 06:29:00,6,43,0,32.67,0,0,0,0,0
TXN008074,USER01779,1272.16,Swiggy,Kolkata,DEVICE_D,2026-02-28 13:29:00,13,46,1,35.9,0,0,0,0,0
TXN008075,USER01486,614.3,Walmart,Pune,DEVICE_D,2026-08-13 04:52:00,4,7,0,26.57,1,0,0,0,0
TXN008076,USER01767,4502.37,Walmart,Delhi,DEVICE_B,2026-06-19 07:04:00,7,28,1,62.46,0,0,0,0,0
TXN008077,USER01742,1690.5,Paytm,Ahmedabad,DEVICE_D,2026-09-01 03:42:00,3,47,0,60.14,1,0,0,0,0
TXN008078,USER00710,1045.95,Myntra,Pune,DEVICE_E,2026-08-09 12:19:00,12,36,0,30.13,0,0,0,0,0
TXN008079,USER00396,2987.58,Flipkart,Hyderabad,DEVICE_A,2026-03-13 06:55:00,6,36,0,25.17,0,0,0,0,0
TXN008080,USER00912,388.36,Apple,Delhi,DEVICE_C,2026-07-19 17:02:00,17,8,0,7.28,0,0,0,0,0
TXN008081,USER01361,169.9,Uber,Chennai,DEVICE_B,2026-05-05 08:04:00,8,44,0,1.91,0,0,0,0,0
TXN008082,USER01005,1602.85,Walmart,Kolkata,DEVICE_D,2026-05-19 18:22:00,18,29,0,1.95,0,0,0,0,0
TXN008083,USER01623,2882.97,Paytm,Kolkata,DEVICE_D,2026-07-13 07:39:00,7,14,0,26.66,0,0,0,0,0
TXN008084,USER01166,964.81,Paytm,Delhi,DEVICE_D,2026-09-15 03:13:00,3,39,0,0.58,1,0,0,0,0
TXN008085,USER00317,595.14,Swiggy,Mumbai,DEVICE_C,2026-06-29 08:34:00,8,11,0,33.9,0,0,0,0,0
TXN008086,USER01735,463.53,Swiggy,Hyderabad,DEVICE_A,2026-02-02 07:38:00,7,40,0,9.13,0,0,0,0,0
TXN008087,USER01582,361.03,Netflix,Hyderabad,DEVICE_E,2026-04-11 17:08:00,17,26,0,4.27,0,0,0,0,0
TXN008088,USER01824,1995.51,Walmart,Hyderabad,DEVICE_E,2026-03-16 12:01:00,12,46,1,10.47,0,0,0,0,0
TXN008089,USER01551,2289.67,Flipkart,Kolkata,DEVICE_B,2026-05-03 04:40:00,4,46,1,24.3,1,0,0,0,0
TXN008090,USER01580,2505.6,Apple,Bangalore,DEVICE_A,2026-12-31 15:50:00,15,30,0,6.43,0,0,0,0,0
TXN008091,USER01425,1103.83,Apple,Kolkata,DEVICE_A,2026-06-28 23:43:00,23,12,0,3.81,0,0,0,0,0
TXN008092,USER00681,387.43,Zomato,Bangalore,DEVICE_C,2026-04-24 14:06:00,14,14,0,26.78,0,0,0,0,0
TXN008093,USER01334,576.27,Zomato,Kolkata,DEVICE_D,2026-05-12 03:28:00,3,4,0,42.52,1,0,0,0,0
TXN008094,USER00495,1879.53,Netflix,Ahmedabad,DEVICE_A,2026-01-05 21:42:00,21,41,0,17.62,0,0,0,0,0
TXN008095,USER00556,431.14,Uber,Chennai,DEVICE_D,2026-01-16 17:07:00,17,24,0,14.84,0,0,0,0,0
TXN008096,USER00610,1000.59,Zomato,Kolkata,DEVICE_C,2026-12-17 05:29:00,5,11,0,28.12,1,0,0,0,0
TXN008097,USER01797,438.9,Amazon,Ahmedabad,DEVICE_B,2026-09-03 01:42:00,1,48,0,26.38,1,0,0,0,0
TXN008098,USER00109,585.73,Netflix,Ahmedabad,DEVICE_B,2026-12-14 22:21:00,22,8,0,0.13,0,0,0,0,0
TXN008099,USER01819,388.89,Apple,Chennai,DEVICE_D,2026-07-16 16:00:00,16,25,0,6.62,0,0,0,0,0
TXN008100,USER00372,1112.82,Apple,Ahmedabad,DEVICE_D,2026-02-19 01:56:00,1,36,0,53.77,1,0,0,0,0
TXN008101,USER00855,293.9,Flipkart,Bangalore,DEVICE_A,2026-07-29 23:39:00,23,8,0,64.48,0,0,0,0,0
TXN008102,USER00616,553.17,Paytm,Hyderabad,DEVICE_C,2026-07-05 07:29:00,7,4,0,14.28,0,0,0,0,0
TXN008103,USER00768,2359.04,Amazon,Bangalore,DEVICE_B,2026-03-15 17:19:00,17,45,0,16.42,0,0,0,0,0
TXN008104,USER01915,2818.44,Uber,Delhi,DEVICE_A,2026-07-21 01:20:00,1,6,0,0.01,1,0,0,0,0
TXN008105,USER00206,2005.62,Swiggy,Hyderabad,DEVICE_E,2026-03-04 20:58:00,20,40,0,22.32,0,0,0,0,0
TXN008106,USER00847,3920.11,Netflix,Kolkata,DEVICE_A,2026-11-16 04:19:00,4,30,0,4.78,1,0,0,0,0
TXN008107,USER00043,334.41,Zomato,Kolkata,DEVICE_D,2026-03-22 17:30:00,17,43,0,2.74,0,0,0,0,0
TXN008108,USER00865,1010.07,Myntra,Kolkata,DEVICE_E,2026-01-22 00:03:00,0,36,0,7.27,1,0,0,0,1
TXN008109,USER01269,1173.73,Flipkart,Kolkata,DEVICE_A,2026-05-02 11:30:00,11,6,0,21.87,0,0,0,0,0
TXN008110,USER01311,6352.94,Apple,Kolkata,DEVICE_C,2026-12-04 16:01:00,16,4,0,11.47,0,0,0,0,0
TXN008111,USER01379,885.62,Myntra,Bangalore,DEVICE_B,2026-02-11 19:59:00,19,16,0,8.59,0,0,0,0,0
TXN008112,USER00785,2255.62,Netflix,Pune,DEVICE_E,2026-01-25 15:47:00,15,10,0,25.95,0,0,0,0,0
TXN008113,USER00476,5035.38,Walmart,Chennai,DEVICE_C,2026-11-08 19:19:00,19,36,1,33.61,0,0,0,0,0
TXN008114,USER00083,1233.08,Uber,Pune,DEVICE_A,2026-03-24 22:55:00,22,35,0,40.68,0,0,0,0,0
TXN008115,USER01134,718.95,Walmart,Bangalore,DEVICE_D,2026-01-22 20:49:00,20,26,1,11.77,0,0,0,0,0
TXN008116,USER01974,777.2,Netflix,Mumbai,DEVICE_D,2026-04-04 08:22:00,8,0,0,25.3,0,0,0,1,0
TXN008117,USER00190,235.03,Walmart,Ahmedabad,DEVICE_C,2026-08-03 20:59:00,20,0,0,43.29,0,0,0,1,0
TXN008118,USER00800,725.42,Uber,Pune,DEVICE_D,2026-11-18 19:33:00,19,13,0,47.92,0,0,0,0,0
TXN008119,USER00936,305.14,Paytm,Bangalore,DEVICE_B,2026-10-07 02:52:00,2,27,1,13.55,1,0,0,0,0
TXN008120,USER01933,2217.19,Netflix,Ahmedabad,DEVICE_C,2026-09-16 15:05:00,15,40,0,8.78,0,0,0,0,0
TXN008121,USER00251,268.82,Myntra,Hyderabad,DEVICE_C,2026-07-31 03:47:00,3,0,0,46.09,1,0,0,1,1
TXN008122,USER01748,1560.9,Walmart,Kolkata,DEVICE_D,2026-05-22 07:49:00,7,7,0,6.06,0,0,0,0,0
TXN008123,USER00291,3053.13,Uber,Bangalore,DEVICE_C,2026-06-26 16:01:00,16,44,1,31.88,0,0,0,0,0
TXN008124,USER01669,2113.43,Zomato,Pune,DEVICE_A,2026-03-27 21:02:00,21,40,0,47.86,0,0,0,0,0
TXN008125,USER01225,710.01,Swiggy,Chennai,DEVICE_E,2026-03-06 01:01:00,1,46,1,26.92,1,0,0,0,0
TXN008126,USER01821,2180.83,Uber,Pune,DEVICE_E,2026-09-24 09:59:00,9,42,0,22.78,0,0,0,0,0
TXN008127,USER00326,1106.23,Flipkart,Kolkata,DEVICE_D,2026-02-02 01:09:00,1,25,0,1.04,1,0,0,0,0
TXN008128,USER01535,726.63,Swiggy,Pune,DEVICE_B,2026-06-07 15:24:00,15,35,0,4.55,0,0,0,0,0
TXN008129,USER01433,790.7,Zomato,Delhi,DEVICE_B,2026-05-30 21:58:00,21,28,0,21.97,0,0,0,0,0
TXN008130,USER01631,1633.72,Amazon,Mumbai,DEVICE_D,2026-07-05 22:08:00,22,39,0,30.76,0,0,0,0,0
TXN008131,USER01814,270.16,Myntra,Hyderabad,DEVICE_D,2026-10-13 11:41:00,11,44,0,1.31,0,0,0,0,0
TXN008132,USER01986,696.69,Apple,Chennai,DEVICE_C,2026-12-27 03:19:00,3,48,1,0.38,1,0,0,0,1
TXN008133,USER01965,1536.5,Zomato,Mumbai,DEVICE_B,2026-01-11 20:36:00,20,3,0,7.47,0,0,0,0,0
TXN008134,USER00837,691.32,Paytm,Bangalore,DEVICE_E,2026-02-19 19:33:00,19,41,0,20.71,0,0,0,0,0
TXN008135,USER00508,342.88,Swiggy,Mumbai,DEVICE_D,2026-11-21 21:12:00,21,1,0,14.35,0,0,0,1,0
TXN008136,USER00731,491.67,Paytm,Kolkata,DEVICE_E,2026-01-30 20:33:00,20,29,0,0.17,0,0,0,0,0
TXN008137,USER01625,1280.37,Swiggy,Kolkata,DEVICE_E,2026-10-02 19:17:00,19,46,0,3.29,0,0,0,0,0
TXN008138,USER00072,1693.55,Flipkart,Delhi,DEVICE_B,2026-10-19 08:12:00,8,19,0,27.9,0,0,0,0,0
TXN008139,USER01271,2910.62,Amazon,Ahmedabad,DEVICE_E,2026-11-29 17:00:00,17,29,0,7.07,0,0,0,0,0
TXN008140,USER00641,2214.33,Apple,Mumbai,DEVICE_C,2026-01-26 16:12:00,16,17,1,2.49,0,0,0,0,0
TXN008141,USER01748,2191.15,Flipkart,Pune,DEVICE_C,2026-05-06 04:10:00,4,29,1,1.04,1,0,0,0,1
TXN008142,USER00940,194.53,Zomato,Mumbai,DEVICE_B,2026-09-20 16:31:00,16,45,0,38.0,0,0,0,0,0
TXN008143,USER01879,2159.64,Paytm,Kolkata,DEVICE_C,2026-06-08 02:36:00,2,34,0,12.76,1,0,0,0,0
TXN008144,USER00608,688.51,Swiggy,Ahmedabad,DEVICE_D,2026-01-22 16:36:00,16,0,0,14.01,0,0,0,1,0
TXN008145,USER01611,299.65,Zomato,Bangalore,DEVICE_B,2026-03-18 10:13:00,10,2,0,1.27,0,0,0,0,0
TXN008146,USER01959,1811.88,Uber,Bangalore,DEVICE_E,2026-09-16 07:36:00,7,22,0,13.41,0,0,0,0,0
TXN008147,USER00566,1288.23,Amazon,Hyderabad,DEVICE_D,2026-06-21 08:51:00,8,44,0,20.76,0,0,0,0,0
TXN008148,USER01368,2431.57,Myntra,Pune,DEVICE_B,2026-03-28 11:56:00,11,39,0,2.62,0,0,0,0,0
TXN008149,USER01995,677.91,Uber,Pune,DEVICE_E,2026-11-22 20:16:00,20,21,0,46.56,0,0,0,0,0
TXN008150,USER01949,1091.02,Paytm,Bangalore,DEVICE_E,2026-08-20 17:25:00,17,48,0,30.59,0,0,0,0,0
TXN008151,USER00054,216.86,Amazon,Mumbai,DEVICE_E,2026-07-11 08:24:00,8,47,0,32.38,0,0,0,0,0
TXN008152,USER01754,6405.17,Amazon,Delhi,DEVICE_E,2026-07-11 08:38:00,8,47,0,15.38,0,0,0,0,0
TXN008153,USER00528,328.82,Zomato,Bangalore,DEVICE_E,2026-10-06 23:37:00,23,43,0,8.13,0,0,0,0,0
TXN008154,USER00611,528.87,Uber,Pune,DEVICE_B,2026-04-06 05:23:00,5,47,0,20.46,1,0,0,0,0
TXN008155,USER01556,433.68,Zomato,Pune,DEVICE_C,2026-02-18 07:13:00,7,14,0,5.11,0,0,0,0,0
TXN008156,USER01582,1320.69,Zomato,Kolkata,DEVICE_E,2026-10-20 11:27:00,11,40,0,2.94,0,0,0,0,0
TXN008157,USER01987,511.18,Zomato,Kolkata,DEVICE_D,2026-12-30 15:44:00,15,15,0,15.46,0,0,0,0,0
TXN008158,USER00193,2894.0,Paytm,Hyderabad,DEVICE_B,2026-01-28 13:50:00,13,26,0,13.03,0,0,0,0,0
TXN008159,USER01919,1455.82,Swiggy,Ahmedabad,DEVICE_A,2026-01-31 20:08:00,20,31,0,3.26,0,0,0,0,0
TXN008160,USER00058,286.82,Swiggy,Hyderabad,DEVICE_C,2026-12-09 21:14:00,21,33,0,15.12,0,0,0,0,0
TXN008161,USER01461,2212.52,Paytm,Mumbai,DEVICE_D,2026-06-16 17:34:00,17,41,0,15.81,0,0,0,0,0
TXN008162,USER01135,2491.7,Apple,Bangalore,DEVICE_E,2026-12-15 22:05:00,22,11,0,41.04,0,0,0,0,0
TXN008163,USER00129,569.25,Myntra,Bangalore,DEVICE_B,2026-09-13 12:32:00,12,17,0,28.48,0,0,0,0,0
TXN008164,USER01873,391.54,Flipkart,Hyderabad,DEVICE_B,2026-08-29 05:34:00,5,17,0,4.91,1,0,0,0,0
TXN008165,USER00706,1569.96,Myntra,Bangalore,DEVICE_E,2026-10-27 17:10:00,17,3,0,34.07,0,0,0,0,0
TXN008166,USER01949,1983.85,Paytm,Mumbai,DEVICE_D,2026-10-07 19:52:00,19,33,0,69.48,0,0,0,0,0
TXN008167,USER00852,444.47,Walmart,Delhi,DEVICE_B,2026-06-06 12:41:00,12,38,0,25.22,0,0,0,0,0
TXN008168,USER01350,2517.96,Flipkart,Ahmedabad,DEVICE_C,2026-11-15 07:07:00,7,18,0,30.93,0,0,0,0,0
TXN008169,USER00008,654.38,Apple,Kolkata,DEVICE_D,2026-10-14 19:33:00,19,42,0,6.2,0,0,0,0,0
TXN008170,USER00029,3180.76,Netflix,Mumbai,DEVICE_E,2026-02-04 18:30:00,18,44,0,96.32,0,0,0,0,0
TXN008171,USER01136,264.59,Flipkart,Bangalore,DEVICE_D,2026-03-06 06:21:00,6,30,0,3.88,0,0,0,0,0
TXN008172,USER00947,566.81,Amazon,Mumbai,DEVICE_D,2026-10-15 00:21:00,0,48,1,27.79,1,0,0,0,0
TXN008173,USER01697,909.08,Paytm,Kolkata,DEVICE_A,2026-04-30 13:47:00,13,30,0,10.06,0,0,0,0,0
TXN008174,USER00131,449.41,Netflix,Chennai,DEVICE_E,2026-09-04 20:15:00,20,41,0,8.83,0,0,0,0,0
TXN008175,USER00188,1065.83,Myntra,Pune,DEVICE_C,2026-10-20 07:06:00,7,47,0,6.71,0,0,0,0,0
TXN008176,USER01699,802.62,Netflix,Kolkata,DEVICE_E,2026-04-14 12:14:00,12,19,0,11.63,0,0,0,0,0
TXN008177,USER00709,908.04,Paytm,Pune,DEVICE_A,2026-06-16 15:56:00,15,47,1,31.3,0,0,0,0,0
TXN008178,USER01499,762.36,Myntra,Kolkata,DEVICE_E,2026-07-21 10:26:00,10,19,0,56.6,0,0,0,0,0
TXN008179,USER01388,343.26,Paytm,Chennai,DEVICE_E,2026-12-15 17:08:00,17,31,0,10.77,0,0,0,0,0
TXN008180,USER01228,1074.19,Uber,Bangalore,DEVICE_C,2026-02-07 12:34:00,12,19,0,21.09,0,0,0,0,0
TXN008181,USER00212,979.46,Walmart,Bangalore,DEVICE_A,2026-08-27 07:28:00,7,15,0,31.04,0,0,0,0,0
TXN008182,USER01645,442.28,Apple,Ahmedabad,DEVICE_E,2026-04-04 10:34:00,10,18,0,2.1,0,0,0,0,0
TXN008183,USER00276,3374.99,Apple,Delhi,DEVICE_E,2026-11-21 02:13:00,2,30,0,64.65,1,0,0,0,0
TXN008184,USER01097,1455.96,Amazon,Kolkata,DEVICE_B,2026-03-10 10:11:00,10,12,0,4.76,0,0,0,0,0
TXN008185,USER01703,2095.8,Walmart,Mumbai,DEVICE_E,2026-04-15 05:31:00,5,19,0,49.32,1,0,0,0,0
TXN008186,USER01796,529.63,Walmart,Delhi,DEVICE_C,2026-06-18 07:37:00,7,42,0,86.25,0,0,0,0,0
TXN008187,USER00243,137.27,Amazon,Bangalore,DEVICE_B,2026-10-05 18:30:00,18,11,0,2.12,0,0,0,0,0
TXN008188,USER01811,5268.93,Myntra,Bangalore,DEVICE_A,2026-11-25 23:21:00,23,48,0,44.65,0,0,0,0,0
TXN008189,USER01126,1276.39,Amazon,Ahmedabad,DEVICE_D,2026-03-27 10:53:00,10,46,0,20.48,0,0,0,0,0
TXN008190,USER00987,1521.23,Myntra,Ahmedabad,DEVICE_C,2026-02-09 08:38:00,8,25,0,34.07,0,0,0,0,0
TXN008191,USER00685,1463.43,Amazon,Ahmedabad,DEVICE_A,2026-09-01 22:46:00,22,34,0,2.31,0,0,0,0,0
TXN008192,USER00171,1570.49,Flipkart,Hyderabad,DEVICE_B,2026-12-13 18:31:00,18,40,0,35.95,0,0,0,0,0
TXN008193,USER00653,421.01,Flipkart,Delhi,DEVICE_D,2026-01-03 08:42:00,8,9,0,19.67,0,0,0,0,0
TXN008194,USER01933,434.46,Uber,Bangalore,DEVICE_A,2026-02-17 17:55:00,17,11,0,14.29,0,0,0,0,0
TXN008195,USER00188,435.55,Swiggy,Chennai,DEVICE_C,2026-02-27 16:27:00,16,23,0,16.42,0,0,0,0,0
TXN008196,USER01465,1801.13,Amazon,Pune,DEVICE_B,2026-02-18 20:51:00,20,8,1,27.29,0,0,0,0,1
TXN008197,USER01110,367.98,Walmart,Hyderabad,DEVICE_C,2026-06-08 02:20:00,2,4,0,7.07,1,0,0,0,0
TXN008198,USER01500,277.02,Flipkart,Mumbai,DEVICE_C,2026-06-06 01:39:00,1,30,0,57.46,1,0,0,0,1
TXN008199,USER00052,615.07,Zomato,Pune,DEVICE_B,2026-02-04 14:57:00,14,33,0,7.35,0,0,0,0,0
TXN008200,USER00111,858.31,Myntra,Hyderabad,DEVICE_E,2026-01-08 02:47:00,2,44,1,41.92,1,0,0,0,1
TXN008201,USER01973,1048.68,Flipkart,Ahmedabad,DEVICE_C,2026-06-28 17:56:00,17,10,0,0.24,0,0,0,0,0
TXN008202,USER00877,707.94,Flipkart,Kolkata,DEVICE_B,2026-01-03 10:48:00,10,8,0,49.65,0,0,0,0,0
TXN008203,USER01878,1695.78,Paytm,Kolkata,DEVICE_C,2026-03-24 07:20:00,7,21,0,38.15,0,0,0,0,0
TXN008204,USER01067,3134.61,Myntra,Mumbai,DEVICE_E,2026-09-29 19:57:00,19,39,0,2.65,0,0,0,0,0
TXN008205,USER00211,1146.23,Apple,Chennai,DEVICE_B,2026-10-29 22:16:00,22,46,0,26.71,0,0,0,0,0
TXN008206,USER01992,3120.63,Netflix,Mumbai,DEVICE_A,2026-11-25 02:43:00,2,27,0,9.37,1,0,0,0,1
TXN008207,USER01224,1798.88,Myntra,Delhi,DEVICE_A,2026-10-22 09:18:00,9,15,0,13.07,0,0,0,0,0
TXN008208,USER01834,464.28,Uber,Pune,DEVICE_A,2026-07-02 08:59:00,8,9,0,1.42,0,0,0,0,0
TXN008209,USER00858,511.8,Paytm,Mumbai,DEVICE_D,2026-07-15 09:14:00,9,33,0,4.78,0,0,0,0,0
TXN008210,USER01776,489.06,Myntra,Mumbai,DEVICE_C,2026-03-04 03:31:00,3,14,0,61.43,1,0,0,0,0
TXN008211,USER00627,923.5,Myntra,Hyderabad,DEVICE_C,2026-03-24 18:12:00,18,17,0,10.82,0,0,0,0,0
TXN008212,USER01050,853.22,Swiggy,Chennai,DEVICE_B,2026-11-05 05:18:00,5,44,0,0.53,1,0,0,0,0
TXN008213,USER01943,1872.91,Paytm,Mumbai,DEVICE_D,2026-09-28 16:53:00,16,30,0,14.48,0,0,0,0,0
TXN008214,USER00299,952.24,Myntra,Delhi,DEVICE_C,2026-02-17 18:40:00,18,4,0,104.8,0,0,0,0,0
TXN008215,USER01101,1370.46,Netflix,Hyderabad,DEVICE_B,2026-03-30 06:05:00,6,32,0,8.09,0,0,0,0,0
TXN008216,USER00924,383.34,Netflix,Chennai,DEVICE_E,2026-02-18 02:20:00,2,28,0,3.04,1,0,0,0,0
TXN008217,USER00137,1363.02,Zomato,Chennai,DEVICE_C,2026-12-03 01:12:00,1,2,0,20.63,1,0,0,0,0
TXN008218,USER01044,712.98,Paytm,Bangalore,DEVICE_C,2026-02-04 11:46:00,11,22,0,50.47,0,0,0,0,0
TXN008219,USER00440,667.7,Apple,Kolkata,DEVICE_E,2026-03-28 18:09:00,18,9,0,39.2,0,0,0,0,0
TXN008220,USER00211,612.88,Myntra,Pune,DEVICE_E,2026-06-20 19:29:00,19,46,0,21.4,0,0,0,0,0
TXN008221,USER00752,4273.31,Swiggy,Delhi,DEVICE_C,2026-07-10 21:55:00,21,31,0,4.07,0,0,0,0,0
TXN008222,USER01575,379.28,Swiggy,Kolkata,DEVICE_E,2026-07-08 22:48:00,22,47,0,30.68,0,0,0,0,0
TXN008223,USER00435,2016.42,Walmart,Hyderabad,DEVICE_B,2026-08-27 20:30:00,20,26,1,34.66,0,0,0,0,0
TXN008224,USER00780,1051.57,Apple,Hyderabad,DEVICE_C,2026-12-11 03:19:00,3,35,0,37.88,1,0,0,0,1
TXN008225,USER01231,322.45,Swiggy,Delhi,DEVICE_C,2026-09-28 13:24:00,13,23,0,10.35,0,0,0,0,0
TXN008226,USER00439,839.02,Netflix,Chennai,DEVICE_A,2026-02-16 06:04:00,6,19,0,10.51,0,0,0,0,0
TXN008227,USER01998,133.9,Walmart,Ahmedabad,DEVICE_C,2026-09-10 23:44:00,23,2,0,3.37,0,0,0,0,0
TXN008228,USER01803,5154.53,Amazon,Mumbai,DEVICE_A,2026-04-14 15:01:00,15,4,0,29.63,0,0,0,0,0
TXN008229,USER00666,787.41,Swiggy,Delhi,DEVICE_E,2026-03-14 21:49:00,21,2,0,26.73,0,0,0,0,0
TXN008230,USER01066,2992.75,Uber,Hyderabad,DEVICE_E,2026-08-12 03:16:00,3,39,0,2.1,1,0,0,0,0
TXN008231,USER00411,3681.85,Paytm,Kolkata,DEVICE_B,2026-07-12 16:35:00,16,5,1,0.41,0,0,0,0,0
TXN008232,USER01547,657.69,Swiggy,Pune,DEVICE_A,2026-03-30 00:10:00,0,14,0,60.61,1,0,0,0,0
TXN008233,USER00806,1125.97,Flipkart,Delhi,DEVICE_C,2026-11-27 08:27:00,8,5,0,0.35,0,0,0,0,0
TXN008234,USER00610,1295.77,Apple,Chennai,DEVICE_A,2026-05-15 16:58:00,16,22,0,19.81,0,0,0,0,0
TXN008235,USER00427,6064.67,Flipkart,Pune,DEVICE_E,2026-01-21 19:02:00,19,29,0,12.09,0,0,0,0,0
TXN008236,USER01299,923.2,Zomato,Pune,DEVICE_E,2026-03-23 21:13:00,21,38,0,30.05,0,0,0,0,0
TXN008237,USER01472,1044.84,Swiggy,Pune,DEVICE_B,2026-04-22 08:15:00,8,39,0,1.84,0,0,0,0,0
TXN008238,USER00902,311.33,Amazon,Bangalore,DEVICE_E,2026-04-20 04:21:00,4,47,0,22.94,1,0,0,0,0
TXN008239,USER00942,490.47,Flipkart,Pune,DEVICE_A,2026-10-10 01:12:00,1,20,0,19.09,1,0,0,0,0
TXN008240,USER01908,699.44,Flipkart,Bangalore,DEVICE_C,2026-06-30 18:57:00,18,44,0,38.43,0,0,0,0,0
TXN008241,USER00742,3537.62,Apple,Mumbai,DEVICE_C,2026-12-12 06:33:00,6,36,0,14.62,0,0,0,0,0
TXN008242,USER01393,6026.15,Walmart,Mumbai,DEVICE_A,2026-08-30 09:12:00,9,21,0,26.06,0,0,0,0,0
TXN008243,USER01962,1721.57,Amazon,Pune,DEVICE_B,2026-08-11 04:20:00,4,1,0,11.51,1,0,0,1,0
TXN008244,USER01244,1503.94,Flipkart,Chennai,DEVICE_C,2026-03-11 14:01:00,14,13,0,82.68,0,0,0,0,0
TXN008245,USER01601,2031.18,Myntra,Kolkata,DEVICE_A,2026-04-09 01:25:00,1,17,0,16.39,1,0,0,0,0
TXN008246,USER01891,592.18,Amazon,Mumbai,DEVICE_A,2026-11-24 05:52:00,5,49,0,28.01,1,0,0,0,0
TXN008247,USER01256,3831.22,Myntra,Bangalore,DEVICE_E,2026-10-29 14:49:00,14,49,0,1.95,0,0,0,0,0
TXN008248,USER00328,302.5,Swiggy,Chennai,DEVICE_E,2026-12-14 08:17:00,8,14,0,12.43,0,0,0,0,0
TXN008249,USER01467,728.28,Flipkart,Pune,DEVICE_B,2026-12-14 09:58:00,9,36,0,1.33,0,0,0,0,0
TXN008250,USER00052,1974.33,Flipkart,Chennai,DEVICE_B,2026-01-26 13:45:00,13,1,0,2.6,0,0,0,1,0
TXN008251,USER01910,711.18,Netflix,Chennai,DEVICE_B,2026-09-14 00:10:00,0,42,0,14.11,1,0,0,0,1
TXN008252,USER01967,10113.46,Netflix,Delhi,DEVICE_A,2026-05-29 14:36:00,14,19,0,8.69,0,1,0,0,1
TXN008253,USER00376,1999.9,Apple,Kolkata,DEVICE_A,2026-01-19 15:42:00,15,9,0,12.32,0,0,0,0,0
TXN008254,USER00263,2657.6,Paytm,Pune,DEVICE_E,2026-01-04 10:24:00,10,4,0,13.71,0,0,0,0,0
TXN008255,USER00267,553.89,Paytm,Kolkata,DEVICE_C,2026-06-19 09:08:00,9,31,0,3.48,0,0,0,0,0
TXN008256,USER00359,2613.6,Walmart,Mumbai,DEVICE_B,2026-10-28 04:59:00,4,1,1,9.11,1,0,0,1,0
TXN008257,USER01341,2273.42,Apple,Ahmedabad,DEVICE_D,2026-06-25 19:56:00,19,43,0,39.41,0,0,0,0,0
TXN008258,USER01348,4483.2,Paytm,Kolkata,DEVICE_B,2026-01-09 13:19:00,13,48,1,38.84,0,0,0,0,0
TXN008259,USER01945,152.48,Apple,Hyderabad,DEVICE_E,2026-04-27 19:50:00,19,4,0,13.49,0,0,0,0,0
TXN008260,USER01932,543.2,Flipkart,Bangalore,DEVICE_A,2026-03-19 22:05:00,22,20,0,27.66,0,0,0,0,0
TXN008261,USER01690,1484.34,Netflix,Mumbai,DEVICE_E,2026-12-13 12:46:00,12,17,0,28.01,0,0,0,0,0
TXN008262,USER01894,1524.84,Netflix,Pune,DEVICE_E,2026-11-25 04:35:00,4,47,0,0.9,1,0,0,0,0
TXN008263,USER01902,1053.07,Netflix,Kolkata,DEVICE_E,2026-06-18 14:32:00,14,39,0,18.88,0,0,0,0,0
TXN008264,USER00652,277.24,Paytm,Bangalore,DEVICE_D,2026-11-01 06:42:00,6,3,0,32.65,0,0,0,0,0
TXN008265,USER01963,1308.79,Amazon,Pune,DEVICE_D,2026-12-19 05:56:00,5,31,1,18.03,1,0,0,0,1
TXN008266,USER01587,1447.59,Uber,Pune,DEVICE_B,2026-07-06 17:11:00,17,35,0,15.6,0,0,0,0,0
TXN008267,USER01653,1093.68,Flipkart,Mumbai,DEVICE_A,2026-03-07 22:20:00,22,3,1,15.15,0,0,0,0,0
TXN008268,USER01445,1060.86,Swiggy,Hyderabad,DEVICE_E,2026-09-18 01:14:00,1,16,0,14.18,1,0,0,0,1
TXN008269,USER00046,2560.54,Apple,Bangalore,DEVICE_C,2026-06-28 10:05:00,10,41,0,30.13,0,0,0,0,0
TXN008270,USER01845,954.66,Netflix,Ahmedabad,DEVICE_B,2026-08-22 23:44:00,23,32,0,20.57,0,0,0,0,0
TXN008271,USER00600,355.99,Netflix,Ahmedabad,DEVICE_B,2026-03-13 10:49:00,10,21,0,4.85,0,0,0,0,0
TXN008272,USER00720,3878.11,Netflix,Ahmedabad,DEVICE_E,2026-01-26 09:40:00,9,17,0,11.36,0,0,0,0,0
TXN008273,USER01913,3686.25,Flipkart,Hyderabad,DEVICE_B,2026-12-16 23:00:00,23,26,0,15.04,0,0,0,0,0
TXN008274,USER01293,1058.18,Netflix,Bangalore,DEVICE_E,2026-06-03 19:22:00,19,14,0,10.86,0,0,0,0,0
TXN008275,USER00601,2410.44,Walmart,Delhi,DEVICE_B,2026-02-05 22:38:00,22,24,0,5.43,0,0,0,0,0
TXN008276,USER00381,278.21,Apple,Pune,DEVICE_A,2026-05-10 04:42:00,4,9,0,2.66,1,0,0,0,1
TXN008277,USER00118,962.93,Flipkart,Delhi,DEVICE_B,2026-11-17 20:20:00,20,15,0,2.5,0,0,0,0,0
TXN008278,USER01590,234.45,Apple,Bangalore,DEVICE_B,2026-05-25 21:18:00,21,3,0,7.03,0,0,0,0,0
TXN008279,USER01977,3017.46,Myntra,Ahmedabad,DEVICE_C,2026-07-04 19:28:00,19,30,0,10.31,0,0,0,0,0
TXN008280,USER00116,285.32,Zomato,Bangalore,DEVICE_A,2026-03-25 20:29:00,20,31,0,22.97,0,0,0,0,0
TXN008281,USER01654,757.33,Walmart,Hyderabad,DEVICE_A,2026-11-14 00:23:00,0,23,0,83.88,1,0,0,0,0
TXN008282,USER00260,1331.63,Amazon,Pune,DEVICE_A,2026-08-26 18:53:00,18,17,0,45.53,0,0,0,0,0
TXN008283,USER01099,2302.0,Amazon,Kolkata,DEVICE_B,2026-08-07 00:27:00,0,31,0,33.61,1,0,0,0,0
TXN008284,USER01504,1762.56,Uber,Pune,DEVICE_D,2026-12-18 17:38:00,17,27,0,33.61,0,0,0,0,0
TXN008285,USER00305,3067.74,Walmart,Chennai,DEVICE_B,2026-05-06 09:51:00,9,10,1,18.13,0,0,0,0,1
TXN008286,USER00007,2260.83,Apple,Bangalore,DEVICE_E,2026-07-24 10:17:00,10,7,0,5.83,0,0,0,0,0
TXN008287,USER00366,3560.52,Amazon,Mumbai,DEVICE_C,2026-07-15 05:37:00,5,0,0,12.77,1,0,0,1,1
TXN008288,USER01658,225.98,Zomato,Mumbai,DEVICE_A,2026-04-07 07:27:00,7,1,0,3.08,0,0,0,1,0
TXN008289,USER00523,708.99,Amazon,Mumbai,DEVICE_E,2026-12-01 21:38:00,21,20,0,16.71,0,0,0,0,0
TXN008290,USER01372,1646.22,Netflix,Delhi,DEVICE_E,2026-11-25 21:16:00,21,48,0,0.47,0,0,0,0,0
TXN008291,USER01462,4520.4,Uber,Kolkata,DEVICE_D,2026-03-21 11:48:00,11,18,0,4.2,0,0,0,0,0
TXN008292,USER01239,696.08,Flipkart,Hyderabad,DEVICE_A,2026-06-28 19:56:00,19,41,0,24.92,0,0,0,0,0
TXN008293,USER00429,6429.31,Swiggy,Kolkata,DEVICE_B,2026-06-30 02:39:00,2,29,0,6.48,1,0,0,0,0
TXN008294,USER00791,1506.81,Swiggy,Delhi,DEVICE_A,2026-03-19 02:19:00,2,39,0,10.89,1,0,0,0,0
TXN008295,USER01522,577.98,Amazon,Kolkata,DEVICE_C,2026-05-29 03:20:00,3,24,0,35.68,1,0,0,0,0
TXN008296,USER01564,387.97,Apple,Kolkata,DEVICE_A,2026-03-12 11:12:00,11,8,1,0.91,0,0,0,0,1
TXN008297,USER00747,2126.26,Apple,Pune,DEVICE_E,2026-03-01 05:48:00,5,41,1,0.46,1,0,0,0,0
TXN008298,USER00367,616.39,Netflix,Mumbai,DEVICE_E,2026-10-22 21:52:00,21,27,0,5.2,0,0,0,0,0
TXN008299,USER00313,858.35,Amazon,Bangalore,DEVICE_B,2026-03-07 05:34:00,5,36,0,23.07,1,0,0,0,0
TXN008300,USER00538,1268.82,Amazon,Mumbai,DEVICE_B,2026-12-26 03:43:00,3,31,0,5.39,1,0,0,0,0
TXN008301,USER00921,1312.34,Swiggy,Kolkata,DEVICE_B,2026-01-20 18:28:00,18,40,0,39.86,0,0,0,0,0
TXN008302,USER01078,6131.81,Myntra,Bangalore,DEVICE_C,2026-08-22 07:11:00,7,10,0,8.67,0,0,0,0,0
TXN008303,USER01565,1563.14,Amazon,Pune,DEVICE_A,2026-08-03 16:01:00,16,49,0,6.67,0,0,0,0,0
TXN008304,USER01491,636.32,Flipkart,Hyderabad,DEVICE_D,2026-05-08 04:29:00,4,20,0,5.3,1,0,0,0,1
TXN008305,USER00865,560.16,Uber,Chennai,DEVICE_A,2026-02-21 01:14:00,1,23,0,17.06,1,0,0,0,0
TXN008306,USER01188,4917.32,Uber,Bangalore,DEVICE_B,2026-06-28 01:22:00,1,0,0,38.8,1,0,0,1,0
TXN008307,USER00782,689.56,Flipkart,Delhi,DEVICE_C,2026-09-13 08:34:00,8,15,0,10.42,0,0,0,0,0
TXN008308,USER00334,1856.19,Myntra,Mumbai,DEVICE_A,2026-06-27 02:27:00,2,23,0,5.82,1,0,0,0,0
TXN008309,USER01571,1303.72,Apple,Pune,DEVICE_E,2026-04-24 19:11:00,19,9,0,10.92,0,0,0,0,0
TXN008310,USER00798,1601.24,Swiggy,Pune,DEVICE_A,2026-05-29 14:52:00,14,31,1,47.03,0,0,0,0,0
TXN008311,USER00348,3860.14,Uber,Mumbai,DEVICE_E,2026-06-27 07:11:00,7,27,0,8.15,0,0,0,0,0
TXN008312,USER00273,1414.42,Walmart,Kolkata,DEVICE_A,2026-11-25 12:00:00,12,49,0,21.33,0,0,0,0,0
TXN008313,USER00963,2288.69,Zomato,Kolkata,DEVICE_A,2026-06-19 02:04:00,2,32,0,8.0,1,0,0,0,0
TXN008314,USER00720,1444.0,Swiggy,Kolkata,DEVICE_A,2026-05-20 16:51:00,16,37,0,22.46,0,0,0,0,0
TXN008315,USER01774,729.09,Myntra,Ahmedabad,DEVICE_B,2026-01-23 22:59:00,22,21,0,42.57,0,0,0,0,0
TXN008316,USER01438,1710.69,Walmart,Pune,DEVICE_E,2026-12-13 14:38:00,14,0,0,18.25,0,0,0,1,0
TXN008317,USER00500,610.45,Amazon,Kolkata,DEVICE_C,2026-01-05 12:31:00,12,34,1,58.92,0,0,0,0,0
TXN008318,USER01117,384.81,Flipkart,Mumbai,DEVICE_D,2026-09-02 00:04:00,0,44,0,18.4,1,0,0,0,0
TXN008319,USER00685,1850.84,Amazon,Ahmedabad,DEVICE_E,2026-11-13 08:55:00,8,11,1,73.68,0,0,0,0,1
TXN008320,USER00079,1665.06,Netflix,Bangalore,DEVICE_B,2026-05-19 13:47:00,13,45,0,25.73,0,0,0,0,0
TXN008321,USER00622,1518.09,Paytm,Hyderabad,DEVICE_E,2026-07-13 11:59:00,11,24,0,21.16,0,0,0,0,0
TXN008322,USER01241,1074.18,Flipkart,Bangalore,DEVICE_C,2026-02-04 09:06:00,9,27,0,35.42,0,0,0,0,0
TXN008323,USER00947,1027.6,Walmart,Delhi,DEVICE_E,2026-07-19 00:41:00,0,16,0,0.22,1,0,0,0,0
TXN008324,USER00358,413.59,Zomato,Ahmedabad,DEVICE_B,2026-12-25 12:46:00,12,15,1,5.95,0,0,0,0,0
TXN008325,USER00618,205.18,Paytm,Mumbai,DEVICE_B,2026-03-12 19:06:00,19,31,0,4.87,0,0,0,0,0
TXN008326,USER00507,2438.24,Netflix,Ahmedabad,DEVICE_D,2026-01-22 18:15:00,18,44,0,2.35,0,0,0,0,0
TXN008327,USER01583,2408.9,Apple,Bangalore,DEVICE_C,2026-03-21 10:45:00,10,3,0,55.54,0,0,0,0,0
TXN008328,USER01205,874.96,Netflix,Mumbai,DEVICE_D,2026-01-19 06:43:00,6,46,0,2.81,0,0,0,0,0
TXN008329,USER00576,4124.2,Paytm,Pune,DEVICE_A,2026-06-08 08:15:00,8,40,0,6.1,0,0,0,0,0
TXN008330,USER01270,1719.79,Uber,Delhi,DEVICE_B,2026-10-17 10:55:00,10,48,0,8.16,0,0,0,0,0
TXN008331,USER00244,1486.42,Swiggy,Pune,DEVICE_D,2026-06-07 22:47:00,22,10,0,19.6,0,0,0,0,0
TXN008332,USER00506,6739.59,Myntra,Chennai,DEVICE_B,2026-06-16 15:59:00,15,19,0,29.17,0,0,0,0,0
TXN008333,USER00422,354.44,Amazon,Chennai,DEVICE_B,2026-07-05 02:48:00,2,25,0,18.56,1,0,0,0,0
TXN008334,USER01344,1051.02,Apple,Chennai,DEVICE_A,2026-03-07 02:07:00,2,6,0,27.64,1,0,0,0,0
TXN008335,USER01111,509.36,Myntra,Mumbai,DEVICE_B,2026-01-25 18:47:00,18,30,0,10.29,0,0,0,0,0
TXN008336,USER00217,787.65,Netflix,Bangalore,DEVICE_D,2026-02-24 13:48:00,13,6,0,109.35,0,0,0,0,0
TXN008337,USER01514,1032.21,Zomato,Mumbai,DEVICE_C,2026-11-14 05:08:00,5,3,0,3.73,1,0,0,0,0
TXN008338,USER01543,1053.62,Amazon,Pune,DEVICE_E,2026-06-01 20:07:00,20,7,0,10.21,0,0,0,0,0
TXN008339,USER01302,417.36,Apple,Hyderabad,DEVICE_D,2026-12-05 18:07:00,18,13,0,35.7,0,0,0,0,0
TXN008340,USER01873,1165.86,Myntra,Pune,DEVICE_A,2026-10-29 09:30:00,9,21,0,5.67,0,0,0,0,0
TXN008341,USER01746,521.96,Amazon,Bangalore,DEVICE_E,2026-07-15 09:31:00,9,22,1,27.79,0,0,0,0,0
TXN008342,USER01009,3219.51,Amazon,Pune,DEVICE_B,2026-07-06 09:13:00,9,24,0,9.06,0,0,0,0,0
TXN008343,USER01193,2182.19,Apple,Pune,DEVICE_D,2026-10-24 23:47:00,23,35,0,3.91,0,0,0,0,0
TXN008344,USER00330,1494.45,Walmart,Delhi,DEVICE_E,2026-12-10 11:19:00,11,48,0,10.33,0,0,0,0,0
TXN008345,USER00650,714.58,Swiggy,Kolkata,DEVICE_D,2026-10-09 08:44:00,8,25,0,30.72,0,0,0,0,0
TXN008346,USER01465,1260.52,Walmart,Chennai,DEVICE_B,2026-05-31 18:45:00,18,23,0,2.37,0,0,0,0,0
TXN008347,USER00391,2071.72,Amazon,Bangalore,DEVICE_D,2026-12-01 04:06:00,4,17,0,14.52,1,0,0,0,0
TXN008348,USER01520,807.28,Paytm,Ahmedabad,DEVICE_A,2026-01-06 14:38:00,14,20,0,27.05,0,0,0,0,0
TXN008349,USER00381,262.17,Flipkart,Ahmedabad,DEVICE_E,2026-11-29 11:54:00,11,46,1,27.85,0,0,0,0,0
TXN008350,USER01330,2094.78,Paytm,Ahmedabad,DEVICE_E,2026-07-10 00:28:00,0,4,0,9.87,1,0,0,0,0
TXN008351,USER00742,1766.43,Apple,Ahmedabad,DEVICE_E,2026-12-28 16:51:00,16,14,0,12.56,0,0,0,0,0
TXN008352,USER00820,1464.22,Amazon,Bangalore,DEVICE_D,2026-10-19 14:41:00,14,30,0,38.87,0,0,0,0,0
TXN008353,USER00673,553.96,Amazon,Chennai,DEVICE_B,2026-11-27 22:35:00,22,25,0,4.67,0,0,0,0,0
TXN008354,USER00513,2601.62,Zomato,Pune,DEVICE_D,2026-10-13 00:48:00,0,3,0,98.11,1,0,0,0,0
TXN008355,USER01772,3084.01,Swiggy,Delhi,DEVICE_D,2026-07-29 14:42:00,14,3,0,10.87,0,0,0,0,0
TXN008356,USER00949,1412.91,Zomato,Mumbai,DEVICE_E,2026-06-06 03:34:00,3,43,0,6.44,1,0,0,0,0
TXN008357,USER01212,767.7,Apple,Mumbai,DEVICE_B,2026-10-16 21:46:00,21,49,0,0.05,0,0,0,0,0
TXN008358,USER00930,782.32,Uber,Pune,DEVICE_C,2026-04-09 02:57:00,2,18,0,2.67,1,0,0,0,0
TXN008359,USER01540,768.27,Walmart,Pune,DEVICE_B,2026-01-12 02:27:00,2,25,1,28.25,1,0,0,0,0
TXN008360,USER00913,737.37,Zomato,Kolkata,DEVICE_D,2026-09-13 14:12:00,14,49,1,20.95,0,0,0,0,0
TXN008361,USER00644,797.46,Apple,Ahmedabad,DEVICE_A,2026-04-16 10:03:00,10,32,0,5.66,0,0,0,0,0
TXN008362,USER00427,1466.85,Walmart,Bangalore,DEVICE_B,2026-04-22 15:09:00,15,3,0,52.35,0,0,0,0,0
TXN008363,USER00502,2457.29,Apple,Chennai,DEVICE_E,2026-08-23 05:07:00,5,46,0,36.12,1,0,0,0,0
TXN008364,USER00730,4048.1,Uber,Pune,DEVICE_A,2026-08-31 16:44:00,16,37,0,6.27,0,0,0,0,0
TXN008365,USER01284,482.12,Swiggy,Pune,DEVICE_C,2026-07-08 07:50:00,7,23,0,8.01,0,0,0,0,0
TXN008366,USER01537,558.57,Swiggy,Hyderabad,DEVICE_C,2026-03-23 02:11:00,2,30,0,4.09,1,0,0,0,0
TXN008367,USER00071,2344.38,Apple,Delhi,DEVICE_A,2026-10-23 19:12:00,19,33,0,20.58,0,0,0,0,0
TXN008368,USER00478,482.19,Zomato,Mumbai,DEVICE_C,2026-12-03 12:21:00,12,33,0,24.16,0,0,0,0,0
TXN008369,USER01202,386.59,Swiggy,Delhi,DEVICE_A,2026-10-19 07:00:00,7,1,0,10.08,0,0,0,1,0
TXN008370,USER00457,469.46,Flipkart,Delhi,DEVICE_D,2026-05-12 22:18:00,22,42,0,26.72,0,0,0,0,0
TXN008371,USER00189,935.85,Zomato,Kolkata,DEVICE_A,2026-04-08 20:14:00,20,7,0,95.51,0,0,0,0,0
TXN008372,USER00291,4779.61,Myntra,Ahmedabad,DEVICE_D,2026-04-18 14:35:00,14,48,0,18.93,0,0,0,0,0
TXN008373,USER01544,977.45,Netflix,Delhi,DEVICE_E,2026-01-08 22:38:00,22,20,1,20.96,0,0,0,0,1
TXN008374,USER01789,1403.65,Apple,Chennai,DEVICE_E,2026-04-06 22:55:00,22,11,1,9.36,0,0,0,0,0
TXN008375,USER00920,373.04,Apple,Kolkata,DEVICE_C,2026-10-17 11:23:00,11,35,0,0.21,0,0,0,0,0
TXN008376,USER00292,2883.74,Apple,Pune,DEVICE_A,2026-04-27 05:11:00,5,0,0,61.55,1,0,0,1,0
TXN008377,USER01970,2402.75,Uber,Chennai,DEVICE_D,2026-11-04 23:59:00,23,41,0,29.6,0,0,0,0,0
TXN008378,USER00756,719.15,Apple,Kolkata,DEVICE_E,2026-05-06 08:21:00,8,38,1,23.79,0,0,0,0,0
TXN008379,USER01659,590.83,Swiggy,Chennai,DEVICE_E,2026-12-22 07:50:00,7,15,0,0.61,0,0,0,0,0
TXN008380,USER01835,2597.15,Swiggy,Kolkata,DEVICE_E,2026-04-07 22:34:00,22,48,0,28.46,0,0,0,0,0
TXN008381,USER01307,894.94,Netflix,Kolkata,DEVICE_C,2026-12-12 20:23:00,20,5,0,22.18,0,0,0,0,0
TXN008382,USER01568,603.4,Netflix,Bangalore,DEVICE_E,2026-04-30 03:31:00,3,32,0,16.83,1,0,0,0,1
TXN008383,USER01870,788.48,Paytm,Chennai,DEVICE_B,2026-11-16 04:22:00,4,42,0,19.54,1,0,0,0,0
TXN008384,USER00377,1359.36,Zomato,Bangalore,DEVICE_C,2026-07-29 03:17:00,3,12,0,50.11,1,0,0,0,0
TXN008385,USER01682,2118.93,Swiggy,Pune,DEVICE_A,2026-05-30 17:48:00,17,44,0,0.13,0,0,0,0,0
TXN008386,USER01180,1466.8,Swiggy,Ahmedabad,DEVICE_B,2026-07-21 22:57:00,22,8,1,3.42,0,0,0,0,0
TXN008387,USER00508,1400.18,Uber,Ahmedabad,DEVICE_C,2026-12-12 11:38:00,11,34,0,45.03,0,0,0,0,0
TXN008388,USER01437,883.24,Swiggy,Kolkata,DEVICE_C,2026-11-29 21:19:00,21,27,0,0.16,0,0,0,0,0
TXN008389,USER00528,1250.17,Swiggy,Ahmedabad,DEVICE_D,2026-08-14 17:42:00,17,33,1,46.79,0,0,0,0,1
TXN008390,USER01379,771.03,Paytm,Mumbai,DEVICE_B,2026-12-03 07:10:00,7,31,0,0.6,0,0,0,0,0
TXN008391,USER00559,860.21,Flipkart,Kolkata,DEVICE_B,2026-01-05 12:15:00,12,0,0,30.22,0,0,0,1,0
TXN008392,USER01787,3942.11,Paytm,Mumbai,DEVICE_B,2026-05-04 06:26:00,6,38,0,44.31,0,0,0,0,0
TXN008393,USER01211,1139.05,Flipkart,Mumbai,DEVICE_E,2026-11-18 04:25:00,4,24,1,18.96,1,0,0,0,0
TXN008394,USER01055,787.76,Paytm,Mumbai,DEVICE_E,2026-12-19 13:38:00,13,9,0,20.51,0,0,0,0,0
TXN008395,USER00260,597.87,Swiggy,Mumbai,DEVICE_A,2026-04-08 13:37:00,13,1,0,1.04,0,0,0,1,0
TXN008396,USER00421,151.31,Paytm,Ahmedabad,DEVICE_A,2026-05-14 17:08:00,17,3,0,4.74,0,0,0,0,0
TXN008397,USER01553,7172.14,Swiggy,Chennai,DEVICE_A,2026-01-11 21:53:00,21,24,0,45.95,0,0,0,0,0
TXN008398,USER01575,7911.93,Swiggy,Hyderabad,DEVICE_E,2026-04-26 01:58:00,1,15,1,34.71,1,0,0,0,1
TXN008399,USER00304,1929.34,Netflix,Chennai,DEVICE_D,2026-09-30 17:38:00,17,39,0,1.23,0,0,0,0,0
TXN008400,USER00942,431.94,Amazon,Pune,DEVICE_A,2026-04-17 03:40:00,3,43,0,33.53,1,0,0,0,1
TXN008401,USER01968,12850.67,Flipkart,Hyderabad,DEVICE_C,2026-04-11 21:16:00,21,4,0,11.02,0,1,0,0,0
TXN008402,USER01063,309.97,Myntra,Chennai,DEVICE_E,2026-12-01 10:25:00,10,22,0,16.45,0,0,0,0,1
TXN008403,USER01513,1562.32,Zomato,Pune,DEVICE_D,2026-04-10 13:33:00,13,19,0,2.29,0,0,0,0,0
TXN008404,USER01668,234.68,Zomato,Ahmedabad,DEVICE_C,2026-11-10 18:25:00,18,2,0,10.17,0,0,0,0,0
TXN008405,USER00542,155.24,Paytm,Mumbai,DEVICE_C,2026-12-30 18:47:00,18,0,0,11.42,0,0,0,1,0
TXN008406,USER01694,1351.37,Amazon,Delhi,DEVICE_E,2026-03-29 18:03:00,18,45,0,22.14,0,0,0,0,0
TXN008407,USER01302,1514.93,Uber,Kolkata,DEVICE_B,2026-05-14 12:18:00,12,24,0,21.43,0,0,0,0,0
TXN008408,USER01227,1220.6,Myntra,Hyderabad,DEVICE_D,2026-08-19 00:55:00,0,15,0,15.92,1,0,0,0,0
TXN008409,USER01090,4204.04,Zomato,Delhi,DEVICE_E,2026-01-21 17:01:00,17,40,0,0.64,0,0,0,0,0
TXN008410,USER00108,1050.26,Walmart,Mumbai,DEVICE_B,2026-10-27 13:28:00,13,4,1,3.52,0,0,0,0,0
TXN008411,USER00268,2278.0,Apple,Hyderabad,DEVICE_E,2026-01-10 09:58:00,9,35,0,3.49,0,0,0,0,0
TXN008412,USER00222,542.18,Walmart,Delhi,DEVICE_E,2026-07-23 01:29:00,1,5,0,43.74,1,0,0,0,0
TXN008413,USER01828,3517.51,Uber,Chennai,DEVICE_C,2026-07-31 16:23:00,16,11,0,46.4,0,0,0,0,0
TXN008414,USER01554,3798.39,Myntra,Pune,DEVICE_E,2026-07-12 10:30:00,10,45,0,32.85,0,0,0,0,0
TXN008415,USER01114,872.1,Zomato,Mumbai,DEVICE_B,2026-12-14 12:46:00,12,22,0,3.84,0,0,0,0,0
TXN008416,USER00693,1537.16,Paytm,Chennai,DEVICE_C,2026-11-29 09:32:00,9,45,0,36.67,0,0,0,0,0
TXN008417,USER00255,584.69,Apple,Chennai,DEVICE_B,2026-02-13 12:52:00,12,37,0,4.16,0,0,0,0,0
TXN008418,USER01479,899.25,Flipkart,Mumbai,DEVICE_B,2026-03-14 18:14:00,18,4,0,16.18,0,0,0,0,0
TXN008419,USER00253,2129.36,Zomato,Hyderabad,DEVICE_C,2026-04-10 14:25:00,14,1,0,26.48,0,0,0,1,0
TXN008420,USER00257,1696.55,Zomato,Kolkata,DEVICE_B,2026-02-25 16:24:00,16,2,0,1.06,0,0,0,0,0
TXN008421,USER00383,231.32,Uber,Bangalore,DEVICE_A,2026-10-12 15:29:00,15,40,0,18.22,0,0,0,0,0
TXN008422,USER00442,394.04,Zomato,Bangalore,DEVICE_E,2026-05-08 15:39:00,15,6,1,5.78,0,0,0,0,1
TXN008423,USER01882,646.01,Myntra,Kolkata,DEVICE_C,2026-12-29 00:00:00,0,25,1,13.78,1,0,0,0,0
TXN008424,USER00599,1336.51,Amazon,Ahmedabad,DEVICE_C,2026-08-10 15:30:00,15,11,0,9.69,0,0,0,0,0
TXN008425,USER01114,480.2,Myntra,Mumbai,DEVICE_A,2026-03-20 08:21:00,8,49,0,23.2,0,0,0,0,0
TXN008426,USER01773,307.2,Flipkart,Bangalore,DEVICE_A,2026-08-21 08:16:00,8,44,0,13.44,0,0,0,0,0
TXN008427,USER00390,102.88,Amazon,Kolkata,DEVICE_A,2026-07-14 05:07:00,5,0,0,7.18,1,0,0,1,1
TXN008428,USER00582,7169.24,Zomato,Delhi,DEVICE_A,2026-04-18 20:19:00,20,0,0,48.24,0,0,0,1,0
TXN008429,USER01068,1315.25,Zomato,Kolkata,DEVICE_D,2026-09-14 17:14:00,17,32,0,63.91,0,0,0,0,0
TXN008430,USER01736,299.36,Apple,Ahmedabad,DEVICE_C,2026-10-20 04:18:00,4,38,0,32.38,1,0,0,0,0
TXN008431,USER01688,2778.66,Zomato,Hyderabad,DEVICE_B,2026-08-15 19:35:00,19,8,0,17.39,0,0,0,0,0
TXN008432,USER00598,4205.78,Swiggy,Pune,DEVICE_C,2026-03-16 01:42:00,1,0,1,43.15,1,0,0,1,0
TXN008433,USER00019,1328.79,Flipkart,Kolkata,DEVICE_C,2026-04-20 11:37:00,11,14,0,18.41,0,0,0,0,0
TXN008434,USER01125,1921.25,Netflix,Chennai,DEVICE_C,2026-09-09 16:19:00,16,24,1,3.22,0,0,0,0,0
TXN008435,USER01938,3561.34,Paytm,Chennai,DEVICE_A,2026-05-23 10:47:00,10,43,1,0.35,0,0,0,0,1
TXN008436,USER00607,1891.31,Apple,Pune,DEVICE_A,2026-07-28 09:18:00,9,35,0,25.89,0,0,0,0,0
TXN008437,USER01790,1937.81,Walmart,Mumbai,DEVICE_D,2026-09-22 04:28:00,4,9,0,27.93,1,0,0,0,0
TXN008438,USER01381,275.66,Amazon,Chennai,DEVICE_C,2026-07-11 13:13:00,13,49,0,52.03,0,0,0,0,0
TXN008439,USER01566,94.04,Netflix,Delhi,DEVICE_E,2026-07-13 23:48:00,23,30,0,34.77,0,0,0,0,0
TXN008440,USER01785,2381.1,Paytm,Kolkata,DEVICE_D,2026-05-09 06:38:00,6,19,0,20.41,0,0,0,0,0
TXN008441,USER01962,896.17,Zomato,Pune,DEVICE_A,2026-08-01 16:56:00,16,4,0,4.22,0,0,0,0,0
TXN008442,USER00033,728.26,Myntra,Delhi,DEVICE_C,2026-01-17 21:08:00,21,27,0,18.03,0,0,0,0,0
TXN008443,USER01994,2633.0,Swiggy,Mumbai,DEVICE_A,2026-12-06 05:34:00,5,33,1,11.41,1,0,0,0,1
TXN008444,USER01253,464.36,Amazon,Chennai,DEVICE_B,2026-01-14 07:22:00,7,38,0,5.28,0,0,0,0,0
TXN008445,USER01548,1061.18,Amazon,Pune,DEVICE_A,2026-07-12 13:17:00,13,37,0,32.1,0,0,0,0,0
TXN008446,USER01654,1154.41,Amazon,Bangalore,DEVICE_A,2026-01-25 14:50:00,14,15,0,3.24,0,0,0,0,0
TXN008447,USER00862,2040.24,Flipkart,Kolkata,DEVICE_D,2026-06-06 19:25:00,19,14,0,19.9,0,0,0,0,0
TXN008448,USER00155,1490.92,Amazon,Bangalore,DEVICE_B,2026-05-16 11:04:00,11,40,0,18.87,0,0,0,0,0
TXN008449,USER01447,1491.55,Apple,Hyderabad,DEVICE_E,2026-06-24 00:45:00,0,38,0,7.24,1,0,0,0,0
TXN008450,USER00905,761.91,Paytm,Mumbai,DEVICE_E,2026-05-12 19:26:00,19,41,0,11.22,0,0,0,0,0
TXN008451,USER01270,780.06,Myntra,Hyderabad,DEVICE_E,2026-02-16 10:34:00,10,25,0,2.48,0,0,0,0,0
TXN008452,USER00405,1489.56,Apple,Bangalore,DEVICE_C,2026-03-17 15:52:00,15,29,1,0.52,0,0,0,0,0
TXN008453,USER00844,698.92,Apple,Bangalore,DEVICE_E,2026-01-03 04:42:00,4,1,0,0.26,1,0,0,1,0
TXN008454,USER01783,520.26,Swiggy,Bangalore,DEVICE_C,2026-02-04 07:10:00,7,2,0,3.83,0,0,0,0,0
TXN008455,USER01565,3489.91,Myntra,Hyderabad,DEVICE_A,2026-01-05 22:40:00,22,18,0,40.34,0,0,0,0,0
TXN008456,USER01185,597.54,Swiggy,Pune,DEVICE_E,2026-02-04 16:08:00,16,23,0,14.79,0,0,0,0,0
TXN008457,USER00747,725.78,Amazon,Mumbai,DEVICE_D,2026-02-02 11:40:00,11,2,0,2.49,0,0,0,0,0
TXN008458,USER01726,3307.39,Amazon,Ahmedabad,DEVICE_B,2026-03-01 12:18:00,12,39,1,47.18,0,0,0,0,0
TXN008459,USER01141,589.42,Apple,Kolkata,DEVICE_B,2026-12-11 19:35:00,19,4,0,16.83,0,0,0,0,0
TXN008460,USER00271,1464.16,Apple,Ahmedabad,DEVICE_A,2026-08-26 15:01:00,15,31,0,0.57,0,0,0,0,0
TXN008461,USER00770,1584.78,Amazon,Pune,DEVICE_B,2026-10-03 02:44:00,2,30,0,28.77,1,0,0,0,0
TXN008462,USER01716,1011.12,Uber,Kolkata,DEVICE_B,2026-04-29 19:15:00,19,11,0,12.83,0,0,0,0,0
TXN008463,USER01511,773.14,Paytm,Delhi,DEVICE_A,2026-12-18 10:52:00,10,42,1,15.22,0,0,0,0,0
TXN008464,USER01909,397.91,Flipkart,Ahmedabad,DEVICE_A,2026-11-28 03:09:00,3,35,0,19.0,1,0,0,0,0
TXN008465,USER00172,1929.61,Netflix,Delhi,DEVICE_A,2026-12-24 20:19:00,20,35,0,1.98,0,0,0,0,0
TXN008466,USER01974,2958.39,Zomato,Ahmedabad,DEVICE_D,2026-08-23 23:50:00,23,30,0,59.03,0,0,0,0,0
TXN008467,USER00274,2688.13,Walmart,Bangalore,DEVICE_A,2026-02-23 09:01:00,9,32,0,5.9,0,0,0,0,0
TXN008468,USER00259,1531.2,Myntra,Mumbai,DEVICE_A,2026-07-14 01:54:00,1,6,0,19.45,1,0,0,0,0
TXN008469,USER01159,185.25,Swiggy,Ahmedabad,DEVICE_A,2026-11-29 21:51:00,21,25,0,38.7,0,0,0,0,0
TXN008470,USER01707,2191.84,Myntra,Mumbai,DEVICE_E,2026-02-03 03:22:00,3,25,1,8.07,1,0,0,0,0
TXN008471,USER01746,994.7,Amazon,Chennai,DEVICE_E,2026-04-06 19:30:00,19,19,0,19.75,0,0,0,0,0
TXN008472,USER01772,643.65,Netflix,Chennai,DEVICE_D,2026-10-08 16:50:00,16,33,0,89.98,0,0,0,0,0
TXN008473,USER00422,1981.87,Walmart,Pune,DEVICE_D,2026-04-02 19:16:00,19,32,1,38.18,0,0,0,0,0
TXN008474,USER01445,1344.02,Apple,Ahmedabad,DEVICE_B,2026-05-28 09:29:00,9,18,0,30.22,0,0,0,0,0
TXN008475,USER01210,2719.09,Apple,Hyderabad,DEVICE_E,2026-05-18 11:56:00,11,16,0,11.57,0,0,0,0,0
TXN008476,USER01953,1490.4,Swiggy,Ahmedabad,DEVICE_D,2026-08-11 03:42:00,3,42,0,12.0,1,0,0,0,0
TXN008477,USER00364,862.46,Paytm,Ahmedabad,DEVICE_D,2026-03-27 18:55:00,18,36,0,13.29,0,0,0,0,0
TXN008478,USER01979,801.1,Zomato,Chennai,DEVICE_B,2026-09-20 08:50:00,8,5,0,23.45,0,0,0,0,0
TXN008479,USER01631,1901.06,Paytm,Pune,DEVICE_A,2026-11-21 11:23:00,11,21,1,3.12,0,0,0,0,0
TXN008480,USER00378,328.93,Netflix,Kolkata,DEVICE_C,2026-08-20 07:08:00,7,37,1,39.47,0,0,0,0,0
TXN008481,USER01547,698.25,Paytm,Kolkata,DEVICE_B,2026-05-02 13:28:00,13,16,0,0.36,0,0,0,0,0
TXN008482,USER00580,152.21,Swiggy,Pune,DEVICE_C,2026-05-07 14:39:00,14,19,0,3.73,0,0,0,0,0
TXN008483,USER00891,1602.32,Walmart,Hyderabad,DEVICE_B,2026-06-20 19:24:00,19,41,0,13.15,0,0,0,0,0
TXN008484,USER00722,1959.74,Walmart,Delhi,DEVICE_B,2026-05-24 14:13:00,14,41,0,5.81,0,0,0,0,0
TXN008485,USER01220,548.74,Walmart,Bangalore,DEVICE_A,2026-07-24 13:18:00,13,40,0,9.1,0,0,0,0,0
TXN008486,USER00881,409.86,Apple,Mumbai,DEVICE_D,2026-07-17 21:51:00,21,25,0,8.09,0,0,0,0,0
TXN008487,USER01122,2586.03,Uber,Delhi,DEVICE_E,2026-06-29 20:35:00,20,27,1,6.27,0,0,0,0,1
TXN008488,USER00605,576.64,Netflix,Pune,DEVICE_B,2026-07-07 02:55:00,2,49,0,9.57,1,0,0,0,0
TXN008489,USER00022,1956.62,Zomato,Kolkata,DEVICE_A,2026-03-22 19:51:00,19,44,0,14.08,0,0,0,0,0
TXN008490,USER01474,1082.76,Netflix,Delhi,DEVICE_C,2026-12-01 06:49:00,6,7,0,12.94,0,0,0,0,0
TXN008491,USER01196,681.23,Netflix,Hyderabad,DEVICE_D,2026-11-24 11:49:00,11,42,0,33.42,0,0,0,0,0
TXN008492,USER00383,1848.38,Paytm,Bangalore,DEVICE_B,2026-11-06 23:52:00,23,6,0,7.37,0,0,0,0,0
TXN008493,USER00134,1128.44,Flipkart,Kolkata,DEVICE_C,2026-01-08 22:28:00,22,6,0,6.62,0,0,0,0,0
TXN008494,USER01450,4209.07,Netflix,Hyderabad,DEVICE_B,2026-02-06 16:35:00,16,28,0,14.04,0,0,0,0,0
TXN008495,USER01049,565.88,Swiggy,Pune,DEVICE_E,2026-08-31 16:02:00,16,2,0,0.98,0,0,0,0,0
TXN008496,USER00503,332.85,Flipkart,Delhi,DEVICE_E,2026-09-06 14:31:00,14,15,1,2.37,0,0,0,0,0
TXN008497,USER01209,1080.78,Uber,Mumbai,DEVICE_D,2026-10-30 16:46:00,16,12,0,32.5,0,0,0,0,0
TXN008498,USER01109,1683.59,Swiggy,Chennai,DEVICE_C,2026-08-14 20:25:00,20,49,1,13.61,0,0,0,0,0
TXN008499,USER01591,926.22,Netflix,Hyderabad,DEVICE_E,2026-03-25 23:42:00,23,17,0,1.38,0,0,0,0,0
TXN008500,USER01787,5533.39,Myntra,Kolkata,DEVICE_A,2026-03-14 04:42:00,4,43,0,11.61,1,0,0,0,1
TXN008501,USER00144,3266.78,Apple,Delhi,DEVICE_D,2026-01-16 14:22:00,14,12,1,10.16,0,0,0,0,1
TXN008502,USER01887,683.35,Paytm,Chennai,DEVICE_B,2026-07-25 06:35:00,6,30,0,5.65,0,0,0,0,0
TXN008503,USER01934,1161.95,Amazon,Chennai,DEVICE_C,2026-06-25 15:35:00,15,2,1,9.31,0,0,0,0,1
TXN008504,USER01703,216.01,Zomato,Delhi,DEVICE_C,2026-03-10 06:46:00,6,29,0,4.17,0,0,0,0,0
TXN008505,USER01436,2825.5,Zomato,Bangalore,DEVICE_A,2026-02-10 19:36:00,19,2,0,11.92,0,0,0,0,0
TXN008506,USER00224,594.41,Swiggy,Delhi,DEVICE_E,2026-08-09 20:10:00,20,25,0,10.5,0,0,0,0,0
TXN008507,USER00220,1311.68,Zomato,Kolkata,DEVICE_C,2026-06-02 02:23:00,2,1,0,18.7,1,0,0,1,0
TXN008508,USER00179,869.87,Flipkart,Pune,DEVICE_A,2026-04-20 08:25:00,8,38,1,56.98,0,0,0,0,0
TXN008509,USER01655,287.03,Walmart,Mumbai,DEVICE_A,2026-11-23 11:11:00,11,33,0,4.1,0,0,0,0,0
TXN008510,USER00433,2322.04,Myntra,Kolkata,DEVICE_B,2026-08-30 08:39:00,8,37,0,10.81,0,0,0,0,0
TXN008511,USER00265,422.94,Amazon,Pune,DEVICE_A,2026-04-10 21:01:00,21,12,0,16.52,0,0,0,0,0
TXN008512,USER00954,687.22,Zomato,Chennai,DEVICE_D,2026-03-27 07:54:00,7,10,0,15.84,0,0,0,0,0
TXN008513,USER00429,2362.79,Zomato,Mumbai,DEVICE_C,2026-11-24 13:08:00,13,36,0,21.66,0,0,0,0,0
TXN008514,USER01686,457.54,Swiggy,Hyderabad,DEVICE_D,2026-09-03 02:01:00,2,6,0,6.24,1,0,0,0,0
TXN008515,USER00416,4195.56,Netflix,Chennai,DEVICE_A,2026-06-15 04:35:00,4,42,0,20.13,1,0,0,0,0
TXN008516,USER01477,451.12,Apple,Ahmedabad,DEVICE_A,2026-03-22 22:36:00,22,26,0,4.49,0,0,0,0,0
TXN008517,USER00727,382.74,Paytm,Bangalore,DEVICE_D,2026-07-25 07:03:00,7,6,0,2.68,0,0,0,0,0
TXN008518,USER00197,1143.52,Paytm,Delhi,DEVICE_B,2026-10-12 19:25:00,19,7,0,35.63,0,0,0,0,0
TXN008519,USER01578,4772.87,Paytm,Hyderabad,DEVICE_A,2026-05-26 02:22:00,2,35,0,12.84,1,0,0,0,0
TXN008520,USER01077,1090.8,Paytm,Ahmedabad,DEVICE_D,2026-07-05 07:25:00,7,41,0,10.13,0,0,0,0,0
TXN008521,USER00480,2652.45,Uber,Kolkata,DEVICE_D,2026-04-19 00:12:00,0,28,0,52.77,1,0,0,0,0
TXN008522,USER01467,328.07,Amazon,Mumbai,DEVICE_C,2026-04-16 18:11:00,18,20,0,24.74,0,0,0,0,0
TXN008523,USER01354,788.56,Netflix,Hyderabad,DEVICE_B,2026-03-19 08:23:00,8,25,1,22.61,0,0,0,0,0
TXN008524,USER01275,835.09,Apple,Ahmedabad,DEVICE_E,2026-12-18 06:51:00,6,19,1,4.32,0,0,0,0,1
TXN008525,USER01831,352.4,Apple,Ahmedabad,DEVICE_D,2026-09-25 10:13:00,10,28,1,4.7,0,0,0,0,0
TXN008526,USER00890,261.87,Swiggy,Ahmedabad,DEVICE_C,2026-03-28 02:18:00,2,14,0,13.2,1,0,0,0,0
TXN008527,USER01807,882.31,Myntra,Bangalore,DEVICE_E,2026-10-12 12:54:00,12,22,1,21.13,0,0,0,0,1
TXN008528,USER01991,4544.92,Zomato,Delhi,DEVICE_C,2026-12-31 14:24:00,14,14,0,10.06,0,0,0,0,0
TXN008529,USER00925,1335.01,Zomato,Hyderabad,DEVICE_C,2026-12-01 20:09:00,20,9,0,1.33,0,0,0,0,0
TXN008530,USER00123,593.07,Netflix,Kolkata,DEVICE_B,2026-10-06 20:25:00,20,1,0,22.98,0,0,0,1,0
TXN008531,USER01903,175.31,Uber,Mumbai,DEVICE_A,2026-12-09 15:16:00,15,47,0,29.72,0,0,0,0,0
TXN008532,USER01411,784.59,Flipkart,Hyderabad,DEVICE_B,2026-03-15 00:40:00,0,29,0,57.76,1,0,0,0,1
TXN008533,USER01363,738.21,Walmart,Delhi,DEVICE_E,2026-06-12 00:54:00,0,36,0,10.51,1,0,0,0,1
TXN008534,USER00778,1550.1,Netflix,Kolkata,DEVICE_B,2026-02-05 03:09:00,3,26,0,5.97,1,0,0,0,1
TXN008535,USER00348,872.75,Flipkart,Hyderabad,DEVICE_A,2026-02-05 17:19:00,17,16,0,52.02,0,0,0,0,0
TXN008536,USER00029,1936.49,Walmart,Mumbai,DEVICE_B,2026-12-08 11:36:00,11,2,1,25.12,0,0,0,0,0
TXN008537,USER00975,2188.02,Apple,Delhi,DEVICE_B,2026-05-08 07:07:00,7,7,0,1.32,0,0,0,0,0
TXN008538,USER00035,1029.82,Uber,Bangalore,DEVICE_B,2026-12-30 12:22:00,12,42,0,17.35,0,0,0,0,0
TXN008539,USER01542,1042.91,Netflix,Bangalore,DEVICE_D,2026-09-08 13:54:00,13,36,0,0.58,0,0,0,0,0
TXN008540,USER01420,1130.96,Paytm,Chennai,DEVICE_D,2026-10-08 18:15:00,18,48,0,5.14,0,0,0,0,0
TXN008541,USER00623,228.08,Apple,Hyderabad,DEVICE_B,2026-10-18 17:00:00,17,3,0,1.47,0,0,0,0,0
TXN008542,USER01318,2097.16,Flipkart,Mumbai,DEVICE_A,2026-01-09 03:29:00,3,23,1,4.59,1,0,0,0,0
TXN008543,USER00589,5052.04,Netflix,Hyderabad,DEVICE_A,2026-08-15 03:03:00,3,28,0,13.46,1,0,0,0,0
TXN008544,USER01373,1156.75,Netflix,Delhi,DEVICE_A,2026-08-31 20:27:00,20,7,0,7.1,0,0,0,0,0
TXN008545,USER01171,542.17,Swiggy,Chennai,DEVICE_A,2026-09-05 23:14:00,23,33,0,1.84,0,0,0,0,0
TXN008546,USER01091,1089.76,Amazon,Mumbai,DEVICE_C,2026-03-12 16:01:00,16,47,0,13.16,0,0,0,0,0
TXN008547,USER00904,741.41,Apple,Hyderabad,DEVICE_B,2026-04-21 10:42:00,10,8,1,24.65,0,0,0,0,1
TXN008548,USER00520,1124.01,Netflix,Mumbai,DEVICE_B,2026-07-01 01:22:00,1,16,0,1.09,1,0,0,0,0
TXN008549,USER00122,828.15,Zomato,Delhi,DEVICE_C,2026-08-07 21:54:00,21,9,0,42.81,0,0,0,0,0
TXN008550,USER00340,157.97,Zomato,Chennai,DEVICE_A,2026-12-15 01:16:00,1,23,0,21.17,1,0,0,0,0
TXN008551,USER00175,1194.98,Amazon,Mumbai,DEVICE_E,2026-10-19 13:04:00,13,44,1,14.66,0,0,0,0,0
TXN008552,USER01924,8118.61,Netflix,Delhi,DEVICE_E,2026-12-25 14:58:00,14,21,0,10.09,0,0,0,0,0
TXN008553,USER01715,329.47,Paytm,Bangalore,DEVICE_C,2026-01-27 21:00:00,21,16,0,9.99,0,0,0,0,0
TXN008554,USER00597,2943.79,Amazon,Mumbai,DEVICE_E,2026-05-13 21:27:00,21,30,0,8.18,0,0,0,0,0
TXN008555,USER00451,1572.73,Amazon,Chennai,DEVICE_D,2026-09-26 13:16:00,13,43,0,2.46,0,0,0,0,0
TXN008556,USER00557,479.6,Flipkart,Pune,DEVICE_B,2026-12-04 17:10:00,17,8,0,1.65,0,0,0,0,0
TXN008557,USER01160,327.34,Flipkart,Kolkata,DEVICE_E,2026-02-28 03:44:00,3,14,0,7.39,1,0,0,0,0
TXN008558,USER01879,1389.1,Myntra,Kolkata,DEVICE_D,2026-10-25 21:10:00,21,41,0,22.0,0,0,0,0,0
TXN008559,USER01040,1517.49,Apple,Mumbai,DEVICE_B,2026-07-06 12:55:00,12,29,0,6.8,0,0,0,0,0
TXN008560,USER01357,282.18,Walmart,Mumbai,DEVICE_D,2026-03-06 14:54:00,14,16,1,33.45,0,0,0,0,1
TXN008561,USER01219,2524.31,Amazon,Delhi,DEVICE_B,2026-02-28 10:15:00,10,6,1,9.57,0,0,0,0,0
TXN008562,USER01520,702.76,Flipkart,Hyderabad,DEVICE_B,2026-11-02 10:30:00,10,45,0,19.95,0,0,0,0,0
TXN008563,USER00009,1708.66,Uber,Kolkata,DEVICE_E,2026-07-21 06:50:00,6,44,0,11.31,0,0,0,0,0
TXN008564,USER01852,2065.01,Myntra,Ahmedabad,DEVICE_C,2026-05-08 04:19:00,4,25,0,13.78,1,0,0,0,0
TXN008565,USER00334,2455.9,Netflix,Hyderabad,DEVICE_E,2026-12-15 09:35:00,9,1,0,5.76,0,0,0,1,0
TXN008566,USER01357,450.09,Apple,Kolkata,DEVICE_A,2026-09-15 06:47:00,6,47,0,14.43,0,0,0,0,0
TXN008567,USER01017,6703.01,Netflix,Mumbai,DEVICE_D,2026-09-12 05:03:00,5,28,0,2.35,1,0,0,0,1
TXN008568,USER00327,478.81,Myntra,Ahmedabad,DEVICE_A,2026-08-07 07:25:00,7,48,1,9.78,0,0,0,0,0
TXN008569,USER00015,2452.96,Swiggy,Chennai,DEVICE_B,2026-10-03 19:43:00,19,5,1,11.9,0,0,0,0,0
TXN008570,USER00839,699.73,Zomato,Chennai,DEVICE_E,2026-10-18 18:43:00,18,32,0,24.35,0,0,0,0,0
TXN008571,USER01638,1149.16,Apple,Pune,DEVICE_A,2026-12-10 02:08:00,2,37,0,10.22,1,0,0,0,0
TXN008572,USER00226,980.17,Zomato,Kolkata,DEVICE_A,2026-12-29 23:17:00,23,0,1,21.9,0,0,0,1,1
TXN008573,USER01449,1669.51,Uber,Ahmedabad,DEVICE_A,2026-09-14 11:08:00,11,9,0,3.84,0,0,0,0,0
TXN008574,USER01814,2816.5,Netflix,Kolkata,DEVICE_B,2026-12-15 15:08:00,15,30,0,0.51,0,0,0,0,0
TXN008575,USER01432,632.07,Swiggy,Delhi,DEVICE_B,2026-07-12 02:36:00,2,23,0,14.1,1,0,0,0,0
TXN008576,USER00113,498.05,Uber,Mumbai,DEVICE_B,2026-06-30 18:02:00,18,7,1,12.84,0,0,0,0,0
TXN008577,USER01452,171.33,Walmart,Mumbai,DEVICE_A,2026-04-03 20:39:00,20,27,0,22.16,0,0,0,0,0
TXN008578,USER00001,1289.8,Netflix,Pune,DEVICE_D,2026-06-30 08:28:00,8,27,0,7.52,0,0,0,0,0
TXN008579,USER00266,941.85,Myntra,Hyderabad,DEVICE_E,2026-11-24 23:46:00,23,47,0,0.61,0,0,0,0,0
TXN008580,USER01515,1209.39,Swiggy,Delhi,DEVICE_E,2026-01-21 01:07:00,1,43,0,25.72,1,0,0,0,0
TXN008581,USER01232,1000.87,Apple,Bangalore,DEVICE_B,2026-05-11 07:49:00,7,45,0,57.02,0,0,0,0,0
TXN008582,USER01646,2171.17,Swiggy,Chennai,DEVICE_A,2026-06-18 15:02:00,15,7,0,10.03,0,0,0,0,0
TXN008583,USER01736,695.21,Netflix,Chennai,DEVICE_D,2026-09-16 14:46:00,14,28,0,18.89,0,0,0,0,0
TXN008584,USER00952,1501.52,Flipkart,Mumbai,DEVICE_C,2026-01-27 07:45:00,7,18,0,15.74,0,0,0,0,0
TXN008585,USER01393,1065.59,Uber,Pune,DEVICE_B,2026-05-10 03:58:00,3,28,0,16.69,1,0,0,0,0
TXN008586,USER00306,461.77,Swiggy,Ahmedabad,DEVICE_C,2026-05-14 08:42:00,8,14,0,40.4,0,0,0,0,0
TXN008587,USER00012,591.24,Zomato,Delhi,DEVICE_E,2026-08-28 02:00:00,2,30,0,26.66,1,0,0,0,0
TXN008588,USER01369,2510.25,Uber,Bangalore,DEVICE_E,2026-08-24 08:34:00,8,4,0,29.37,0,0,0,0,0
TXN008589,USER01489,2301.95,Zomato,Chennai,DEVICE_D,2026-03-03 04:07:00,4,48,0,1.89,1,0,0,0,0
TXN008590,USER01724,2132.36,Swiggy,Delhi,DEVICE_D,2026-10-12 01:57:00,1,27,0,3.17,1,0,0,0,1
TXN008591,USER01690,942.06,Flipkart,Bangalore,DEVICE_C,2026-11-21 11:53:00,11,45,0,21.77,0,0,0,0,0
TXN008592,USER01518,145.62,Uber,Kolkata,DEVICE_E,2026-02-27 12:55:00,12,14,0,15.55,0,0,0,0,0
TXN008593,USER01392,245.3,Myntra,Mumbai,DEVICE_D,2026-07-13 06:05:00,6,7,0,29.77,0,0,0,0,0
TXN008594,USER01870,865.55,Uber,Hyderabad,DEVICE_D,2026-03-16 23:20:00,23,35,0,1.95,0,0,0,0,0
TXN008595,USER00937,279.78,Apple,Chennai,DEVICE_E,2026-06-26 15:34:00,15,31,0,16.72,0,0,0,0,0
TXN008596,USER00420,3072.6,Swiggy,Chennai,DEVICE_E,2026-05-28 05:24:00,5,38,0,13.31,1,0,0,0,1
TXN008597,USER00889,529.43,Walmart,Bangalore,DEVICE_A,2026-03-22 11:09:00,11,38,1,38.58,0,0,0,0,1
TXN008598,USER01815,856.44,Netflix,Hyderabad,DEVICE_D,2026-08-06 08:26:00,8,21,0,4.14,0,0,0,0,0
TXN008599,USER00171,5227.45,Amazon,Ahmedabad,DEVICE_C,2026-09-22 02:56:00,2,4,0,8.58,1,0,0,0,0
TXN008600,USER00134,2772.72,Paytm,Kolkata,DEVICE_B,2026-05-31 20:00:00,20,9,0,3.26,0,0,0,0,0
TXN008601,USER00965,1497.71,Walmart,Delhi,DEVICE_B,2026-02-21 20:28:00,20,30,0,12.02,0,0,0,0,0
TXN008602,USER01451,1338.1,Zomato,Mumbai,DEVICE_E,2026-05-04 09:24:00,9,36,0,42.64,0,0,0,0,0
TXN008603,USER01049,555.26,Myntra,Delhi,DEVICE_C,2026-01-26 04:37:00,4,22,0,22.19,1,0,0,0,0
TXN008604,USER01554,2175.62,Myntra,Bangalore,DEVICE_A,2026-04-13 09:53:00,9,31,0,27.27,0,0,0,0,0
TXN008605,USER01214,1328.01,Paytm,Ahmedabad,DEVICE_D,2026-08-03 20:49:00,20,23,0,1.96,0,0,0,0,0
TXN008606,USER01165,970.76,Flipkart,Ahmedabad,DEVICE_A,2026-07-01 14:44:00,14,3,0,12.03,0,0,0,0,0
TXN008607,USER01579,1952.63,Apple,Chennai,DEVICE_C,2026-04-22 23:07:00,23,42,0,36.49,0,0,0,0,0
TXN008608,USER01870,1984.36,Netflix,Kolkata,DEVICE_A,2026-02-24 15:36:00,15,37,0,36.34,0,0,0,0,0
TXN008609,USER01820,457.52,Walmart,Chennai,DEVICE_E,2026-01-12 08:54:00,8,14,0,88.49,0,0,0,0,0
TXN008610,USER00658,2502.49,Amazon,Delhi,DEVICE_B,2026-08-03 16:41:00,16,10,0,14.93,0,0,0,0,0
TXN008611,USER01339,1015.36,Uber,Kolkata,DEVICE_E,2026-01-31 16:27:00,16,24,0,0.04,0,0,0,0,0
TXN008612,USER01468,1181.94,Paytm,Pune,DEVICE_D,2026-05-23 20:09:00,20,25,0,45.86,0,0,0,0,0
TXN008613,USER01343,335.6,Flipkart,Mumbai,DEVICE_E,2026-07-08 00:06:00,0,38,0,62.56,1,0,0,0,0
TXN008614,USER01465,344.9,Myntra,Bangalore,DEVICE_C,2026-10-14 09:29:00,9,36,0,52.55,0,0,0,0,0
TXN008615,USER01116,296.09,Amazon,Mumbai,DEVICE_C,2026-06-23 05:39:00,5,35,0,29.56,1,0,0,0,0
TXN008616,USER00179,9449.83,Myntra,Ahmedabad,DEVICE_D,2026-12-08 05:17:00,5,32,0,4.76,1,0,0,0,0
TXN008617,USER01080,8446.3,Swiggy,Bangalore,DEVICE_D,2026-06-22 05:46:00,5,47,0,2.99,1,0,0,0,1
TXN008618,USER01179,237.08,Paytm,Ahmedabad,DEVICE_B,2026-10-19 20:39:00,20,43,0,24.14,0,0,0,0,0
TXN008619,USER01696,280.65,Flipkart,Mumbai,DEVICE_A,2026-06-21 12:14:00,12,19,0,3.03,0,0,0,0,0
TXN008620,USER00111,691.55,Uber,Pune,DEVICE_B,2026-11-17 00:10:00,0,49,0,61.29,1,0,0,0,0
TXN008621,USER00137,2970.3,Zomato,Delhi,DEVICE_E,2026-09-12 08:27:00,8,33,0,11.81,0,0,0,0,0
TXN008622,USER00232,1924.99,Flipkart,Hyderabad,DEVICE_A,2026-04-01 19:11:00,19,44,0,0.63,0,0,0,0,0
TXN008623,USER00992,7713.33,Netflix,Kolkata,DEVICE_D,2026-06-13 00:21:00,0,11,0,3.26,1,0,0,0,0
TXN008624,USER00468,833.72,Uber,Bangalore,DEVICE_C,2026-03-14 14:59:00,14,35,0,6.86,0,0,0,0,0
TXN008625,USER00732,585.46,Walmart,Delhi,DEVICE_E,2026-08-21 03:47:00,3,3,0,24.33,1,0,0,0,0
TXN008626,USER00481,1153.23,Flipkart,Chennai,DEVICE_B,2026-11-09 09:45:00,9,12,0,26.73,0,0,0,0,0
TXN008627,USER01092,937.83,Uber,Chennai,DEVICE_D,2026-08-04 07:49:00,7,2,1,4.79,0,0,0,0,1
TXN008628,USER00814,1070.04,Walmart,Mumbai,DEVICE_A,2026-04-21 19:27:00,19,16,0,20.91,0,0,0,0,0
TXN008629,USER01273,1207.37,Flipkart,Ahmedabad,DEVICE_A,2026-03-11 22:26:00,22,6,0,0.65,0,0,0,0,0
TXN008630,USER00994,7391.06,Amazon,Chennai,DEVICE_C,2026-05-01 16:16:00,16,44,0,2.17,0,0,0,0,0
TXN008631,USER00323,1221.93,Zomato,Ahmedabad,DEVICE_D,2026-01-18 05:56:00,5,46,0,15.31,1,0,0,0,0
TXN008632,USER00922,421.19,Amazon,Hyderabad,DEVICE_D,2026-01-17 01:19:00,1,13,0,24.34,1,0,0,0,1
TXN008633,USER00904,844.32,Netflix,Bangalore,DEVICE_E,2026-06-01 03:47:00,3,31,0,49.15,1,0,0,0,0
TXN008634,USER01542,2107.2,Uber,Mumbai,DEVICE_E,2026-10-23 13:28:00,13,47,0,11.52,0,0,0,0,0
TXN008635,USER02000,1882.47,Walmart,Bangalore,DEVICE_A,2026-11-04 20:57:00,20,48,0,2.56,0,0,0,0,0
TXN008636,USER01816,1792.35,Swiggy,Bangalore,DEVICE_B,2026-09-06 14:44:00,14,25,0,52.89,0,0,0,0,0
TXN008637,USER01456,237.68,Flipkart,Pune,DEVICE_A,2026-01-01 01:34:00,1,30,0,11.51,1,0,0,0,0
TXN008638,USER01511,269.48,Swiggy,Delhi,DEVICE_E,2026-11-23 21:36:00,21,47,0,13.76,0,0,0,0,0
TXN008639,USER00606,974.36,Flipkart,Chennai,DEVICE_E,2026-09-22 12:33:00,12,30,0,38.54,0,0,0,0,0
TXN008640,USER00429,1638.39,Netflix,Kolkata,DEVICE_E,2026-10-19 04:36:00,4,15,0,17.63,1,0,0,0,0
TXN008641,USER01293,519.08,Swiggy,Bangalore,DEVICE_A,2026-05-29 00:35:00,0,0,0,7.17,1,0,0,1,0
TXN008642,USER01733,4208.27,Walmart,Ahmedabad,DEVICE_D,2026-09-04 15:57:00,15,45,0,15.56,0,0,0,0,0
TXN008643,USER01561,1784.17,Apple,Hyderabad,DEVICE_B,2026-11-12 23:43:00,23,33,0,19.61,0,0,0,0,0
TXN008644,USER00148,687.91,Amazon,Pune,DEVICE_B,2026-07-12 21:59:00,21,25,0,44.11,0,0,0,0,0
TXN008645,USER01142,13388.91,Walmart,Ahmedabad,DEVICE_E,2026-03-11 13:18:00,13,29,0,5.35,0,1,0,0,1
TXN008646,USER00850,721.27,Myntra,Hyderabad,DEVICE_C,2026-09-07 05:28:00,5,40,0,16.39,1,0,0,0,0
TXN008647,USER00367,786.46,Paytm,Ahmedabad,DEVICE_A,2026-08-12 21:51:00,21,4,0,50.64,0,0,0,0,0
TXN008648,USER00850,754.12,Netflix,Kolkata,DEVICE_D,2026-11-27 02:02:00,2,23,0,0.93,1,0,0,0,1
TXN008649,USER01090,1138.65,Zomato,Chennai,DEVICE_E,2026-11-02 19:04:00,19,9,0,4.33,0,0,0,0,0
TXN008650,USER01994,416.85,Flipkart,Chennai,DEVICE_C,2026-04-01 21:32:00,21,37,0,8.5,0,0,0,0,0
TXN008651,USER00813,2129.1,Walmart,Mumbai,DEVICE_E,2026-02-04 10:19:00,10,34,0,22.69,0,0,0,0,0
TXN008652,USER01394,2409.89,Swiggy,Mumbai,DEVICE_C,2026-07-27 15:52:00,15,1,0,36.88,0,0,0,1,0
TXN008653,USER00175,1999.03,Paytm,Ahmedabad,DEVICE_B,2026-06-21 22:26:00,22,28,0,4.44,0,0,0,0,0
TXN008654,USER01855,729.39,Apple,Mumbai,DEVICE_C,2026-10-17 07:10:00,7,18,0,5.67,0,0,0,0,0
TXN008655,USER00588,732.35,Myntra,Chennai,DEVICE_B,2026-04-03 04:32:00,4,37,0,34.66,1,0,0,0,0
TXN008656,USER00495,1904.15,Swiggy,Bangalore,DEVICE_B,2026-11-30 12:38:00,12,41,0,3.21,0,0,0,0,0
TXN008657,USER00973,1331.51,Amazon,Ahmedabad,DEVICE_A,2026-02-14 01:49:00,1,49,0,6.05,1,0,0,0,1
TXN008658,USER01138,532.9,Apple,Delhi,DEVICE_C,2026-12-14 02:33:00,2,13,0,26.39,1,0,0,0,0
TXN008659,USER01135,177.38,Paytm,Kolkata,DEVICE_D,2026-09-02 15:12:00,15,27,0,3.63,0,0,0,0,0
TXN008660,USER01785,768.71,Uber,Pune,DEVICE_D,2026-11-02 06:20:00,6,33,0,35.21,0,0,0,0,0
TXN008661,USER01463,1754.29,Uber,Kolkata,DEVICE_C,2026-05-23 09:46:00,9,3,1,13.49,0,0,0,0,0
TXN008662,USER01739,1711.97,Paytm,Kolkata,DEVICE_A,2026-07-10 12:34:00,12,46,0,11.87,0,0,0,0,0
TXN008663,USER01171,280.6,Uber,Mumbai,DEVICE_D,2026-09-03 22:08:00,22,24,0,2.91,0,0,0,0,0
TXN008664,USER00035,2329.89,Netflix,Delhi,DEVICE_E,2026-09-25 13:14:00,13,5,0,22.77,0,0,0,0,0
TXN008665,USER00999,5801.71,Walmart,Hyderabad,DEVICE_D,2026-08-03 01:09:00,1,27,0,43.08,1,0,0,0,0
TXN008666,USER01333,799.46,Flipkart,Chennai,DEVICE_A,2026-07-05 18:20:00,18,37,0,23.56,0,0,0,0,0
TXN008667,USER00538,913.12,Walmart,Hyderabad,DEVICE_B,2026-11-06 16:54:00,16,8,0,7.62,0,0,0,0,0
TXN008668,USER00750,684.79,Myntra,Mumbai,DEVICE_B,2026-01-31 23:02:00,23,17,0,24.0,0,0,0,0,0
TXN008669,USER01038,798.04,Walmart,Bangalore,DEVICE_B,2026-03-15 13:57:00,13,30,1,14.26,0,0,0,0,1
TXN008670,USER00374,3262.91,Walmart,Pune,DEVICE_A,2026-05-02 21:16:00,21,21,0,38.45,0,0,0,0,0
TXN008671,USER00557,541.36,Amazon,Pune,DEVICE_B,2026-05-04 01:02:00,1,3,0,12.31,1,0,0,0,0
TXN008672,USER01452,1363.78,Flipkart,Mumbai,DEVICE_B,2026-02-19 07:17:00,7,32,0,5.42,0,0,0,0,0
TXN008673,USER01752,856.17,Walmart,Delhi,DEVICE_A,2026-02-21 09:47:00,9,35,0,2.14,0,0,0,0,0
TXN008674,USER00233,1301.99,Flipkart,Pune,DEVICE_E,2026-10-14 04:21:00,4,34,0,6.6,1,0,0,0,0
TXN008675,USER00705,847.73,Zomato,Mumbai,DEVICE_D,2026-01-25 12:16:00,12,12,0,16.58,0,0,0,0,0
TXN008676,USER00563,2295.42,Uber,Kolkata,DEVICE_A,2026-01-03 21:31:00,21,14,1,3.73,0,0,0,0,0
TXN008677,USER00939,2798.47,Swiggy,Bangalore,DEVICE_A,2026-02-15 01:01:00,1,32,0,0.81,1,0,0,0,1
TXN008678,USER00887,1535.55,Amazon,Bangalore,DEVICE_C,2026-10-31 20:02:00,20,27,0,11.91,0,0,0,0,0
TXN008679,USER00726,903.33,Uber,Chennai,DEVICE_B,2026-04-07 05:00:00,5,47,0,8.54,1,0,0,0,1
TXN008680,USER01687,2226.28,Flipkart,Chennai,DEVICE_E,2026-12-10 06:34:00,6,33,0,10.91,0,0,0,0,0
TXN008681,USER01464,558.75,Uber,Kolkata,DEVICE_C,2026-04-12 17:26:00,17,37,0,12.11,0,0,0,0,0
TXN008682,USER01526,1614.15,Walmart,Ahmedabad,DEVICE_E,2026-09-28 00:06:00,0,0,0,29.05,1,0,0,1,0
TXN008683,USER01299,690.2,Swiggy,Ahmedabad,DEVICE_B,2026-05-27 14:18:00,14,30,0,64.85,0,0,0,0,0
TXN008684,USER01874,1330.74,Walmart,Bangalore,DEVICE_B,2026-05-10 18:07:00,18,48,0,6.08,0,0,0,0,0
TXN008685,USER00076,462.31,Myntra,Ahmedabad,DEVICE_B,2026-12-06 12:15:00,12,16,1,57.08,0,0,0,0,0
TXN008686,USER00439,3182.45,Walmart,Kolkata,DEVICE_D,2026-03-16 17:36:00,17,21,0,5.19,0,0,0,0,0
TXN008687,USER01756,353.84,Swiggy,Bangalore,DEVICE_E,2026-01-17 12:32:00,12,31,0,28.13,0,0,0,0,0
TXN008688,USER01884,976.77,Apple,Ahmedabad,DEVICE_E,2026-03-01 11:22:00,11,28,0,22.87,0,0,0,0,0
TXN008689,USER01980,290.23,Zomato,Ahmedabad,DEVICE_C,2026-06-23 12:43:00,12,0,0,1.07,0,0,0,1,0
TXN008690,USER00699,3122.22,Flipkart,Ahmedabad,DEVICE_A,2026-08-24 10:45:00,10,47,0,25.81,0,0,0,0,0
TXN008691,USER01313,4441.57,Zomato,Delhi,DEVICE_B,2026-11-23 10:02:00,10,27,0,46.28,0,0,0,0,0
TXN008692,USER00915,375.45,Myntra,Ahmedabad,DEVICE_B,2026-12-19 19:33:00,19,40,0,53.25,0,0,0,0,0
TXN008693,USER01564,1468.28,Zomato,Ahmedabad,DEVICE_C,2026-01-07 03:53:00,3,1,0,23.12,1,0,0,1,1
TXN008694,USER00891,840.29,Uber,Mumbai,DEVICE_E,2026-12-06 15:59:00,15,24,0,30.89,0,0,0,0,0
TXN008695,USER00692,1738.65,Paytm,Chennai,DEVICE_D,2026-01-21 17:17:00,17,20,0,1.48,0,0,0,0,0
TXN008696,USER00253,4531.15,Amazon,Delhi,DEVICE_E,2026-02-06 08:57:00,8,36,0,3.52,0,0,0,0,0
TXN008697,USER01150,1551.34,Swiggy,Pune,DEVICE_D,2026-09-19 07:39:00,7,25,0,6.09,0,0,0,0,0
TXN008698,USER01201,550.59,Amazon,Ahmedabad,DEVICE_D,2026-09-25 21:45:00,21,39,0,15.16,0,0,0,0,0
TXN008699,USER01061,589.1,Swiggy,Ahmedabad,DEVICE_E,2026-03-19 13:26:00,13,0,0,9.76,0,0,0,1,1
TXN008700,USER00410,797.51,Flipkart,Mumbai,DEVICE_B,2026-08-24 01:01:00,1,31,0,21.41,1,0,0,0,0
TXN008701,USER01635,569.66,Zomato,Ahmedabad,DEVICE_D,2026-02-11 02:41:00,2,8,0,11.8,1,0,0,0,1
TXN008702,USER01634,2173.74,Flipkart,Ahmedabad,DEVICE_C,2026-10-17 03:04:00,3,45,0,29.84,1,0,0,0,0
TXN008703,USER00127,2347.01,Walmart,Ahmedabad,DEVICE_C,2026-05-02 03:44:00,3,48,1,25.01,1,0,0,0,1
TXN008704,USER01507,3407.27,Walmart,Chennai,DEVICE_D,2026-04-08 08:23:00,8,4,0,27.51,0,0,0,0,0
TXN008705,USER01192,748.24,Amazon,Pune,DEVICE_B,2026-05-06 00:32:00,0,39,0,35.3,1,0,0,0,0
TXN008706,USER00592,3098.99,Netflix,Kolkata,DEVICE_D,2026-08-03 01:28:00,1,16,0,35.94,1,0,0,0,0
TXN008707,USER00294,4988.73,Netflix,Pune,DEVICE_C,2026-11-30 13:53:00,13,28,1,30.24,0,0,0,0,0
TXN008708,USER01869,332.34,Paytm,Delhi,DEVICE_C,2026-06-28 12:52:00,12,43,0,1.36,0,0,0,0,0
TXN008709,USER01662,707.3,Netflix,Ahmedabad,DEVICE_E,2026-09-25 15:04:00,15,18,1,19.52,0,0,0,0,0
TXN008710,USER01367,994.93,Myntra,Hyderabad,DEVICE_B,2026-04-17 14:03:00,14,39,0,0.4,0,0,0,0,0
TXN008711,USER01020,2298.61,Uber,Pune,DEVICE_E,2026-11-08 22:11:00,22,28,0,27.23,0,0,0,0,0
TXN008712,USER00310,3663.31,Uber,Hyderabad,DEVICE_A,2026-11-01 15:35:00,15,11,0,1.26,0,0,0,0,0
TXN008713,USER00662,231.02,Walmart,Chennai,DEVICE_D,2026-05-09 14:00:00,14,7,0,81.75,0,0,0,0,0
TXN008714,USER00528,600.27,Netflix,Delhi,DEVICE_E,2026-12-19 06:19:00,6,42,0,19.04,0,0,0,0,0
TXN008715,USER00540,3074.68,Paytm,Pune,DEVICE_B,2026-03-27 12:14:00,12,42,0,4.02,0,0,0,0,0
TXN008716,USER00419,509.38,Swiggy,Ahmedabad,DEVICE_D,2026-11-09 06:24:00,6,30,0,12.63,0,0,0,0,0
TXN008717,USER00444,2249.34,Walmart,Mumbai,DEVICE_D,2026-12-12 12:19:00,12,14,0,35.05,0,0,0,0,0
TXN008718,USER00685,1837.58,Flipkart,Pune,DEVICE_D,2026-01-14 12:20:00,12,33,0,3.97,0,0,0,0,0
TXN008719,USER01582,2207.35,Netflix,Ahmedabad,DEVICE_D,2026-07-18 00:20:00,0,25,0,15.39,1,0,0,0,0
TXN008720,USER00840,2232.85,Walmart,Mumbai,DEVICE_D,2026-12-15 12:01:00,12,34,0,0.07,0,0,0,0,0
TXN008721,USER00236,746.97,Netflix,Delhi,DEVICE_B,2026-12-14 18:42:00,18,28,0,31.06,0,0,0,0,0
TXN008722,USER01463,863.3,Myntra,Hyderabad,DEVICE_A,2026-05-03 19:58:00,19,32,0,4.33,0,0,0,0,0
TXN008723,USER00214,803.62,Paytm,Delhi,DEVICE_C,2026-04-08 22:27:00,22,32,0,9.79,0,0,0,0,0
TXN008724,USER00085,1343.09,Amazon,Ahmedabad,DEVICE_A,2026-12-11 12:10:00,12,35,0,15.11,0,0,0,0,0
TXN008725,USER00794,161.09,Apple,Hyderabad,DEVICE_C,2026-04-13 18:49:00,18,20,0,3.13,0,0,0,0,0
TXN008726,USER01768,1692.89,Paytm,Hyderabad,DEVICE_E,2026-05-22 22:06:00,22,29,1,52.26,0,0,0,0,0
TXN008727,USER00085,5168.0,Netflix,Kolkata,DEVICE_D,2026-09-15 19:38:00,19,18,0,12.65,0,0,0,0,0
TXN008728,USER01945,1309.77,Flipkart,Kolkata,DEVICE_E,2026-06-05 11:00:00,11,31,0,5.27,0,0,0,0,0
TXN008729,USER01513,982.3,Flipkart,Mumbai,DEVICE_E,2026-06-25 16:15:00,16,49,0,26.57,0,0,0,0,0
TXN008730,USER00065,1171.69,Amazon,Chennai,DEVICE_C,2026-12-01 22:47:00,22,0,0,44.93,0,0,0,1,0
TXN008731,USER01670,1768.02,Zomato,Bangalore,DEVICE_B,2026-04-25 17:58:00,17,32,0,48.76,0,0,0,0,0
TXN008732,USER00663,3068.74,Flipkart,Delhi,DEVICE_D,2026-05-01 16:43:00,16,25,1,11.28,0,0,0,0,0
TXN008733,USER00627,1031.65,Walmart,Hyderabad,DEVICE_E,2026-02-08 21:24:00,21,41,1,8.91,0,0,0,0,0
TXN008734,USER00064,943.7,Flipkart,Ahmedabad,DEVICE_A,2026-05-19 21:56:00,21,44,0,52.97,0,0,0,0,0
TXN008735,USER01367,318.45,Apple,Delhi,DEVICE_D,2026-04-03 20:04:00,20,26,0,1.09,0,0,0,0,0
TXN008736,USER00939,1143.94,Amazon,Chennai,DEVICE_B,2026-01-10 09:09:00,9,27,1,27.77,0,0,0,0,1
TXN008737,USER01899,371.78,Walmart,Ahmedabad,DEVICE_D,2026-07-30 08:07:00,8,19,0,3.91,0,0,0,0,0
TXN008738,USER00919,670.09,Netflix,Chennai,DEVICE_E,2026-10-18 20:13:00,20,7,0,12.53,0,0,0,0,0
TXN008739,USER01376,2415.75,Paytm,Bangalore,DEVICE_A,2026-10-06 01:06:00,1,25,0,61.45,1,0,0,0,0
TXN008740,USER01182,2748.45,Amazon,Ahmedabad,DEVICE_E,2026-07-15 13:33:00,13,30,0,17.4,0,0,0,0,0
TXN008741,USER01613,1663.91,Apple,Pune,DEVICE_B,2026-06-26 06:20:00,6,4,1,14.82,0,0,0,0,0
TXN008742,USER00491,3271.51,Uber,Bangalore,DEVICE_C,2026-05-25 04:40:00,4,10,0,1.28,1,0,0,0,0
TXN008743,USER01682,248.39,Apple,Hyderabad,DEVICE_A,2026-12-30 13:23:00,13,20,0,6.5,0,0,0,0,0
TXN008744,USER01879,4746.92,Swiggy,Kolkata,DEVICE_B,2026-07-31 20:24:00,20,7,0,0.06,0,0,0,0,0
TXN008745,USER01487,510.84,Swiggy,Pune,DEVICE_B,2026-11-27 03:02:00,3,25,0,41.59,1,0,0,0,1
TXN008746,USER01249,1437.59,Uber,Bangalore,DEVICE_E,2026-02-12 08:30:00,8,45,1,20.7,0,0,0,0,0
TXN008747,USER01941,602.48,Myntra,Kolkata,DEVICE_E,2026-02-10 02:55:00,2,11,0,2.51,1,0,0,0,0
TXN008748,USER00313,1449.54,Flipkart,Pune,DEVICE_E,2026-12-20 02:30:00,2,42,0,9.03,1,0,0,0,0
TXN008749,USER00615,1114.41,Paytm,Kolkata,DEVICE_C,2026-12-25 17:36:00,17,12,0,33.36,0,0,0,0,0
TXN008750,USER00919,3052.62,Zomato,Hyderabad,DEVICE_D,2026-09-17 00:33:00,0,9,0,3.02,1,0,0,0,1
TXN008751,USER01883,10081.66,Zomato,Ahmedabad,DEVICE_D,2026-11-05 23:42:00,23,28,0,5.23,0,1,0,0,0
TXN008752,USER00813,2425.12,Paytm,Mumbai,DEVICE_E,2026-02-01 20:34:00,20,7,0,15.59,0,0,0,0,0
TXN008753,USER00940,984.77,Apple,Ahmedabad,DEVICE_E,2026-04-04 23:19:00,23,41,1,3.13,0,0,0,0,0
TXN008754,USER01490,4357.14,Uber,Kolkata,DEVICE_C,2026-01-16 02:59:00,2,37,1,9.65,1,0,0,0,1
TXN008755,USER01112,238.09,Uber,Ahmedabad,DEVICE_D,2026-05-26 15:19:00,15,0,0,80.49,0,0,0,1,0
TXN008756,USER01907,650.34,Netflix,Hyderabad,DEVICE_C,2026-02-05 12:02:00,12,8,1,15.7,0,0,0,0,0
TXN008757,USER01327,890.89,Amazon,Bangalore,DEVICE_B,2026-04-30 18:22:00,18,3,1,24.18,0,0,0,0,0
TXN008758,USER00680,854.41,Walmart,Delhi,DEVICE_D,2026-03-07 02:55:00,2,32,0,21.77,1,0,0,0,0
TXN008759,USER00435,563.94,Swiggy,Bangalore,DEVICE_E,2026-12-11 09:35:00,9,41,0,4.76,0,0,0,0,0
TXN008760,USER00682,2051.61,Zomato,Ahmedabad,DEVICE_A,2026-05-19 00:06:00,0,20,1,37.43,1,0,0,0,0
TXN008761,USER01159,1094.5,Flipkart,Chennai,DEVICE_B,2026-03-22 09:59:00,9,6,0,2.6,0,0,0,0,0
TXN008762,USER01074,969.77,Walmart,Bangalore,DEVICE_A,2026-12-28 05:21:00,5,31,0,50.92,1,0,0,0,0
TXN008763,USER01456,3898.7,Apple,Mumbai,DEVICE_C,2026-01-20 22:48:00,22,38,0,4.87,0,0,0,0,0
TXN008764,USER00340,733.79,Netflix,Hyderabad,DEVICE_C,2026-02-18 19:02:00,19,27,0,61.91,0,0,0,0,0
TXN008765,USER00347,2765.23,Walmart,Kolkata,DEVICE_C,2026-11-27 12:12:00,12,25,1,31.99,0,0,0,0,0
TXN008766,USER00646,856.92,Netflix,Chennai,DEVICE_E,2026-02-17 19:23:00,19,36,0,3.75,0,0,0,0,0
TXN008767,USER01371,873.77,Zomato,Hyderabad,DEVICE_C,2026-01-07 16:13:00,16,33,1,3.5,0,0,0,0,1
TXN008768,USER00649,553.08,Zomato,Hyderabad,DEVICE_A,2026-01-05 02:54:00,2,8,0,1.77,1,0,0,0,0
TXN008769,USER00245,295.96,Flipkart,Kolkata,DEVICE_B,2026-04-05 05:39:00,5,5,0,5.68,1,0,0,0,0
TXN008770,USER00109,604.7,Uber,Pune,DEVICE_E,2026-06-04 19:29:00,19,21,0,21.52,0,0,0,0,0
TXN008771,USER01849,221.71,Apple,Bangalore,DEVICE_B,2026-06-29 04:26:00,4,8,0,14.69,1,0,0,0,0
TXN008772,USER01823,1380.53,Myntra,Delhi,DEVICE_C,2026-12-15 18:17:00,18,46,0,19.0,0,0,0,0,0
TXN008773,USER00533,825.95,Paytm,Pune,DEVICE_D,2026-03-04 11:09:00,11,44,0,0.63,0,0,0,0,0
TXN008774,USER01114,2909.45,Flipkart,Chennai,DEVICE_E,2026-01-04 15:13:00,15,14,0,1.67,0,0,0,0,0
TXN008775,USER00296,571.02,Zomato,Kolkata,DEVICE_C,2026-01-09 20:59:00,20,0,0,23.55,0,0,0,1,0
TXN008776,USER00112,869.65,Amazon,Mumbai,DEVICE_E,2026-08-16 01:24:00,1,31,0,37.67,1,0,0,0,0
TXN008777,USER01837,3281.39,Uber,Mumbai,DEVICE_D,2026-09-14 07:28:00,7,46,0,8.91,0,0,0,0,0
TXN008778,USER01613,2443.09,Paytm,Delhi,DEVICE_A,2026-05-31 03:41:00,3,17,0,3.64,1,0,0,0,0
TXN008779,USER01201,1239.77,Amazon,Delhi,DEVICE_A,2026-03-23 11:17:00,11,10,0,7.37,0,0,0,0,0
TXN008780,USER00343,432.13,Flipkart,Bangalore,DEVICE_A,2026-04-09 17:31:00,17,34,0,10.62,0,0,0,0,0
TXN008781,USER01684,1859.58,Walmart,Mumbai,DEVICE_D,2026-05-20 20:08:00,20,32,0,19.89,0,0,0,0,0
TXN008782,USER00101,846.06,Myntra,Chennai,DEVICE_B,2026-04-24 12:27:00,12,3,0,10.53,0,0,0,0,0
TXN008783,USER01782,686.8,Netflix,Ahmedabad,DEVICE_D,2026-04-11 05:03:00,5,33,0,45.47,1,0,0,0,0
TXN008784,USER00629,3634.23,Paytm,Kolkata,DEVICE_D,2026-08-18 14:40:00,14,47,0,10.26,0,0,0,0,0
TXN008785,USER01628,4103.97,Paytm,Delhi,DEVICE_C,2026-03-11 19:31:00,19,18,0,4.0,0,0,0,0,0
TXN008786,USER01425,493.75,Flipkart,Delhi,DEVICE_A,2026-12-05 22:14:00,22,47,0,5.71,0,0,0,0,0
TXN008787,USER00028,5138.25,Paytm,Delhi,DEVICE_E,2026-02-01 17:37:00,17,11,0,12.52,0,0,0,0,0
TXN008788,USER00937,1011.61,Netflix,Ahmedabad,DEVICE_B,2026-09-20 19:28:00,19,39,1,30.51,0,0,0,0,0
TXN008789,USER01986,2218.23,Netflix,Kolkata,DEVICE_E,2026-04-30 06:00:00,6,35,1,40.71,0,0,0,0,0
TXN008790,USER01561,5699.56,Amazon,Chennai,DEVICE_C,2026-01-08 09:16:00,9,47,0,4.1,0,0,0,0,0
TXN008791,USER00058,947.09,Walmart,Mumbai,DEVICE_C,2026-11-03 21:29:00,21,40,0,0.07,0,0,0,0,0
TXN008792,USER01522,1388.17,Netflix,Ahmedabad,DEVICE_B,2026-03-27 21:09:00,21,21,0,40.71,0,0,0,0,0
TXN008793,USER00297,2102.97,Myntra,Ahmedabad,DEVICE_E,2026-01-10 16:59:00,16,46,0,5.18,0,0,0,0,0
TXN008794,USER00134,4547.22,Paytm,Pune,DEVICE_B,2026-12-05 09:31:00,9,11,0,34.48,0,0,0,0,0
TXN008795,USER01355,1116.49,Amazon,Chennai,DEVICE_B,2026-10-12 01:53:00,1,48,0,16.0,1,0,0,0,0
TXN008796,USER00249,2272.06,Zomato,Kolkata,DEVICE_A,2026-07-20 01:57:00,1,27,0,10.35,1,0,0,0,0
TXN008797,USER01021,546.3,Amazon,Chennai,DEVICE_E,2026-10-20 14:18:00,14,14,0,3.17,0,0,0,0,0
TXN008798,USER00550,289.05,Myntra,Bangalore,DEVICE_A,2026-01-02 17:39:00,17,3,0,22.3,0,0,0,0,0
TXN008799,USER00902,595.48,Uber,Pune,DEVICE_A,2026-10-04 00:55:00,0,7,0,34.09,1,0,0,0,0
TXN008800,USER01965,594.0,Amazon,Kolkata,DEVICE_A,2026-09-27 13:43:00,13,30,1,12.36,0,0,0,0,1
TXN008801,USER01099,2637.56,Zomato,Pune,DEVICE_D,2026-01-23 16:13:00,16,25,1,11.82,0,0,0,0,0
TXN008802,USER01678,1026.46,Netflix,Pune,DEVICE_C,2026-06-08 23:50:00,23,2,1,28.15,0,0,0,0,0
TXN008803,USER00834,632.85,Swiggy,Delhi,DEVICE_C,2026-06-29 14:28:00,14,38,0,13.87,0,0,0,0,0
TXN008804,USER01192,493.45,Swiggy,Mumbai,DEVICE_D,2026-01-21 13:09:00,13,6,0,30.8,0,0,0,0,0
TXN008805,USER00771,753.01,Swiggy,Pune,DEVICE_B,2026-06-29 15:09:00,15,14,0,1.11,0,0,0,0,0
TXN008806,USER01527,2503.69,Uber,Bangalore,DEVICE_E,2026-12-16 23:39:00,23,19,0,38.99,0,0,0,0,0
TXN008807,USER01909,492.24,Zomato,Bangalore,DEVICE_E,2026-05-02 03:37:00,3,16,0,6.08,1,0,0,0,0
TXN008808,USER01379,977.89,Myntra,Kolkata,DEVICE_E,2026-07-28 01:38:00,1,31,1,3.71,1,0,0,0,1
TXN008809,USER01249,777.45,Flipkart,Hyderabad,DEVICE_A,2026-10-08 04:51:00,4,9,1,0.66,1,0,0,0,0
TXN008810,USER01688,1508.38,Swiggy,Ahmedabad,DEVICE_E,2026-01-08 02:32:00,2,15,0,35.92,1,0,0,0,0
TXN008811,USER01555,5749.27,Flipkart,Delhi,DEVICE_E,2026-04-06 21:11:00,21,47,0,1.24,0,0,0,0,0
TXN008812,USER00146,609.85,Uber,Mumbai,DEVICE_E,2026-01-03 11:04:00,11,25,0,61.77,0,0,0,0,0
TXN008813,USER01984,1459.21,Flipkart,Mumbai,DEVICE_C,2026-08-26 14:48:00,14,21,0,16.64,0,0,0,0,0
TXN008814,USER01265,1081.61,Paytm,Mumbai,DEVICE_D,2026-01-25 16:44:00,16,14,1,23.99,0,0,0,0,0
TXN008815,USER01908,720.9,Uber,Ahmedabad,DEVICE_B,2026-06-10 10:47:00,10,11,0,25.84,0,0,0,0,0
TXN008816,USER00893,1147.54,Flipkart,Kolkata,DEVICE_D,2026-02-06 02:05:00,2,38,0,6.93,1,0,0,0,0
TXN008817,USER00344,5641.01,Amazon,Delhi,DEVICE_E,2026-09-13 03:32:00,3,2,0,32.85,1,0,0,0,0
TXN008818,USER01773,1030.57,Swiggy,Pune,DEVICE_B,2026-02-14 03:52:00,3,23,0,58.46,1,0,0,0,0
TXN008819,USER01059,1030.45,Walmart,Pune,DEVICE_B,2026-01-04 02:22:00,2,1,0,9.24,1,0,0,1,1
TXN008820,USER00702,779.85,Apple,Kolkata,DEVICE_D,2026-01-21 16:19:00,16,3,1,36.08,0,0,0,0,0
TXN008821,USER00001,1593.77,Uber,Mumbai,DEVICE_D,2026-12-01 00:06:00,0,22,0,29.57,1,0,0,0,0
TXN008822,USER00153,445.91,Netflix,Ahmedabad,DEVICE_D,2026-07-22 16:44:00,16,22,0,17.81,0,0,0,0,0
TXN008823,USER00429,1223.29,Apple,Pune,DEVICE_D,2026-08-09 18:49:00,18,7,0,9.17,0,0,0,0,0
TXN008824,USER01969,1638.02,Myntra,Chennai,DEVICE_A,2026-02-24 00:55:00,0,41,0,10.73,1,0,0,0,1
TXN008825,USER00508,511.16,Uber,Chennai,DEVICE_C,2026-10-02 14:53:00,14,43,0,7.35,0,0,0,0,0
TXN008826,USER01150,4619.73,Uber,Ahmedabad,DEVICE_C,2026-04-14 12:52:00,12,11,0,11.11,0,0,0,0,0
TXN008827,USER00491,4469.88,Flipkart,Ahmedabad,DEVICE_E,2026-01-31 09:48:00,9,8,0,91.37,0,0,0,0,0
TXN008828,USER01506,8290.89,Uber,Delhi,DEVICE_A,2026-05-23 01:49:00,1,10,1,9.03,1,0,0,0,1
TXN008829,USER00345,1833.94,Swiggy,Mumbai,DEVICE_B,2026-03-29 12:48:00,12,44,0,21.9,0,0,0,0,0
TXN008830,USER01936,1594.05,Zomato,Kolkata,DEVICE_D,2026-09-21 08:08:00,8,30,0,7.7,0,0,0,0,0
TXN008831,USER01762,1022.34,Zomato,Ahmedabad,DEVICE_E,2026-11-12 12:30:00,12,0,1,12.57,0,0,0,1,1
TXN008832,USER00221,1166.02,Myntra,Ahmedabad,DEVICE_B,2026-04-09 19:16:00,19,34,1,1.75,0,0,0,0,0
TXN008833,USER01939,2525.81,Paytm,Hyderabad,DEVICE_C,2026-04-30 02:28:00,2,42,0,28.81,1,0,0,0,0
TXN008834,USER01943,1113.73,Walmart,Ahmedabad,DEVICE_B,2026-08-10 12:44:00,12,14,0,21.64,0,0,0,0,0
TXN008835,USER00723,957.44,Paytm,Hyderabad,DEVICE_D,2026-10-03 13:18:00,13,6,0,8.54,0,0,0,0,0
TXN008836,USER01049,1813.53,Swiggy,Hyderabad,DEVICE_D,2026-03-28 19:42:00,19,27,0,14.88,0,0,0,0,0
TXN008837,USER00528,624.09,Swiggy,Chennai,DEVICE_C,2026-10-25 13:53:00,13,47,0,41.15,0,0,0,0,0
TXN008838,USER01206,4547.32,Amazon,Kolkata,DEVICE_D,2026-04-20 12:26:00,12,5,0,0.91,0,0,0,0,0
TXN008839,USER01523,1104.97,Zomato,Hyderabad,DEVICE_A,2026-10-07 20:25:00,20,19,0,53.25,0,0,0,0,0
TXN008840,USER00841,2182.62,Apple,Mumbai,DEVICE_E,2026-01-11 11:48:00,11,23,0,12.73,0,0,0,0,0
TXN008841,USER01665,533.01,Netflix,Mumbai,DEVICE_C,2026-11-15 21:02:00,21,41,0,39.27,0,0,0,0,0
TXN008842,USER01066,1054.57,Uber,Hyderabad,DEVICE_C,2026-12-17 14:34:00,14,35,0,39.54,0,0,0,0,0
TXN008843,USER01939,769.46,Walmart,Bangalore,DEVICE_B,2026-04-19 20:46:00,20,37,0,1.21,0,0,0,0,0
TXN008844,USER00481,799.23,Netflix,Hyderabad,DEVICE_C,2026-08-16 05:46:00,5,11,0,30.43,1,0,0,0,0
TXN008845,USER00930,393.97,Paytm,Bangalore,DEVICE_E,2026-01-26 14:53:00,14,2,0,26.4,0,0,0,0,0
TXN008846,USER01872,2837.51,Netflix,Delhi,DEVICE_A,2026-10-18 18:09:00,18,27,0,0.88,0,0,0,0,0
TXN008847,USER01772,1696.02,Amazon,Delhi,DEVICE_B,2026-03-03 05:51:00,5,11,1,56.45,1,0,0,0,1
TXN008848,USER00872,305.85,Walmart,Mumbai,DEVICE_E,2026-05-12 00:00:00,0,15,0,20.13,1,0,0,0,0
TXN008849,USER01463,905.74,Walmart,Kolkata,DEVICE_C,2026-06-11 14:41:00,14,43,0,3.67,0,0,0,0,0
TXN008850,USER01426,901.65,Amazon,Chennai,DEVICE_D,2026-06-02 15:32:00,15,14,0,2.63,0,0,0,0,0
TXN008851,USER01570,1570.29,Swiggy,Kolkata,DEVICE_D,2026-02-13 03:48:00,3,30,0,16.51,1,0,0,0,0
TXN008852,USER00345,962.35,Amazon,Mumbai,DEVICE_E,2026-07-24 15:54:00,15,20,0,1.21,0,0,0,0,0
TXN008853,USER01917,2917.06,Swiggy,Mumbai,DEVICE_A,2026-05-26 02:05:00,2,17,0,3.59,1,0,0,0,0
TXN008854,USER00045,2611.48,Apple,Kolkata,DEVICE_D,2026-08-15 06:27:00,6,47,0,59.3,0,0,0,0,0
TXN008855,USER01670,7991.67,Myntra,Chennai,DEVICE_E,2026-08-06 20:07:00,20,5,0,27.31,0,0,0,0,0
TXN008856,USER00021,147.81,Swiggy,Mumbai,DEVICE_B,2026-04-01 00:02:00,0,16,0,19.01,1,0,0,0,0
TXN008857,USER01658,3754.21,Netflix,Pune,DEVICE_C,2026-07-03 00:46:00,0,22,0,4.68,1,0,0,0,0
TXN008858,USER01094,2242.61,Swiggy,Pune,DEVICE_A,2026-08-25 05:11:00,5,34,0,4.93,1,0,0,0,0
TXN008859,USER01888,936.72,Myntra,Chennai,DEVICE_A,2026-11-04 00:13:00,0,17,1,11.81,1,0,0,0,0
TXN008860,USER00873,870.47,Paytm,Mumbai,DEVICE_B,2026-06-25 06:55:00,6,10,0,28.05,0,0,0,0,0
TXN008861,USER00048,1012.89,Uber,Pune,DEVICE_A,2026-08-15 06:49:00,6,22,0,0.08,0,0,0,0,0
TXN008862,USER01515,1370.7,Amazon,Delhi,DEVICE_E,2026-06-30 13:42:00,13,16,0,0.91,0,0,0,0,0
TXN008863,USER00551,673.99,Uber,Bangalore,DEVICE_A,2026-01-23 02:19:00,2,5,0,40.82,1,0,0,0,0
TXN008864,USER00287,258.97,Amazon,Mumbai,DEVICE_A,2026-09-04 01:05:00,1,23,1,33.65,1,0,0,0,0
TXN008865,USER01002,686.99,Apple,Bangalore,DEVICE_A,2026-11-28 08:58:00,8,49,1,23.73,0,0,0,0,0
TXN008866,USER01034,863.35,Zomato,Hyderabad,DEVICE_E,2026-03-21 07:06:00,7,36,0,13.84,0,0,0,0,0
TXN008867,USER00542,1831.94,Netflix,Pune,DEVICE_C,2026-09-10 20:27:00,20,15,0,3.14,0,0,0,0,0
TXN008868,USER00756,376.47,Netflix,Mumbai,DEVICE_D,2026-09-04 19:39:00,19,28,0,2.16,0,0,0,0,0
TXN008869,USER00274,1955.42,Paytm,Delhi,DEVICE_A,2026-09-03 10:49:00,10,28,0,47.16,0,0,0,0,0
TXN008870,USER00956,370.85,Zomato,Chennai,DEVICE_B,2026-04-23 04:56:00,4,41,1,9.64,1,0,0,0,0
TXN008871,USER00600,1567.94,Zomato,Delhi,DEVICE_B,2026-10-03 23:13:00,23,27,0,23.8,0,0,0,0,0
TXN008872,USER01780,1802.86,Amazon,Bangalore,DEVICE_E,2026-10-11 23:23:00,23,15,0,12.18,0,0,0,0,0
TXN008873,USER00381,975.22,Netflix,Chennai,DEVICE_C,2026-11-24 06:22:00,6,2,0,26.26,0,0,0,0,0
TXN008874,USER01353,1143.13,Netflix,Delhi,DEVICE_A,2026-06-14 02:14:00,2,41,0,4.3,1,0,0,0,0
TXN008875,USER00479,2054.35,Zomato,Delhi,DEVICE_E,2026-12-20 07:42:00,7,23,0,13.25,0,0,0,0,0
TXN008876,USER00015,649.45,Amazon,Delhi,DEVICE_D,2026-02-21 22:29:00,22,17,0,9.46,0,0,0,0,0
TXN008877,USER00516,1448.0,Swiggy,Kolkata,DEVICE_C,2026-12-21 22:28:00,22,47,0,5.62,0,0,0,0,0
TXN008878,USER00191,799.77,Swiggy,Ahmedabad,DEVICE_C,2026-02-04 13:06:00,13,16,0,18.21,0,0,0,0,0
TXN008879,USER01192,4425.51,Myntra,Chennai,DEVICE_E,2026-10-11 21:00:00,21,48,0,15.4,0,0,0,0,0
TXN008880,USER01545,1788.1,Flipkart,Delhi,DEVICE_B,2026-10-19 13:47:00,13,9,0,13.69,0,0,0,0,0
TXN008881,USER00621,428.46,Walmart,Ahmedabad,DEVICE_C,2026-04-16 08:56:00,8,36,0,17.89,0,0,0,0,0
TXN008882,USER01161,5630.89,Apple,Pune,DEVICE_B,2026-05-04 18:45:00,18,24,0,3.08,0,0,0,0,0
TXN008883,USER00154,2701.55,Amazon,Pune,DEVICE_C,2026-06-08 08:46:00,8,35,0,9.26,0,0,0,0,0
TXN008884,USER01412,370.26,Swiggy,Delhi,DEVICE_C,2026-08-28 09:31:00,9,46,0,7.85,0,0,0,0,0
TXN008885,USER01233,277.65,Paytm,Bangalore,DEVICE_C,2026-08-08 09:40:00,9,47,0,29.32,0,0,0,0,0
TXN008886,USER00272,363.18,Walmart,Delhi,DEVICE_D,2026-01-05 04:07:00,4,22,0,0.73,1,0,0,0,0
TXN008887,USER00143,453.1,Walmart,Pune,DEVICE_B,2026-03-13 12:47:00,12,49,0,6.62,0,0,0,0,0
TXN008888,USER01635,1256.59,Walmart,Delhi,DEVICE_D,2026-03-28 05:12:00,5,18,0,50.09,1,0,0,0,0
TXN008889,USER01913,1180.88,Zomato,Hyderabad,DEVICE_B,2026-02-08 19:48:00,19,9,0,7.14,0,0,0,0,0
TXN008890,USER01844,2124.58,Myntra,Ahmedabad,DEVICE_D,2026-09-15 22:27:00,22,10,0,3.3,0,0,0,0,0
TXN008891,USER01093,829.09,Paytm,Chennai,DEVICE_D,2026-08-25 09:59:00,9,40,1,28.32,0,0,0,0,0
TXN008892,USER00247,867.34,Flipkart,Hyderabad,DEVICE_D,2026-10-30 10:57:00,10,4,1,0.98,0,0,0,0,1
TXN008893,USER01285,1213.5,Paytm,Ahmedabad,DEVICE_E,2026-09-11 10:08:00,10,5,1,11.11,0,0,0,0,0
TXN008894,USER00788,3020.86,Paytm,Ahmedabad,DEVICE_D,2026-11-24 02:42:00,2,2,0,38.67,1,0,0,0,0
TXN008895,USER00079,199.68,Amazon,Kolkata,DEVICE_C,2026-02-10 05:40:00,5,44,0,61.62,1,0,0,0,1
TXN008896,USER01682,870.63,Myntra,Bangalore,DEVICE_A,2026-08-07 22:37:00,22,37,0,5.73,0,0,0,0,0
TXN008897,USER00623,3593.3,Uber,Ahmedabad,DEVICE_D,2026-01-27 01:51:00,1,10,1,7.03,1,0,0,0,0
TXN008898,USER01794,1165.61,Myntra,Hyderabad,DEVICE_A,2026-11-30 05:54:00,5,47,1,16.75,1,0,0,0,1
TXN008899,USER01629,841.01,Uber,Kolkata,DEVICE_A,2026-10-26 07:22:00,7,42,0,5.14,0,0,0,0,0
TXN008900,USER00525,526.8,Flipkart,Mumbai,DEVICE_C,2026-04-22 08:36:00,8,41,0,3.27,0,0,0,0,0
TXN008901,USER00772,2470.71,Amazon,Chennai,DEVICE_A,2026-01-27 14:47:00,14,47,0,11.1,0,0,0,0,0
TXN008902,USER00938,711.11,Zomato,Delhi,DEVICE_A,2026-04-25 00:32:00,0,23,0,1.5,1,0,0,0,1
TXN008903,USER01645,706.06,Walmart,Hyderabad,DEVICE_A,2026-08-04 15:40:00,15,45,0,44.93,0,0,0,0,0
TXN008904,USER01354,3741.95,Amazon,Hyderabad,DEVICE_B,2026-02-22 11:29:00,11,47,1,8.14,0,0,0,0,0
TXN008905,USER01213,427.44,Zomato,Delhi,DEVICE_D,2026-02-14 01:36:00,1,25,0,8.2,1,0,0,0,0
TXN008906,USER01119,4761.13,Amazon,Delhi,DEVICE_D,2026-10-07 02:04:00,2,48,0,31.34,1,0,0,0,0
TXN008907,USER00617,1276.86,Zomato,Bangalore,DEVICE_A,2026-09-14 23:46:00,23,25,1,8.36,0,0,0,0,0
TXN008908,USER01032,1121.13,Amazon,Hyderabad,DEVICE_C,2026-01-15 05:14:00,5,23,0,28.62,1,0,0,0,0
TXN008909,USER00067,1417.8,Myntra,Hyderabad,DEVICE_B,2026-12-24 10:33:00,10,39,0,4.0,0,0,0,0,0
TXN008910,USER01520,1117.34,Myntra,Pune,DEVICE_C,2026-03-11 00:13:00,0,3,0,15.06,1,0,0,0,0
TXN008911,USER00191,681.81,Myntra,Ahmedabad,DEVICE_C,2026-02-16 02:37:00,2,48,0,29.26,1,0,0,0,0
TXN008912,USER01390,1494.81,Walmart,Mumbai,DEVICE_A,2026-02-12 18:57:00,18,9,0,11.95,0,0,0,0,0
TXN008913,USER00768,705.65,Apple,Pune,DEVICE_E,2026-07-31 18:45:00,18,33,0,1.49,0,0,0,0,0
TXN008914,USER00521,1612.01,Netflix,Kolkata,DEVICE_A,2026-02-19 16:36:00,16,43,0,26.7,0,0,0,0,0
TXN008915,USER00990,8789.03,Uber,Mumbai,DEVICE_E,2026-11-10 18:09:00,18,28,0,13.63,0,0,0,0,0
TXN008916,USER01141,1986.53,Myntra,Pune,DEVICE_B,2026-01-11 02:08:00,2,25,0,7.61,1,0,0,0,0
TXN008917,USER00267,925.37,Apple,Hyderabad,DEVICE_E,2026-07-05 16:49:00,16,18,0,98.66,0,0,0,0,0
TXN008918,USER01635,1380.23,Uber,Mumbai,DEVICE_A,2026-11-20 17:33:00,17,20,0,41.76,0,0,0,0,0
TXN008919,USER00485,822.33,Amazon,Hyderabad,DEVICE_A,2026-01-09 20:34:00,20,18,0,0.77,0,0,0,0,0
TXN008920,USER01533,929.41,Flipkart,Chennai,DEVICE_C,2026-09-23 22:18:00,22,39,0,18.01,0,0,0,0,0
TXN008921,USER01322,991.73,Zomato,Bangalore,DEVICE_A,2026-07-29 09:00:00,9,37,0,8.76,0,0,0,0,0
TXN008922,USER01933,1682.02,Apple,Mumbai,DEVICE_A,2026-06-15 14:13:00,14,18,0,0.76,0,0,0,0,0
TXN008923,USER01188,2480.24,Paytm,Hyderabad,DEVICE_D,2026-12-22 01:30:00,1,17,0,0.23,1,0,0,0,0
TXN008924,USER00376,7319.43,Swiggy,Mumbai,DEVICE_D,2026-10-21 14:16:00,14,13,0,17.53,0,0,0,0,0
TXN008925,USER00653,1965.7,Apple,Ahmedabad,DEVICE_C,2026-08-13 06:35:00,6,34,0,7.72,0,0,0,0,0
TXN008926,USER01292,408.64,Myntra,Ahmedabad,DEVICE_E,2026-01-31 13:42:00,13,17,1,24.3,0,0,0,0,0
TXN008927,USER00549,346.24,Myntra,Kolkata,DEVICE_E,2026-07-20 10:16:00,10,27,1,12.12,0,0,0,0,1
TXN008928,USER01098,1032.33,Apple,Bangalore,DEVICE_D,2026-03-17 00:46:00,0,18,0,29.09,1,0,0,0,0
TXN008929,USER01532,2698.32,Zomato,Chennai,DEVICE_B,2026-11-15 02:15:00,2,24,0,33.54,1,0,0,0,0
TXN008930,USER00073,909.45,Uber,Delhi,DEVICE_D,2026-11-14 00:42:00,0,14,0,21.41,1,0,0,0,0
TXN008931,USER00308,922.23,Amazon,Ahmedabad,DEVICE_B,2026-06-02 02:23:00,2,47,0,10.82,1,0,0,0,0
TXN008932,USER00199,2464.88,Swiggy,Delhi,DEVICE_E,2026-04-10 03:37:00,3,48,0,89.27,1,0,0,0,1
TXN008933,USER01154,1070.53,Amazon,Mumbai,DEVICE_D,2026-10-07 01:14:00,1,2,0,7.33,1,0,0,0,0
TXN008934,USER01782,2782.12,Walmart,Hyderabad,DEVICE_A,2026-12-02 15:51:00,15,22,0,14.45,0,0,0,0,0
TXN008935,USER01848,283.06,Zomato,Kolkata,DEVICE_B,2026-06-12 19:49:00,19,49,1,14.7,0,0,0,0,0
TXN008936,USER00572,1684.18,Myntra,Ahmedabad,DEVICE_B,2026-07-05 16:05:00,16,44,0,11.18,0,0,0,0,0
TXN008937,USER00791,221.72,Walmart,Bangalore,DEVICE_B,2026-07-25 16:56:00,16,11,0,2.59,0,0,0,0,0
TXN008938,USER01639,1394.06,Amazon,Chennai,DEVICE_E,2026-05-25 15:36:00,15,31,0,8.74,0,0,0,0,0
TXN008939,USER01832,2466.58,Amazon,Chennai,DEVICE_C,2026-10-11 09:36:00,9,27,0,4.85,0,0,0,0,0
TXN008940,USER01856,253.32,Swiggy,Ahmedabad,DEVICE_A,2026-12-11 01:47:00,1,33,1,46.02,1,0,0,0,1
TXN008941,USER01511,138.97,Netflix,Ahmedabad,DEVICE_D,2026-12-02 11:09:00,11,0,0,21.31,0,0,0,1,0
TXN008942,USER01877,2358.78,Amazon,Pune,DEVICE_B,2026-07-16 11:22:00,11,9,0,6.79,0,0,0,0,0
TXN008943,USER01175,1643.32,Uber,Chennai,DEVICE_E,2026-11-17 17:10:00,17,49,0,16.68,0,0,0,0,0
TXN008944,USER01693,408.01,Uber,Delhi,DEVICE_B,2026-11-20 12:10:00,12,26,0,38.37,0,0,0,0,0
TXN008945,USER01230,1366.38,Apple,Bangalore,DEVICE_D,2026-12-13 16:26:00,16,11,0,54.49,0,0,0,0,0
TXN008946,USER00179,673.65,Swiggy,Pune,DEVICE_A,2026-12-03 00:35:00,0,44,0,1.56,1,0,0,0,1
TXN008947,USER00197,933.34,Swiggy,Delhi,DEVICE_B,2026-09-23 22:32:00,22,35,0,30.92,0,0,0,0,0
TXN008948,USER00735,861.35,Myntra,Mumbai,DEVICE_E,2026-04-09 04:21:00,4,32,0,67.81,1,0,0,0,0
TXN008949,USER00089,331.08,Amazon,Chennai,DEVICE_E,2026-08-06 18:11:00,18,3,0,12.59,0,0,0,0,0
TXN008950,USER00799,2467.56,Netflix,Bangalore,DEVICE_C,2026-07-18 10:44:00,10,20,0,108.23,0,0,0,0,0
TXN008951,USER01458,422.78,Paytm,Ahmedabad,DEVICE_E,2026-12-30 18:28:00,18,19,0,62.97,0,0,0,0,0
TXN008952,USER00788,1192.0,Walmart,Chennai,DEVICE_C,2026-11-22 01:14:00,1,49,0,21.39,1,0,0,0,0
TXN008953,USER00748,1972.09,Swiggy,Delhi,DEVICE_A,2026-11-27 05:04:00,5,16,1,37.63,1,0,0,0,1
TXN008954,USER01207,519.53,Apple,Delhi,DEVICE_D,2026-10-14 16:28:00,16,45,0,7.04,0,0,0,0,0
TXN008955,USER00209,856.29,Apple,Delhi,DEVICE_C,2026-02-16 13:07:00,13,33,0,49.89,0,0,0,0,0
TXN008956,USER00493,693.75,Amazon,Chennai,DEVICE_B,2026-12-01 20:03:00,20,13,1,17.92,0,0,0,0,1
TXN008957,USER01154,5177.33,Amazon,Bangalore,DEVICE_B,2026-10-25 17:46:00,17,9,1,14.25,0,0,0,0,0
TXN008958,USER00665,2498.41,Paytm,Bangalore,DEVICE_D,2026-01-31 19:07:00,19,19,0,36.12,0,0,0,0,0
TXN008959,USER01037,2173.04,Flipkart,Mumbai,DEVICE_E,2026-11-07 11:42:00,11,34,0,44.05,0,0,0,0,0
TXN008960,USER01658,8017.44,Flipkart,Chennai,DEVICE_B,2026-01-29 23:55:00,23,14,0,24.16,0,0,0,0,0
TXN008961,USER00871,1505.52,Amazon,Mumbai,DEVICE_C,2026-08-06 16:58:00,16,38,0,0.51,0,0,0,0,0
TXN008962,USER00732,810.49,Zomato,Kolkata,DEVICE_D,2026-04-03 18:15:00,18,26,0,18.19,0,0,0,0,0
TXN008963,USER01130,300.11,Uber,Mumbai,DEVICE_B,2026-06-24 22:55:00,22,14,0,34.48,0,0,0,0,0
TXN008964,USER01399,584.31,Uber,Mumbai,DEVICE_E,2026-08-31 11:58:00,11,18,0,15.76,0,0,0,0,0
TXN008965,USER01606,1265.64,Paytm,Mumbai,DEVICE_E,2026-02-22 04:10:00,4,25,0,54.62,1,0,0,0,0
TXN008966,USER01731,2535.76,Paytm,Ahmedabad,DEVICE_B,2026-06-10 16:03:00,16,11,0,45.52,0,0,0,0,0
TXN008967,USER00698,608.8,Myntra,Delhi,DEVICE_D,2026-11-03 01:43:00,1,23,0,15.09,1,0,0,0,0
TXN008968,USER01123,4561.03,Netflix,Kolkata,DEVICE_A,2026-05-06 17:18:00,17,35,0,10.34,0,0,0,0,0
TXN008969,USER00594,274.34,Apple,Pune,DEVICE_B,2026-04-11 22:15:00,22,32,0,1.13,0,0,0,0,0
TXN008970,USER01611,782.18,Uber,Ahmedabad,DEVICE_E,2026-08-21 15:47:00,15,4,0,20.03,0,0,0,0,0
TXN008971,USER00886,1577.21,Zomato,Mumbai,DEVICE_A,2026-01-06 03:41:00,3,8,1,6.18,1,0,0,0,0
TXN008972,USER00852,1234.05,Amazon,Bangalore,DEVICE_D,2026-01-11 21:18:00,21,39,0,22.08,0,0,0,0,0
TXN008973,USER01216,1684.21,Swiggy,Mumbai,DEVICE_E,2026-02-18 07:14:00,7,13,0,32.07,0,0,0,0,0
TXN008974,USER00325,1231.1,Zomato,Delhi,DEVICE_D,2026-03-11 13:25:00,13,45,0,10.51,0,0,0,0,0
TXN008975,USER00979,1965.31,Myntra,Ahmedabad,DEVICE_B,2026-07-26 14:31:00,14,35,0,0.31,0,0,0,0,0
TXN008976,USER01750,880.48,Zomato,Hyderabad,DEVICE_D,2026-07-14 15:55:00,15,24,0,40.09,0,0,0,0,0
TXN008977,USER01851,836.7,Swiggy,Pune,DEVICE_E,2026-11-16 20:23:00,20,6,0,15.93,0,0,0,0,1
TXN008978,USER00956,521.92,Walmart,Kolkata,DEVICE_B,2026-06-26 18:00:00,18,33,1,7.56,0,0,0,0,0
TXN008979,USER01491,7756.93,Flipkart,Hyderabad,DEVICE_E,2026-06-08 01:49:00,1,42,1,20.09,1,0,0,0,1
TXN008980,USER00894,1021.84,Walmart,Hyderabad,DEVICE_E,2026-03-02 04:06:00,4,6,0,22.44,1,0,0,0,0
TXN008981,USER01391,1622.91,Apple,Kolkata,DEVICE_A,2026-04-06 02:46:00,2,30,0,3.19,1,0,0,0,0
TXN008982,USER01342,906.69,Apple,Chennai,DEVICE_C,2026-11-21 21:07:00,21,31,0,20.79,0,0,0,0,0
TXN008983,USER00144,4594.88,Uber,Pune,DEVICE_D,2026-04-16 14:23:00,14,20,0,6.76,0,0,0,0,0
TXN008984,USER00384,1085.62,Swiggy,Ahmedabad,DEVICE_D,2026-04-10 11:59:00,11,48,0,32.55,0,0,0,0,0
TXN008985,USER00216,1472.53,Apple,Pune,DEVICE_A,2026-01-06 07:58:00,7,14,0,56.78,0,0,0,0,0
TXN008986,USER01385,500.13,Paytm,Bangalore,DEVICE_D,2026-07-19 06:03:00,6,29,0,2.17,0,0,0,0,0
TXN008987,USER00324,5347.68,Uber,Delhi,DEVICE_A,2026-04-13 20:32:00,20,3,0,49.86,0,0,0,0,0
TXN008988,USER01039,1333.14,Myntra,Kolkata,DEVICE_D,2026-11-03 22:06:00,22,33,0,46.75,0,0,0,0,0
TXN008989,USER00217,5525.76,Uber,Ahmedabad,DEVICE_D,2026-10-14 14:46:00,14,8,0,8.4,0,0,0,0,0
TXN008990,USER01516,638.63,Walmart,Hyderabad,DEVICE_E,2026-03-08 22:42:00,22,11,0,0.59,0,0,0,0,0
TXN008991,USER00951,736.72,Amazon,Delhi,DEVICE_A,2026-10-03 04:00:00,4,29,0,21.77,1,0,0,0,0
TXN008992,USER01571,682.37,Paytm,Delhi,DEVICE_D,2026-06-11 21:19:00,21,23,0,8.45,0,0,0,0,0
TXN008993,USER00183,849.54,Paytm,Chennai,DEVICE_C,2026-01-12 10:15:00,10,28,1,4.26,0,0,0,0,1
TXN008994,USER00270,2005.19,Netflix,Hyderabad,DEVICE_A,2026-02-19 10:29:00,10,21,0,2.3,0,0,0,0,0
TXN008995,USER00945,173.56,Paytm,Mumbai,DEVICE_A,2026-11-04 17:17:00,17,34,0,4.36,0,0,0,0,0
TXN008996,USER01491,1050.01,Paytm,Delhi,DEVICE_A,2026-03-10 22:16:00,22,19,0,5.42,0,0,0,0,0
TXN008997,USER00870,543.16,Walmart,Hyderabad,DEVICE_E,2026-12-28 23:07:00,23,36,0,31.78,0,0,0,0,0
TXN008998,USER01636,493.12,Zomato,Pune,DEVICE_A,2026-01-15 06:43:00,6,40,0,30.63,0,0,0,0,0
TXN008999,USER01543,1671.41,Paytm,Delhi,DEVICE_E,2026-04-20 21:23:00,21,8,0,13.64,0,0,0,0,0
TXN009000,USER01566,1436.57,Amazon,Chennai,DEVICE_C,2026-05-21 02:59:00,2,21,0,16.12,1,0,0,0,0
TXN009001,USER00467,2384.55,Flipkart,Chennai,DEVICE_B,2026-03-10 07:37:00,7,49,0,49.98,0,0,0,0,0
TXN009002,USER00305,1554.09,Walmart,Mumbai,DEVICE_E,2026-06-18 03:53:00,3,15,0,47.73,1,0,0,0,0
TXN009003,USER01168,1289.19,Walmart,Chennai,DEVICE_D,2026-11-28 09:15:00,9,1,0,35.28,0,0,0,1,0
TXN009004,USER00111,663.34,Zomato,Ahmedabad,DEVICE_A,2026-02-05 00:29:00,0,43,0,9.38,1,0,0,0,0
TXN009005,USER01014,476.19,Netflix,Hyderabad,DEVICE_B,2026-09-22 22:50:00,22,49,0,9.13,0,0,0,0,0
TXN009006,USER00232,1880.33,Zomato,Kolkata,DEVICE_E,2026-10-18 19:53:00,19,22,0,43.76,0,0,0,0,0
TXN009007,USER01715,871.09,Uber,Chennai,DEVICE_D,2026-02-13 05:51:00,5,28,0,52.21,1,0,0,0,0
TXN009008,USER01608,1570.73,Flipkart,Kolkata,DEVICE_B,2026-06-02 09:30:00,9,10,0,32.03,0,0,0,0,0
TXN009009,USER01746,1092.19,Apple,Mumbai,DEVICE_C,2026-04-14 11:00:00,11,34,0,28.31,0,0,0,0,0
TXN009010,USER01756,174.3,Myntra,Pune,DEVICE_E,2026-04-25 14:06:00,14,21,0,16.34,0,0,0,0,0
TXN009011,USER01616,1694.51,Apple,Bangalore,DEVICE_E,2026-01-07 21:52:00,21,2,0,8.26,0,0,0,0,0
TXN009012,USER01524,624.35,Netflix,Delhi,DEVICE_C,2026-05-20 12:20:00,12,46,0,5.51,0,0,0,0,0
TXN009013,USER00595,2386.97,Netflix,Ahmedabad,DEVICE_E,2026-02-14 22:04:00,22,11,0,3.02,0,0,0,0,0
TXN009014,USER01578,205.82,Paytm,Delhi,DEVICE_A,2026-09-16 14:16:00,14,0,1,26.05,0,0,0,1,1
TXN009015,USER01297,6058.12,Zomato,Hyderabad,DEVICE_E,2026-02-03 01:45:00,1,42,0,30.01,1,0,0,0,0
TXN009016,USER01727,641.37,Uber,Mumbai,DEVICE_A,2026-03-03 06:53:00,6,25,1,8.88,0,0,0,0,1
TXN009017,USER00173,1675.85,Paytm,Mumbai,DEVICE_E,2026-08-13 17:15:00,17,33,0,0.12,0,0,0,0,0
TXN009018,USER00973,577.48,Swiggy,Mumbai,DEVICE_D,2026-06-09 22:58:00,22,28,0,55.81,0,0,0,0,0
TXN009019,USER01031,652.63,Uber,Delhi,DEVICE_D,2026-05-23 22:52:00,22,45,0,11.49,0,0,0,0,0
TXN009020,USER01179,2031.98,Netflix,Chennai,DEVICE_B,2026-07-31 04:12:00,4,32,0,73.45,1,0,0,0,0
TXN009021,USER01546,914.32,Netflix,Delhi,DEVICE_D,2026-04-29 10:18:00,10,31,0,22.62,0,0,0,0,0
TXN009022,USER00546,973.29,Walmart,Delhi,DEVICE_C,2026-04-08 00:56:00,0,24,0,2.65,1,0,0,0,0
TXN009023,USER00548,2355.52,Swiggy,Delhi,DEVICE_B,2026-05-03 09:18:00,9,49,0,7.92,0,0,0,0,0
TXN009024,USER01945,1299.9,Paytm,Pune,DEVICE_D,2026-01-10 20:32:00,20,49,0,21.4,0,0,0,0,0
TXN009025,USER00518,1641.61,Netflix,Pune,DEVICE_A,2026-12-24 00:36:00,0,46,0,20.95,1,0,0,0,0
TXN009026,USER01944,625.0,Swiggy,Chennai,DEVICE_E,2026-12-23 02:18:00,2,35,0,5.28,1,0,0,0,0
TXN009027,USER00914,1997.99,Flipkart,Bangalore,DEVICE_D,2026-11-21 03:54:00,3,1,0,3.89,1,0,0,1,1
TXN009028,USER00215,1212.51,Myntra,Hyderabad,DEVICE_A,2026-01-02 23:58:00,23,14,1,6.48,0,0,0,0,1
TXN009029,USER00134,1615.43,Zomato,Bangalore,DEVICE_B,2026-03-28 18:29:00,18,12,0,30.92,0,0,0,0,0
TXN009030,USER00285,1521.41,Netflix,Bangalore,DEVICE_E,2026-01-05 06:11:00,6,41,0,5.54,0,0,0,0,0
TXN009031,USER01150,3030.85,Flipkart,Delhi,DEVICE_D,2026-09-11 10:22:00,10,14,0,24.2,0,0,0,0,0
TXN009032,USER01945,1727.34,Uber,Ahmedabad,DEVICE_B,2026-02-15 17:41:00,17,5,1,40.8,0,0,0,0,1
TXN009033,USER01463,386.08,Zomato,Bangalore,DEVICE_D,2026-03-27 18:01:00,18,20,0,9.94,0,0,0,0,0
TXN009034,USER01873,642.24,Swiggy,Delhi,DEVICE_B,2026-06-18 01:35:00,1,41,1,0.14,1,0,0,0,1
TXN009035,USER00686,1344.38,Zomato,Delhi,DEVICE_D,2026-11-16 03:22:00,3,25,0,3.06,1,0,0,0,0
TXN009036,USER01176,1569.6,Apple,Hyderabad,DEVICE_A,2026-11-20 06:52:00,6,34,1,7.48,0,0,0,0,0
TXN009037,USER00331,332.82,Walmart,Mumbai,DEVICE_C,2026-07-17 13:54:00,13,44,0,4.21,0,0,0,0,0
TXN009038,USER01562,448.93,Swiggy,Delhi,DEVICE_A,2026-06-01 18:18:00,18,17,0,6.84,0,0,0,0,0
TXN009039,USER01407,2934.26,Flipkart,Pune,DEVICE_E,2026-11-20 07:57:00,7,5,0,15.71,0,0,0,0,0
TXN009040,USER01139,6433.18,Netflix,Bangalore,DEVICE_D,2026-08-31 04:33:00,4,13,0,0.43,1,0,0,0,0
TXN009041,USER00894,247.44,Swiggy,Hyderabad,DEVICE_C,2026-03-23 05:22:00,5,17,0,1.33,1,0,0,0,0
TXN009042,USER01506,1383.49,Amazon,Kolkata,DEVICE_C,2026-01-23 15:31:00,15,42,0,38.72,0,0,0,0,0
TXN009043,USER01308,1144.92,Apple,Kolkata,DEVICE_E,2026-01-29 08:57:00,8,19,0,14.78,0,0,0,0,0
TXN009044,USER00899,2725.12,Flipkart,Kolkata,DEVICE_E,2026-04-03 00:30:00,0,14,0,54.83,1,0,0,0,1
TXN009045,USER01099,1714.25,Uber,Bangalore,DEVICE_C,2026-07-22 14:46:00,14,44,0,0.07,0,0,0,0,0
TXN009046,USER01190,2312.74,Amazon,Mumbai,DEVICE_E,2026-06-29 01:20:00,1,47,0,0.0,1,0,0,0,0
TXN009047,USER01213,140.79,Swiggy,Chennai,DEVICE_E,2026-01-01 13:25:00,13,26,0,26.91,0,0,0,0,0
TXN009048,USER00078,1089.61,Walmart,Ahmedabad,DEVICE_D,2026-12-22 15:21:00,15,23,0,12.93,0,0,0,0,0
TXN009049,USER00947,485.14,Amazon,Mumbai,DEVICE_A,2026-03-15 20:56:00,20,11,0,49.02,0,0,0,0,0
TXN009050,USER01626,496.45,Zomato,Ahmedabad,DEVICE_B,2026-05-27 01:45:00,1,0,0,30.89,1,0,0,1,0
TXN009051,USER00688,363.78,Swiggy,Hyderabad,DEVICE_C,2026-07-27 15:00:00,15,13,0,14.02,0,0,0,0,0
TXN009052,USER00021,1346.87,Flipkart,Mumbai,DEVICE_B,2026-08-13 01:43:00,1,31,0,13.02,1,0,0,0,0
TXN009053,USER00566,1480.43,Swiggy,Kolkata,DEVICE_C,2026-10-08 22:41:00,22,2,0,33.34,0,0,0,0,0
TXN009054,USER01208,1934.97,Walmart,Mumbai,DEVICE_C,2026-08-09 12:22:00,12,9,0,32.56,0,0,0,0,0
TXN009055,USER01895,762.98,Myntra,Hyderabad,DEVICE_A,2026-10-31 19:51:00,19,25,0,6.49,0,0,0,0,0
TXN009056,USER01246,3811.31,Zomato,Hyderabad,DEVICE_C,2026-09-11 23:49:00,23,30,0,22.46,0,0,0,0,0
TXN009057,USER00827,473.98,Netflix,Kolkata,DEVICE_C,2026-09-28 18:18:00,18,9,0,20.61,0,0,0,0,0
TXN009058,USER01352,302.08,Swiggy,Pune,DEVICE_A,2026-12-13 04:58:00,4,0,1,38.77,1,0,0,1,0
TXN009059,USER00179,1335.31,Walmart,Bangalore,DEVICE_E,2026-08-19 23:58:00,23,49,0,40.59,0,0,0,0,0
TXN009060,USER01812,592.26,Amazon,Ahmedabad,DEVICE_B,2026-07-15 11:05:00,11,48,0,6.25,0,0,0,0,0
TXN009061,USER01136,1769.79,Amazon,Delhi,DEVICE_C,2026-02-05 12:45:00,12,31,1,42.36,0,0,0,0,0
TXN009062,USER01760,606.7,Flipkart,Chennai,DEVICE_A,2026-02-16 18:49:00,18,18,0,51.69,0,0,0,0,0
TXN009063,USER01750,651.3,Zomato,Chennai,DEVICE_C,2026-09-19 12:21:00,12,0,0,2.32,0,0,0,1,0
TXN009064,USER01083,605.38,Amazon,Kolkata,DEVICE_A,2026-02-01 06:58:00,6,25,1,17.05,0,0,0,0,0
TXN009065,USER01351,567.48,Netflix,Pune,DEVICE_B,2026-02-23 13:29:00,13,4,0,11.47,0,0,0,0,0
TXN009066,USER00905,1094.72,Myntra,Chennai,DEVICE_D,2026-01-10 08:55:00,8,25,0,10.28,0,0,0,0,0
TXN009067,USER01645,1360.02,Myntra,Mumbai,DEVICE_E,2026-11-12 19:40:00,19,37,0,24.4,0,0,0,0,0
TXN009068,USER01921,566.54,Flipkart,Hyderabad,DEVICE_D,2026-04-23 02:39:00,2,0,0,2.78,1,0,0,1,1
TXN009069,USER00669,382.38,Swiggy,Ahmedabad,DEVICE_A,2026-01-10 13:11:00,13,29,1,34.29,0,0,0,0,0
TXN009070,USER00191,1717.82,Amazon,Pune,DEVICE_C,2026-08-27 11:54:00,11,48,0,0.54,0,0,0,0,0
TXN009071,USER01224,1554.82,Walmart,Hyderabad,DEVICE_E,2026-09-15 20:53:00,20,11,0,17.27,0,0,0,0,0
TXN009072,USER01336,2086.35,Uber,Kolkata,DEVICE_B,2026-05-18 22:18:00,22,35,0,5.11,0,0,0,0,0
TXN009073,USER00708,428.8,Myntra,Hyderabad,DEVICE_E,2026-12-21 06:33:00,6,35,0,22.02,0,0,0,0,0
TXN009074,USER01059,521.07,Paytm,Ahmedabad,DEVICE_C,2026-11-21 17:27:00,17,23,1,14.91,0,0,0,0,1
TXN009075,USER00379,2300.58,Flipkart,Delhi,DEVICE_D,2026-10-29 17:43:00,17,41,0,166.06,0,0,0,0,0
TXN009076,USER00387,2456.38,Swiggy,Hyderabad,DEVICE_A,2026-09-03 05:04:00,5,24,0,39.66,1,0,0,0,0
TXN009077,USER01782,758.85,Apple,Hyderabad,DEVICE_D,2026-04-14 10:02:00,10,7,0,8.21,0,0,0,0,0
TXN009078,USER00237,465.28,Flipkart,Pune,DEVICE_E,2026-12-14 04:45:00,4,11,0,15.04,1,0,0,0,0
TXN009079,USER00616,583.27,Walmart,Ahmedabad,DEVICE_C,2026-03-23 01:21:00,1,26,0,7.65,1,0,0,0,0
TXN009080,USER01543,459.92,Uber,Mumbai,DEVICE_A,2026-03-03 12:40:00,12,11,0,26.1,0,0,0,0,0
TXN009081,USER00283,2248.75,Paytm,Bangalore,DEVICE_C,2026-07-19 11:49:00,11,31,0,10.98,0,0,0,0,0
TXN009082,USER00001,2083.1,Myntra,Chennai,DEVICE_C,2026-02-15 08:02:00,8,34,0,2.45,0,0,0,0,0
TXN009083,USER01755,1179.89,Zomato,Mumbai,DEVICE_E,2026-09-09 03:46:00,3,15,1,21.62,1,0,0,0,0
TXN009084,USER00464,595.84,Paytm,Mumbai,DEVICE_D,2026-03-23 03:57:00,3,35,0,0.22,1,0,0,0,0
TXN009085,USER01254,496.19,Myntra,Mumbai,DEVICE_C,2026-09-23 09:20:00,9,29,0,7.06,0,0,0,0,0
TXN009086,USER00967,630.14,Apple,Chennai,DEVICE_C,2026-07-21 07:57:00,7,36,0,47.53,0,0,0,0,0
TXN009087,USER00172,492.87,Apple,Kolkata,DEVICE_C,2026-06-04 11:53:00,11,31,0,1.98,0,0,0,0,0
TXN009088,USER01111,1344.73,Myntra,Mumbai,DEVICE_A,2026-08-10 20:10:00,20,14,0,14.04,0,0,0,0,0
TXN009089,USER01577,2177.94,Zomato,Bangalore,DEVICE_C,2026-02-12 22:26:00,22,20,0,31.7,0,0,0,0,0
TXN009090,USER01147,2240.61,Flipkart,Kolkata,DEVICE_C,2026-06-19 15:23:00,15,39,1,46.97,0,0,0,0,0
TXN009091,USER00843,494.77,Zomato,Hyderabad,DEVICE_E,2026-05-19 12:08:00,12,28,0,16.41,0,0,0,0,0
TXN009092,USER01322,640.37,Amazon,Bangalore,DEVICE_C,2026-11-22 13:32:00,13,29,0,3.33,0,0,0,0,0
TXN009093,USER01909,666.56,Myntra,Pune,DEVICE_C,2026-05-03 18:00:00,18,24,1,56.56,0,0,0,0,0
TXN009094,USER01953,2744.07,Myntra,Ahmedabad,DEVICE_E,2026-11-15 02:26:00,2,19,0,27.67,1,0,0,0,1
TXN009095,USER00690,330.04,Zomato,Kolkata,DEVICE_A,2026-06-21 10:46:00,10,9,0,10.07,0,0,0,0,0
TXN009096,USER00575,1093.71,Netflix,Hyderabad,DEVICE_D,2026-08-27 23:49:00,23,30,0,6.49,0,0,0,0,0
TXN009097,USER01508,499.0,Netflix,Hyderabad,DEVICE_E,2026-02-18 03:13:00,3,0,1,0.98,1,0,0,1,0
TXN009098,USER00165,923.02,Walmart,Mumbai,DEVICE_A,2026-03-20 02:42:00,2,9,0,4.25,1,0,0,0,0
TXN009099,USER01723,2047.68,Netflix,Mumbai,DEVICE_D,2026-02-03 13:53:00,13,17,0,30.07,0,0,0,0,0
TXN009100,USER00383,819.9,Apple,Chennai,DEVICE_C,2026-04-01 19:16:00,19,48,0,2.3,0,0,0,0,0
TXN009101,USER00209,556.68,Amazon,Delhi,DEVICE_E,2026-03-23 01:38:00,1,35,0,2.77,1,0,0,0,1
TXN009102,USER01763,2149.25,Myntra,Bangalore,DEVICE_C,2026-04-04 01:18:00,1,12,0,4.36,1,0,0,0,0
TXN009103,USER01456,1232.65,Paytm,Chennai,DEVICE_E,2026-02-14 15:16:00,15,31,0,10.06,0,0,0,0,0
TXN009104,USER01413,1692.66,Apple,Chennai,DEVICE_D,2026-07-05 22:17:00,22,21,1,4.19,0,0,0,0,1
TXN009105,USER01584,1391.58,Walmart,Bangalore,DEVICE_A,2026-01-30 17:23:00,17,5,0,46.93,0,0,0,0,0
TXN009106,USER00224,367.49,Uber,Ahmedabad,DEVICE_E,2026-09-30 00:12:00,0,32,0,5.96,1,0,0,0,1
TXN009107,USER00003,3549.79,Amazon,Kolkata,DEVICE_A,2026-10-07 14:49:00,14,0,1,50.39,0,0,0,1,1
TXN009108,USER00372,916.88,Netflix,Pune,DEVICE_C,2026-08-02 16:15:00,16,2,0,83.92,0,0,0,0,0
TXN009109,USER01711,2340.7,Swiggy,Bangalore,DEVICE_C,2026-11-06 02:18:00,2,4,0,28.11,1,0,0,0,0
TXN009110,USER01470,800.22,Flipkart,Hyderabad,DEVICE_D,2026-03-04 23:41:00,23,49,0,0.15,0,0,0,0,0
TXN009111,USER00611,1824.68,Paytm,Pune,DEVICE_D,2026-03-31 09:50:00,9,26,0,5.49,0,0,0,0,0
TXN009112,USER00116,2723.67,Myntra,Ahmedabad,DEVICE_B,2026-09-01 00:20:00,0,11,0,6.22,1,0,0,0,0
TXN009113,USER01294,2426.48,Uber,Delhi,DEVICE_B,2026-06-30 14:48:00,14,32,0,15.65,0,0,0,0,0
TXN009114,USER00447,1205.74,Flipkart,Ahmedabad,DEVICE_D,2026-03-12 22:38:00,22,40,0,3.45,0,0,0,0,0
TXN009115,USER01392,807.9,Zomato,Kolkata,DEVICE_C,2026-06-25 06:10:00,6,26,0,1.61,0,0,0,0,0
TXN009116,USER01277,308.74,Zomato,Mumbai,DEVICE_A,2026-07-06 10:50:00,10,48,0,3.88,0,0,0,0,0
TXN009117,USER01341,359.96,Amazon,Delhi,DEVICE_D,2026-09-16 22:48:00,22,12,0,7.93,0,0,0,0,0
TXN009118,USER00415,2995.25,Amazon,Delhi,DEVICE_A,2026-08-06 06:31:00,6,45,0,1.01,0,0,0,0,0
TXN009119,USER01119,522.49,Amazon,Ahmedabad,DEVICE_B,2026-01-25 11:38:00,11,10,0,4.35,0,0,0,0,0
TXN009120,USER01809,2261.54,Apple,Mumbai,DEVICE_A,2026-11-09 04:59:00,4,10,0,3.67,1,0,0,0,0
TXN009121,USER00892,2497.22,Apple,Delhi,DEVICE_D,2026-08-08 21:52:00,21,35,0,29.6,0,0,0,0,0
TXN009122,USER01048,1652.09,Zomato,Kolkata,DEVICE_C,2026-03-24 02:49:00,2,40,0,3.72,1,0,0,0,0
TXN009123,USER01652,1559.47,Amazon,Kolkata,DEVICE_D,2026-08-28 17:10:00,17,49,0,31.36,0,0,0,0,0
TXN009124,USER00663,384.15,Paytm,Kolkata,DEVICE_E,2026-05-16 16:29:00,16,3,0,14.19,0,0,0,0,0
TXN009125,USER01874,325.56,Walmart,Chennai,DEVICE_E,2026-02-10 19:21:00,19,43,0,28.36,0,0,0,0,0
TXN009126,USER01074,606.17,Amazon,Chennai,DEVICE_E,2026-01-22 19:45:00,19,17,0,11.97,0,0,0,0,0
TXN009127,USER01526,4853.89,Myntra,Kolkata,DEVICE_C,2026-01-09 05:21:00,5,17,0,46.26,1,0,0,0,0
TXN009128,USER00718,3779.29,Paytm,Mumbai,DEVICE_D,2026-01-01 12:34:00,12,27,0,6.47,0,0,0,0,0
TXN009129,USER01522,1133.95,Myntra,Mumbai,DEVICE_E,2026-01-10 10:18:00,10,5,1,29.12,0,0,0,0,0
TXN009130,USER01359,3515.5,Swiggy,Bangalore,DEVICE_D,2026-04-29 09:39:00,9,42,0,3.57,0,0,0,0,0
TXN009131,USER01103,472.73,Zomato,Bangalore,DEVICE_B,2026-05-14 05:46:00,5,4,0,42.85,1,0,0,0,0
TXN009132,USER01606,786.44,Amazon,Ahmedabad,DEVICE_E,2026-05-14 17:50:00,17,47,0,0.58,0,0,0,0,0
TXN009133,USER01051,4575.74,Netflix,Kolkata,DEVICE_E,2026-10-11 12:00:00,12,10,0,12.23,0,0,0,0,0
TXN009134,USER00271,7273.26,Flipkart,Pune,DEVICE_C,2026-11-16 10:57:00,10,4,0,10.94,0,0,0,0,0
TXN009135,USER00562,2196.14,Amazon,Delhi,DEVICE_D,2026-04-12 06:13:00,6,8,0,19.55,0,0,0,0,0
TXN009136,USER00804,262.31,Walmart,Delhi,DEVICE_C,2026-02-13 07:05:00,7,22,0,11.63,0,0,0,0,0
TXN009137,USER00247,3694.44,Swiggy,Mumbai,DEVICE_C,2026-04-21 19:20:00,19,10,0,17.78,0,0,0,0,0
TXN009138,USER01800,861.75,Amazon,Pune,DEVICE_D,2026-02-21 07:45:00,7,14,0,39.57,0,0,0,0,0
TXN009139,USER01615,2101.31,Flipkart,Delhi,DEVICE_B,2026-12-16 03:19:00,3,24,1,3.06,1,0,0,0,0
TXN009140,USER00387,1198.95,Flipkart,Ahmedabad,DEVICE_D,2026-12-27 12:11:00,12,16,0,5.6,0,0,0,0,0
TXN009141,USER00702,2713.22,Apple,Hyderabad,DEVICE_B,2026-12-14 06:02:00,6,49,0,32.47,0,0,0,0,0
TXN009142,USER00559,1143.72,Walmart,Chennai,DEVICE_C,2026-01-03 11:15:00,11,25,0,5.18,0,0,0,0,0
TXN009143,USER00973,12785.11,Walmart,Delhi,DEVICE_B,2026-06-17 11:15:00,11,13,1,47.22,0,1,0,0,0
TXN009144,USER01385,2613.97,Paytm,Delhi,DEVICE_B,2026-03-10 09:17:00,9,38,0,15.57,0,0,0,0,0
TXN009145,USER01890,353.47,Netflix,Bangalore,DEVICE_B,2026-03-28 14:45:00,14,47,0,1.71,0,0,0,0,0
TXN009146,USER00984,242.12,Walmart,Hyderabad,DEVICE_E,2026-07-30 13:15:00,13,8,0,0.42,0,0,0,0,0
TXN009147,USER01512,244.86,Swiggy,Delhi,DEVICE_E,2026-02-04 13:10:00,13,26,0,28.79,0,0,0,0,0
TXN009148,USER00352,1873.31,Netflix,Chennai,DEVICE_C,2026-04-28 17:04:00,17,34,0,38.81,0,0,0,0,0
TXN009149,USER01725,2607.46,Apple,Ahmedabad,DEVICE_D,2026-07-22 05:49:00,5,26,0,5.49,1,0,0,0,0
TXN009150,USER01952,104.49,Walmart,Delhi,DEVICE_B,2026-06-10 19:20:00,19,15,1,5.51,0,0,0,0,0
TXN009151,USER01280,3290.95,Apple,Mumbai,DEVICE_E,2026-04-16 07:20:00,7,21,0,61.63,0,0,0,0,0
TXN009152,USER01246,1503.26,Flipkart,Hyderabad,DEVICE_D,2026-01-16 09:10:00,9,29,0,21.35,0,0,0,0,0
TXN009153,USER01908,4701.06,Amazon,Delhi,DEVICE_B,2026-04-20 17:11:00,17,25,0,3.67,0,0,0,0,0
TXN009154,USER00753,458.87,Walmart,Pune,DEVICE_D,2026-03-07 15:48:00,15,38,1,11.91,0,0,0,0,0
TXN009155,USER00781,1424.53,Flipkart,Hyderabad,DEVICE_A,2026-02-28 17:58:00,17,38,0,48.26,0,0,0,0,0
TXN009156,USER01025,1414.8,Amazon,Delhi,DEVICE_B,2026-05-17 07:18:00,7,32,0,19.41,0,0,0,0,0
TXN009157,USER00546,546.59,Amazon,Chennai,DEVICE_D,2026-09-27 20:58:00,20,39,0,10.47,0,0,0,0,0
TXN009158,USER01470,349.98,Flipkart,Ahmedabad,DEVICE_B,2026-05-31 23:42:00,23,0,0,3.27,0,0,0,1,0
TXN009159,USER00079,2535.68,Myntra,Ahmedabad,DEVICE_B,2026-02-07 00:46:00,0,11,0,25.89,1,0,0,0,0
TXN009160,USER01260,1347.78,Netflix,Chennai,DEVICE_A,2026-02-20 13:56:00,13,16,0,6.47,0,0,0,0,0
TXN009161,USER00334,1563.29,Myntra,Hyderabad,DEVICE_D,2026-06-08 00:43:00,0,24,0,16.69,1,0,0,0,0
TXN009162,USER00889,3738.58,Zomato,Kolkata,DEVICE_C,2026-08-31 20:36:00,20,28,0,18.33,0,0,0,0,0
TXN009163,USER01373,1058.13,Uber,Bangalore,DEVICE_E,2026-03-13 10:52:00,10,41,0,16.21,0,0,0,0,0
TXN009164,USER01122,1455.92,Amazon,Bangalore,DEVICE_B,2026-08-02 04:00:00,4,27,0,5.66,1,0,0,0,0
TXN009165,USER01106,1505.95,Paytm,Mumbai,DEVICE_B,2026-08-06 15:29:00,15,18,0,24.64,0,0,0,0,0
TXN009166,USER00502,1542.43,Netflix,Kolkata,DEVICE_B,2026-02-16 17:43:00,17,40,0,16.7,0,0,0,0,0
TXN009167,USER01991,308.62,Amazon,Bangalore,DEVICE_B,2026-11-13 19:37:00,19,9,0,10.34,0,0,0,0,0
TXN009168,USER01501,1077.15,Swiggy,Hyderabad,DEVICE_E,2026-07-13 13:27:00,13,10,0,1.07,0,0,0,0,0
TXN009169,USER01951,3110.56,Paytm,Bangalore,DEVICE_C,2026-02-20 02:57:00,2,9,0,8.05,1,0,0,0,0
TXN009170,USER01728,977.3,Zomato,Mumbai,DEVICE_A,2026-05-19 10:20:00,10,29,0,8.69,0,0,0,0,0
TXN009171,USER00765,716.66,Zomato,Delhi,DEVICE_C,2026-08-01 09:26:00,9,48,0,31.32,0,0,0,0,0
TXN009172,USER00921,2621.93,Swiggy,Bangalore,DEVICE_E,2026-04-17 20:31:00,20,6,0,14.41,0,0,0,0,0
TXN009173,USER00550,1110.23,Flipkart,Hyderabad,DEVICE_D,2026-07-24 05:51:00,5,4,0,53.8,1,0,0,0,1
TXN009174,USER00014,622.24,Netflix,Hyderabad,DEVICE_A,2026-04-29 03:43:00,3,27,0,27.78,1,0,0,0,0
TXN009175,USER00392,505.1,Apple,Mumbai,DEVICE_A,2026-05-02 11:11:00,11,19,0,15.44,0,0,0,0,0
TXN009176,USER01371,1044.75,Netflix,Ahmedabad,DEVICE_D,2026-09-23 21:51:00,21,31,0,3.7,0,0,0,0,0
TXN009177,USER00310,604.62,Paytm,Pune,DEVICE_B,2026-03-24 16:29:00,16,11,0,5.0,0,0,0,0,0
TXN009178,USER00386,2468.41,Myntra,Mumbai,DEVICE_E,2026-12-10 10:09:00,10,4,1,3.49,0,0,0,0,1
TXN009179,USER01233,552.91,Apple,Pune,DEVICE_D,2026-05-16 22:33:00,22,29,0,11.7,0,0,0,0,0
TXN009180,USER01381,1408.75,Zomato,Chennai,DEVICE_C,2026-11-03 20:11:00,20,32,0,25.64,0,0,0,0,0
TXN009181,USER00974,1600.17,Zomato,Chennai,DEVICE_C,2026-12-30 14:39:00,14,9,0,28.49,0,0,0,0,0
TXN009182,USER01625,1938.42,Flipkart,Ahmedabad,DEVICE_D,2026-04-16 13:59:00,13,38,0,2.02,0,0,0,0,0
TXN009183,USER01592,4504.06,Uber,Chennai,DEVICE_E,2026-09-29 02:14:00,2,26,0,13.7,1,0,0,0,0
TXN009184,USER01118,324.63,Netflix,Pune,DEVICE_A,2026-01-10 21:45:00,21,11,0,13.13,0,0,0,0,0
TXN009185,USER01117,1895.26,Flipkart,Delhi,DEVICE_A,2026-04-15 08:08:00,8,1,0,11.56,0,0,0,1,1
TXN009186,USER00340,1921.16,Paytm,Hyderabad,DEVICE_B,2026-04-19 06:14:00,6,29,0,7.17,0,0,0,0,0
TXN009187,USER00597,412.51,Apple,Ahmedabad,DEVICE_E,2026-12-04 00:36:00,0,40,0,12.92,1,0,0,0,0
TXN009188,USER01469,1386.52,Swiggy,Chennai,DEVICE_C,2026-01-25 05:24:00,5,4,1,14.54,1,0,0,0,1
TXN009189,USER00757,751.74,Amazon,Hyderabad,DEVICE_C,2026-06-20 09:48:00,9,36,0,18.31,0,0,0,0,0
TXN009190,USER01046,3872.94,Myntra,Mumbai,DEVICE_B,2026-05-03 14:04:00,14,13,0,9.48,0,0,0,0,0
TXN009191,USER00291,657.44,Paytm,Ahmedabad,DEVICE_C,2026-10-07 04:15:00,4,25,0,58.05,1,0,0,0,1
TXN009192,USER01509,903.52,Amazon,Delhi,DEVICE_B,2026-04-17 03:38:00,3,49,0,8.28,1,0,0,0,0
TXN009193,USER01808,778.73,Netflix,Mumbai,DEVICE_B,2026-03-02 22:26:00,22,7,0,45.09,0,0,0,0,0
TXN009194,USER00306,515.77,Swiggy,Hyderabad,DEVICE_D,2026-07-15 17:01:00,17,30,1,32.31,0,0,0,0,0
TXN009195,USER00634,271.93,Zomato,Kolkata,DEVICE_A,2026-10-30 14:00:00,14,2,0,12.52,0,0,0,0,0
TXN009196,USER01152,518.28,Flipkart,Pune,DEVICE_E,2026-01-11 07:30:00,7,27,0,13.72,0,0,0,0,0
TXN009197,USER00625,1248.22,Apple,Kolkata,DEVICE_E,2026-07-28 09:41:00,9,13,0,40.78,0,0,0,0,0
TXN009198,USER00939,1413.96,Flipkart,Chennai,DEVICE_A,2026-04-01 00:04:00,0,10,0,13.57,1,0,0,0,0
TXN009199,USER01297,2278.18,Apple,Kolkata,DEVICE_E,2026-08-11 09:49:00,9,28,0,22.75,0,0,0,0,0
TXN009200,USER00848,2821.0,Uber,Mumbai,DEVICE_C,2026-04-13 10:58:00,10,39,0,33.14,0,0,0,0,0
TXN009201,USER00442,1572.75,Uber,Ahmedabad,DEVICE_C,2026-06-01 00:02:00,0,11,0,47.69,1,0,0,0,0
TXN009202,USER00503,2246.16,Flipkart,Pune,DEVICE_E,2026-08-26 11:18:00,11,42,0,4.92,0,0,0,0,0
TXN009203,USER00130,1757.5,Apple,Kolkata,DEVICE_D,2026-08-04 10:57:00,10,8,0,74.07,0,0,0,0,0
TXN009204,USER01156,407.02,Apple,Bangalore,DEVICE_E,2026-06-04 23:01:00,23,35,0,67.24,0,0,0,0,0
TXN009205,USER00597,1545.72,Amazon,Delhi,DEVICE_B,2026-04-05 20:27:00,20,18,1,7.06,0,0,0,0,0
TXN009206,USER01959,1108.41,Flipkart,Hyderabad,DEVICE_B,2026-06-02 17:28:00,17,6,1,19.02,0,0,0,0,0
TXN009207,USER01506,659.61,Walmart,Ahmedabad,DEVICE_A,2026-01-01 15:30:00,15,16,0,0.96,0,0,0,0,0
TXN009208,USER00862,1108.74,Netflix,Pune,DEVICE_C,2026-08-18 03:28:00,3,47,0,3.67,1,0,0,0,0
TXN009209,USER01414,1512.53,Zomato,Ahmedabad,DEVICE_D,2026-12-10 04:31:00,4,22,0,17.53,1,0,0,0,1
TXN009210,USER00593,914.46,Uber,Chennai,DEVICE_E,2026-08-20 07:40:00,7,11,0,21.0,0,0,0,0,0
TXN009211,USER00999,2677.43,Walmart,Mumbai,DEVICE_B,2026-06-27 01:28:00,1,6,1,15.3,1,0,0,0,0
TXN009212,USER00325,1490.8,Uber,Delhi,DEVICE_C,2026-08-27 07:40:00,7,24,1,24.4,0,0,0,0,0
TXN009213,USER01093,2408.53,Swiggy,Chennai,DEVICE_C,2026-07-01 19:55:00,19,13,0,31.49,0,0,0,0,0
TXN009214,USER01684,3397.65,Uber,Mumbai,DEVICE_D,2026-09-16 16:01:00,16,30,0,3.69,0,0,0,0,0
TXN009215,USER00448,768.01,Paytm,Kolkata,DEVICE_D,2026-08-16 13:10:00,13,24,0,21.55,0,0,0,0,0
TXN009216,USER01552,734.92,Uber,Pune,DEVICE_D,2026-01-28 02:44:00,2,10,0,16.54,1,0,0,0,0
TXN009217,USER00819,3106.01,Amazon,Hyderabad,DEVICE_D,2026-08-08 02:12:00,2,10,0,2.5,1,0,0,0,0
TXN009218,USER01641,548.61,Walmart,Pune,DEVICE_B,2026-03-02 16:37:00,16,6,0,5.19,0,0,0,0,0
TXN009219,USER01189,1003.78,Swiggy,Bangalore,DEVICE_D,2026-06-19 23:59:00,23,42,0,10.88,0,0,0,0,0
TXN009220,USER01512,707.23,Apple,Ahmedabad,DEVICE_C,2026-05-03 18:02:00,18,2,0,39.87,0,0,0,0,0
TXN009221,USER01737,449.59,Apple,Bangalore,DEVICE_C,2026-04-26 23:40:00,23,14,0,4.89,0,0,0,0,0
TXN009222,USER00709,1716.66,Swiggy,Ahmedabad,DEVICE_E,2026-10-12 13:46:00,13,2,1,4.04,0,0,0,0,1
TXN009223,USER01450,861.96,Myntra,Pune,DEVICE_C,2026-11-06 14:44:00,14,40,0,25.53,0,0,0,0,0
TXN009224,USER01721,475.94,Flipkart,Kolkata,DEVICE_C,2026-01-27 13:19:00,13,16,1,74.42,0,0,0,0,1
TXN009225,USER01858,2521.65,Myntra,Hyderabad,DEVICE_B,2026-07-12 03:25:00,3,48,1,11.86,1,0,0,0,0
TXN009226,USER00265,332.94,Walmart,Delhi,DEVICE_C,2026-06-05 15:14:00,15,43,0,8.62,0,0,0,0,0
TXN009227,USER01899,960.08,Uber,Hyderabad,DEVICE_A,2026-01-23 18:54:00,18,6,0,5.86,0,0,0,0,0
TXN009228,USER00612,2443.76,Apple,Kolkata,DEVICE_C,2026-11-29 16:08:00,16,10,0,1.02,0,0,0,0,0
TXN009229,USER01366,2498.72,Amazon,Mumbai,DEVICE_E,2026-09-29 10:36:00,10,45,0,3.93,0,0,0,0,0
TXN009230,USER00832,1611.26,Myntra,Pune,DEVICE_E,2026-10-21 06:30:00,6,19,0,1.96,0,0,0,0,0
TXN009231,USER01750,496.67,Uber,Pune,DEVICE_D,2026-01-28 04:08:00,4,0,1,13.63,1,0,0,1,0
TXN009232,USER01302,1267.1,Zomato,Pune,DEVICE_B,2026-06-02 07:09:00,7,31,0,76.51,0,0,0,0,0
TXN009233,USER00674,1510.31,Flipkart,Pune,DEVICE_E,2026-10-19 20:40:00,20,37,0,30.97,0,0,0,0,0
TXN009234,USER01463,736.82,Swiggy,Delhi,DEVICE_A,2026-02-11 07:37:00,7,20,1,18.41,0,0,0,0,0
TXN009235,USER00157,1539.07,Uber,Bangalore,DEVICE_A,2026-11-22 10:44:00,10,30,0,13.34,0,0,0,0,0
TXN009236,USER01446,290.04,Flipkart,Kolkata,DEVICE_D,2026-08-15 10:02:00,10,16,0,19.2,0,0,0,0,0
TXN009237,USER00251,226.32,Flipkart,Mumbai,DEVICE_B,2026-08-22 05:05:00,5,24,0,9.43,1,0,0,0,0
TXN009238,USER00878,615.24,Apple,Kolkata,DEVICE_B,2026-04-08 17:00:00,17,40,0,3.93,0,0,0,0,0
TXN009239,USER01633,2046.31,Apple,Chennai,DEVICE_C,2026-09-21 13:23:00,13,32,0,17.82,0,0,0,0,0
TXN009240,USER00530,2378.45,Walmart,Chennai,DEVICE_A,2026-02-12 15:40:00,15,11,0,15.02,0,0,0,0,0
TXN009241,USER00327,346.79,Zomato,Chennai,DEVICE_A,2026-08-24 21:48:00,21,27,0,57.84,0,0,0,0,0
TXN009242,USER00961,4109.64,Swiggy,Bangalore,DEVICE_A,2026-07-15 01:13:00,1,48,0,20.99,1,0,0,0,0
TXN009243,USER00895,1189.14,Flipkart,Hyderabad,DEVICE_A,2026-11-22 18:22:00,18,25,0,29.69,0,0,0,0,0
TXN009244,USER00097,272.14,Walmart,Delhi,DEVICE_E,2026-02-15 04:07:00,4,35,0,1.95,1,0,0,0,0
TXN009245,USER00513,1441.18,Paytm,Pune,DEVICE_B,2026-01-01 09:40:00,9,7,0,28.62,0,0,0,0,0
TXN009246,USER00216,3446.18,Myntra,Bangalore,DEVICE_C,2026-12-10 19:05:00,19,31,0,81.31,0,0,0,0,0
TXN009247,USER01156,708.9,Netflix,Ahmedabad,DEVICE_E,2026-04-10 08:35:00,8,25,0,21.43,0,0,0,0,0
TXN009248,USER01284,2642.22,Flipkart,Mumbai,DEVICE_B,2026-02-24 08:32:00,8,4,0,27.1,0,0,0,0,0
TXN009249,USER00125,4016.37,Walmart,Mumbai,DEVICE_D,2026-07-30 01:13:00,1,42,0,77.77,1,0,0,0,1
TXN009250,USER01106,1137.35,Zomato,Chennai,DEVICE_A,2026-02-15 03:39:00,3,37,0,9.93,1,0,0,0,1
TXN009251,USER01307,560.77,Apple,Ahmedabad,DEVICE_C,2026-11-02 04:18:00,4,12,1,34.77,1,0,0,0,0
TXN009252,USER01707,3144.18,Flipkart,Delhi,DEVICE_B,2026-08-17 17:07:00,17,18,0,10.21,0,0,0,0,0
TXN009253,USER00059,3134.18,Flipkart,Chennai,DEVICE_D,2026-09-05 09:47:00,9,5,0,11.1,0,0,0,0,0
TXN009254,USER01568,353.35,Uber,Mumbai,DEVICE_A,2026-11-21 10:02:00,10,44,0,21.47,0,0,0,0,0
TXN009255,USER00161,1000.67,Zomato,Mumbai,DEVICE_D,2026-05-01 02:03:00,2,5,1,5.93,1,0,0,0,1
TXN009256,USER00284,2098.0,Swiggy,Pune,DEVICE_D,2026-03-09 18:03:00,18,15,0,98.62,0,0,0,0,0
TXN009257,USER00106,2205.14,Apple,Hyderabad,DEVICE_E,2026-10-27 11:22:00,11,28,0,7.99,0,0,0,0,0
TXN009258,USER01129,845.33,Flipkart,Pune,DEVICE_D,2026-08-26 01:07:00,1,17,0,2.62,1,0,0,0,0
TXN009259,USER01463,462.77,Myntra,Hyderabad,DEVICE_E,2026-06-03 10:10:00,10,31,0,7.79,0,0,0,0,0
TXN009260,USER00228,4508.01,Apple,Pune,DEVICE_E,2026-03-28 22:48:00,22,28,0,38.75,0,0,0,0,0
TXN009261,USER01724,1188.49,Myntra,Hyderabad,DEVICE_D,2026-09-22 08:29:00,8,42,1,7.54,0,0,0,0,0
TXN009262,USER01606,933.76,Netflix,Chennai,DEVICE_B,2026-08-13 20:55:00,20,16,0,18.9,0,0,0,0,0
TXN009263,USER00318,645.86,Swiggy,Kolkata,DEVICE_D,2026-06-13 11:30:00,11,41,0,54.77,0,0,0,0,0
TXN009264,USER01488,914.74,Netflix,Ahmedabad,DEVICE_D,2026-11-24 20:30:00,20,47,0,6.02,0,0,0,0,0
TXN009265,USER00802,265.82,Flipkart,Delhi,DEVICE_B,2026-10-26 10:29:00,10,4,0,2.82,0,0,0,0,0
TXN009266,USER01623,2694.84,Uber,Hyderabad,DEVICE_A,2026-09-02 10:18:00,10,31,0,2.04,0,0,0,0,0
TXN009267,USER01906,859.38,Swiggy,Bangalore,DEVICE_C,2026-08-20 23:57:00,23,28,0,11.61,0,0,0,0,0
TXN009268,USER00874,165.56,Uber,Hyderabad,DEVICE_A,2026-04-09 00:23:00,0,28,0,2.2,1,0,0,0,0
TXN009269,USER00472,451.98,Walmart,Chennai,DEVICE_D,2026-04-22 22:30:00,22,41,1,12.1,0,0,0,0,0
TXN009270,USER01080,2596.21,Paytm,Delhi,DEVICE_A,2026-03-03 08:31:00,8,2,0,39.71,0,0,0,0,0
TXN009271,USER00625,964.85,Zomato,Hyderabad,DEVICE_C,2026-04-12 05:41:00,5,3,0,30.06,1,0,0,0,0
TXN009272,USER00013,539.2,Walmart,Pune,DEVICE_A,2026-07-25 09:36:00,9,43,0,17.43,0,0,0,0,1
TXN009273,USER01464,1235.4,Netflix,Delhi,DEVICE_C,2026-12-26 13:39:00,13,24,0,38.0,0,0,0,0,0
TXN009274,USER01042,838.13,Myntra,Bangalore,DEVICE_A,2026-03-17 11:54:00,11,21,0,2.11,0,0,0,0,0
TXN009275,USER00694,1211.28,Netflix,Mumbai,DEVICE_E,2026-09-04 05:23:00,5,41,0,18.8,1,0,0,0,0
TXN009276,USER00973,1462.09,Swiggy,Pune,DEVICE_D,2026-05-24 07:01:00,7,10,0,2.46,0,0,0,0,0
TXN009277,USER00113,525.99,Swiggy,Delhi,DEVICE_C,2026-12-05 12:35:00,12,7,0,13.16,0,0,0,0,0
TXN009278,USER00229,652.98,Netflix,Kolkata,DEVICE_D,2026-05-20 22:10:00,22,26,0,12.45,0,0,0,0,0
TXN009279,USER00171,566.25,Flipkart,Hyderabad,DEVICE_E,2026-11-13 19:37:00,19,43,0,6.16,0,0,0,0,0
TXN009280,USER00295,581.47,Netflix,Pune,DEVICE_A,2026-10-22 11:04:00,11,45,0,35.42,0,0,0,0,0
TXN009281,USER00189,623.17,Swiggy,Chennai,DEVICE_D,2026-04-19 02:45:00,2,21,0,5.18,1,0,0,0,0
TXN009282,USER00426,844.45,Swiggy,Kolkata,DEVICE_A,2026-12-05 13:07:00,13,2,1,16.05,0,0,0,0,0
TXN009283,USER00977,634.57,Apple,Ahmedabad,DEVICE_A,2026-06-16 07:32:00,7,26,0,13.17,0,0,0,0,0
TXN009284,USER01103,1266.36,Amazon,Ahmedabad,DEVICE_D,2026-10-11 19:23:00,19,10,0,11.3,0,0,0,0,0
TXN009285,USER00658,826.94,Uber,Kolkata,DEVICE_C,2026-06-20 10:10:00,10,26,1,0.68,0,0,0,0,0
TXN009286,USER00919,580.61,Walmart,Chennai,DEVICE_C,2026-01-22 19:48:00,19,6,0,23.86,0,0,0,0,0
TXN009287,USER01206,193.84,Netflix,Chennai,DEVICE_D,2026-09-20 09:38:00,9,26,0,0.26,0,0,0,0,0
TXN009288,USER00499,486.48,Apple,Ahmedabad,DEVICE_C,2026-10-18 14:23:00,14,46,0,34.36,0,0,0,0,0
TXN009289,USER01822,789.91,Flipkart,Chennai,DEVICE_B,2026-11-29 19:41:00,19,10,1,6.2,0,0,0,0,0
TXN009290,USER00762,2596.28,Swiggy,Kolkata,DEVICE_A,2026-10-01 12:03:00,12,24,0,2.56,0,0,0,0,0
TXN009291,USER00866,1029.72,Netflix,Delhi,DEVICE_D,2026-06-17 19:39:00,19,38,0,10.79,0,0,0,0,0
TXN009292,USER00826,280.9,Swiggy,Chennai,DEVICE_E,2026-06-06 12:12:00,12,15,0,16.39,0,0,0,0,0
TXN009293,USER01732,1197.72,Myntra,Mumbai,DEVICE_D,2026-11-22 20:09:00,20,20,0,7.43,0,0,0,0,0
TXN009294,USER01859,729.77,Apple,Kolkata,DEVICE_D,2026-11-15 07:08:00,7,25,0,2.6,0,0,0,0,0
TXN009295,USER00071,1833.31,Netflix,Kolkata,DEVICE_A,2026-04-16 00:23:00,0,26,0,0.37,1,0,0,0,0
TXN009296,USER00248,294.07,Myntra,Kolkata,DEVICE_E,2026-12-28 22:03:00,22,44,0,24.34,0,0,0,0,0
TXN009297,USER00146,3261.88,Paytm,Bangalore,DEVICE_A,2026-07-28 20:33:00,20,16,1,43.51,0,0,0,0,0
TXN009298,USER01642,1639.76,Apple,Delhi,DEVICE_C,2026-08-14 04:41:00,4,30,0,2.12,1,0,0,0,0
TXN009299,USER01799,908.73,Netflix,Delhi,DEVICE_D,2026-04-19 08:36:00,8,13,0,5.24,0,0,0,0,0
TXN009300,USER01320,273.29,Netflix,Chennai,DEVICE_A,2026-01-12 03:35:00,3,22,0,0.41,1,0,0,0,0
TXN009301,USER00582,294.46,Zomato,Kolkata,DEVICE_B,2026-01-22 22:32:00,22,1,0,43.27,0,0,0,1,0
TXN009302,USER00470,2032.13,Apple,Pune,DEVICE_D,2026-08-01 00:08:00,0,25,0,11.77,1,0,0,0,1
TXN009303,USER01530,2259.44,Apple,Kolkata,DEVICE_C,2026-07-19 09:31:00,9,25,1,51.86,0,0,0,0,0
TXN009304,USER00193,2800.16,Swiggy,Chennai,DEVICE_A,2026-12-14 00:28:00,0,21,0,12.63,1,0,0,0,0
TXN009305,USER01092,4917.44,Netflix,Delhi,DEVICE_A,2026-05-07 13:28:00,13,41,0,39.64,0,0,0,0,0
TXN009306,USER00494,2152.18,Uber,Ahmedabad,DEVICE_B,2026-03-29 14:28:00,14,27,1,60.63,0,0,0,0,0
TXN009307,USER01841,1582.48,Uber,Chennai,DEVICE_C,2026-02-08 06:21:00,6,5,0,8.16,0,0,0,0,0
TXN009308,USER00052,9410.8,Uber,Ahmedabad,DEVICE_B,2026-11-10 19:45:00,19,47,1,20.47,0,0,0,0,0
TXN009309,USER00882,671.21,Paytm,Chennai,DEVICE_D,2026-04-07 10:22:00,10,38,1,21.96,0,0,0,0,1
TXN009310,USER00363,1001.63,Netflix,Chennai,DEVICE_E,2026-07-11 15:12:00,15,18,0,0.43,0,0,0,0,0
TXN009311,USER01821,273.93,Netflix,Chennai,DEVICE_A,2026-05-24 09:39:00,9,20,0,11.53,0,0,0,0,0
TXN009312,USER00917,1923.75,Myntra,Chennai,DEVICE_B,2026-05-16 07:31:00,7,41,1,38.67,0,0,0,0,0
TXN009313,USER00474,913.14,Zomato,Hyderabad,DEVICE_A,2026-03-09 13:16:00,13,19,0,58.48,0,0,0,0,0
TXN009314,USER01870,627.57,Apple,Hyderabad,DEVICE_A,2026-06-21 17:42:00,17,30,0,45.9,0,0,0,0,0
TXN009315,USER00521,639.41,Swiggy,Kolkata,DEVICE_B,2026-01-22 20:12:00,20,26,0,72.16,0,0,0,0,0
TXN009316,USER01787,536.2,Zomato,Kolkata,DEVICE_A,2026-12-17 17:30:00,17,14,0,21.17,0,0,0,0,0
TXN009317,USER01455,941.96,Myntra,Pune,DEVICE_C,2026-07-18 19:05:00,19,43,0,5.3,0,0,0,0,0
TXN009318,USER01868,299.57,Netflix,Pune,DEVICE_C,2026-03-01 05:07:00,5,30,1,17.13,1,0,0,0,0
TXN009319,USER01322,324.87,Walmart,Hyderabad,DEVICE_E,2026-03-25 20:09:00,20,8,1,10.93,0,0,0,0,0
TXN009320,USER01459,404.87,Apple,Delhi,DEVICE_C,2026-05-18 08:32:00,8,49,1,5.99,0,0,0,0,0
TXN009321,USER01720,627.6,Paytm,Bangalore,DEVICE_B,2026-08-10 12:50:00,12,16,0,29.64,0,0,0,0,0
TXN009322,USER00691,722.29,Uber,Delhi,DEVICE_C,2026-03-27 10:42:00,10,18,0,19.84,0,0,0,0,0
TXN009323,USER01222,173.47,Paytm,Pune,DEVICE_E,2026-11-06 18:08:00,18,31,0,31.22,0,0,0,0,0
TXN009324,USER01152,689.77,Netflix,Kolkata,DEVICE_D,2026-05-12 05:00:00,5,9,0,6.28,1,0,0,0,0
TXN009325,USER00532,514.33,Myntra,Hyderabad,DEVICE_D,2026-06-16 16:04:00,16,39,0,46.84,0,0,0,0,0
TXN009326,USER01435,2218.28,Walmart,Delhi,DEVICE_B,2026-11-28 03:53:00,3,4,0,5.45,1,0,0,0,0
TXN009327,USER01958,487.85,Flipkart,Bangalore,DEVICE_E,2026-02-06 10:34:00,10,12,1,18.42,0,0,0,0,0
TXN009328,USER00840,2706.95,Uber,Ahmedabad,DEVICE_C,2026-06-08 12:38:00,12,26,0,1.17,0,0,0,0,0
TXN009329,USER01089,5258.99,Swiggy,Chennai,DEVICE_E,2026-01-24 06:18:00,6,1,0,15.57,0,0,0,1,0
TXN009330,USER01718,3134.22,Netflix,Mumbai,DEVICE_A,2026-07-04 14:36:00,14,0,0,2.08,0,0,0,1,0
TXN009331,USER00241,453.24,Amazon,Hyderabad,DEVICE_E,2026-10-20 12:56:00,12,7,0,8.08,0,0,0,0,0
TXN009332,USER01393,1750.24,Walmart,Hyderabad,DEVICE_C,2026-11-18 12:11:00,12,9,0,39.42,0,0,0,0,0
TXN009333,USER00536,460.32,Walmart,Bangalore,DEVICE_B,2026-12-15 05:12:00,5,27,0,44.8,1,0,0,0,0
TXN009334,USER01408,521.67,Apple,Chennai,DEVICE_A,2026-06-30 21:29:00,21,4,0,29.16,0,0,0,0,0
TXN009335,USER01455,554.16,Paytm,Chennai,DEVICE_E,2026-11-13 10:09:00,10,49,1,9.17,0,0,0,0,0
TXN009336,USER01991,1239.58,Uber,Mumbai,DEVICE_D,2026-03-16 04:23:00,4,1,0,17.29,1,0,0,1,1
TXN009337,USER00083,499.43,Netflix,Ahmedabad,DEVICE_C,2026-07-06 16:54:00,16,40,0,5.07,0,0,0,0,0
TXN009338,USER00982,1135.48,Amazon,Chennai,DEVICE_B,2026-10-17 04:17:00,4,47,0,22.69,1,0,0,0,1
TXN009339,USER01855,3415.99,Uber,Ahmedabad,DEVICE_C,2026-03-05 02:08:00,2,16,0,8.54,1,0,0,0,0
TXN009340,USER01721,406.83,Myntra,Bangalore,DEVICE_E,2026-05-07 12:38:00,12,47,0,4.99,0,0,0,0,0
TXN009341,USER00951,257.92,Amazon,Ahmedabad,DEVICE_B,2026-12-14 02:13:00,2,32,0,17.59,1,0,0,0,0
TXN009342,USER01852,616.39,Zomato,Kolkata,DEVICE_D,2026-12-22 12:17:00,12,24,0,2.37,0,0,0,0,0
TXN009343,USER00611,3964.71,Zomato,Chennai,DEVICE_A,2026-07-18 21:51:00,21,4,0,23.21,0,0,0,0,0
TXN009344,USER00574,2037.98,Walmart,Kolkata,DEVICE_E,2026-09-20 06:00:00,6,27,0,4.14,0,0,0,0,0
TXN009345,USER00286,508.22,Myntra,Pune,DEVICE_B,2026-08-25 01:05:00,1,17,0,16.12,1,0,0,0,0
TXN009346,USER00989,427.99,Zomato,Pune,DEVICE_A,2026-08-13 18:34:00,18,22,0,9.97,0,0,0,0,0
TXN009347,USER01558,1467.47,Walmart,Kolkata,DEVICE_B,2026-07-08 22:57:00,22,34,0,16.71,0,0,0,0,0
TXN009348,USER00459,1197.32,Paytm,Bangalore,DEVICE_E,2026-05-07 16:10:00,16,17,0,5.65,0,0,0,0,0
TXN009349,USER01236,1920.8,Netflix,Hyderabad,DEVICE_B,2026-12-04 03:29:00,3,10,0,7.43,1,0,0,0,0
TXN009350,USER00126,387.72,Walmart,Hyderabad,DEVICE_D,2026-10-17 19:38:00,19,42,0,3.02,0,0,0,0,0
TXN009351,USER01437,1016.96,Netflix,Hyderabad,DEVICE_B,2026-07-22 06:35:00,6,42,0,30.01,0,0,0,0,0
TXN009352,USER01523,2456.21,Myntra,Delhi,DEVICE_E,2026-10-14 23:52:00,23,9,1,1.45,0,0,0,0,0
TXN009353,USER00425,3028.33,Apple,Hyderabad,DEVICE_B,2026-04-14 17:20:00,17,9,0,9.45,0,0,0,0,0
TXN009354,USER00554,359.64,Uber,Bangalore,DEVICE_A,2026-07-20 03:45:00,3,35,0,11.92,1,0,0,0,0
TXN009355,USER00610,1015.55,Walmart,Mumbai,DEVICE_A,2026-10-02 20:43:00,20,8,0,4.34,0,0,0,0,0
TXN009356,USER01985,847.78,Walmart,Pune,DEVICE_C,2026-06-06 05:37:00,5,41,0,9.72,1,0,0,0,0
TXN009357,USER01567,516.4,Netflix,Chennai,DEVICE_C,2026-02-25 15:28:00,15,12,0,10.83,0,0,0,0,0
TXN009358,USER01182,565.72,Zomato,Hyderabad,DEVICE_D,2026-07-31 05:33:00,5,22,1,5.08,1,0,0,0,0
TXN009359,USER00112,1826.8,Zomato,Delhi,DEVICE_A,2026-08-19 17:11:00,17,0,0,20.39,0,0,0,1,1
TXN009360,USER00402,550.39,Walmart,Pune,DEVICE_C,2026-05-22 06:30:00,6,15,1,0.63,0,0,0,0,0
TXN009361,USER01783,981.5,Zomato,Ahmedabad,DEVICE_B,2026-05-31 04:36:00,4,18,0,4.4,1,0,0,0,1
TXN009362,USER00122,1699.44,Zomato,Pune,DEVICE_D,2026-06-21 07:10:00,7,11,0,19.57,0,0,0,0,0
TXN009363,USER00273,5309.21,Walmart,Kolkata,DEVICE_E,2026-07-26 04:11:00,4,4,1,19.75,1,0,0,0,1
TXN009364,USER01318,1435.73,Paytm,Delhi,DEVICE_C,2026-02-03 00:55:00,0,4,0,6.16,1,0,0,0,1
TXN009365,USER00398,2097.96,Paytm,Bangalore,DEVICE_C,2026-06-16 07:48:00,7,6,0,22.98,0,0,0,0,0
TXN009366,USER00471,1389.44,Flipkart,Mumbai,DEVICE_A,2026-04-04 05:33:00,5,43,1,12.69,1,0,0,0,0
TXN009367,USER00985,911.38,Paytm,Hyderabad,DEVICE_D,2026-01-11 06:40:00,6,13,1,14.98,0,0,0,0,1
TXN009368,USER01231,896.86,Flipkart,Hyderabad,DEVICE_A,2026-02-03 03:11:00,3,32,0,8.09,1,0,0,0,0
TXN009369,USER01134,987.66,Myntra,Delhi,DEVICE_A,2026-01-26 06:52:00,6,5,1,83.05,0,0,0,0,0
TXN009370,USER01464,159.87,Swiggy,Ahmedabad,DEVICE_D,2026-10-12 04:26:00,4,17,0,26.74,1,0,0,0,1
TXN009371,USER01302,817.03,Uber,Bangalore,DEVICE_B,2026-04-23 20:53:00,20,5,0,5.71,0,0,0,0,0
TXN009372,USER01987,1626.94,Swiggy,Delhi,DEVICE_C,2026-01-24 03:11:00,3,29,0,5.4,1,0,0,0,0
TXN009373,USER01592,564.95,Zomato,Delhi,DEVICE_A,2026-10-10 05:23:00,5,11,1,29.76,1,0,0,0,1
TXN009374,USER01911,4054.28,Amazon,Mumbai,DEVICE_C,2026-09-18 21:48:00,21,49,0,9.82,0,0,0,0,0
TXN009375,USER01939,1227.43,Zomato,Bangalore,DEVICE_D,2026-03-19 16:10:00,16,34,0,1.92,0,0,0,0,0
TXN009376,USER00569,974.52,Walmart,Mumbai,DEVICE_B,2026-08-02 04:22:00,4,10,0,0.72,1,0,0,0,0
TXN009377,USER01964,2326.87,Walmart,Bangalore,DEVICE_E,2026-05-20 04:40:00,4,3,0,10.69,1,0,0,0,0
TXN009378,USER01506,1821.96,Uber,Hyderabad,DEVICE_B,2026-07-19 03:02:00,3,12,0,10.71,1,0,0,0,0
TXN009379,USER01827,3039.77,Apple,Chennai,DEVICE_D,2026-10-23 22:07:00,22,0,0,24.54,0,0,0,1,0
TXN009380,USER01138,3622.21,Apple,Kolkata,DEVICE_B,2026-08-01 06:03:00,6,37,0,17.1,0,0,0,0,0
TXN009381,USER01917,4100.14,Apple,Chennai,DEVICE_E,2026-02-07 09:11:00,9,28,0,29.4,0,0,0,0,0
TXN009382,USER00897,1654.36,Paytm,Ahmedabad,DEVICE_A,2026-11-17 20:48:00,20,13,0,7.65,0,0,0,0,0
TXN009383,USER00820,431.27,Myntra,Ahmedabad,DEVICE_B,2026-02-20 01:24:00,1,20,0,19.58,1,0,0,0,0
TXN009384,USER00853,884.92,Zomato,Pune,DEVICE_D,2026-06-02 17:01:00,17,40,0,43.38,0,0,0,0,0
TXN009385,USER01501,4793.89,Walmart,Bangalore,DEVICE_B,2026-07-11 16:30:00,16,30,0,1.44,0,0,0,0,0
TXN009386,USER00710,1384.99,Amazon,Chennai,DEVICE_E,2026-05-25 13:21:00,13,40,0,24.65,0,0,0,0,0
TXN009387,USER01957,741.92,Amazon,Delhi,DEVICE_D,2026-08-11 18:07:00,18,6,0,25.17,0,0,0,0,0
TXN009388,USER00321,671.56,Amazon,Hyderabad,DEVICE_B,2026-12-09 16:50:00,16,14,0,31.6,0,0,0,0,0
TXN009389,USER00179,415.84,Apple,Ahmedabad,DEVICE_D,2026-04-02 17:40:00,17,41,0,6.27,0,0,0,0,0
TXN009390,USER00897,2508.4,Uber,Kolkata,DEVICE_E,2026-11-14 12:46:00,12,8,1,10.77,0,0,0,0,1
TXN009391,USER00219,730.32,Apple,Kolkata,DEVICE_A,2026-12-27 15:19:00,15,28,0,5.48,0,0,0,0,0
TXN009392,USER00789,452.81,Walmart,Pune,DEVICE_E,2026-12-27 05:06:00,5,23,1,7.38,1,0,0,0,0
TXN009393,USER01973,501.25,Zomato,Kolkata,DEVICE_A,2026-07-06 03:02:00,3,14,0,69.16,1,0,0,0,1
TXN009394,USER01552,104.76,Zomato,Hyderabad,DEVICE_C,2026-08-18 05:01:00,5,20,0,11.8,1,0,0,0,1
TXN009395,USER00492,2070.42,Uber,Chennai,DEVICE_E,2026-04-23 08:13:00,8,40,0,37.75,0,0,0,0,0
TXN009396,USER01915,885.68,Myntra,Kolkata,DEVICE_A,2026-03-28 11:47:00,11,23,0,31.68,0,0,0,0,0
TXN009397,USER00061,362.92,Paytm,Ahmedabad,DEVICE_C,2026-09-19 18:47:00,18,6,0,11.76,0,0,0,0,0
TXN009398,USER01078,3821.64,Amazon,Kolkata,DEVICE_C,2026-02-18 17:10:00,17,23,0,97.02,0,0,0,0,0
TXN009399,USER01704,1143.52,Zomato,Bangalore,DEVICE_C,2026-04-18 17:06:00,17,22,0,36.75,0,0,0,0,0
TXN009400,USER00538,145.86,Uber,Delhi,DEVICE_D,2026-06-30 16:54:00,16,24,0,13.18,0,0,0,0,0
TXN009401,USER00848,2099.87,Amazon,Bangalore,DEVICE_E,2026-01-14 17:03:00,17,7,0,7.41,0,0,0,0,0
TXN009402,USER00988,441.56,Apple,Chennai,DEVICE_E,2026-06-07 03:22:00,3,33,0,1.57,1,0,0,0,1
TXN009403,USER00065,1874.12,Netflix,Hyderabad,DEVICE_E,2026-03-12 21:45:00,21,34,0,12.5,0,0,0,0,0
TXN009404,USER01636,1727.8,Swiggy,Hyderabad,DEVICE_E,2026-02-14 04:51:00,4,21,0,8.93,1,0,0,0,1
TXN009405,USER00586,1240.95,Zomato,Bangalore,DEVICE_D,2026-04-30 15:56:00,15,33,1,24.85,0,0,0,0,0
TXN009406,USER01728,355.48,Myntra,Mumbai,DEVICE_E,2026-09-03 06:59:00,6,27,0,0.4,0,0,0,0,0
TXN009407,USER00171,361.63,Uber,Bangalore,DEVICE_A,2026-07-25 23:56:00,23,0,0,35.61,0,0,0,1,0
TXN009408,USER01297,1049.42,Paytm,Ahmedabad,DEVICE_C,2026-11-21 12:40:00,12,43,0,10.78,0,0,0,0,0
TXN009409,USER01913,470.01,Myntra,Mumbai,DEVICE_D,2026-10-12 16:07:00,16,36,0,12.69,0,0,0,0,0
TXN009410,USER01723,3285.89,Apple,Pune,DEVICE_D,2026-02-22 20:36:00,20,29,0,4.04,0,0,0,0,0
TXN009411,USER00535,1000.92,Zomato,Bangalore,DEVICE_E,2026-03-10 00:47:00,0,49,0,55.45,1,0,0,0,0
TXN009412,USER01415,443.91,Walmart,Mumbai,DEVICE_C,2026-08-01 17:57:00,17,24,0,10.16,0,0,0,0,0
TXN009413,USER01964,2693.78,Apple,Mumbai,DEVICE_A,2026-04-17 08:35:00,8,1,1,37.0,0,0,0,1,1
TXN009414,USER00693,196.44,Paytm,Kolkata,DEVICE_C,2026-04-16 14:17:00,14,27,0,5.42,0,0,0,0,0
TXN009415,USER01351,973.94,Apple,Pune,DEVICE_B,2026-06-08 19:16:00,19,47,0,2.03,0,0,0,0,0
TXN009416,USER00108,1809.04,Uber,Kolkata,DEVICE_C,2026-06-08 17:05:00,17,27,1,20.2,0,0,0,0,0
TXN009417,USER01871,434.38,Myntra,Mumbai,DEVICE_A,2026-09-29 18:25:00,18,22,0,83.23,0,0,0,0,0
TXN009418,USER01186,743.09,Uber,Mumbai,DEVICE_A,2026-07-16 22:31:00,22,37,1,20.82,0,0,0,0,0
TXN009419,USER00814,597.67,Amazon,Delhi,DEVICE_A,2026-07-27 14:27:00,14,23,0,18.77,0,0,0,0,0
TXN009420,USER01005,398.61,Netflix,Ahmedabad,DEVICE_D,2026-02-21 19:56:00,19,34,0,11.68,0,0,0,0,0
TXN009421,USER00452,1174.76,Myntra,Mumbai,DEVICE_D,2026-12-17 12:21:00,12,7,0,6.68,0,0,0,0,0
TXN009422,USER01230,2358.83,Netflix,Ahmedabad,DEVICE_B,2026-11-12 00:44:00,0,35,0,11.27,1,0,0,0,0
TXN009423,USER00590,6656.64,Uber,Kolkata,DEVICE_C,2026-10-24 00:20:00,0,17,1,3.23,1,0,0,0,0
TXN009424,USER01040,2177.12,Walmart,Mumbai,DEVICE_E,2026-12-24 06:46:00,6,19,0,6.07,0,0,0,0,0
TXN009425,USER00327,860.57,Zomato,Hyderabad,DEVICE_B,2026-07-31 05:25:00,5,3,0,13.36,1,0,0,0,0
TXN009426,USER00608,2990.47,Paytm,Delhi,DEVICE_E,2026-08-10 00:19:00,0,7,0,3.13,1,0,0,0,0
TXN009427,USER00659,396.94,Apple,Mumbai,DEVICE_E,2026-11-24 02:00:00,2,25,0,31.36,1,0,0,0,0
TXN009428,USER00002,676.78,Apple,Kolkata,DEVICE_B,2026-01-27 20:37:00,20,38,0,0.23,0,0,0,0,0
TXN009429,USER01034,2584.7,Netflix,Kolkata,DEVICE_C,2026-05-29 05:06:00,5,19,0,7.76,1,0,0,0,0
TXN009430,USER00434,606.53,Paytm,Chennai,DEVICE_E,2026-03-22 12:35:00,12,17,1,14.54,0,0,0,0,0
TXN009431,USER00125,1155.16,Myntra,Kolkata,DEVICE_D,2026-04-08 07:03:00,7,32,0,52.89,0,0,0,0,0
TXN009432,USER01105,583.46,Zomato,Ahmedabad,DEVICE_D,2026-04-07 09:08:00,9,17,0,17.04,0,0,0,0,0
TXN009433,USER00485,903.18,Swiggy,Delhi,DEVICE_B,2026-05-15 12:28:00,12,33,0,6.99,0,0,0,0,0
TXN009434,USER00652,1030.39,Netflix,Ahmedabad,DEVICE_E,2026-07-31 10:29:00,10,18,0,8.68,0,0,0,0,0
TXN009435,USER01862,1676.06,Myntra,Kolkata,DEVICE_B,2026-10-28 16:12:00,16,41,0,8.28,0,0,0,0,0
TXN009436,USER01174,1273.0,Myntra,Hyderabad,DEVICE_D,2026-10-26 16:13:00,16,32,0,3.98,0,0,0,0,0
TXN009437,USER00800,2087.02,Paytm,Bangalore,DEVICE_B,2026-02-25 17:04:00,17,20,0,3.13,0,0,0,0,1
TXN009438,USER00873,1560.73,Paytm,Hyderabad,DEVICE_E,2026-12-18 23:05:00,23,6,0,13.1,0,0,0,0,0
TXN009439,USER01364,916.1,Flipkart,Pune,DEVICE_E,2026-12-29 23:21:00,23,13,0,6.3,0,0,0,0,0
TXN009440,USER00129,633.74,Apple,Ahmedabad,DEVICE_D,2026-06-17 19:09:00,19,32,0,1.93,0,0,0,0,0
TXN009441,USER00438,481.48,Zomato,Hyderabad,DEVICE_A,2026-07-01 04:36:00,4,3,0,4.88,1,0,0,0,0
TXN009442,USER00751,94.17,Amazon,Delhi,DEVICE_A,2026-04-27 00:30:00,0,42,0,14.71,1,0,0,0,0
TXN009443,USER00501,988.73,Netflix,Delhi,DEVICE_C,2026-12-05 23:18:00,23,1,0,5.94,0,0,0,1,0
TXN009444,USER01082,392.0,Zomato,Chennai,DEVICE_D,2026-11-04 17:06:00,17,39,0,5.43,0,0,0,0,0
TXN009445,USER01222,498.43,Flipkart,Kolkata,DEVICE_C,2026-08-24 02:22:00,2,49,1,19.39,1,0,0,0,0
TXN009446,USER00211,836.74,Flipkart,Chennai,DEVICE_D,2026-05-06 08:10:00,8,30,0,23.39,0,0,0,0,0
TXN009447,USER01938,686.11,Zomato,Delhi,DEVICE_E,2026-05-11 04:02:00,4,48,0,5.52,1,0,0,0,0
TXN009448,USER00902,1795.16,Paytm,Kolkata,DEVICE_D,2026-01-31 15:03:00,15,45,0,12.78,0,0,0,0,0
TXN009449,USER00045,943.92,Myntra,Delhi,DEVICE_B,2026-12-06 07:48:00,7,29,0,28.93,0,0,0,0,0
TXN009450,USER01121,4741.55,Swiggy,Delhi,DEVICE_C,2026-08-24 07:40:00,7,49,0,23.42,0,0,0,0,0
TXN009451,USER01303,7900.26,Zomato,Bangalore,DEVICE_D,2026-09-03 04:50:00,4,9,0,1.44,1,0,0,0,0
TXN009452,USER00535,832.56,Netflix,Hyderabad,DEVICE_C,2026-06-05 14:51:00,14,20,0,8.93,0,0,0,0,0
TXN009453,USER01434,511.68,Amazon,Chennai,DEVICE_D,2026-06-22 00:01:00,0,49,0,25.69,1,0,0,0,0
TXN009454,USER00461,224.32,Apple,Ahmedabad,DEVICE_A,2026-07-11 03:51:00,3,22,0,3.96,1,0,0,0,0
TXN009455,USER00391,5681.81,Flipkart,Chennai,DEVICE_C,2026-03-07 16:39:00,16,36,0,4.36,0,0,0,0,0
TXN009456,USER01871,571.61,Walmart,Mumbai,DEVICE_E,2026-09-30 20:54:00,20,7,0,19.89,0,0,0,0,0
TXN009457,USER01068,674.35,Walmart,Pune,DEVICE_E,2026-01-29 16:12:00,16,9,0,6.67,0,0,0,0,0
TXN009458,USER00027,584.24,Myntra,Bangalore,DEVICE_D,2026-06-26 13:26:00,13,24,1,7.82,0,0,0,0,0
TXN009459,USER00794,817.3,Paytm,Delhi,DEVICE_E,2026-06-07 23:02:00,23,32,0,14.8,0,0,0,0,0
TXN009460,USER01121,713.91,Apple,Delhi,DEVICE_E,2026-12-31 00:56:00,0,16,0,27.77,1,0,0,0,0
TXN009461,USER00975,2307.95,Flipkart,Bangalore,DEVICE_C,2026-04-09 04:39:00,4,23,0,13.79,1,0,0,0,0
TXN009462,USER00548,92.64,Walmart,Kolkata,DEVICE_D,2026-01-08 08:24:00,8,48,0,44.78,0,0,0,0,0
TXN009463,USER00621,926.24,Walmart,Chennai,DEVICE_C,2026-03-23 10:58:00,10,41,0,2.26,0,0,0,0,0
TXN009464,USER00567,2092.67,Swiggy,Delhi,DEVICE_D,2026-10-05 02:31:00,2,49,0,28.06,1,0,0,0,0
TXN009465,USER00704,589.13,Zomato,Pune,DEVICE_E,2026-09-25 06:24:00,6,29,0,15.69,0,0,0,0,0
TXN009466,USER01243,1862.15,Uber,Mumbai,DEVICE_D,2026-04-04 17:00:00,17,0,0,33.93,0,0,0,1,0
TXN009467,USER00185,1188.62,Apple,Chennai,DEVICE_D,2026-05-04 22:54:00,22,16,0,7.61,0,0,0,0,0
TXN009468,USER01093,574.78,Uber,Hyderabad,DEVICE_B,2026-02-09 14:44:00,14,27,0,13.16,0,0,0,0,0
TXN009469,USER01853,214.65,Amazon,Ahmedabad,DEVICE_D,2026-09-18 11:12:00,11,12,0,34.7,0,0,0,0,0
TXN009470,USER01154,1581.1,Paytm,Ahmedabad,DEVICE_B,2026-08-02 17:08:00,17,9,0,35.65,0,0,0,0,0
TXN009471,USER01591,1460.41,Zomato,Pune,DEVICE_C,2026-03-20 09:37:00,9,0,0,9.43,0,0,0,1,0
TXN009472,USER01914,563.09,Amazon,Bangalore,DEVICE_B,2026-07-27 21:15:00,21,19,0,34.54,0,0,0,0,0
TXN009473,USER01633,2173.07,Netflix,Chennai,DEVICE_C,2026-04-23 19:00:00,19,6,0,22.94,0,0,0,0,0
TXN009474,USER00848,708.71,Flipkart,Ahmedabad,DEVICE_D,2026-12-14 12:02:00,12,31,1,10.53,0,0,0,0,1
TXN009475,USER00599,2782.18,Uber,Hyderabad,DEVICE_C,2026-02-08 11:06:00,11,20,0,69.94,0,0,0,0,0
TXN009476,USER00806,1440.44,Myntra,Mumbai,DEVICE_E,2026-12-25 08:06:00,8,25,1,0.63,0,0,0,0,1
TXN009477,USER01655,4154.71,Netflix,Kolkata,DEVICE_D,2026-10-23 13:41:00,13,44,0,9.65,0,0,0,0,0
TXN009478,USER01744,1520.38,Apple,Ahmedabad,DEVICE_B,2026-01-12 13:57:00,13,6,0,7.33,0,0,0,0,0
TXN009479,USER01358,1124.64,Flipkart,Bangalore,DEVICE_A,2026-09-27 13:55:00,13,37,0,54.9,0,0,0,0,0
TXN009480,USER01949,201.12,Walmart,Kolkata,DEVICE_D,2026-08-07 03:49:00,3,44,0,2.1,1,0,0,0,1
TXN009481,USER01178,1150.91,Uber,Ahmedabad,DEVICE_E,2026-01-18 02:06:00,2,39,0,19.78,1,0,0,0,0
TXN009482,USER01571,884.21,Zomato,Pune,DEVICE_C,2026-12-08 04:27:00,4,47,0,25.22,1,0,0,0,0
TXN009483,USER00079,4692.15,Zomato,Delhi,DEVICE_B,2026-01-18 01:34:00,1,40,0,4.07,1,0,0,0,1
TXN009484,USER00579,1328.92,Netflix,Kolkata,DEVICE_B,2026-11-03 02:34:00,2,44,0,3.25,1,0,0,0,0
TXN009485,USER01879,2217.77,Netflix,Delhi,DEVICE_E,2026-05-16 01:38:00,1,26,0,0.98,1,0,0,0,0
TXN009486,USER00413,3879.65,Paytm,Pune,DEVICE_E,2026-09-08 02:00:00,2,33,0,3.46,1,0,0,0,0
TXN009487,USER00546,3661.29,Walmart,Ahmedabad,DEVICE_D,2026-12-12 18:13:00,18,11,0,33.03,0,0,0,0,0
TXN009488,USER01633,1014.04,Swiggy,Hyderabad,DEVICE_A,2026-10-30 00:09:00,0,11,0,57.63,1,0,0,0,0
TXN009489,USER00169,7450.48,Uber,Chennai,DEVICE_A,2026-05-29 08:01:00,8,14,0,46.34,0,0,0,0,0
TXN009490,USER00681,695.42,Amazon,Mumbai,DEVICE_C,2026-02-13 06:22:00,6,19,0,9.09,0,0,0,0,0
TXN009491,USER01687,3631.64,Apple,Hyderabad,DEVICE_B,2026-08-31 18:35:00,18,9,1,25.88,0,0,0,0,0
TXN009492,USER00583,560.08,Uber,Mumbai,DEVICE_D,2026-10-16 17:05:00,17,45,0,35.09,0,0,0,0,0
TXN009493,USER00515,2378.03,Uber,Kolkata,DEVICE_B,2026-03-23 16:27:00,16,25,1,33.48,0,0,0,0,0
TXN009494,USER01338,460.62,Walmart,Mumbai,DEVICE_D,2026-07-02 03:34:00,3,16,0,1.29,1,0,0,0,0
TXN009495,USER00032,1913.83,Uber,Kolkata,DEVICE_E,2026-07-09 02:34:00,2,9,1,4.84,1,0,0,0,1
TXN009496,USER00287,508.5,Paytm,Mumbai,DEVICE_C,2026-11-12 09:26:00,9,10,0,55.92,0,0,0,0,0
TXN009497,USER00594,431.35,Uber,Bangalore,DEVICE_E,2026-01-19 07:53:00,7,16,1,26.93,0,0,0,0,0
TXN009498,USER01067,459.58,Myntra,Hyderabad,DEVICE_B,2026-03-27 20:32:00,20,10,0,35.96,0,0,0,0,0
TXN009499,USER01927,1716.74,Myntra,Ahmedabad,DEVICE_C,2026-08-02 18:27:00,18,14,0,14.44,0,0,0,0,0
TXN009500,USER00617,1711.35,Flipkart,Ahmedabad,DEVICE_D,2026-10-31 14:10:00,14,3,0,9.99,0,0,0,0,0
TXN009501,USER01025,1704.75,Apple,Bangalore,DEVICE_D,2026-03-15 06:01:00,6,24,0,21.07,0,0,0,0,0
TXN009502,USER01597,1338.36,Myntra,Chennai,DEVICE_C,2026-12-27 22:49:00,22,35,0,12.81,0,0,0,0,0
TXN009503,USER00270,709.36,Apple,Ahmedabad,DEVICE_E,2026-04-05 11:47:00,11,46,0,9.36,0,0,0,0,0
TXN009504,USER01204,572.91,Zomato,Chennai,DEVICE_C,2026-08-05 20:32:00,20,30,1,8.55,0,0,0,0,1
TXN009505,USER01760,432.01,Paytm,Delhi,DEVICE_E,2026-01-30 10:34:00,10,45,0,3.44,0,0,0,0,0
TXN009506,USER00518,409.33,Walmart,Ahmedabad,DEVICE_C,2026-05-09 03:00:00,3,28,0,15.08,1,0,0,0,0
TXN009507,USER01127,3267.33,Walmart,Delhi,DEVICE_E,2026-10-21 05:34:00,5,30,0,14.67,1,0,0,0,0
TXN009508,USER01034,422.86,Myntra,Ahmedabad,DEVICE_A,2026-02-13 17:48:00,17,8,0,17.87,0,0,0,0,0
TXN009509,USER00583,473.94,Paytm,Ahmedabad,DEVICE_C,2026-01-10 21:22:00,21,47,0,2.47,0,0,0,0,0
TXN009510,USER01114,446.59,Zomato,Delhi,DEVICE_E,2026-11-26 20:28:00,20,0,0,49.28,0,0,0,1,0
TXN009511,USER00226,332.28,Amazon,Pune,DEVICE_B,2026-01-29 03:15:00,3,2,1,27.1,1,0,0,0,0
TXN009512,USER00670,1442.58,Paytm,Chennai,DEVICE_B,2026-01-27 18:13:00,18,3,0,2.81,0,0,0,0,0
TXN009513,USER01764,677.0,Flipkart,Mumbai,DEVICE_C,2026-03-07 14:31:00,14,18,0,1.65,0,0,0,0,0
TXN009514,USER00917,946.32,Walmart,Kolkata,DEVICE_C,2026-05-20 11:52:00,11,40,0,20.6,0,0,0,0,0
TXN009515,USER00126,987.44,Flipkart,Pune,DEVICE_D,2026-07-05 02:36:00,2,21,0,8.36,1,0,0,0,0
TXN009516,USER00956,1421.97,Walmart,Mumbai,DEVICE_E,2026-03-23 08:19:00,8,7,0,7.69,0,0,0,0,0
TXN009517,USER01233,1201.28,Zomato,Hyderabad,DEVICE_C,2026-08-28 08:57:00,8,24,0,36.65,0,0,0,0,0
TXN009518,USER01121,3182.49,Uber,Chennai,DEVICE_B,2026-03-18 01:05:00,1,3,0,8.47,1,0,0,0,0
TXN009519,USER00074,601.17,Swiggy,Ahmedabad,DEVICE_B,2026-07-03 13:14:00,13,44,0,20.0,0,0,0,0,0
TXN009520,USER01651,643.61,Paytm,Ahmedabad,DEVICE_B,2026-10-13 04:05:00,4,13,0,15.4,1,0,0,0,0
TXN009521,USER01215,1012.28,Paytm,Ahmedabad,DEVICE_E,2026-10-13 01:16:00,1,4,0,6.1,1,0,0,0,0
TXN009522,USER01706,1026.64,Uber,Kolkata,DEVICE_A,2026-04-18 01:16:00,1,49,0,8.06,1,0,0,0,1
TXN009523,USER01843,288.69,Amazon,Kolkata,DEVICE_C,2026-06-22 10:51:00,10,49,0,57.36,0,0,0,0,0
TXN009524,USER01984,265.34,Walmart,Kolkata,DEVICE_A,2026-04-27 06:09:00,6,28,0,8.05,0,0,0,0,0
TXN009525,USER01740,966.13,Amazon,Delhi,DEVICE_E,2026-03-20 20:55:00,20,20,0,30.65,0,0,0,0,0
TXN009526,USER00056,3816.99,Paytm,Kolkata,DEVICE_C,2026-10-27 22:09:00,22,14,0,39.51,0,0,0,0,0
TXN009527,USER00720,4172.54,Myntra,Kolkata,DEVICE_D,2026-04-30 12:38:00,12,22,1,1.47,0,0,0,0,0
TXN009528,USER00553,401.22,Myntra,Chennai,DEVICE_C,2026-04-29 16:00:00,16,16,0,21.76,0,0,0,0,0
TXN009529,USER00032,744.38,Netflix,Mumbai,DEVICE_C,2026-05-13 04:04:00,4,2,0,27.67,1,0,0,0,0
TXN009530,USER01551,1269.36,Apple,Pune,DEVICE_C,2026-10-06 10:57:00,10,32,0,11.38,0,0,0,0,0
TXN009531,USER00574,1441.62,Myntra,Pune,DEVICE_C,2026-01-12 06:21:00,6,49,1,16.85,0,0,0,0,0
TXN009532,USER00667,456.58,Myntra,Ahmedabad,DEVICE_C,2026-01-18 09:48:00,9,26,0,3.53,0,0,0,0,0
TXN009533,USER00284,5075.79,Walmart,Mumbai,DEVICE_E,2026-09-30 19:49:00,19,15,0,7.67,0,0,0,0,0
TXN009534,USER01745,656.4,Netflix,Bangalore,DEVICE_C,2026-06-07 18:56:00,18,5,0,24.6,0,0,0,0,0
TXN009535,USER01856,1528.44,Walmart,Bangalore,DEVICE_E,2026-03-28 17:01:00,17,40,0,18.45,0,0,0,0,0
TXN009536,USER01518,815.39,Paytm,Hyderabad,DEVICE_C,2026-06-13 05:15:00,5,9,0,2.93,1,0,0,0,0
TXN009537,USER00187,819.0,Flipkart,Chennai,DEVICE_C,2026-01-03 16:37:00,16,28,0,88.54,0,0,0,0,0
TXN009538,USER00498,2166.86,Amazon,Bangalore,DEVICE_E,2026-10-09 14:55:00,14,16,0,55.54,0,0,0,0,0
TXN009539,USER01466,2661.06,Paytm,Bangalore,DEVICE_C,2026-01-23 23:52:00,23,38,0,5.08,0,0,0,0,0
TXN009540,USER00130,2023.67,Flipkart,Chennai,DEVICE_B,2026-01-16 13:03:00,13,45,0,41.61,0,0,0,0,0
TXN009541,USER00639,495.29,Zomato,Mumbai,DEVICE_C,2026-11-06 23:45:00,23,13,0,6.22,0,0,0,0,0
TXN009542,USER01316,326.68,Zomato,Ahmedabad,DEVICE_D,2026-12-27 19:55:00,19,11,1,16.59,0,0,0,0,0
TXN009543,USER00114,12019.48,Walmart,Hyderabad,DEVICE_E,2026-12-08 04:28:00,4,37,1,30.47,1,1,0,0,1
TXN009544,USER01223,1445.59,Swiggy,Hyderabad,DEVICE_C,2026-10-10 11:50:00,11,28,0,8.43,0,0,0,0,0
TXN009545,USER00013,488.79,Swiggy,Hyderabad,DEVICE_C,2026-11-02 17:38:00,17,13,0,16.2,0,0,0,0,0
TXN009546,USER01295,2560.59,Flipkart,Bangalore,DEVICE_E,2026-04-26 05:40:00,5,7,1,11.97,1,0,0,0,0
TXN009547,USER01625,485.27,Myntra,Mumbai,DEVICE_A,2026-05-18 02:16:00,2,48,0,28.56,1,0,0,0,0
TXN009548,USER01239,6448.35,Walmart,Hyderabad,DEVICE_B,2026-02-18 17:07:00,17,39,0,13.03,0,0,0,0,0
TXN009549,USER00444,759.8,Flipkart,Chennai,DEVICE_B,2026-06-03 22:57:00,22,39,1,16.74,0,0,0,0,0
TXN009550,USER01814,2375.58,Walmart,Hyderabad,DEVICE_C,2026-07-30 11:38:00,11,16,0,37.36,0,0,0,0,0
TXN009551,USER01536,1053.21,Flipkart,Pune,DEVICE_E,2026-02-16 07:14:00,7,42,0,23.99,0,0,0,0,0
TXN009552,USER00447,278.19,Zomato,Delhi,DEVICE_D,2026-08-04 07:02:00,7,38,0,14.99,0,0,0,0,0
TXN009553,USER00986,452.35,Netflix,Mumbai,DEVICE_C,2026-04-13 11:39:00,11,22,1,12.37,0,0,0,0,1
TXN009554,USER00993,549.6,Walmart,Delhi,DEVICE_B,2026-09-19 04:22:00,4,6,0,2.71,1,0,0,0,0
TXN009555,USER00715,592.09,Netflix,Mumbai,DEVICE_C,2026-07-25 21:36:00,21,11,0,1.16,0,0,0,0,0
TXN009556,USER00074,1298.18,Zomato,Kolkata,DEVICE_E,2026-08-08 05:04:00,5,15,0,61.06,1,0,0,0,0
TXN009557,USER00537,122.9,Swiggy,Chennai,DEVICE_D,2026-06-01 05:12:00,5,12,0,4.13,1,0,0,0,0
TXN009558,USER00101,1306.16,Uber,Kolkata,DEVICE_A,2026-10-09 01:01:00,1,46,0,6.48,1,0,0,0,0
TXN009559,USER00176,185.27,Amazon,Bangalore,DEVICE_D,2026-07-20 12:38:00,12,18,0,18.88,0,0,0,0,0
TXN009560,USER00427,1513.44,Paytm,Bangalore,DEVICE_C,2026-02-19 14:28:00,14,2,0,35.2,0,0,0,0,0
TXN009561,USER01141,533.53,Amazon,Kolkata,DEVICE_B,2026-11-24 02:26:00,2,42,0,35.81,1,0,0,0,0
TXN009562,USER01190,1237.88,Amazon,Mumbai,DEVICE_E,2026-09-18 21:52:00,21,7,0,35.4,0,0,0,0,0
TXN009563,USER00041,330.11,Paytm,Hyderabad,DEVICE_C,2026-10-27 17:26:00,17,39,0,76.41,0,0,0,0,0
TXN009564,USER00429,622.41,Zomato,Delhi,DEVICE_A,2026-05-14 11:32:00,11,11,0,1.15,0,0,0,0,0
TXN009565,USER00344,173.85,Zomato,Chennai,DEVICE_E,2026-12-28 12:09:00,12,30,0,10.21,0,0,0,0,0
TXN009566,USER01448,357.24,Swiggy,Hyderabad,DEVICE_E,2026-01-30 03:02:00,3,34,0,48.97,1,0,0,0,0
TXN009567,USER00366,3871.08,Uber,Bangalore,DEVICE_E,2026-08-31 00:26:00,0,19,0,12.6,1,0,0,0,0
TXN009568,USER01144,3964.17,Apple,Hyderabad,DEVICE_C,2026-07-15 22:06:00,22,27,0,41.0,0,0,0,0,0
TXN009569,USER00609,357.89,Amazon,Ahmedabad,DEVICE_A,2026-06-28 03:51:00,3,1,0,0.36,1,0,0,1,0
TXN009570,USER00657,808.59,Myntra,Ahmedabad,DEVICE_C,2026-02-27 19:44:00,19,26,0,14.04,0,0,0,0,0
TXN009571,USER00728,1656.55,Amazon,Kolkata,DEVICE_E,2026-05-20 21:28:00,21,2,0,51.14,0,0,0,0,0
TXN009572,USER00229,1179.01,Apple,Ahmedabad,DEVICE_E,2026-02-11 12:49:00,12,47,0,6.06,0,0,0,0,0
TXN009573,USER00825,653.07,Walmart,Kolkata,DEVICE_B,2026-03-25 01:36:00,1,20,0,53.09,1,0,0,0,1
TXN009574,USER01154,270.05,Swiggy,Pune,DEVICE_D,2026-07-15 17:19:00,17,6,0,0.17,0,0,0,0,0
TXN009575,USER01376,2414.69,Netflix,Pune,DEVICE_C,2026-10-04 17:25:00,17,32,0,1.64,0,0,0,0,0
TXN009576,USER00889,694.33,Netflix,Delhi,DEVICE_A,2026-05-14 00:29:00,0,44,0,12.96,1,0,0,0,0
TXN009577,USER01342,249.41,Apple,Ahmedabad,DEVICE_E,2026-02-05 17:30:00,17,45,0,2.25,0,0,0,0,0
TXN009578,USER00984,1052.93,Amazon,Bangalore,DEVICE_C,2026-07-29 01:46:00,1,32,0,5.11,1,0,0,0,1
TXN009579,USER01673,804.95,Netflix,Mumbai,DEVICE_D,2026-02-11 15:01:00,15,35,0,7.06,0,0,0,0,0
TXN009580,USER00836,693.83,Apple,Ahmedabad,DEVICE_C,2026-08-05 13:52:00,13,16,0,13.14,0,0,0,0,0
TXN009581,USER01361,1228.94,Paytm,Chennai,DEVICE_D,2026-05-01 08:44:00,8,5,0,9.9,0,0,0,0,0
TXN009582,USER01297,905.45,Zomato,Kolkata,DEVICE_C,2026-08-08 16:15:00,16,20,0,51.06,0,0,0,0,0
TXN009583,USER00117,3008.42,Flipkart,Ahmedabad,DEVICE_B,2026-07-13 01:24:00,1,37,1,43.43,1,0,0,0,1
TXN009584,USER00818,482.07,Zomato,Chennai,DEVICE_C,2026-07-08 12:28:00,12,33,0,27.57,0,0,0,0,0
TXN009585,USER00368,548.0,Amazon,Bangalore,DEVICE_B,2026-12-05 02:00:00,2,48,0,21.54,1,0,0,0,1
TXN009586,USER01118,2196.03,Apple,Mumbai,DEVICE_D,2026-05-02 13:15:00,13,47,0,4.57,0,0,0,0,0
TXN009587,USER00168,10360.94,Walmart,Pune,DEVICE_E,2026-08-08 02:10:00,2,11,0,18.42,1,1,0,0,1
TXN009588,USER00954,8999.95,Netflix,Kolkata,DEVICE_E,2026-05-24 07:38:00,7,11,1,3.18,0,0,0,0,1
TXN009589,USER01739,2119.02,Netflix,Delhi,DEVICE_C,2026-12-04 21:52:00,21,17,0,12.06,0,0,0,0,0
TXN009590,USER01365,799.91,Netflix,Chennai,DEVICE_A,2026-12-11 14:42:00,14,47,0,12.38,0,0,0,0,0
TXN009591,USER00661,678.15,Apple,Ahmedabad,DEVICE_C,2026-11-12 18:21:00,18,5,0,23.4,0,0,0,0,0
TXN009592,USER01938,774.04,Zomato,Bangalore,DEVICE_B,2026-06-15 09:01:00,9,12,0,36.05,0,0,0,0,0
TXN009593,USER00695,228.81,Walmart,Chennai,DEVICE_B,2026-09-22 23:13:00,23,30,0,7.73,0,0,0,0,0
TXN009594,USER00925,2027.68,Apple,Ahmedabad,DEVICE_D,2026-09-03 11:17:00,11,24,0,0.84,0,0,0,0,0
TXN009595,USER00152,3601.9,Amazon,Pune,DEVICE_C,2026-10-05 20:43:00,20,47,0,0.96,0,0,0,0,0
TXN009596,USER00586,971.13,Swiggy,Pune,DEVICE_D,2026-07-10 14:20:00,14,23,0,41.56,0,0,0,0,0
TXN009597,USER01901,7212.81,Amazon,Mumbai,DEVICE_A,2026-09-25 19:37:00,19,41,0,13.32,0,0,0,0,1
TXN009598,USER00913,12752.34,Flipkart,Delhi,DEVICE_E,2026-11-21 20:52:00,20,10,0,5.7,0,1,0,0,0
TXN009599,USER00274,2432.26,Swiggy,Pune,DEVICE_E,2026-08-21 21:38:00,21,32,0,0.66,0,0,0,0,0
TXN009600,USER01578,599.84,Amazon,Mumbai,DEVICE_C,2026-11-22 05:04:00,5,20,0,15.05,1,0,0,0,0
TXN009601,USER00496,506.55,Walmart,Pune,DEVICE_D,2026-04-13 02:39:00,2,38,0,2.95,1,0,0,0,0
TXN009602,USER01748,2200.99,Uber,Kolkata,DEVICE_D,2026-07-22 12:11:00,12,23,0,10.79,0,0,0,0,0
TXN009603,USER00101,2829.76,Uber,Hyderabad,DEVICE_A,2026-02-08 16:14:00,16,48,0,14.52,0,0,0,0,0
TXN009604,USER00557,607.19,Uber,Mumbai,DEVICE_D,2026-03-03 06:49:00,6,43,0,5.21,0,0,0,0,0
TXN009605,USER01106,386.22,Flipkart,Mumbai,DEVICE_B,2026-06-16 14:33:00,14,19,0,4.43,0,0,0,0,0
TXN009606,USER01553,235.18,Flipkart,Chennai,DEVICE_B,2026-02-06 21:47:00,21,46,0,0.4,0,0,0,0,0
TXN009607,USER00073,428.68,Uber,Pune,DEVICE_B,2026-06-08 10:48:00,10,8,0,17.61,0,0,0,0,0
TXN009608,USER01038,752.67,Paytm,Mumbai,DEVICE_C,2026-10-23 12:42:00,12,30,0,4.47,0,0,0,0,0
TXN009609,USER01457,2926.1,Netflix,Bangalore,DEVICE_B,2026-09-30 00:18:00,0,27,0,42.11,1,0,0,0,1
TXN009610,USER00157,654.94,Swiggy,Kolkata,DEVICE_B,2026-05-30 07:25:00,7,37,0,18.52,0,0,0,0,0
TXN009611,USER00735,69.35,Swiggy,Chennai,DEVICE_E,2026-08-13 07:03:00,7,4,0,16.26,0,0,0,0,0
TXN009612,USER00132,608.07,Netflix,Chennai,DEVICE_C,2026-06-12 20:09:00,20,36,0,14.05,0,0,0,0,0
TXN009613,USER01362,812.54,Zomato,Hyderabad,DEVICE_B,2026-01-14 23:48:00,23,40,0,4.85,0,0,0,0,0
TXN009614,USER01019,796.66,Paytm,Kolkata,DEVICE_A,2026-04-19 04:23:00,4,33,0,69.74,1,0,0,0,0
TXN009615,USER01428,107.22,Uber,Ahmedabad,DEVICE_B,2026-08-09 07:55:00,7,9,0,68.25,0,0,0,0,0
TXN009616,USER01400,806.71,Netflix,Bangalore,DEVICE_C,2026-04-23 09:31:00,9,31,0,7.75,0,0,0,0,0
TXN009617,USER01912,3597.63,Apple,Kolkata,DEVICE_D,2026-11-08 15:20:00,15,36,0,29.94,0,0,0,0,0
TXN009618,USER00559,720.87,Swiggy,Mumbai,DEVICE_E,2026-03-20 15:57:00,15,16,0,2.54,0,0,0,0,0
TXN009619,USER00107,597.46,Apple,Hyderabad,DEVICE_E,2026-05-24 22:04:00,22,35,0,30.33,0,0,0,0,0
TXN009620,USER01644,547.33,Netflix,Bangalore,DEVICE_C,2026-03-08 20:17:00,20,35,0,6.75,0,0,0,0,0
TXN009621,USER00265,1258.78,Netflix,Hyderabad,DEVICE_B,2026-09-03 02:41:00,2,12,0,6.83,1,0,0,0,0
TXN009622,USER01229,278.39,Amazon,Kolkata,DEVICE_A,2026-10-02 21:02:00,21,19,0,14.15,0,0,0,0,0
TXN009623,USER01103,395.38,Amazon,Delhi,DEVICE_B,2026-04-20 16:01:00,16,37,0,9.96,0,0,0,0,0
TXN009624,USER00155,3010.57,Walmart,Kolkata,DEVICE_B,2026-07-31 04:49:00,4,18,0,2.51,1,0,0,0,0
TXN009625,USER01807,2006.12,Walmart,Mumbai,DEVICE_A,2026-06-11 13:39:00,13,21,1,17.98,0,0,0,0,0
TXN009626,USER00988,673.05,Flipkart,Hyderabad,DEVICE_E,2026-06-26 03:34:00,3,15,0,4.81,1,0,0,0,0
TXN009627,USER00997,1698.83,Flipkart,Delhi,DEVICE_B,2026-07-26 23:43:00,23,5,1,11.76,0,0,0,0,0
TXN009628,USER00247,479.29,Uber,Mumbai,DEVICE_D,2026-09-08 09:26:00,9,10,0,5.25,0,0,0,0,0
TXN009629,USER00531,473.95,Amazon,Hyderabad,DEVICE_D,2026-05-20 19:01:00,19,9,0,38.98,0,0,0,0,0
TXN009630,USER00858,465.36,Uber,Hyderabad,DEVICE_C,2026-11-11 04:14:00,4,30,0,8.25,1,0,0,0,0
TXN009631,USER01972,266.99,Netflix,Kolkata,DEVICE_C,2026-11-25 22:15:00,22,17,0,43.69,0,0,0,0,0
TXN009632,USER00538,1007.02,Uber,Pune,DEVICE_A,2026-09-30 07:09:00,7,31,0,7.89,0,0,0,0,0
TXN009633,USER00729,6575.78,Netflix,Hyderabad,DEVICE_A,2026-09-30 20:06:00,20,40,0,3.96,0,0,0,0,0
TXN009634,USER01178,181.67,Swiggy,Hyderabad,DEVICE_C,2026-04-26 02:28:00,2,41,0,17.19,1,0,0,0,0
TXN009635,USER00154,5001.06,Amazon,Chennai,DEVICE_B,2026-03-10 13:30:00,13,46,0,16.2,0,0,0,0,0
TXN009636,USER01710,95.24,Walmart,Pune,DEVICE_E,2026-05-25 01:29:00,1,23,1,19.29,1,0,0,0,0
TXN009637,USER00092,1718.45,Uber,Hyderabad,DEVICE_D,2026-02-19 11:51:00,11,45,0,7.19,0,0,0,0,0
TXN009638,USER01457,206.13,Amazon,Kolkata,DEVICE_A,2026-05-05 08:47:00,8,15,0,7.71,0,0,0,0,0
TXN009639,USER00338,1737.24,Swiggy,Chennai,DEVICE_C,2026-12-08 18:39:00,18,28,0,5.42,0,0,0,0,0
TXN009640,USER01504,527.62,Apple,Chennai,DEVICE_D,2026-08-23 01:55:00,1,38,0,52.73,1,0,0,0,0
TXN009641,USER01717,2092.95,Walmart,Ahmedabad,DEVICE_A,2026-11-01 18:36:00,18,24,0,22.97,0,0,0,0,0
TXN009642,USER01155,531.51,Paytm,Delhi,DEVICE_A,2026-04-26 16:43:00,16,39,0,28.23,0,0,0,0,0
TXN009643,USER00450,1709.47,Myntra,Mumbai,DEVICE_B,2026-07-29 10:44:00,10,24,0,4.32,0,0,0,0,0
TXN009644,USER00810,902.54,Amazon,Chennai,DEVICE_A,2026-04-20 15:53:00,15,39,0,21.67,0,0,0,0,0
TXN009645,USER00787,3252.94,Zomato,Bangalore,DEVICE_E,2026-06-03 04:50:00,4,44,0,28.77,1,0,0,0,0
TXN009646,USER00273,920.76,Amazon,Chennai,DEVICE_A,2026-08-16 15:45:00,15,18,1,8.38,0,0,0,0,0
TXN009647,USER01953,1320.94,Netflix,Ahmedabad,DEVICE_E,2026-12-18 17:36:00,17,9,0,3.43,0,0,0,0,0
TXN009648,USER00588,1152.81,Paytm,Bangalore,DEVICE_B,2026-10-12 02:29:00,2,0,0,23.88,1,0,0,1,0
TXN009649,USER00177,2405.96,Zomato,Ahmedabad,DEVICE_E,2026-03-31 21:14:00,21,26,1,18.89,0,0,0,0,1
TXN009650,USER01720,2533.94,Uber,Ahmedabad,DEVICE_D,2026-09-23 12:02:00,12,21,0,17.14,0,0,0,0,0
TXN009651,USER00831,1132.64,Swiggy,Pune,DEVICE_A,2026-12-20 19:51:00,19,27,0,4.03,0,0,0,0,0
TXN009652,USER00643,229.77,Zomato,Delhi,DEVICE_C,2026-12-07 17:56:00,17,47,0,6.09,0,0,0,0,0
TXN009653,USER01899,454.27,Uber,Bangalore,DEVICE_C,2026-11-13 22:19:00,22,34,0,19.61,0,0,0,0,0
TXN009654,USER01073,2214.01,Uber,Delhi,DEVICE_E,2026-03-11 07:46:00,7,2,0,19.02,0,0,0,0,0
TXN009655,USER00567,271.08,Uber,Delhi,DEVICE_B,2026-01-20 06:10:00,6,37,0,16.18,0,0,0,0,0
TXN009656,USER00666,563.23,Netflix,Delhi,DEVICE_E,2026-03-20 20:35:00,20,25,0,29.23,0,0,0,0,0
TXN009657,USER01379,630.85,Zomato,Bangalore,DEVICE_E,2026-05-26 20:18:00,20,43,0,33.71,0,0,0,0,0
TXN009658,USER01736,885.09,Flipkart,Bangalore,DEVICE_E,2026-11-04 01:37:00,1,4,0,6.47,1,0,0,0,0
TXN009659,USER01332,778.35,Swiggy,Delhi,DEVICE_D,2026-02-03 04:53:00,4,47,0,3.43,1,0,0,0,0
TXN009660,USER00868,1128.65,Apple,Pune,DEVICE_D,2026-02-03 06:50:00,6,48,0,4.49,0,0,0,0,0
TXN009661,USER01909,416.89,Amazon,Delhi,DEVICE_E,2026-11-13 07:10:00,7,9,0,6.61,0,0,0,0,0
TXN009662,USER01654,498.77,Netflix,Pune,DEVICE_B,2026-05-23 03:47:00,3,6,0,59.03,1,0,0,0,0
TXN009663,USER01799,5395.76,Walmart,Mumbai,DEVICE_A,2026-05-03 22:25:00,22,29,0,2.95,0,0,0,0,0
TXN009664,USER01070,3853.79,Apple,Pune,DEVICE_C,2026-12-26 08:51:00,8,24,0,42.2,0,0,0,0,0
TXN009665,USER00302,1731.29,Swiggy,Pune,DEVICE_D,2026-01-01 00:25:00,0,41,0,4.55,1,0,0,0,0
TXN009666,USER00868,1897.51,Netflix,Pune,DEVICE_A,2026-08-22 14:18:00,14,33,0,8.57,0,0,0,0,0
TXN009667,USER00912,1380.36,Apple,Delhi,DEVICE_D,2026-01-06 08:03:00,8,46,0,2.69,0,0,0,0,0
TXN009668,USER00408,1028.8,Amazon,Hyderabad,DEVICE_D,2026-06-17 01:55:00,1,20,0,2.18,1,0,0,0,0
TXN009669,USER01213,493.21,Uber,Mumbai,DEVICE_D,2026-07-16 07:28:00,7,28,0,2.0,0,0,0,0,0
TXN009670,USER00822,3974.08,Paytm,Mumbai,DEVICE_E,2026-12-07 08:20:00,8,16,1,8.39,0,0,0,0,1
TXN009671,USER01854,5793.0,Uber,Ahmedabad,DEVICE_E,2026-03-22 01:24:00,1,35,0,14.83,1,0,0,0,0
TXN009672,USER01153,654.96,Swiggy,Mumbai,DEVICE_D,2026-04-17 12:03:00,12,39,0,4.48,0,0,0,0,0
TXN009673,USER00561,2892.5,Amazon,Hyderabad,DEVICE_D,2026-05-15 00:50:00,0,20,1,53.96,1,0,0,0,0
TXN009674,USER01561,725.94,Apple,Mumbai,DEVICE_C,2026-11-15 16:40:00,16,33,0,17.66,0,0,0,0,0
TXN009675,USER01290,524.66,Myntra,Mumbai,DEVICE_A,2026-06-30 22:37:00,22,15,0,43.27,0,0,0,0,0
TXN009676,USER01142,719.07,Paytm,Bangalore,DEVICE_A,2026-08-27 13:47:00,13,45,0,3.22,0,0,0,0,0
TXN009677,USER00464,758.09,Uber,Kolkata,DEVICE_B,2026-07-30 02:46:00,2,43,0,3.1,1,0,0,0,0
TXN009678,USER00144,1821.39,Flipkart,Ahmedabad,DEVICE_B,2026-08-07 11:25:00,11,8,0,37.51,0,0,0,0,0
TXN009679,USER00442,709.39,Apple,Bangalore,DEVICE_B,2026-01-06 07:05:00,7,43,0,16.79,0,0,0,0,0
TXN009680,USER01224,2285.16,Uber,Delhi,DEVICE_E,2026-06-26 03:13:00,3,2,0,55.8,1,0,0,0,0
TXN009681,USER01181,548.55,Apple,Ahmedabad,DEVICE_E,2026-07-06 21:28:00,21,22,0,3.18,0,0,0,0,0
TXN009682,USER00487,1003.16,Paytm,Delhi,DEVICE_C,2026-08-26 17:53:00,17,12,0,0.53,0,0,0,0,0
TXN009683,USER00860,381.91,Swiggy,Ahmedabad,DEVICE_E,2026-03-31 14:05:00,14,37,0,49.67,0,0,0,0,0
TXN009684,USER01158,327.32,Walmart,Pune,DEVICE_B,2026-02-13 22:20:00,22,33,0,24.0,0,0,0,0,0
TXN009685,USER01936,1472.33,Uber,Chennai,DEVICE_D,2026-12-08 11:01:00,11,29,0,32.92,0,0,0,0,0
TXN009686,USER00148,1166.4,Apple,Ahmedabad,DEVICE_B,2026-12-02 15:34:00,15,38,0,7.02,0,0,0,0,0
TXN009687,USER01360,699.14,Walmart,Kolkata,DEVICE_C,2026-07-28 02:32:00,2,25,0,0.06,1,0,0,0,0
TXN009688,USER01095,459.38,Walmart,Hyderabad,DEVICE_D,2026-12-24 03:49:00,3,31,0,13.19,1,0,0,0,0
TXN009689,USER01257,372.11,Flipkart,Bangalore,DEVICE_E,2026-07-20 02:22:00,2,19,0,92.12,1,0,0,0,0
TXN009690,USER01358,1460.46,Walmart,Ahmedabad,DEVICE_D,2026-11-02 10:47:00,10,45,0,47.62,0,0,0,0,0
TXN009691,USER00811,568.82,Paytm,Delhi,DEVICE_C,2026-01-08 10:34:00,10,37,0,1.49,0,0,0,0,0
TXN009692,USER00666,4608.84,Amazon,Hyderabad,DEVICE_E,2026-10-18 00:58:00,0,8,0,4.16,1,0,0,0,0
TXN009693,USER00090,1247.09,Walmart,Mumbai,DEVICE_A,2026-02-03 22:49:00,22,38,1,7.46,0,0,0,0,0
TXN009694,USER01358,1711.38,Myntra,Hyderabad,DEVICE_B,2026-05-06 05:19:00,5,15,0,35.49,1,0,0,0,0
TXN009695,USER00199,3788.65,Apple,Bangalore,DEVICE_B,2026-05-02 18:51:00,18,44,0,34.83,0,0,0,0,0
TXN009696,USER01185,506.02,Walmart,Kolkata,DEVICE_C,2026-03-17 21:31:00,21,37,0,4.09,0,0,0,0,0
TXN009697,USER00538,1597.27,Zomato,Chennai,DEVICE_C,2026-11-22 23:04:00,23,3,0,15.23,0,0,0,0,0
TXN009698,USER01145,1675.65,Amazon,Pune,DEVICE_B,2026-08-13 08:51:00,8,11,0,13.93,0,0,0,0,0
TXN009699,USER00301,669.77,Netflix,Bangalore,DEVICE_D,2026-09-29 15:12:00,15,25,1,10.7,0,0,0,0,0
TXN009700,USER00724,268.0,Amazon,Pune,DEVICE_A,2026-04-07 23:42:00,23,9,0,15.35,0,0,0,0,0
TXN009701,USER01599,153.19,Swiggy,Kolkata,DEVICE_A,2026-04-28 23:03:00,23,15,0,6.93,0,0,0,0,0
TXN009702,USER00963,471.85,Netflix,Delhi,DEVICE_C,2026-07-07 09:24:00,9,0,1,15.17,0,0,0,1,0
TXN009703,USER01460,2914.09,Flipkart,Pune,DEVICE_C,2026-07-16 22:58:00,22,11,0,23.14,0,0,0,0,0
TXN009704,USER00068,527.77,Amazon,Delhi,DEVICE_D,2026-07-25 22:48:00,22,21,0,1.29,0,0,0,0,0
TXN009705,USER01789,2534.44,Swiggy,Hyderabad,DEVICE_C,2026-06-01 17:01:00,17,28,0,68.41,0,0,0,0,0
TXN009706,USER01946,537.68,Amazon,Bangalore,DEVICE_A,2026-11-14 10:15:00,10,18,0,3.61,0,0,0,0,0
TXN009707,USER00459,1112.12,Walmart,Delhi,DEVICE_B,2026-07-20 16:07:00,16,29,0,8.94,0,0,0,0,0
TXN009708,USER01538,1720.24,Uber,Mumbai,DEVICE_A,2026-12-08 14:21:00,14,27,0,12.72,0,0,0,0,0
TXN009709,USER00398,2700.91,Uber,Mumbai,DEVICE_D,2026-05-17 13:42:00,13,20,0,0.84,0,0,0,0,0
TXN009710,USER00620,705.61,Swiggy,Chennai,DEVICE_B,2026-10-27 16:10:00,16,17,1,15.9,0,0,0,0,1
TXN009711,USER01310,599.98,Amazon,Hyderabad,DEVICE_B,2026-02-26 22:39:00,22,40,0,40.8,0,0,0,0,0
TXN009712,USER01585,179.89,Swiggy,Delhi,DEVICE_A,2026-02-22 06:00:00,6,23,0,46.26,0,0,0,0,0
TXN009713,USER01164,725.89,Flipkart,Chennai,DEVICE_B,2026-05-05 15:00:00,15,25,0,7.9,0,0,0,0,0
TXN009714,USER00730,21225.37,Uber,Mumbai,DEVICE_B,2026-08-02 07:07:00,7,35,1,16.36,0,1,0,0,1
TXN009715,USER00556,878.31,Zomato,Chennai,DEVICE_C,2026-02-18 05:22:00,5,42,0,29.99,1,0,0,0,0
TXN009716,USER01953,297.35,Netflix,Ahmedabad,DEVICE_B,2026-07-28 03:46:00,3,15,0,5.83,1,0,0,0,1
TXN009717,USER00781,932.68,Paytm,Chennai,DEVICE_D,2026-07-10 01:00:00,1,31,0,15.04,1,0,0,0,0
TXN009718,USER01614,2080.92,Walmart,Delhi,DEVICE_B,2026-10-03 20:14:00,20,1,0,9.14,0,0,0,1,1
TXN009719,USER01752,623.44,Zomato,Delhi,DEVICE_C,2026-01-24 19:20:00,19,8,0,9.5,0,0,0,0,0
TXN009720,USER00894,401.73,Zomato,Delhi,DEVICE_E,2026-07-26 01:32:00,1,17,0,1.98,1,0,0,0,1
TXN009721,USER00610,10523.0,Apple,Hyderabad,DEVICE_E,2026-06-25 17:33:00,17,48,0,10.45,0,1,0,0,0
TXN009722,USER00748,1532.67,Zomato,Pune,DEVICE_D,2026-07-17 00:47:00,0,48,0,3.51,1,0,0,0,0
TXN009723,USER00282,4352.34,Netflix,Chennai,DEVICE_D,2026-09-22 14:24:00,14,45,0,7.17,0,0,0,0,0
TXN009724,USER00661,764.89,Netflix,Chennai,DEVICE_B,2026-07-25 11:45:00,11,44,0,8.02,0,0,0,0,0
TXN009725,USER00924,5410.29,Walmart,Hyderabad,DEVICE_B,2026-03-02 21:54:00,21,18,1,11.26,0,0,0,0,0
TXN009726,USER01840,2481.67,Swiggy,Mumbai,DEVICE_E,2026-06-10 04:22:00,4,37,0,49.76,1,0,0,0,0
TXN009727,USER00996,1737.25,Myntra,Bangalore,DEVICE_E,2026-12-07 08:46:00,8,11,0,19.94,0,0,0,0,0
TXN009728,USER01960,362.9,Myntra,Pune,DEVICE_A,2026-03-02 07:48:00,7,12,0,73.35,0,0,0,0,0
TXN009729,USER01602,565.58,Amazon,Mumbai,DEVICE_E,2026-07-24 15:46:00,15,34,0,17.86,0,0,0,0,0
TXN009730,USER00746,1644.27,Amazon,Hyderabad,DEVICE_E,2026-09-14 17:37:00,17,47,0,32.75,0,0,0,0,0
TXN009731,USER01481,802.27,Paytm,Pune,DEVICE_D,2026-04-19 12:03:00,12,9,0,35.93,0,0,0,0,0
TXN009732,USER00087,1533.47,Netflix,Pune,DEVICE_A,2026-12-09 16:20:00,16,21,1,26.86,0,0,0,0,0
TXN009733,USER01103,714.01,Amazon,Chennai,DEVICE_A,2026-01-05 17:51:00,17,9,0,22.17,0,0,0,0,0
TXN009734,USER01229,1602.54,Apple,Chennai,DEVICE_B,2026-10-01 04:12:00,4,49,0,10.82,1,0,0,0,0
TXN009735,USER00791,608.06,Amazon,Delhi,DEVICE_B,2026-10-20 10:15:00,10,34,0,16.75,0,0,0,0,0
TXN009736,USER01361,1644.57,Flipkart,Delhi,DEVICE_A,2026-10-17 16:59:00,16,44,0,4.31,0,0,0,0,0
TXN009737,USER01278,442.46,Flipkart,Ahmedabad,DEVICE_A,2026-01-24 13:57:00,13,15,0,19.26,0,0,0,0,0
TXN009738,USER00304,805.51,Apple,Chennai,DEVICE_B,2026-12-08 17:03:00,17,35,0,14.44,0,0,0,0,0
TXN009739,USER01404,903.7,Zomato,Chennai,DEVICE_D,2026-12-20 19:19:00,19,10,0,32.63,0,0,0,0,0
TXN009740,USER00130,487.05,Flipkart,Kolkata,DEVICE_D,2026-08-09 06:25:00,6,16,0,46.57,0,0,0,0,0
TXN009741,USER00596,615.5,Myntra,Pune,DEVICE_D,2026-02-08 04:56:00,4,24,1,2.85,1,0,0,0,0
TXN009742,USER01300,1411.0,Myntra,Delhi,DEVICE_D,2026-06-29 15:35:00,15,0,0,23.48,0,0,0,1,0
TXN009743,USER01723,2073.64,Flipkart,Delhi,DEVICE_B,2026-07-19 07:31:00,7,11,0,59.93,0,0,0,0,0
TXN009744,USER00558,1374.22,Amazon,Mumbai,DEVICE_C,2026-06-21 15:53:00,15,2,0,49.99,0,0,0,0,0
TXN009745,USER00899,1730.36,Paytm,Chennai,DEVICE_E,2026-09-21 12:32:00,12,8,1,35.97,0,0,0,0,0
TXN009746,USER01207,1184.68,Paytm,Pune,DEVICE_E,2026-12-15 21:26:00,21,18,0,0.99,0,0,0,0,0
TXN009747,USER01292,586.75,Myntra,Chennai,DEVICE_E,2026-03-31 05:51:00,5,18,1,5.82,1,0,0,0,0
TXN009748,USER01832,231.79,Flipkart,Hyderabad,DEVICE_E,2026-10-11 06:56:00,6,49,0,3.21,0,0,0,0,0
TXN009749,USER01346,680.89,Zomato,Mumbai,DEVICE_B,2026-02-21 16:58:00,16,19,0,52.33,0,0,0,0,1
TXN009750,USER01536,982.93,Walmart,Bangalore,DEVICE_C,2026-07-06 11:21:00,11,10,0,27.64,0,0,0,0,0
TXN009751,USER01636,623.27,Amazon,Bangalore,DEVICE_B,2026-07-11 16:26:00,16,23,0,15.18,0,0,0,0,0
TXN009752,USER00078,4436.29,Amazon,Bangalore,DEVICE_C,2026-06-09 05:31:00,5,21,0,77.65,1,0,0,0,0
TXN009753,USER00784,1406.36,Paytm,Pune,DEVICE_B,2026-04-19 06:13:00,6,0,1,4.33,0,0,0,1,1
TXN009754,USER01363,1009.93,Flipkart,Kolkata,DEVICE_A,2026-09-18 08:52:00,8,43,0,20.52,0,0,0,0,0
TXN009755,USER00674,1794.29,Swiggy,Delhi,DEVICE_C,2026-01-10 03:41:00,3,42,0,18.8,1,0,0,0,0
TXN009756,USER01580,6769.69,Uber,Pune,DEVICE_E,2026-08-16 20:03:00,20,9,0,8.32,0,0,0,0,0
TXN009757,USER01533,851.17,Flipkart,Bangalore,DEVICE_C,2026-11-12 12:00:00,12,10,0,13.29,0,0,0,0,0
TXN009758,USER00238,460.44,Apple,Hyderabad,DEVICE_D,2026-06-18 04:06:00,4,7,0,5.37,1,0,0,0,0
TXN009759,USER01158,1465.07,Flipkart,Ahmedabad,DEVICE_C,2026-03-19 01:35:00,1,16,0,22.61,1,0,0,0,0
TXN009760,USER01997,389.8,Amazon,Pune,DEVICE_D,2026-03-30 10:57:00,10,5,0,10.83,0,0,0,0,0
TXN009761,USER01216,464.97,Walmart,Pune,DEVICE_D,2026-10-31 09:20:00,9,6,0,0.48,0,0,0,0,0
TXN009762,USER01380,3950.53,Apple,Ahmedabad,DEVICE_A,2026-01-09 10:31:00,10,30,1,60.23,0,0,0,0,0
TXN009763,USER00278,3520.04,Paytm,Delhi,DEVICE_C,2026-07-19 07:08:00,7,36,0,13.92,0,0,0,0,0
TXN009764,USER01042,1968.88,Netflix,Delhi,DEVICE_A,2026-04-20 07:44:00,7,3,1,24.46,0,0,0,0,1
TXN009765,USER00524,1557.57,Netflix,Bangalore,DEVICE_E,2026-09-12 18:50:00,18,6,0,4.39,0,0,0,0,0
TXN009766,USER00180,365.44,Swiggy,Delhi,DEVICE_C,2026-10-27 08:45:00,8,15,0,2.72,0,0,0,0,0
TXN009767,USER00123,529.65,Paytm,Ahmedabad,DEVICE_B,2026-10-11 15:50:00,15,24,0,46.54,0,0,0,0,0
TXN009768,USER01270,3607.33,Zomato,Mumbai,DEVICE_B,2026-11-26 00:01:00,0,35,0,17.88,1,0,0,0,0
TXN009769,USER01758,694.9,Myntra,Ahmedabad,DEVICE_B,2026-09-02 06:59:00,6,34,0,13.6,0,0,0,0,0
TXN009770,USER01397,533.83,Swiggy,Ahmedabad,DEVICE_D,2026-02-12 22:04:00,22,13,0,14.73,0,0,0,0,0
TXN009771,USER01075,924.32,Netflix,Mumbai,DEVICE_B,2026-10-01 05:01:00,5,35,0,5.39,1,0,0,0,0
TXN009772,USER01095,1843.34,Myntra,Ahmedabad,DEVICE_E,2026-02-22 10:07:00,10,8,0,48.76,0,0,0,0,0
TXN009773,USER00480,909.82,Zomato,Bangalore,DEVICE_C,2026-05-06 04:23:00,4,10,0,4.82,1,0,0,0,0
TXN009774,USER01584,934.31,Paytm,Pune,DEVICE_C,2026-10-26 13:52:00,13,0,0,3.44,0,0,0,1,0
TXN009775,USER01043,154.43,Myntra,Hyderabad,DEVICE_D,2026-05-17 03:29:00,3,8,1,53.2,1,0,0,0,0
TXN009776,USER01798,1028.92,Paytm,Delhi,DEVICE_D,2026-11-22 11:53:00,11,24,0,5.96,0,0,0,0,0
TXN009777,USER00084,2691.02,Zomato,Chennai,DEVICE_D,2026-04-29 20:20:00,20,39,0,39.68,0,0,0,0,0
TXN009778,USER01179,1030.98,Uber,Pune,DEVICE_E,2026-04-27 13:08:00,13,14,0,29.61,0,0,0,0,0
TXN009779,USER00565,7065.25,Apple,Bangalore,DEVICE_C,2026-04-01 13:18:00,13,23,0,9.62,0,0,0,0,0
TXN009780,USER00619,572.45,Myntra,Kolkata,DEVICE_A,2026-04-25 21:37:00,21,7,1,5.86,0,0,0,0,0
TXN009781,USER00357,705.87,Myntra,Delhi,DEVICE_D,2026-09-02 17:24:00,17,28,1,28.46,0,0,0,0,1
TXN009782,USER00816,599.76,Paytm,Bangalore,DEVICE_B,2026-01-13 20:22:00,20,6,1,18.21,0,0,0,0,0
TXN009783,USER00647,584.86,Paytm,Ahmedabad,DEVICE_A,2026-06-11 00:27:00,0,45,1,5.86,1,0,0,0,0
TXN009784,USER00443,1777.98,Myntra,Bangalore,DEVICE_A,2026-06-26 05:12:00,5,17,1,44.31,1,0,0,0,0
TXN009785,USER01093,856.27,Paytm,Hyderabad,DEVICE_D,2026-07-28 14:31:00,14,2,0,25.53,0,0,0,0,0
TXN009786,USER00523,6310.11,Walmart,Chennai,DEVICE_B,2026-06-21 23:15:00,23,46,1,48.0,0,0,0,0,1
TXN009787,USER00143,1369.86,Walmart,Delhi,DEVICE_D,2026-11-21 17:51:00,17,23,0,11.51,0,0,0,0,0
TXN009788,USER00192,500.31,Uber,Bangalore,DEVICE_D,2026-06-10 03:15:00,3,19,0,2.74,1,0,0,0,1
TXN009789,USER01411,448.83,Uber,Bangalore,DEVICE_B,2026-10-23 11:05:00,11,30,0,51.56,0,0,0,0,0
TXN009790,USER00378,4914.88,Uber,Pune,DEVICE_A,2026-09-25 03:19:00,3,25,0,18.4,1,0,0,0,0
TXN009791,USER00581,1337.62,Netflix,Delhi,DEVICE_A,2026-11-25 23:40:00,23,37,0,18.63,0,0,0,0,0
TXN009792,USER00535,3550.05,Netflix,Ahmedabad,DEVICE_B,2026-10-11 04:52:00,4,46,0,17.55,1,0,0,0,0
TXN009793,USER01717,1167.43,Flipkart,Bangalore,DEVICE_A,2026-02-04 21:26:00,21,45,0,12.79,0,0,0,0,0
TXN009794,USER01317,1112.42,Swiggy,Bangalore,DEVICE_E,2026-01-20 12:42:00,12,42,0,5.89,0,0,0,0,0
TXN009795,USER01033,3662.13,Apple,Bangalore,DEVICE_D,2026-05-13 21:42:00,21,7,0,18.99,0,0,0,0,0
TXN009796,USER01295,1533.81,Walmart,Mumbai,DEVICE_E,2026-07-24 13:43:00,13,31,0,25.36,0,0,0,0,0
TXN009797,USER01411,1518.69,Zomato,Mumbai,DEVICE_E,2026-11-01 13:39:00,13,7,0,49.67,0,0,0,0,0
TXN009798,USER00093,761.47,Apple,Chennai,DEVICE_E,2026-06-22 13:14:00,13,4,1,1.5,0,0,0,0,0
TXN009799,USER01990,2402.53,Apple,Hyderabad,DEVICE_C,2026-07-07 07:10:00,7,15,0,5.88,0,0,0,0,1
TXN009800,USER00529,1025.73,Zomato,Pune,DEVICE_C,2026-01-14 23:57:00,23,26,1,29.98,0,0,0,0,0
TXN009801,USER01178,665.43,Amazon,Pune,DEVICE_E,2026-05-12 09:09:00,9,38,0,29.85,0,0,0,0,0
TXN009802,USER00405,7610.15,Myntra,Delhi,DEVICE_D,2026-08-19 14:15:00,14,0,0,4.77,0,0,0,1,1
TXN009803,USER00840,837.44,Swiggy,Hyderabad,DEVICE_E,2026-09-27 07:46:00,7,4,0,4.08,0,0,0,0,0
TXN009804,USER01173,538.44,Flipkart,Ahmedabad,DEVICE_E,2026-01-05 08:36:00,8,2,0,9.15,0,0,0,0,0
TXN009805,USER00889,3052.41,Uber,Hyderabad,DEVICE_C,2026-12-27 07:34:00,7,44,1,1.3,0,0,0,0,0
TXN009806,USER01291,2020.0,Zomato,Pune,DEVICE_E,2026-03-11 02:28:00,2,16,0,26.21,1,0,0,0,0
TXN009807,USER00422,603.9,Netflix,Ahmedabad,DEVICE_D,2026-08-26 06:22:00,6,32,1,22.16,0,0,0,0,1
TXN009808,USER01864,1021.51,Uber,Mumbai,DEVICE_D,2026-04-03 02:01:00,2,18,0,39.14,1,0,0,0,0
TXN009809,USER01642,2002.26,Paytm,Chennai,DEVICE_E,2026-07-19 12:49:00,12,3,0,11.24,0,0,0,0,0
TXN009810,USER00472,1326.33,Zomato,Ahmedabad,DEVICE_D,2026-08-13 10:58:00,10,12,0,20.25,0,0,0,0,0
TXN009811,USER00893,2224.74,Uber,Ahmedabad,DEVICE_E,2026-05-27 12:17:00,12,49,0,61.56,0,0,0,0,0
TXN009812,USER00547,1090.15,Myntra,Hyderabad,DEVICE_C,2026-03-11 11:30:00,11,42,1,63.79,0,0,0,0,0
TXN009813,USER00631,2289.92,Myntra,Pune,DEVICE_E,2026-02-05 19:44:00,19,25,0,1.47,0,0,0,0,0
TXN009814,USER01550,830.45,Myntra,Hyderabad,DEVICE_A,2026-06-22 21:13:00,21,40,0,0.04,0,0,0,0,0
TXN009815,USER01527,613.18,Uber,Bangalore,DEVICE_C,2026-07-20 00:52:00,0,30,0,64.37,1,0,0,0,0
TXN009816,USER01038,2829.07,Myntra,Delhi,DEVICE_D,2026-01-28 21:03:00,21,34,0,15.33,0,0,0,0,0
TXN009817,USER00778,1425.07,Walmart,Chennai,DEVICE_D,2026-03-18 10:32:00,10,15,0,24.11,0,0,0,0,0
TXN009818,USER01676,2035.03,Netflix,Pune,DEVICE_C,2026-11-07 19:09:00,19,23,0,48.74,0,0,0,0,0
TXN009819,USER01830,3300.73,Flipkart,Delhi,DEVICE_A,2026-09-15 16:21:00,16,29,0,11.35,0,0,0,0,0
TXN009820,USER00364,655.03,Zomato,Ahmedabad,DEVICE_C,2026-02-27 10:59:00,10,16,1,11.62,0,0,0,0,0
TXN009821,USER00119,1770.72,Apple,Mumbai,DEVICE_B,2026-04-09 23:59:00,23,12,0,3.65,0,0,0,0,0
TXN009822,USER01262,8848.41,Uber,Hyderabad,DEVICE_A,2026-09-06 18:17:00,18,37,0,47.25,0,0,0,0,0
TXN009823,USER00546,949.45,Uber,Hyderabad,DEVICE_C,2026-12-25 10:23:00,10,6,0,20.86,0,0,0,0,0
TXN009824,USER01193,370.28,Netflix,Kolkata,DEVICE_B,2026-11-30 03:18:00,3,8,0,3.98,1,0,0,0,0
TXN009825,USER00522,2298.1,Amazon,Delhi,DEVICE_E,2026-03-09 09:36:00,9,20,0,16.41,0,0,0,0,0
TXN009826,USER00634,245.11,Swiggy,Mumbai,DEVICE_A,2026-11-06 06:55:00,6,29,0,7.95,0,0,0,0,0
TXN009827,USER01937,408.35,Paytm,Pune,DEVICE_E,2026-04-28 16:40:00,16,36,0,3.18,0,0,0,0,0
TXN009828,USER01681,1102.79,Zomato,Kolkata,DEVICE_B,2026-06-20 04:29:00,4,36,0,4.01,1,0,0,0,0
TXN009829,USER00963,1068.62,Amazon,Ahmedabad,DEVICE_D,2026-04-01 02:43:00,2,21,0,16.39,1,0,0,0,0
TXN009830,USER00958,1299.06,Paytm,Kolkata,DEVICE_D,2026-08-25 23:18:00,23,46,0,16.62,0,0,0,0,0
TXN009831,USER01759,7991.98,Swiggy,Bangalore,DEVICE_D,2026-06-29 23:36:00,23,30,0,31.21,0,0,0,0,0
TXN009832,USER00883,1183.41,Apple,Kolkata,DEVICE_E,2026-10-04 23:29:00,23,3,1,5.7,0,0,0,0,1
TXN009833,USER01793,652.21,Uber,Kolkata,DEVICE_A,2026-11-20 21:48:00,21,9,0,49.5,0,0,0,0,0
TXN009834,USER00780,615.83,Myntra,Bangalore,DEVICE_E,2026-05-26 16:23:00,16,29,0,14.62,0,0,0,0,0
TXN009835,USER00871,727.42,Netflix,Hyderabad,DEVICE_E,2026-11-02 07:47:00,7,29,0,4.57,0,0,0,0,0
TXN009836,USER00516,367.85,Zomato,Hyderabad,DEVICE_D,2026-02-08 05:33:00,5,40,1,10.66,1,0,0,0,0
TXN009837,USER00938,1815.38,Netflix,Ahmedabad,DEVICE_E,2026-12-08 02:11:00,2,6,1,51.37,1,0,0,0,0
TXN009838,USER01421,1438.75,Flipkart,Chennai,DEVICE_B,2026-02-22 07:27:00,7,14,0,13.01,0,0,0,0,0
TXN009839,USER00866,1669.18,Apple,Kolkata,DEVICE_C,2026-06-13 06:33:00,6,18,0,41.54,0,0,0,0,0
TXN009840,USER00106,2254.34,Flipkart,Delhi,DEVICE_C,2026-05-21 15:05:00,15,9,0,3.48,0,0,0,0,0
TXN009841,USER01109,1914.75,Swiggy,Hyderabad,DEVICE_C,2026-03-29 22:48:00,22,38,0,49.06,0,0,0,0,0
TXN009842,USER00214,316.29,Swiggy,Mumbai,DEVICE_D,2026-11-18 19:12:00,19,26,0,11.26,0,0,0,0,0
TXN009843,USER01145,851.41,Walmart,Pune,DEVICE_D,2026-01-04 21:32:00,21,2,0,55.02,0,0,0,0,0
TXN009844,USER01156,883.56,Swiggy,Delhi,DEVICE_C,2026-10-24 22:13:00,22,34,0,40.21,0,0,0,0,0
TXN009845,USER00850,3787.77,Amazon,Chennai,DEVICE_A,2026-11-12 05:00:00,5,17,0,21.57,1,0,0,0,0
TXN009846,USER00197,4099.41,Amazon,Kolkata,DEVICE_C,2026-06-15 01:59:00,1,23,0,22.35,1,0,0,0,0
TXN009847,USER00019,747.39,Myntra,Bangalore,DEVICE_E,2026-06-25 16:29:00,16,12,0,4.75,0,0,0,0,0
TXN009848,USER00642,449.37,Uber,Chennai,DEVICE_C,2026-01-22 10:47:00,10,43,0,18.47,0,0,0,0,0
TXN009849,USER01036,1264.81,Netflix,Delhi,DEVICE_C,2026-07-07 06:55:00,6,16,0,15.95,0,0,0,0,0
TXN009850,USER01105,823.17,Uber,Bangalore,DEVICE_A,2026-01-16 03:35:00,3,16,0,8.13,1,0,0,0,0
TXN009851,USER00330,1017.19,Uber,Ahmedabad,DEVICE_D,2026-08-10 21:47:00,21,10,0,14.09,0,0,0,0,0
TXN009852,USER00866,3274.9,Amazon,Mumbai,DEVICE_D,2026-07-24 18:24:00,18,16,0,52.94,0,0,0,0,0
TXN009853,USER00774,1396.87,Netflix,Bangalore,DEVICE_E,2026-06-26 08:00:00,8,48,1,0.11,0,0,0,0,0
TXN009854,USER00392,712.04,Myntra,Bangalore,DEVICE_C,2026-06-16 14:14:00,14,18,0,10.8,0,0,0,0,0
TXN009855,USER00637,606.1,Apple,Mumbai,DEVICE_B,2026-05-08 18:02:00,18,6,0,8.12,0,0,0,0,0
TXN009856,USER00307,301.14,Walmart,Hyderabad,DEVICE_E,2026-02-24 06:20:00,6,18,0,65.0,0,0,0,0,0
TXN009857,USER01291,1819.22,Amazon,Hyderabad,DEVICE_D,2026-07-15 18:19:00,18,33,0,72.91,0,0,0,0,0
TXN009858,USER01471,1413.7,Flipkart,Bangalore,DEVICE_A,2026-08-26 12:58:00,12,28,0,17.62,0,0,0,0,0
TXN009859,USER01465,1821.02,Walmart,Pune,DEVICE_D,2026-08-27 10:37:00,10,29,0,15.97,0,0,0,0,0
TXN009860,USER00895,1080.19,Apple,Bangalore,DEVICE_D,2026-05-02 12:41:00,12,41,0,46.7,0,0,0,0,0
TXN009861,USER00652,423.86,Swiggy,Chennai,DEVICE_A,2026-02-16 21:43:00,21,28,0,0.13,0,0,0,0,0
TXN009862,USER00841,1153.0,Uber,Pune,DEVICE_C,2026-09-13 23:06:00,23,37,0,16.52,0,0,0,0,0
TXN009863,USER01026,3058.07,Zomato,Hyderabad,DEVICE_C,2026-01-16 14:23:00,14,47,0,0.5,0,0,0,0,0
TXN009864,USER00520,1155.65,Myntra,Mumbai,DEVICE_D,2026-01-20 20:52:00,20,7,0,68.94,0,0,0,0,0
TXN009865,USER01786,4809.84,Uber,Kolkata,DEVICE_E,2026-03-25 18:49:00,18,3,0,7.72,0,0,0,0,0
TXN009866,USER01675,1376.12,Swiggy,Kolkata,DEVICE_B,2026-06-09 04:58:00,4,27,0,14.71,1,0,0,0,0
TXN009867,USER00636,6444.11,Apple,Bangalore,DEVICE_E,2026-01-03 15:26:00,15,10,0,10.81,0,0,0,0,0
TXN009868,USER01333,6933.36,Flipkart,Bangalore,DEVICE_E,2026-01-05 01:06:00,1,17,0,44.82,1,0,0,0,1
TXN009869,USER00740,488.9,Myntra,Kolkata,DEVICE_D,2026-01-11 06:48:00,6,20,0,172.22,0,0,0,0,0
TXN009870,USER01546,612.75,Myntra,Chennai,DEVICE_D,2026-06-25 18:18:00,18,46,0,1.42,0,0,0,0,0
TXN009871,USER00469,726.8,Apple,Chennai,DEVICE_B,2026-02-08 15:35:00,15,47,0,26.34,0,0,0,0,0
TXN009872,USER00212,235.77,Walmart,Chennai,DEVICE_B,2026-07-18 01:51:00,1,39,0,9.18,1,0,0,0,0
TXN009873,USER01136,1664.98,Paytm,Ahmedabad,DEVICE_B,2026-11-27 23:43:00,23,31,0,2.99,0,0,0,0,0
TXN009874,USER01032,1624.48,Uber,Delhi,DEVICE_D,2026-12-31 14:26:00,14,16,0,10.4,0,0,0,0,0
TXN009875,USER00804,1303.62,Walmart,Mumbai,DEVICE_D,2026-07-11 01:50:00,1,33,0,125.81,1,0,0,0,0
TXN009876,USER00477,364.62,Amazon,Delhi,DEVICE_E,2026-06-10 23:36:00,23,16,0,8.85,0,0,0,0,0
TXN009877,USER00874,4580.85,Apple,Bangalore,DEVICE_D,2026-08-21 23:20:00,23,14,0,6.5,0,0,0,0,0
TXN009878,USER00460,201.87,Amazon,Chennai,DEVICE_C,2026-11-09 22:47:00,22,19,0,37.44,0,0,0,0,0
TXN009879,USER00253,333.39,Flipkart,Chennai,DEVICE_C,2026-11-05 16:34:00,16,38,0,40.49,0,0,0,0,0
TXN009880,USER01550,2434.65,Walmart,Kolkata,DEVICE_B,2026-08-13 01:10:00,1,10,1,8.28,1,0,0,0,0
TXN009881,USER00752,1457.28,Zomato,Ahmedabad,DEVICE_D,2026-11-26 10:37:00,10,18,0,7.1,0,0,0,0,0
TXN009882,USER01462,631.0,Paytm,Kolkata,DEVICE_C,2026-03-10 11:39:00,11,31,1,20.84,0,0,0,0,1
TXN009883,USER01778,1152.26,Apple,Pune,DEVICE_E,2026-04-17 18:06:00,18,23,0,4.59,0,0,0,0,0
TXN009884,USER00981,1231.83,Apple,Chennai,DEVICE_A,2026-04-25 03:50:00,3,5,0,13.22,1,0,0,0,1
TXN009885,USER00854,3164.81,Paytm,Ahmedabad,DEVICE_E,2026-07-03 18:16:00,18,17,0,3.05,0,0,0,0,0
TXN009886,USER01685,366.99,Myntra,Hyderabad,DEVICE_A,2026-11-09 02:08:00,2,40,1,7.27,1,0,0,0,1
TXN009887,USER00236,1426.11,Swiggy,Kolkata,DEVICE_E,2026-10-21 05:54:00,5,47,0,7.06,1,0,0,0,0
TXN009888,USER01330,2895.44,Flipkart,Mumbai,DEVICE_C,2026-01-07 08:36:00,8,12,0,23.74,0,0,0,0,0
TXN009889,USER00478,446.64,Walmart,Ahmedabad,DEVICE_D,2026-10-05 10:40:00,10,25,0,6.63,0,0,0,0,0
TXN009890,USER00679,1046.91,Apple,Delhi,DEVICE_A,2026-02-01 13:52:00,13,7,0,45.75,0,0,0,0,0
TXN009891,USER01044,1039.96,Apple,Ahmedabad,DEVICE_D,2026-07-30 21:00:00,21,25,0,81.55,0,0,0,0,0
TXN009892,USER00216,256.67,Paytm,Mumbai,DEVICE_D,2026-08-30 08:19:00,8,48,0,1.69,0,0,0,0,0
TXN009893,USER00855,1426.46,Zomato,Kolkata,DEVICE_C,2026-04-29 03:48:00,3,13,0,10.14,1,0,0,0,0
TXN009894,USER00135,1505.21,Paytm,Chennai,DEVICE_B,2026-12-01 19:31:00,19,40,1,7.19,0,0,0,0,1
TXN009895,USER00905,4216.0,Paytm,Bangalore,DEVICE_B,2026-11-08 14:57:00,14,5,1,8.68,0,0,0,0,1
TXN009896,USER01153,1075.79,Uber,Ahmedabad,DEVICE_A,2026-11-22 06:27:00,6,15,1,6.17,0,0,0,0,0
TXN009897,USER00410,1626.17,Walmart,Hyderabad,DEVICE_C,2026-11-07 04:01:00,4,34,1,9.65,1,0,0,0,0
TXN009898,USER01446,4125.66,Myntra,Kolkata,DEVICE_D,2026-10-19 18:50:00,18,33,0,3.05,0,0,0,0,0
TXN009899,USER01318,615.48,Paytm,Mumbai,DEVICE_E,2026-05-25 02:55:00,2,39,1,6.57,1,0,0,0,0
TXN009900,USER01270,378.88,Zomato,Ahmedabad,DEVICE_E,2026-01-09 04:44:00,4,26,0,27.55,1,0,0,0,0
TXN009901,USER01725,1223.98,Myntra,Bangalore,DEVICE_A,2026-10-03 09:45:00,9,35,1,8.43,0,0,0,0,1
TXN009902,USER01580,918.27,Netflix,Kolkata,DEVICE_A,2026-10-15 00:01:00,0,11,0,4.66,1,0,0,0,0
TXN009903,USER00086,1010.57,Walmart,Chennai,DEVICE_A,2026-05-31 04:10:00,4,0,0,2.3,1,0,0,1,1
TXN009904,USER00556,749.42,Apple,Pune,DEVICE_C,2026-07-09 11:14:00,11,28,0,8.55,0,0,0,0,0
TXN009905,USER01866,514.99,Netflix,Chennai,DEVICE_E,2026-08-15 01:25:00,1,16,0,20.62,1,0,0,0,0
TXN009906,USER01399,2542.31,Myntra,Chennai,DEVICE_C,2026-03-28 13:19:00,13,17,1,5.84,0,0,0,0,0
TXN009907,USER01470,1076.67,Myntra,Chennai,DEVICE_C,2026-08-25 12:27:00,12,48,0,10.98,0,0,0,0,0
TXN009908,USER00378,8274.43,Walmart,Kolkata,DEVICE_D,2026-06-07 08:01:00,8,15,0,60.9,0,0,0,0,0
TXN009909,USER01414,430.1,Swiggy,Pune,DEVICE_C,2026-02-22 16:49:00,16,34,0,16.08,0,0,0,0,0
TXN009910,USER01681,6672.28,Uber,Hyderabad,DEVICE_C,2026-02-16 03:37:00,3,8,0,15.18,1,0,0,0,0
TXN009911,USER01075,1426.89,Apple,Hyderabad,DEVICE_D,2026-04-16 14:58:00,14,43,0,10.55,0,0,0,0,0
TXN009912,USER00242,1115.09,Netflix,Mumbai,DEVICE_B,2026-01-03 19:51:00,19,38,0,16.28,0,0,0,0,0
TXN009913,USER01318,407.24,Paytm,Kolkata,DEVICE_D,2026-01-29 20:57:00,20,37,0,83.43,0,0,0,0,0
TXN009914,USER00920,604.07,Flipkart,Ahmedabad,DEVICE_A,2026-04-15 08:45:00,8,42,0,5.86,0,0,0,0,0
TXN009915,USER01587,3404.22,Swiggy,Ahmedabad,DEVICE_B,2026-06-16 16:36:00,16,5,1,56.92,0,0,0,0,1
TXN009916,USER00266,99.59,Apple,Pune,DEVICE_E,2026-09-09 16:34:00,16,25,0,3.23,0,0,0,0,0
TXN009917,USER01144,217.96,Flipkart,Ahmedabad,DEVICE_C,2026-06-04 17:43:00,17,16,0,2.36,0,0,0,0,0
TXN009918,USER00712,257.06,Uber,Pune,DEVICE_B,2026-11-21 09:17:00,9,23,1,21.27,0,0,0,0,0
TXN009919,USER01941,3146.15,Flipkart,Chennai,DEVICE_E,2026-12-30 21:20:00,21,9,1,5.79,0,0,0,0,1
TXN009920,USER01272,2023.66,Paytm,Ahmedabad,DEVICE_D,2026-12-17 17:24:00,17,31,1,11.75,0,0,0,0,0
TXN009921,USER00070,440.66,Flipkart,Hyderabad,DEVICE_D,2026-04-23 11:24:00,11,2,0,26.16,0,0,0,0,0
TXN009922,USER01877,717.34,Swiggy,Kolkata,DEVICE_A,2026-11-25 23:11:00,23,18,0,15.31,0,0,0,0,0
TXN009923,USER00057,1232.56,Amazon,Bangalore,DEVICE_A,2026-01-02 14:46:00,14,34,0,0.28,0,0,0,0,0
TXN009924,USER01406,2745.47,Swiggy,Hyderabad,DEVICE_B,2026-06-09 10:31:00,10,26,0,7.3,0,0,0,0,0
TXN009925,USER00039,440.64,Paytm,Ahmedabad,DEVICE_C,2026-12-30 20:56:00,20,24,0,1.34,0,0,0,0,0
TXN009926,USER00801,1236.3,Netflix,Hyderabad,DEVICE_D,2026-03-21 02:02:00,2,20,0,52.1,1,0,0,0,0
TXN009927,USER01467,804.43,Amazon,Pune,DEVICE_B,2026-07-06 09:11:00,9,1,0,31.66,0,0,0,1,0
TXN009928,USER01042,999.56,Uber,Mumbai,DEVICE_B,2026-03-26 14:22:00,14,19,1,82.51,0,0,0,0,1
TXN009929,USER01976,489.39,Swiggy,Hyderabad,DEVICE_B,2026-10-03 05:38:00,5,22,1,43.28,1,0,0,0,0
TXN009930,USER00732,1324.57,Amazon,Bangalore,DEVICE_A,2026-12-03 09:48:00,9,32,0,12.9,0,0,0,0,0
TXN009931,USER00825,542.29,Myntra,Chennai,DEVICE_D,2026-12-29 21:10:00,21,49,0,42.84,0,0,0,0,0
TXN009932,USER00756,1195.04,Swiggy,Delhi,DEVICE_A,2026-10-01 20:08:00,20,7,0,22.32,0,0,0,0,0
TXN009933,USER00352,4474.94,Amazon,Mumbai,DEVICE_A,2026-11-08 22:01:00,22,36,0,14.87,0,0,0,0,0
TXN009934,USER01996,2805.54,Walmart,Bangalore,DEVICE_B,2026-04-01 15:18:00,15,41,0,9.26,0,0,0,0,0
TXN009935,USER01840,3830.8,Netflix,Mumbai,DEVICE_E,2026-07-28 04:09:00,4,29,1,22.85,1,0,0,0,1
TXN009936,USER01322,1457.94,Apple,Ahmedabad,DEVICE_E,2026-07-12 06:02:00,6,30,0,17.84,0,0,0,0,0
TXN009937,USER00283,3039.82,Flipkart,Kolkata,DEVICE_E,2026-09-02 13:01:00,13,40,0,19.05,0,0,0,0,0
TXN009938,USER01610,216.59,Amazon,Ahmedabad,DEVICE_B,2026-07-14 15:27:00,15,17,0,10.21,0,0,0,0,0
TXN009939,USER00110,238.62,Apple,Chennai,DEVICE_C,2026-08-26 03:31:00,3,30,0,26.89,1,0,0,0,0
TXN009940,USER01017,443.85,Swiggy,Hyderabad,DEVICE_D,2026-01-30 23:48:00,23,25,0,1.7,0,0,0,0,0
TXN009941,USER01204,472.29,Apple,Ahmedabad,DEVICE_B,2026-01-04 04:06:00,4,23,0,25.9,1,0,0,0,0
TXN009942,USER01962,2816.14,Myntra,Kolkata,DEVICE_B,2026-04-21 18:12:00,18,4,1,26.24,0,0,0,0,0
TXN009943,USER00544,282.07,Zomato,Hyderabad,DEVICE_A,2026-01-19 01:43:00,1,10,0,14.51,1,0,0,0,0
TXN009944,USER01770,323.41,Zomato,Ahmedabad,DEVICE_E,2026-11-25 11:37:00,11,23,1,6.11,0,0,0,0,0
TXN009945,USER01818,982.69,Netflix,Pune,DEVICE_B,2026-08-13 15:01:00,15,0,0,14.65,0,0,0,1,0
TXN009946,USER00025,1240.53,Amazon,Bangalore,DEVICE_C,2026-12-12 14:42:00,14,11,1,2.63,0,0,0,0,1
TXN009947,USER00843,2410.39,Myntra,Chennai,DEVICE_D,2026-08-03 19:37:00,19,37,0,6.71,0,0,0,0,0
TXN009948,USER00791,862.08,Flipkart,Delhi,DEVICE_C,2026-05-22 03:21:00,3,22,0,10.94,1,0,0,0,0
TXN009949,USER00738,930.35,Uber,Delhi,DEVICE_B,2026-05-11 00:41:00,0,43,0,22.37,1,0,0,0,1
TXN009950,USER00057,2436.89,Paytm,Hyderabad,DEVICE_B,2026-02-17 05:22:00,5,24,0,4.15,1,0,0,0,0
TXN009951,USER00180,487.89,Netflix,Kolkata,DEVICE_A,2026-05-31 08:21:00,8,11,0,3.44,0,0,0,0,0
TXN009952,USER00232,1224.64,Paytm,Pune,DEVICE_C,2026-07-28 03:44:00,3,2,1,18.72,1,0,0,0,0
TXN009953,USER01918,1831.63,Zomato,Chennai,DEVICE_A,2026-01-31 12:57:00,12,23,0,22.76,0,0,0,0,0
TXN009954,USER00343,785.76,Walmart,Chennai,DEVICE_C,2026-10-30 18:52:00,18,25,1,1.75,0,0,0,0,0
TXN009955,USER00477,2379.41,Uber,Bangalore,DEVICE_E,2026-07-30 22:56:00,22,14,0,0.67,0,0,0,0,0
TXN009956,USER01823,507.21,Uber,Kolkata,DEVICE_E,2026-12-04 00:03:00,0,30,0,3.18,1,0,0,0,0
TXN009957,USER00576,4474.36,Paytm,Delhi,DEVICE_C,2026-03-03 20:13:00,20,42,0,46.26,0,0,0,0,0
TXN009958,USER00455,826.12,Walmart,Bangalore,DEVICE_A,2026-07-05 07:00:00,7,41,1,22.33,0,0,0,0,1
TXN009959,USER01256,738.69,Swiggy,Ahmedabad,DEVICE_E,2026-06-26 07:48:00,7,20,0,50.77,0,0,0,0,0
TXN009960,USER00289,294.49,Apple,Mumbai,DEVICE_B,2026-04-17 02:14:00,2,20,0,21.86,1,0,0,0,0
TXN009961,USER01237,400.18,Netflix,Chennai,DEVICE_D,2026-09-13 17:44:00,17,20,1,67.18,0,0,0,0,0
TXN009962,USER00258,528.24,Myntra,Delhi,DEVICE_A,2026-04-10 00:19:00,0,47,0,11.56,1,0,0,0,0
TXN009963,USER00530,397.36,Uber,Bangalore,DEVICE_C,2026-11-03 17:44:00,17,24,0,18.28,0,0,0,0,0
TXN009964,USER00687,378.32,Paytm,Hyderabad,DEVICE_D,2026-02-12 15:38:00,15,11,0,18.39,0,0,0,0,0
TXN009965,USER00929,1140.79,Apple,Mumbai,DEVICE_D,2026-07-19 03:05:00,3,47,0,0.06,1,0,0,0,0
TXN009966,USER00229,1883.77,Zomato,Bangalore,DEVICE_B,2026-09-12 04:58:00,4,36,0,0.56,1,0,0,0,0
TXN009967,USER01250,1410.38,Myntra,Hyderabad,DEVICE_A,2026-06-14 11:06:00,11,17,1,3.14,0,0,0,0,1
TXN009968,USER00596,61.73,Paytm,Delhi,DEVICE_D,2026-03-16 02:26:00,2,9,1,14.31,1,0,0,0,0
TXN009969,USER01827,429.52,Netflix,Delhi,DEVICE_A,2026-11-17 18:50:00,18,5,0,11.26,0,0,0,0,0
TXN009970,USER00435,3051.48,Flipkart,Mumbai,DEVICE_B,2026-06-26 22:25:00,22,28,0,15.52,0,0,0,0,0
TXN009971,USER00882,327.24,Uber,Hyderabad,DEVICE_C,2026-11-15 19:08:00,19,28,0,32.24,0,0,0,0,0
TXN009972,USER01021,983.44,Zomato,Chennai,DEVICE_D,2026-06-17 23:27:00,23,28,0,34.55,0,0,0,0,0
TXN009973,USER01782,408.89,Netflix,Pune,DEVICE_D,2026-03-26 21:09:00,21,45,0,75.46,0,0,0,0,0
TXN009974,USER00402,3550.57,Amazon,Pune,DEVICE_D,2026-03-13 01:30:00,1,45,0,16.31,1,0,0,0,0
TXN009975,USER00622,536.41,Zomato,Delhi,DEVICE_A,2026-09-12 15:26:00,15,8,0,8.53,0,0,0,0,0
TXN009976,USER01790,2036.52,Myntra,Kolkata,DEVICE_D,2026-02-28 04:09:00,4,31,0,7.36,1,0,0,0,0
TXN009977,USER00088,571.37,Amazon,Chennai,DEVICE_A,2026-09-17 07:25:00,7,47,0,8.33,0,0,0,0,0
TXN009978,USER00584,123.56,Zomato,Chennai,DEVICE_E,2026-11-14 12:34:00,12,12,1,7.83,0,0,0,0,1
TXN009979,USER01917,1675.51,Paytm,Pune,DEVICE_E,2026-02-05 01:01:00,1,45,0,9.98,1,0,0,0,0
TXN009980,USER01566,194.95,Flipkart,Bangalore,DEVICE_A,2026-07-14 12:38:00,12,10,0,1.56,0,0,0,0,0
TXN009981,USER01708,482.06,Apple,Ahmedabad,DEVICE_E,2026-10-23 18:55:00,18,33,0,20.07,0,0,0,0,0
TXN009982,USER00309,5879.91,Flipkart,Bangalore,DEVICE_B,2026-08-15 18:05:00,18,28,0,16.79,0,0,0,0,0
TXN009983,USER00906,18338.55,Flipkart,Delhi,DEVICE_B,2026-06-13 20:49:00,20,11,0,12.4,0,1,0,0,0
TXN009984,USER00343,1116.67,Paytm,Chennai,DEVICE_E,2026-11-30 16:30:00,16,48,0,1.69,0,0,0,0,0
TXN009985,USER00436,491.62,Walmart,Bangalore,DEVICE_C,2026-06-02 20:34:00,20,30,0,1.96,0,0,0,0,0
TXN009986,USER00177,1122.51,Zomato,Hyderabad,DEVICE_A,2026-07-16 07:28:00,7,40,0,15.75,0,0,0,0,0
TXN009987,USER00139,336.08,Apple,Hyderabad,DEVICE_E,2026-10-04 03:27:00,3,21,1,0.75,1,0,0,0,0
TXN009988,USER00194,749.96,Swiggy,Ahmedabad,DEVICE_A,2026-03-30 14:21:00,14,25,0,25.8,0,0,0,0,0
TXN009989,USER01210,4638.52,Paytm,Hyderabad,DEVICE_E,2026-04-26 03:19:00,3,42,0,101.59,1,0,0,0,0
TXN009990,USER01242,1324.14,Walmart,Ahmedabad,DEVICE_B,2026-12-02 15:48:00,15,11,0,18.2,0,0,0,0,0
TXN009991,USER01188,304.86,Paytm,Hyderabad,DEVICE_C,2026-04-02 00:18:00,0,34,0,25.71,1,0,0,0,0
TXN009992,USER01185,1580.97,Walmart,Ahmedabad,DEVICE_A,2026-12-04 04:35:00,4,48,0,11.56,1,0,0,0,0
TXN009993,USER00943,234.98,Flipkart,Ahmedabad,DEVICE_C,2026-08-18 05:26:00,5,37,1,22.02,1,0,0,0,0
TXN009994,USER00525,202.52,Uber,Ahmedabad,DEVICE_B,2026-12-13 08:46:00,8,3,0,21.1,0,0,0,0,0
TXN009995,USER01832,2184.58,Uber,Chennai,DEVICE_D,2026-07-24 21:24:00,21,44,0,34.76,0,0,0,0,0
TXN009996,USER01625,551.49,Amazon,Hyderabad,DEVICE_D,2026-08-22 17:07:00,17,48,0,24.85,0,0,0,0,0
TXN009997,USER01860,4519.44,Swiggy,Chennai,DEVICE_A,2026-02-20 11:30:00,11,9,0,27.65,0,0,0,0,0
TXN009998,USER01066,424.56,Apple,Pune,DEVICE_B,2026-07-25 08:21:00,8,17,0,16.27,0,0,0,0,0
TXN009999,USER00915,3310.21,Walmart,Delhi,DEVICE_A,2026-07-05 20:55:00,20,45,0,13.25,0,0,0,0,0
TXN010000,USER00210,4805.01,Zomato,Ahmedabad,DEVICE_A,2026-07-25 11:42:00,11,47,0,12.28,0,0,0,0,0
